folder,text,images,num_images
aljazeera/1069,,['aljazeera/1069/images/main_image.jpg'],1
aljazeera/1855,,"['aljazeera/1855/images/4.jpg', 'aljazeera/1855/images/main_image.jpg', 'aljazeera/1855/images/2.jpg', 'aljazeera/1855/images/1.jpg']",4
aljazeera/797,,"['aljazeera/797/images/main_image.jpg', 'aljazeera/797/images/1.jpg']",2
aljazeera/2886,,"['aljazeera/2886/images/8.jpg', 'aljazeera/2886/images/4.jpg', 'aljazeera/2886/images/main_image.jpg', 'aljazeera/2886/images/5.jpg', 'aljazeera/2886/images/7.jpg', 'aljazeera/2886/images/6.jpg', 'aljazeera/2886/images/3.jpg', 'aljazeera/2886/images/1.jpg']",8
aljazeera/3168,,['aljazeera/3168/images/main_image.jpg'],1
aljazeera/2288,,['aljazeera/2288/images/main_image.jpg'],1
aljazeera/909,,"['aljazeera/909/images/main_image.jpg', 'aljazeera/909/images/2.jpg']",2
aljazeera/2872,,"['aljazeera/2872/images/main_image.jpg', 'aljazeera/2872/images/1.jpg']",2
aljazeera/135,,['aljazeera/135/images/main_image.jpg'],1
aljazeera/307,,"['aljazeera/307/images/main_image.jpg', 'aljazeera/307/images/2.jpg']",2
aljazeera/2618,,['aljazeera/2618/images/main_image.jpg'],1
aljazeera/763,,"['aljazeera/763/images/main_image.jpg', 'aljazeera/763/images/2.jpg']",2
aljazeera/551,,"['aljazeera/551/images/4.jpg', 'aljazeera/551/images/main_image.jpg', 'aljazeera/551/images/5.jpg', 'aljazeera/551/images/6.jpg', 'aljazeera/551/images/3.jpg', 'aljazeera/551/images/1.jpg']",6
aljazeera/3365,,"['aljazeera/3365/images/8.jpg', 'aljazeera/3365/images/9.jpg', 'aljazeera/3365/images/14.jpg', 'aljazeera/3365/images/12.jpg', 'aljazeera/3365/images/13.jpg', 'aljazeera/3365/images/11.jpg', 'aljazeera/3365/images/10.jpg', 'aljazeera/3365/images/4.jpg', 'aljazeera/3365/images/main_image.jpg', 'aljazeera/3365/images/5.jpg', 'aljazeera/3365/images/7.jpg', 'aljazeera/3365/images/6.jpg', 'aljazeera/3365/images/3.jpg', 'aljazeera/3365/images/1.jpg']",14
aljazeera/1432,,['aljazeera/1432/images/main_image.jpg'],1
aljazeera/1600,,"['aljazeera/1600/images/8.jpg', 'aljazeera/1600/images/9.jpg', 'aljazeera/1600/images/14.jpg', 'aljazeera/1600/images/15.jpg', 'aljazeera/1600/images/17.jpg', 'aljazeera/1600/images/16.jpg', 'aljazeera/1600/images/12.jpg', 'aljazeera/1600/images/13.jpg', 'aljazeera/1600/images/11.jpg', 'aljazeera/1600/images/10.jpg', 'aljazeera/1600/images/20.jpg', 'aljazeera/1600/images/18.jpg', 'aljazeera/1600/images/19.jpg', 'aljazeera/1600/images/4.jpg', 'aljazeera/1600/images/main_image.jpg', 'aljazeera/1600/images/5.jpg', 'aljazeera/1600/images/7.jpg', 'aljazeera/1600/images/6.jpg', 'aljazeera/1600/images/3.jpg', 'aljazeera/1600/images/1.jpg']",20
aljazeera/3157,,"['aljazeera/3157/images/main_image.jpg', 'aljazeera/3157/images/2.jpg', 'aljazeera/3157/images/3.jpg']",3
aljazeera/2085,,['aljazeera/2085/images/main_image.jpg'],1
aljazeera/1264,,['aljazeera/1264/images/main_image.jpg'],1
aljazeera/61,,['aljazeera/61/images/main_image.jpg'],1
aljazeera/3533,,"['aljazeera/3533/images/main_image.jpg', 'aljazeera/3533/images/3.jpg', 'aljazeera/3533/images/1.jpg']",3
aljazeera/1056,,['aljazeera/1056/images/main_image.jpg'],1
aljazeera/1290,,"['aljazeera/1290/images/main_image.jpg', 'aljazeera/1290/images/3.jpg', 'aljazeera/1290/images/1.jpg']",3
aljazeera/95,,['aljazeera/95/images/main_image.jpg'],1
aljazeera/2415,,"['aljazeera/2415/images/4.jpg', 'aljazeera/2415/images/main_image.jpg', 'aljazeera/2415/images/5.jpg', 'aljazeera/2415/images/7.jpg', 'aljazeera/2415/images/6.jpg', 'aljazeera/2415/images/2.jpg', 'aljazeera/2415/images/3.jpg']",7
aljazeera/2627,,['aljazeera/2627/images/main_image.jpg'],1
aljazeera/3391,,"['aljazeera/3391/images/main_image.jpg', 'aljazeera/3391/images/1.jpg']",2
aljazeera/2243,,['aljazeera/2243/images/main_image.jpg'],1
aljazeera/338,,['aljazeera/338/images/main_image.jpg'],1
aljazeera/936,,"['aljazeera/936/images/main_image.jpg', 'aljazeera/936/images/2.jpg', 'aljazeera/936/images/3.jpg']",3
aljazeera/2071,,['aljazeera/2071/images/main_image.jpg'],1
aljazeera/556,,['aljazeera/556/images/main_image.jpg'],1
aljazeera/764,,"['aljazeera/764/images/4.jpg', 'aljazeera/764/images/main_image.jpg', 'aljazeera/764/images/5.jpg', 'aljazeera/764/images/3.jpg', 'aljazeera/764/images/1.jpg']",5
aljazeera/300,,['aljazeera/300/images/main_image.jpg'],1
aljazeera/2875,,"['aljazeera/2875/images/main_image.jpg', 'aljazeera/2875/images/2.jpg']",2
aljazeera/2049,,"['aljazeera/2049/images/main_image.jpg', 'aljazeera/2049/images/2.jpg']",2
aljazeera/132,,['aljazeera/132/images/main_image.jpg'],1
aljazeera/2881,,"['aljazeera/2881/images/main_image.jpg', 'aljazeera/2881/images/2.jpg', 'aljazeera/2881/images/3.jpg']",3
aljazeera/1638,,['aljazeera/1638/images/main_image.jpg'],1
aljazeera/59,,['aljazeera/59/images/main_image.jpg'],1
aljazeera/1852,,['aljazeera/1852/images/main_image.jpg'],1
aljazeera/790,,['aljazeera/790/images/main_image.jpg'],1
aljazeera/931,,['aljazeera/931/images/main_image.jpg'],1
aljazeera/2076,,['aljazeera/2076/images/main_image.jpg'],1
aljazeera/3396,,"['aljazeera/3396/images/main_image.jpg', 'aljazeera/3396/images/2.jpg']",2
aljazeera/2244,,['aljazeera/2244/images/main_image.jpg'],1
aljazeera/2620,,"['aljazeera/2620/images/main_image.jpg', 'aljazeera/2620/images/2.jpg']",2
aljazeera/1899,,['aljazeera/1899/images/main_image.jpg'],1
aljazeera/1297,,['aljazeera/1297/images/main_image.jpg'],1
aljazeera/2412,,['aljazeera/2412/images/main_image.jpg'],1
aljazeera/569,,['aljazeera/569/images/main_image.jpg'],1
aljazeera/92,,"['aljazeera/92/images/main_image.jpg', 'aljazeera/92/images/2.jpg', 'aljazeera/92/images/3.jpg']",3
aljazeera/1051,,"['aljazeera/1051/images/8.jpg', 'aljazeera/1051/images/9.jpg', 'aljazeera/1051/images/12.jpg', 'aljazeera/1051/images/13.jpg', 'aljazeera/1051/images/11.jpg', 'aljazeera/1051/images/10.jpg', 'aljazeera/1051/images/main_image.jpg', 'aljazeera/1051/images/5.jpg', 'aljazeera/1051/images/7.jpg', 'aljazeera/1051/images/6.jpg', 'aljazeera/1051/images/2.jpg', 'aljazeera/1051/images/3.jpg', 'aljazeera/1051/images/1.jpg']",13
aljazeera/1263,,['aljazeera/1263/images/main_image.jpg'],1
aljazeera/66,,['aljazeera/66/images/main_image.jpg'],1
aljazeera/3534,,['aljazeera/3534/images/main_image.jpg'],1
aljazeera/1607,,"['aljazeera/1607/images/main_image.jpg', 'aljazeera/1607/images/2.jpg']",2
aljazeera/3150,,"['aljazeera/3150/images/main_image.jpg', 'aljazeera/3150/images/2.jpg']",2
aljazeera/2082,,"['aljazeera/2082/images/main_image.jpg', 'aljazeera/2082/images/2.jpg']",2
aljazeera/3362,,['aljazeera/3362/images/main_image.jpg'],1
aljazeera/1435,,['aljazeera/1435/images/main_image.jpg'],1
aljazeera/336,,"['aljazeera/336/images/main_image.jpg', 'aljazeera/336/images/2.jpg', 'aljazeera/336/images/3.jpg']",3
aljazeera/2843,,['aljazeera/2843/images/main_image.jpg'],1
aljazeera/938,,['aljazeera/938/images/main_image.jpg'],1
aljazeera/104,,"['aljazeera/104/images/main_image.jpg', 'aljazeera/104/images/3.jpg', 'aljazeera/104/images/1.jpg']",3
aljazeera/560,,"['aljazeera/560/images/main_image.jpg', 'aljazeera/560/images/2.jpg', 'aljazeera/560/images/3.jpg']",3
aljazeera/752,,['aljazeera/752/images/main_image.jpg'],1
aljazeera/2629,,"['aljazeera/2629/images/main_image.jpg', 'aljazeera/2629/images/2.jpg']",2
aljazeera/1890,,['aljazeera/1890/images/main_image.jpg'],1
aljazeera/594,,['aljazeera/594/images/main_image.jpg'],1
aljazeera/1058,,"['aljazeera/1058/images/main_image.jpg', 'aljazeera/1058/images/2.jpg', 'aljazeera/1058/images/3.jpg']",3
aljazeera/1864,,"['aljazeera/1864/images/main_image.jpg', 'aljazeera/1864/images/3.jpg', 'aljazeera/1864/images/1.jpg']",3
aljazeera/3159,,['aljazeera/3159/images/main_image.jpg'],1
aljazeera/1093,,"['aljazeera/1093/images/4.jpg', 'aljazeera/1093/images/main_image.jpg', 'aljazeera/1093/images/5.jpg', 'aljazeera/1093/images/3.jpg', 'aljazeera/1093/images/1.jpg']",5
aljazeera/2616,,['aljazeera/2616/images/main_image.jpg'],1
aljazeera/2424,,['aljazeera/2424/images/main_image.jpg'],1
aljazeera/907,,"['aljazeera/907/images/main_image.jpg', 'aljazeera/907/images/2.jpg']",2
aljazeera/2040,,"['aljazeera/2040/images/main_image.jpg', 'aljazeera/2040/images/2.jpg']",2
aljazeera/3192,,"['aljazeera/3192/images/main_image.jpg', 'aljazeera/3192/images/2.jpg', 'aljazeera/3192/images/1.jpg']",3
aljazeera/309,,['aljazeera/309/images/main_image.jpg'],1
aljazeera/2272,,['aljazeera/2272/images/main_image.jpg'],1
aljazeera/2888,,['aljazeera/2888/images/main_image.jpg'],1
aljazeera/3166,,['aljazeera/3166/images/main_image.jpg'],1
aljazeera/1631,,['aljazeera/1631/images/main_image.jpg'],1
aljazeera/1403,,['aljazeera/1403/images/main_image.jpg'],1
aljazeera/2286,,"['aljazeera/2286/images/main_image.jpg', 'aljazeera/2286/images/2.jpg']",2
aljazeera/3354,,['aljazeera/3354/images/main_image.jpg'],1
aljazeera/1067,,['aljazeera/1067/images/main_image.jpg'],1
aljazeera/799,,['aljazeera/799/images/main_image.jpg'],1
aljazeera/3502,,"['aljazeera/3502/images/main_image.jpg', 'aljazeera/3502/images/2.jpg', 'aljazeera/3502/images/3.jpg']",3
aljazeera/50,,['aljazeera/50/images/main_image.jpg'],1
aljazeera/1255,,"['aljazeera/1255/images/main_image.jpg', 'aljazeera/1255/images/2.jpg']",2
aljazeera/1609,,"['aljazeera/1609/images/main_image.jpg', 'aljazeera/1609/images/2.jpg']",2
aljazeera/1863,,"['aljazeera/1863/images/main_image.jpg', 'aljazeera/1863/images/2.jpg', 'aljazeera/1863/images/1.jpg']",3
aljazeera/68,,"['aljazeera/68/images/4.jpg', 'aljazeera/68/images/main_image.jpg', 'aljazeera/68/images/2.jpg', 'aljazeera/68/images/1.jpg']",4
aljazeera/593,,['aljazeera/593/images/main_image.jpg'],1
aljazeera/755,,"['aljazeera/755/images/main_image.jpg', 'aljazeera/755/images/2.jpg', 'aljazeera/755/images/3.jpg']",3
aljazeera/1897,,"['aljazeera/1897/images/main_image.jpg', 'aljazeera/1897/images/2.jpg']",2
aljazeera/1299,,['aljazeera/1299/images/main_image.jpg'],1
aljazeera/567,,"['aljazeera/567/images/main_image.jpg', 'aljazeera/567/images/2.jpg']",2
aljazeera/2844,,"['aljazeera/2844/images/main_image.jpg', 'aljazeera/2844/images/2.jpg', 'aljazeera/2844/images/3.jpg']",3
aljazeera/103,,"['aljazeera/103/images/main_image.jpg', 'aljazeera/103/images/2.jpg']",2
aljazeera/2078,,['aljazeera/2078/images/main_image.jpg'],1
aljazeera/331,,['aljazeera/331/images/main_image.jpg'],1
aljazeera/3398,,['aljazeera/3398/images/main_image.jpg'],1
aljazeera/3505,,['aljazeera/3505/images/main_image.jpg'],1
aljazeera/57,,"['aljazeera/57/images/main_image.jpg', 'aljazeera/57/images/1.jpg']",2
aljazeera/1252,,['aljazeera/1252/images/main_image.jpg'],1
aljazeera/1060,,"['aljazeera/1060/images/4.jpg', 'aljazeera/1060/images/main_image.jpg', 'aljazeera/1060/images/2.jpg', 'aljazeera/1060/images/3.jpg']",4
aljazeera/1404,,['aljazeera/1404/images/main_image.jpg'],1
aljazeera/2281,,['aljazeera/2281/images/main_image.jpg'],1
aljazeera/3353,,"['aljazeera/3353/images/main_image.jpg', 'aljazeera/3353/images/1.jpg']",2
aljazeera/3161,,['aljazeera/3161/images/main_image.jpg'],1
aljazeera/1636,,['aljazeera/1636/images/main_image.jpg'],1
aljazeera/2275,,"['aljazeera/2275/images/main_image.jpg', 'aljazeera/2275/images/2.jpg']",2
aljazeera/900,,['aljazeera/900/images/main_image.jpg'],1
aljazeera/2047,,['aljazeera/2047/images/main_image.jpg'],1
aljazeera/3195,,['aljazeera/3195/images/main_image.jpg'],1
aljazeera/558,,['aljazeera/558/images/main_image.jpg'],1
aljazeera/2423,,"['aljazeera/2423/images/main_image.jpg', 'aljazeera/2423/images/1.jpg']",2
aljazeera/1094,,"['aljazeera/1094/images/main_image.jpg', 'aljazeera/1094/images/2.jpg', 'aljazeera/1094/images/3.jpg']",3
aljazeera/2611,,['aljazeera/2611/images/main_image.jpg'],1
aljazeera/1808,,"['aljazeera/1808/images/main_image.jpg', 'aljazeera/1808/images/2.jpg', 'aljazeera/1808/images/3.jpg']",3
aljazeera/1034,,"['aljazeera/1034/images/main_image.jpg', 'aljazeera/1034/images/2.jpg']",2
aljazeera/1206,,['aljazeera/1206/images/main_image.jpg'],1
aljazeera/3551,,['aljazeera/3551/images/main_image.jpg'],1
aljazeera/2483,,['aljazeera/2483/images/main_image.jpg'],1
aljazeera/1662,,"['aljazeera/1662/images/main_image.jpg', 'aljazeera/1662/images/2.jpg', 'aljazeera/1662/images/1.jpg']",3
aljazeera/3135,,"['aljazeera/3135/images/main_image.jpg', 'aljazeera/3135/images/2.jpg']",2
aljazeera/3307,,"['aljazeera/3307/images/main_image.jpg', 'aljazeera/3307/images/2.jpg']",2
aljazeera/1450,,"['aljazeera/1450/images/main_image.jpg', 'aljazeera/1450/images/3.jpg', 'aljazeera/1450/images/1.jpg']",3
aljazeera/1696,,"['aljazeera/1696/images/4.jpg', 'aljazeera/1696/images/main_image.jpg', 'aljazeera/1696/images/3.jpg', 'aljazeera/1696/images/1.jpg']",4
aljazeera/2013,,"['aljazeera/2013/images/main_image.jpg', 'aljazeera/2013/images/2.jpg', 'aljazeera/2013/images/3.jpg']",3
aljazeera/168,,"['aljazeera/168/images/main_image.jpg', 'aljazeera/168/images/2.jpg']",2
aljazeera/954,,['aljazeera/954/images/main_image.jpg'],1
aljazeera/2221,,"['aljazeera/2221/images/4.jpg', 'aljazeera/2221/images/main_image.jpg', 'aljazeera/2221/images/5.jpg', 'aljazeera/2221/images/7.jpg', 'aljazeera/2221/images/6.jpg', 'aljazeera/2221/images/3.jpg', 'aljazeera/2221/images/1.jpg']",7
aljazeera/2645,,"['aljazeera/2645/images/main_image.jpg', 'aljazeera/2645/images/3.jpg', 'aljazeera/2645/images/1.jpg']",3
aljazeera/2477,,"['aljazeera/2477/images/main_image.jpg', 'aljazeera/2477/images/2.jpg']",2
aljazeera/391,,"['aljazeera/391/images/main_image.jpg', 'aljazeera/391/images/2.jpg']",2
aljazeera/3338,,['aljazeera/3338/images/main_image.jpg'],1
aljazeera/1239,,"['aljazeera/1239/images/main_image.jpg', 'aljazeera/1239/images/2.jpg', 'aljazeera/1239/images/3.jpg']",3
aljazeera/1837,,['aljazeera/1837/images/main_image.jpg'],1
aljazeera/2448,,['aljazeera/2448/images/main_image.jpg'],1
aljazeera/533,,['aljazeera/533/images/main_image.jpg'],1
aljazeera/701,,['aljazeera/701/images/main_image.jpg'],1
aljazeera/365,,"['aljazeera/365/images/main_image.jpg', 'aljazeera/365/images/1.jpg']",2
aljazeera/157,,"['aljazeera/157/images/main_image.jpg', 'aljazeera/157/images/2.jpg']",2
aljazeera/2810,,"['aljazeera/2810/images/main_image.jpg', 'aljazeera/2810/images/2.jpg']",2
aljazeera/2470,,['aljazeera/2470/images/main_image.jpg'],1
aljazeera/2642,,['aljazeera/2642/images/main_image.jpg'],1
aljazeera/739,,['aljazeera/739/images/main_image.jpg'],1
aljazeera/2226,,['aljazeera/2226/images/main_image.jpg'],1
aljazeera/1691,,['aljazeera/1691/images/main_image.jpg'],1
aljazeera/2014,,"['aljazeera/2014/images/main_image.jpg', 'aljazeera/2014/images/3.jpg', 'aljazeera/2014/images/1.jpg']",3
aljazeera/953,,['aljazeera/953/images/main_image.jpg'],1
aljazeera/2828,,['aljazeera/2828/images/main_image.jpg'],1
aljazeera/3300,,['aljazeera/3300/images/main_image.jpg'],1
aljazeera/1457,,['aljazeera/1457/images/main_image.jpg'],1
aljazeera/1665,,"['aljazeera/1665/images/main_image.jpg', 'aljazeera/1665/images/2.jpg', 'aljazeera/1665/images/3.jpg']",3
aljazeera/3132,,['aljazeera/3132/images/main_image.jpg'],1
aljazeera/1201,,"['aljazeera/1201/images/4.jpg', 'aljazeera/1201/images/main_image.jpg', 'aljazeera/1201/images/5.jpg', 'aljazeera/1201/images/2.jpg', 'aljazeera/1201/images/3.jpg']",5
aljazeera/3556,,['aljazeera/3556/images/main_image.jpg'],1
aljazeera/2484,,"['aljazeera/2484/images/main_image.jpg', 'aljazeera/2484/images/2.jpg']",2
aljazeera/1033,,"['aljazeera/1033/images/main_image.jpg', 'aljazeera/1033/images/2.jpg', 'aljazeera/1033/images/3.jpg']",3
aljazeera/150,,"['aljazeera/150/images/main_image.jpg', 'aljazeera/150/images/1.jpg']",2
aljazeera/2817,,['aljazeera/2817/images/main_image.jpg'],1
aljazeera/2219,,['aljazeera/2219/images/main_image.jpg'],1
aljazeera/362,,['aljazeera/362/images/main_image.jpg'],1
aljazeera/706,,['aljazeera/706/images/main_image.jpg'],1
aljazeera/534,,"['aljazeera/534/images/main_image.jpg', 'aljazeera/534/images/3.jpg', 'aljazeera/534/images/1.jpg']",3
aljazeera/1830,,"['aljazeera/1830/images/main_image.jpg', 'aljazeera/1830/images/2.jpg', 'aljazeera/1830/images/3.jpg']",3
aljazeera/2689,,"['aljazeera/2689/images/main_image.jpg', 'aljazeera/2689/images/2.jpg']",2
aljazeera/3569,,['aljazeera/3569/images/main_image.jpg'],1
aljazeera/998,,"['aljazeera/998/images/main_image.jpg', 'aljazeera/998/images/1.jpg']",2
aljazeera/1468,,"['aljazeera/1468/images/4.jpg', 'aljazeera/1468/images/main_image.jpg', 'aljazeera/1468/images/5.jpg', 'aljazeera/1468/images/6.jpg', 'aljazeera/1468/images/3.jpg', 'aljazeera/1468/images/1.jpg']",6
aljazeera/396,,['aljazeera/396/images/main_image.jpg'],1
aljazeera/1495,,"['aljazeera/1495/images/main_image.jpg', 'aljazeera/1495/images/2.jpg']",2
aljazeera/2210,,"['aljazeera/2210/images/main_image.jpg', 'aljazeera/2210/images/2.jpg']",2
aljazeera/159,,['aljazeera/159/images/main_image.jpg'],1
aljazeera/2022,,"['aljazeera/2022/images/main_image.jpg', 'aljazeera/2022/images/2.jpg', 'aljazeera/2022/images/1.jpg']",3
aljazeera/965,,['aljazeera/965/images/main_image.jpg'],1
aljazeera/2446,,['aljazeera/2446/images/main_image.jpg'],1
aljazeera/3594,,['aljazeera/3594/images/main_image.jpg'],1
aljazeera/2674,,"['aljazeera/2674/images/4.jpg', 'aljazeera/2674/images/main_image.jpg', 'aljazeera/2674/images/5.jpg', 'aljazeera/2674/images/2.jpg', 'aljazeera/2674/images/3.jpg']",5
aljazeera/32,,['aljazeera/32/images/main_image.jpg'],1
aljazeera/3560,,['aljazeera/3560/images/main_image.jpg'],1
aljazeera/1237,,['aljazeera/1237/images/main_image.jpg'],1
aljazeera/1839,,['aljazeera/1839/images/main_image.jpg'],1
aljazeera/1005,,['aljazeera/1005/images/main_image.jpg'],1
aljazeera/2680,,"['aljazeera/2680/images/main_image.jpg', 'aljazeera/2680/images/3.jpg', 'aljazeera/2680/images/1.jpg']",3
aljazeera/1461,,['aljazeera/1461/images/main_image.jpg'],1
aljazeera/3336,,['aljazeera/3336/images/main_image.jpg'],1
aljazeera/3104,,['aljazeera/3104/images/main_image.jpg'],1
aljazeera/991,,"['aljazeera/991/images/main_image.jpg', 'aljazeera/991/images/2.jpg', 'aljazeera/991/images/3.jpg']",3
aljazeera/1653,,"['aljazeera/1653/images/main_image.jpg', 'aljazeera/1653/images/2.jpg']",2
aljazeera/730,,['aljazeera/730/images/main_image.jpg'],1
aljazeera/502,,['aljazeera/502/images/main_image.jpg'],1
aljazeera/2479,,"['aljazeera/2479/images/main_image.jpg', 'aljazeera/2479/images/2.jpg']",2
aljazeera/1698,,['aljazeera/1698/images/main_image.jpg'],1
aljazeera/166,,['aljazeera/166/images/main_image.jpg'],1
aljazeera/2821,,['aljazeera/2821/images/main_image.jpg'],1
aljazeera/354,,"['aljazeera/354/images/4.jpg', 'aljazeera/354/images/main_image.jpg', 'aljazeera/354/images/2.jpg', 'aljazeera/354/images/3.jpg']",4
aljazeera/192,,['aljazeera/192/images/main_image.jpg'],1
aljazeera/3309,,['aljazeera/3309/images/main_image.jpg'],1
aljazeera/1806,,"['aljazeera/1806/images/main_image.jpg', 'aljazeera/1806/images/2.jpg', 'aljazeera/1806/images/1.jpg']",3
aljazeera/1208,,"['aljazeera/1208/images/4.jpg', 'aljazeera/1208/images/main_image.jpg', 'aljazeera/1208/images/3.jpg', 'aljazeera/1208/images/1.jpg']",4
aljazeera/3103,,['aljazeera/3103/images/main_image.jpg'],1
aljazeera/996,,"['aljazeera/996/images/4.jpg', 'aljazeera/996/images/main_image.jpg', 'aljazeera/996/images/2.jpg', 'aljazeera/996/images/3.jpg', 'aljazeera/996/images/1.jpg']",5
aljazeera/1654,,"['aljazeera/1654/images/main_image.jpg', 'aljazeera/1654/images/2.jpg', 'aljazeera/1654/images/3.jpg']",3
aljazeera/1466,,['aljazeera/1466/images/main_image.jpg'],1
aljazeera/3331,,"['aljazeera/3331/images/main_image.jpg', 'aljazeera/3331/images/3.jpg', 'aljazeera/3331/images/1.jpg']",3
aljazeera/398,,['aljazeera/398/images/main_image.jpg'],1
aljazeera/1002,,['aljazeera/1002/images/main_image.jpg'],1
aljazeera/2687,,['aljazeera/2687/images/main_image.jpg'],1
aljazeera/35,,['aljazeera/35/images/main_image.jpg'],1
aljazeera/3567,,"['aljazeera/3567/images/4.jpg', 'aljazeera/3567/images/main_image.jpg', 'aljazeera/3567/images/5.jpg', 'aljazeera/3567/images/2.jpg', 'aljazeera/3567/images/3.jpg']",5
aljazeera/1230,,['aljazeera/1230/images/main_image.jpg'],1
aljazeera/708,,['aljazeera/708/images/main_image.jpg'],1
aljazeera/2673,,"['aljazeera/2673/images/main_image.jpg', 'aljazeera/2673/images/1.jpg']",2
aljazeera/2441,,['aljazeera/2441/images/main_image.jpg'],1
aljazeera/3593,,['aljazeera/3593/images/main_image.jpg'],1
aljazeera/2025,,['aljazeera/2025/images/main_image.jpg'],1
aljazeera/2819,,"['aljazeera/2819/images/main_image.jpg', 'aljazeera/2819/images/2.jpg', 'aljazeera/2819/images/3.jpg']",3
aljazeera/962,,['aljazeera/962/images/main_image.jpg'],1
aljazeera/1492,,['aljazeera/1492/images/main_image.jpg'],1
aljazeera/2217,,['aljazeera/2217/images/main_image.jpg'],1
aljazeera/3558,,"['aljazeera/3558/images/main_image.jpg', 'aljazeera/3558/images/1.jpg']",2
aljazeera/1801,,"['aljazeera/1801/images/main_image.jpg', 'aljazeera/1801/images/2.jpg', 'aljazeera/1801/images/3.jpg', 'aljazeera/1801/images/1.jpg']",4
aljazeera/1459,,['aljazeera/1459/images/main_image.jpg'],1
aljazeera/195,,['aljazeera/195/images/main_image.jpg'],1
aljazeera/353,,['aljazeera/353/images/main_image.jpg'],1
aljazeera/2228,,['aljazeera/2228/images/main_image.jpg'],1
aljazeera/161,,['aljazeera/161/images/main_image.jpg'],1
aljazeera/2826,,"['aljazeera/2826/images/main_image.jpg', 'aljazeera/2826/images/2.jpg']",2
aljazeera/505,,['aljazeera/505/images/main_image.jpg'],1
aljazeera/737,,['aljazeera/737/images/main_image.jpg'],1
aljazeera/1298,,['aljazeera/1298/images/main_image.jpg'],1
aljazeera/566,,"['aljazeera/566/images/main_image.jpg', 'aljazeera/566/images/1.jpg']",2
aljazeera/754,,['aljazeera/754/images/main_image.jpg'],1
aljazeera/1896,,['aljazeera/1896/images/main_image.jpg'],1
aljazeera/330,,"['aljazeera/330/images/main_image.jpg', 'aljazeera/330/images/2.jpg']",2
aljazeera/3399,,"['aljazeera/3399/images/4.jpg', 'aljazeera/3399/images/main_image.jpg', 'aljazeera/3399/images/6.jpg', 'aljazeera/3399/images/2.jpg', 'aljazeera/3399/images/3.jpg', 'aljazeera/3399/images/1.jpg']",6
aljazeera/2079,,['aljazeera/2079/images/main_image.jpg'],1
aljazeera/102,,['aljazeera/102/images/main_image.jpg'],1
aljazeera/2845,,"['aljazeera/2845/images/4.jpg', 'aljazeera/2845/images/main_image.jpg', 'aljazeera/2845/images/3.jpg', 'aljazeera/2845/images/1.jpg']",4
aljazeera/1608,,"['aljazeera/1608/images/main_image.jpg', 'aljazeera/1608/images/1.jpg']",2
aljazeera/592,,"['aljazeera/592/images/4.jpg', 'aljazeera/592/images/main_image.jpg', 'aljazeera/592/images/2.jpg', 'aljazeera/592/images/3.jpg']",4
aljazeera/69,,['aljazeera/69/images/main_image.jpg'],1
aljazeera/1862,,['aljazeera/1862/images/main_image.jpg'],1
aljazeera/2046,,['aljazeera/2046/images/main_image.jpg'],1
aljazeera/3194,,['aljazeera/3194/images/main_image.jpg'],1
aljazeera/901,,"['aljazeera/901/images/main_image.jpg', 'aljazeera/901/images/2.jpg']",2
aljazeera/2274,,['aljazeera/2274/images/main_image.jpg'],1
aljazeera/1095,,"['aljazeera/1095/images/4.jpg', 'aljazeera/1095/images/main_image.jpg', 'aljazeera/1095/images/5.jpg', 'aljazeera/1095/images/7.jpg', 'aljazeera/1095/images/6.jpg', 'aljazeera/1095/images/3.jpg', 'aljazeera/1095/images/1.jpg']",7
aljazeera/2610,,"['aljazeera/2610/images/main_image.jpg', 'aljazeera/2610/images/2.jpg']",2
aljazeera/2422,,"['aljazeera/2422/images/main_image.jpg', 'aljazeera/2422/images/1.jpg']",2
aljazeera/559,,"['aljazeera/559/images/main_image.jpg', 'aljazeera/559/images/2.jpg', 'aljazeera/559/images/3.jpg']",3
aljazeera/1061,,['aljazeera/1061/images/main_image.jpg'],1
aljazeera/3504,,"['aljazeera/3504/images/4.jpg', 'aljazeera/3504/images/main_image.jpg', 'aljazeera/3504/images/2.jpg', 'aljazeera/3504/images/3.jpg']",4
aljazeera/56,,['aljazeera/56/images/main_image.jpg'],1
aljazeera/1253,,['aljazeera/1253/images/main_image.jpg'],1
aljazeera/3160,,"['aljazeera/3160/images/main_image.jpg', 'aljazeera/3160/images/2.jpg']",2
aljazeera/1637,,['aljazeera/1637/images/main_image.jpg'],1
aljazeera/1405,,"['aljazeera/1405/images/main_image.jpg', 'aljazeera/1405/images/2.jpg', 'aljazeera/1405/images/1.jpg']",3
aljazeera/2280,,['aljazeera/2280/images/main_image.jpg'],1
aljazeera/3352,,"['aljazeera/3352/images/main_image.jpg', 'aljazeera/3352/images/2.jpg']",2
aljazeera/1865,,['aljazeera/1865/images/main_image.jpg'],1
aljazeera/1059,,"['aljazeera/1059/images/main_image.jpg', 'aljazeera/1059/images/3.jpg', 'aljazeera/1059/images/1.jpg']",3
aljazeera/595,,"['aljazeera/595/images/4.jpg', 'aljazeera/595/images/main_image.jpg', 'aljazeera/595/images/3.jpg', 'aljazeera/595/images/1.jpg']",4
aljazeera/3158,,"['aljazeera/3158/images/main_image.jpg', 'aljazeera/3158/images/1.jpg']",2
aljazeera/105,,['aljazeera/105/images/main_image.jpg'],1
aljazeera/939,,['aljazeera/939/images/main_image.jpg'],1
aljazeera/2842,,['aljazeera/2842/images/main_image.jpg'],1
aljazeera/337,,['aljazeera/337/images/main_image.jpg'],1
aljazeera/2628,,['aljazeera/2628/images/main_image.jpg'],1
aljazeera/753,,['aljazeera/753/images/main_image.jpg'],1
aljazeera/1891,,"['aljazeera/1891/images/main_image.jpg', 'aljazeera/1891/images/3.jpg', 'aljazeera/1891/images/1.jpg']",3
aljazeera/561,,['aljazeera/561/images/main_image.jpg'],1
aljazeera/1402,,['aljazeera/1402/images/main_image.jpg'],1
aljazeera/2287,,['aljazeera/2287/images/main_image.jpg'],1
aljazeera/3355,,['aljazeera/3355/images/main_image.jpg'],1
aljazeera/3167,,"['aljazeera/3167/images/main_image.jpg', 'aljazeera/3167/images/2.jpg']",2
aljazeera/2889,,"['aljazeera/2889/images/4.jpg', 'aljazeera/2889/images/main_image.jpg', 'aljazeera/2889/images/2.jpg', 'aljazeera/2889/images/3.jpg']",4
aljazeera/1630,,['aljazeera/1630/images/main_image.jpg'],1
aljazeera/3503,,"['aljazeera/3503/images/main_image.jpg', 'aljazeera/3503/images/2.jpg']",2
aljazeera/51,,['aljazeera/51/images/main_image.jpg'],1
aljazeera/1254,,['aljazeera/1254/images/main_image.jpg'],1
aljazeera/1066,,['aljazeera/1066/images/main_image.jpg'],1
aljazeera/798,,"['aljazeera/798/images/main_image.jpg', 'aljazeera/798/images/1.jpg']",2
aljazeera/2425,,['aljazeera/2425/images/main_image.jpg'],1
aljazeera/1092,,"['aljazeera/1092/images/main_image.jpg', 'aljazeera/1092/images/2.jpg']",2
aljazeera/2617,,"['aljazeera/2617/images/4.jpg', 'aljazeera/2617/images/main_image.jpg', 'aljazeera/2617/images/5.jpg', 'aljazeera/2617/images/3.jpg', 'aljazeera/2617/images/1.jpg']",5
aljazeera/2273,,"['aljazeera/2273/images/main_image.jpg', 'aljazeera/2273/images/3.jpg', 'aljazeera/2273/images/1.jpg']",3
aljazeera/308,,['aljazeera/308/images/main_image.jpg'],1
aljazeera/2041,,['aljazeera/2041/images/main_image.jpg'],1
aljazeera/3193,,['aljazeera/3193/images/main_image.jpg'],1
aljazeera/906,,"['aljazeera/906/images/main_image.jpg', 'aljazeera/906/images/2.jpg']",2
aljazeera/2880,,"['aljazeera/2880/images/main_image.jpg', 'aljazeera/2880/images/2.jpg']",2
aljazeera/1639,,['aljazeera/1639/images/main_image.jpg'],1
aljazeera/1853,,['aljazeera/1853/images/main_image.jpg'],1
aljazeera/791,,"['aljazeera/791/images/4.jpg', 'aljazeera/791/images/main_image.jpg', 'aljazeera/791/images/5.jpg', 'aljazeera/791/images/7.jpg', 'aljazeera/791/images/6.jpg', 'aljazeera/791/images/2.jpg', 'aljazeera/791/images/3.jpg']",7
aljazeera/58,,['aljazeera/58/images/main_image.jpg'],1
aljazeera/765,,['aljazeera/765/images/main_image.jpg'],1
aljazeera/557,,"['aljazeera/557/images/main_image.jpg', 'aljazeera/557/images/2.jpg']",2
aljazeera/133,,"['aljazeera/133/images/main_image.jpg', 'aljazeera/133/images/2.jpg']",2
aljazeera/2048,,"['aljazeera/2048/images/main_image.jpg', 'aljazeera/2048/images/2.jpg']",2
aljazeera/2874,,['aljazeera/2874/images/main_image.jpg'],1
aljazeera/301,,['aljazeera/301/images/main_image.jpg'],1
aljazeera/1262,,"['aljazeera/1262/images/8.jpg', 'aljazeera/1262/images/4.jpg', 'aljazeera/1262/images/main_image.jpg', 'aljazeera/1262/images/5.jpg', 'aljazeera/1262/images/7.jpg', 'aljazeera/1262/images/6.jpg', 'aljazeera/1262/images/2.jpg', 'aljazeera/1262/images/3.jpg']",8
aljazeera/67,,"['aljazeera/67/images/main_image.jpg', 'aljazeera/67/images/1.jpg']",2
aljazeera/3535,,"['aljazeera/3535/images/4.jpg', 'aljazeera/3535/images/main_image.jpg', 'aljazeera/3535/images/2.jpg', 'aljazeera/3535/images/3.jpg']",4
aljazeera/1050,,"['aljazeera/1050/images/4.jpg', 'aljazeera/1050/images/main_image.jpg', 'aljazeera/1050/images/2.jpg', 'aljazeera/1050/images/3.jpg']",4
aljazeera/3363,,['aljazeera/3363/images/main_image.jpg'],1
aljazeera/1434,,"['aljazeera/1434/images/main_image.jpg', 'aljazeera/1434/images/2.jpg']",2
aljazeera/1606,,['aljazeera/1606/images/main_image.jpg'],1
aljazeera/3151,,['aljazeera/3151/images/main_image.jpg'],1
aljazeera/2083,,"['aljazeera/2083/images/main_image.jpg', 'aljazeera/2083/images/2.jpg', 'aljazeera/2083/images/3.jpg']",3
aljazeera/3397,,"['aljazeera/3397/images/main_image.jpg', 'aljazeera/3397/images/2.jpg', 'aljazeera/3397/images/3.jpg']",3
aljazeera/2245,,['aljazeera/2245/images/main_image.jpg'],1
aljazeera/2077,,['aljazeera/2077/images/main_image.jpg'],1
aljazeera/930,,['aljazeera/930/images/main_image.jpg'],1
aljazeera/1296,,"['aljazeera/1296/images/main_image.jpg', 'aljazeera/1296/images/2.jpg']",2
aljazeera/93,,"['aljazeera/93/images/main_image.jpg', 'aljazeera/93/images/1.jpg']",2
aljazeera/568,,['aljazeera/568/images/main_image.jpg'],1
aljazeera/2413,,['aljazeera/2413/images/main_image.jpg'],1
aljazeera/2621,,['aljazeera/2621/images/main_image.jpg'],1
aljazeera/1898,,['aljazeera/1898/images/main_image.jpg'],1
aljazeera/306,,"['aljazeera/306/images/4.jpg', 'aljazeera/306/images/main_image.jpg', 'aljazeera/306/images/5.jpg', 'aljazeera/306/images/7.jpg', 'aljazeera/306/images/6.jpg', 'aljazeera/306/images/2.jpg', 'aljazeera/306/images/3.jpg']",7
aljazeera/134,,['aljazeera/134/images/main_image.jpg'],1
aljazeera/2873,,"['aljazeera/2873/images/main_image.jpg', 'aljazeera/2873/images/3.jpg', 'aljazeera/2873/images/1.jpg']",3
aljazeera/908,,"['aljazeera/908/images/main_image.jpg', 'aljazeera/908/images/1.jpg']",2
aljazeera/550,,"['aljazeera/550/images/4.jpg', 'aljazeera/550/images/main_image.jpg', 'aljazeera/550/images/5.jpg', 'aljazeera/550/images/2.jpg', 'aljazeera/550/images/3.jpg']",5
aljazeera/762,,"['aljazeera/762/images/main_image.jpg', 'aljazeera/762/images/2.jpg']",2
aljazeera/2619,,"['aljazeera/2619/images/main_image.jpg', 'aljazeera/2619/images/3.jpg', 'aljazeera/2619/images/1.jpg']",3
aljazeera/1854,,['aljazeera/1854/images/main_image.jpg'],1
aljazeera/1068,,['aljazeera/1068/images/main_image.jpg'],1
aljazeera/796,,['aljazeera/796/images/main_image.jpg'],1
aljazeera/2289,,['aljazeera/2289/images/main_image.jpg'],1
aljazeera/3169,,['aljazeera/3169/images/main_image.jpg'],1
aljazeera/2887,,['aljazeera/2887/images/main_image.jpg'],1
aljazeera/2626,,['aljazeera/2626/images/main_image.jpg'],1
aljazeera/1291,,['aljazeera/1291/images/main_image.jpg'],1
aljazeera/2414,,"['aljazeera/2414/images/main_image.jpg', 'aljazeera/2414/images/2.jpg']",2
aljazeera/94,,['aljazeera/94/images/main_image.jpg'],1
aljazeera/2070,,['aljazeera/2070/images/main_image.jpg'],1
aljazeera/937,,['aljazeera/937/images/main_image.jpg'],1
aljazeera/3390,,['aljazeera/3390/images/main_image.jpg'],1
aljazeera/339,,"['aljazeera/339/images/main_image.jpg', 'aljazeera/339/images/2.jpg']",2
aljazeera/2242,,['aljazeera/2242/images/main_image.jpg'],1
aljazeera/1601,,['aljazeera/1601/images/main_image.jpg'],1
aljazeera/3156,,['aljazeera/3156/images/main_image.jpg'],1
aljazeera/2084,,"['aljazeera/2084/images/4.jpg', 'aljazeera/2084/images/main_image.jpg', 'aljazeera/2084/images/3.jpg', 'aljazeera/2084/images/1.jpg']",4
aljazeera/3364,,['aljazeera/3364/images/main_image.jpg'],1
aljazeera/1433,,['aljazeera/1433/images/main_image.jpg'],1
aljazeera/1057,,"['aljazeera/1057/images/4.jpg', 'aljazeera/1057/images/main_image.jpg', 'aljazeera/1057/images/2.jpg', 'aljazeera/1057/images/3.jpg', 'aljazeera/1057/images/1.jpg']",5
aljazeera/1265,,['aljazeera/1265/images/main_image.jpg'],1
aljazeera/60,,"['aljazeera/60/images/main_image.jpg', 'aljazeera/60/images/1.jpg']",2
aljazeera/3532,,['aljazeera/3532/images/main_image.jpg'],1
aljazeera/2440,,"['aljazeera/2440/images/main_image.jpg', 'aljazeera/2440/images/2.jpg']",2
aljazeera/3592,,['aljazeera/3592/images/main_image.jpg'],1
aljazeera/2672,,"['aljazeera/2672/images/main_image.jpg', 'aljazeera/2672/images/2.jpg', 'aljazeera/2672/images/1.jpg']",3
aljazeera/709,,"['aljazeera/709/images/main_image.jpg', 'aljazeera/709/images/2.jpg']",2
aljazeera/1493,,['aljazeera/1493/images/main_image.jpg'],1
aljazeera/2216,,['aljazeera/2216/images/main_image.jpg'],1
aljazeera/963,,['aljazeera/963/images/main_image.jpg'],1
aljazeera/2818,,['aljazeera/2818/images/main_image.jpg'],1
aljazeera/2024,,['aljazeera/2024/images/main_image.jpg'],1
aljazeera/1467,,['aljazeera/1467/images/main_image.jpg'],1
aljazeera/3330,,"['aljazeera/3330/images/main_image.jpg', 'aljazeera/3330/images/2.jpg']",2
aljazeera/399,,"['aljazeera/399/images/main_image.jpg', 'aljazeera/399/images/2.jpg']",2
aljazeera/997,,['aljazeera/997/images/main_image.jpg'],1
aljazeera/3102,,['aljazeera/3102/images/main_image.jpg'],1
aljazeera/1655,,['aljazeera/1655/images/main_image.jpg'],1
aljazeera/34,,"['aljazeera/34/images/4.jpg', 'aljazeera/34/images/main_image.jpg', 'aljazeera/34/images/2.jpg', 'aljazeera/34/images/3.jpg']",4
aljazeera/3566,,"['aljazeera/3566/images/main_image.jpg', 'aljazeera/3566/images/2.jpg']",2
aljazeera/1231,,['aljazeera/1231/images/main_image.jpg'],1
aljazeera/1003,,['aljazeera/1003/images/main_image.jpg'],1
aljazeera/2686,,['aljazeera/2686/images/main_image.jpg'],1
aljazeera/2827,,"['aljazeera/2827/images/4.jpg', 'aljazeera/2827/images/main_image.jpg', 'aljazeera/2827/images/5.jpg', 'aljazeera/2827/images/7.jpg', 'aljazeera/2827/images/6.jpg', 'aljazeera/2827/images/3.jpg', 'aljazeera/2827/images/1.jpg']",7
aljazeera/160,,['aljazeera/160/images/main_image.jpg'],1
aljazeera/2229,,['aljazeera/2229/images/main_image.jpg'],1
aljazeera/352,,"['aljazeera/352/images/8.jpg', 'aljazeera/352/images/4.jpg', 'aljazeera/352/images/main_image.jpg', 'aljazeera/352/images/5.jpg', 'aljazeera/352/images/7.jpg', 'aljazeera/352/images/2.jpg', 'aljazeera/352/images/3.jpg', 'aljazeera/352/images/1.jpg']",8
aljazeera/736,,"['aljazeera/736/images/4.jpg', 'aljazeera/736/images/main_image.jpg', 'aljazeera/736/images/5.jpg', 'aljazeera/736/images/2.jpg', 'aljazeera/736/images/3.jpg']",5
aljazeera/504,,"['aljazeera/504/images/main_image.jpg', 'aljazeera/504/images/1.jpg']",2
aljazeera/1800,,"['aljazeera/1800/images/4.jpg', 'aljazeera/1800/images/main_image.jpg', 'aljazeera/1800/images/2.jpg', 'aljazeera/1800/images/3.jpg']",4
aljazeera/3559,,"['aljazeera/3559/images/4.jpg', 'aljazeera/3559/images/main_image.jpg', 'aljazeera/3559/images/2.jpg', 'aljazeera/3559/images/3.jpg']",4
aljazeera/194,,['aljazeera/194/images/main_image.jpg'],1
aljazeera/1458,,['aljazeera/1458/images/main_image.jpg'],1
aljazeera/1004,,['aljazeera/1004/images/main_image.jpg'],1
aljazeera/1838,,"['aljazeera/1838/images/main_image.jpg', 'aljazeera/1838/images/2.jpg', 'aljazeera/1838/images/3.jpg']",3
aljazeera/2681,,"['aljazeera/2681/images/main_image.jpg', 'aljazeera/2681/images/1.jpg']",2
aljazeera/33,,"['aljazeera/33/images/main_image.jpg', 'aljazeera/33/images/1.jpg']",2
aljazeera/3561,,['aljazeera/3561/images/main_image.jpg'],1
aljazeera/1236,,['aljazeera/1236/images/main_image.jpg'],1
aljazeera/990,,['aljazeera/990/images/main_image.jpg'],1
aljazeera/3105,,['aljazeera/3105/images/main_image.jpg'],1
aljazeera/1652,,"['aljazeera/1652/images/main_image.jpg', 'aljazeera/1652/images/1.jpg']",2
aljazeera/1460,,['aljazeera/1460/images/main_image.jpg'],1
aljazeera/3337,,"['aljazeera/3337/images/4.jpg', 'aljazeera/3337/images/main_image.jpg', 'aljazeera/3337/images/5.jpg', 'aljazeera/3337/images/2.jpg', 'aljazeera/3337/images/3.jpg']",5
aljazeera/964,,"['aljazeera/964/images/main_image.jpg', 'aljazeera/964/images/3.jpg', 'aljazeera/964/images/1.jpg']",3
aljazeera/2023,,['aljazeera/2023/images/main_image.jpg'],1
aljazeera/158,,"['aljazeera/158/images/main_image.jpg', 'aljazeera/158/images/2.jpg']",2
aljazeera/1494,,['aljazeera/1494/images/main_image.jpg'],1
aljazeera/2211,,['aljazeera/2211/images/main_image.jpg'],1
aljazeera/2675,,['aljazeera/2675/images/main_image.jpg'],1
aljazeera/2447,,['aljazeera/2447/images/main_image.jpg'],1
aljazeera/3595,,"['aljazeera/3595/images/8.jpg', 'aljazeera/3595/images/9.jpg', 'aljazeera/3595/images/4.jpg', 'aljazeera/3595/images/main_image.jpg', 'aljazeera/3595/images/5.jpg', 'aljazeera/3595/images/7.jpg', 'aljazeera/3595/images/6.jpg', 'aljazeera/3595/images/3.jpg', 'aljazeera/3595/images/1.jpg']",9
aljazeera/3308,,"['aljazeera/3308/images/main_image.jpg', 'aljazeera/3308/images/2.jpg']",2
aljazeera/193,,['aljazeera/193/images/main_image.jpg'],1
aljazeera/1209,,"['aljazeera/1209/images/main_image.jpg', 'aljazeera/1209/images/2.jpg']",2
aljazeera/1807,,"['aljazeera/1807/images/main_image.jpg', 'aljazeera/1807/images/3.jpg', 'aljazeera/1807/images/1.jpg']",3
aljazeera/2478,,['aljazeera/2478/images/main_image.jpg'],1
aljazeera/503,,['aljazeera/503/images/main_image.jpg'],1
aljazeera/731,,['aljazeera/731/images/main_image.jpg'],1
aljazeera/355,,['aljazeera/355/images/main_image.jpg'],1
aljazeera/1699,,['aljazeera/1699/images/main_image.jpg'],1
aljazeera/2820,,['aljazeera/2820/images/main_image.jpg'],1
aljazeera/167,,['aljazeera/167/images/main_image.jpg'],1
aljazeera/1664,,['aljazeera/1664/images/main_image.jpg'],1
aljazeera/3133,,['aljazeera/3133/images/main_image.jpg'],1
aljazeera/3301,,['aljazeera/3301/images/main_image.jpg'],1
aljazeera/1456,,"['aljazeera/1456/images/main_image.jpg', 'aljazeera/1456/images/2.jpg', 'aljazeera/1456/images/3.jpg']",3
aljazeera/1032,,"['aljazeera/1032/images/main_image.jpg', 'aljazeera/1032/images/2.jpg']",2
aljazeera/1200,,['aljazeera/1200/images/main_image.jpg'],1
aljazeera/3557,,"['aljazeera/3557/images/main_image.jpg', 'aljazeera/3557/images/2.jpg', 'aljazeera/3557/images/3.jpg']",3
aljazeera/2485,,"['aljazeera/2485/images/main_image.jpg', 'aljazeera/2485/images/2.jpg']",2
aljazeera/738,,"['aljazeera/738/images/4.jpg', 'aljazeera/738/images/main_image.jpg', 'aljazeera/738/images/2.jpg', 'aljazeera/738/images/3.jpg', 'aljazeera/738/images/1.jpg']",5
aljazeera/2643,,['aljazeera/2643/images/main_image.jpg'],1
aljazeera/2471,,"['aljazeera/2471/images/main_image.jpg', 'aljazeera/2471/images/2.jpg']",2
aljazeera/1690,,"['aljazeera/1690/images/main_image.jpg', 'aljazeera/1690/images/2.jpg', 'aljazeera/1690/images/3.jpg']",3
aljazeera/2829,,['aljazeera/2829/images/main_image.jpg'],1
aljazeera/952,,"['aljazeera/952/images/main_image.jpg', 'aljazeera/952/images/2.jpg']",2
aljazeera/2015,,"['aljazeera/2015/images/4.jpg', 'aljazeera/2015/images/main_image.jpg', 'aljazeera/2015/images/5.jpg', 'aljazeera/2015/images/7.jpg', 'aljazeera/2015/images/6.jpg', 'aljazeera/2015/images/2.jpg', 'aljazeera/2015/images/3.jpg']",7
aljazeera/2227,,['aljazeera/2227/images/main_image.jpg'],1
aljazeera/3568,,"['aljazeera/3568/images/4.jpg', 'aljazeera/3568/images/main_image.jpg', 'aljazeera/3568/images/3.jpg', 'aljazeera/3568/images/1.jpg']",4
aljazeera/1831,,"['aljazeera/1831/images/main_image.jpg', 'aljazeera/1831/images/2.jpg', 'aljazeera/1831/images/3.jpg']",3
aljazeera/2688,,"['aljazeera/2688/images/4.jpg', 'aljazeera/2688/images/main_image.jpg', 'aljazeera/2688/images/2.jpg', 'aljazeera/2688/images/3.jpg']",4
aljazeera/1469,,"['aljazeera/1469/images/4.jpg', 'aljazeera/1469/images/main_image.jpg', 'aljazeera/1469/images/7.jpg', 'aljazeera/1469/images/6.jpg', 'aljazeera/1469/images/2.jpg', 'aljazeera/1469/images/3.jpg', 'aljazeera/1469/images/1.jpg']",7
aljazeera/397,,['aljazeera/397/images/main_image.jpg'],1
aljazeera/999,,['aljazeera/999/images/main_image.jpg'],1
aljazeera/363,,['aljazeera/363/images/main_image.jpg'],1
aljazeera/2218,,['aljazeera/2218/images/main_image.jpg'],1
aljazeera/2816,,['aljazeera/2816/images/main_image.jpg'],1
aljazeera/151,,['aljazeera/151/images/main_image.jpg'],1
aljazeera/535,,['aljazeera/535/images/main_image.jpg'],1
aljazeera/707,,['aljazeera/707/images/main_image.jpg'],1
aljazeera/2220,,"['aljazeera/2220/images/4.jpg', 'aljazeera/2220/images/main_image.jpg', 'aljazeera/2220/images/2.jpg', 'aljazeera/2220/images/3.jpg']",4
aljazeera/1697,,['aljazeera/1697/images/main_image.jpg'],1
aljazeera/955,,"['aljazeera/955/images/4.jpg', 'aljazeera/955/images/main_image.jpg', 'aljazeera/955/images/2.jpg', 'aljazeera/955/images/3.jpg', 'aljazeera/955/images/1.jpg']",5
aljazeera/169,,['aljazeera/169/images/main_image.jpg'],1
aljazeera/2012,,"['aljazeera/2012/images/4.jpg', 'aljazeera/2012/images/main_image.jpg', 'aljazeera/2012/images/5.jpg', 'aljazeera/2012/images/2.jpg', 'aljazeera/2012/images/3.jpg']",5
aljazeera/2476,,['aljazeera/2476/images/main_image.jpg'],1
aljazeera/2644,,"['aljazeera/2644/images/4.jpg', 'aljazeera/2644/images/main_image.jpg', 'aljazeera/2644/images/2.jpg', 'aljazeera/2644/images/3.jpg']",4
aljazeera/1207,,"['aljazeera/1207/images/main_image.jpg', 'aljazeera/1207/images/1.jpg']",2
aljazeera/3550,,['aljazeera/3550/images/main_image.jpg'],1
aljazeera/2482,,"['aljazeera/2482/images/main_image.jpg', 'aljazeera/2482/images/3.jpg', 'aljazeera/2482/images/1.jpg']",3
aljazeera/1035,,"['aljazeera/1035/images/4.jpg', 'aljazeera/1035/images/main_image.jpg', 'aljazeera/1035/images/2.jpg', 'aljazeera/1035/images/3.jpg']",4
aljazeera/1809,,"['aljazeera/1809/images/main_image.jpg', 'aljazeera/1809/images/2.jpg']",2
aljazeera/3306,,['aljazeera/3306/images/main_image.jpg'],1
aljazeera/1451,,['aljazeera/1451/images/main_image.jpg'],1
aljazeera/1663,,['aljazeera/1663/images/main_image.jpg'],1
aljazeera/3134,,['aljazeera/3134/images/main_image.jpg'],1
aljazeera/700,,"['aljazeera/700/images/4.jpg', 'aljazeera/700/images/main_image.jpg', 'aljazeera/700/images/2.jpg', 'aljazeera/700/images/3.jpg']",4
aljazeera/532,,['aljazeera/532/images/main_image.jpg'],1
aljazeera/2449,,"['aljazeera/2449/images/4.jpg', 'aljazeera/2449/images/main_image.jpg', 'aljazeera/2449/images/2.jpg', 'aljazeera/2449/images/1.jpg']",4
aljazeera/2811,,"['aljazeera/2811/images/4.jpg', 'aljazeera/2811/images/main_image.jpg', 'aljazeera/2811/images/5.jpg', 'aljazeera/2811/images/6.jpg', 'aljazeera/2811/images/2.jpg', 'aljazeera/2811/images/3.jpg']",6
aljazeera/156,,"['aljazeera/156/images/main_image.jpg', 'aljazeera/156/images/2.jpg', 'aljazeera/156/images/1.jpg']",3
aljazeera/364,,"['aljazeera/364/images/main_image.jpg', 'aljazeera/364/images/1.jpg']",2
aljazeera/390,,['aljazeera/390/images/main_image.jpg'],1
aljazeera/3339,,"['aljazeera/3339/images/main_image.jpg', 'aljazeera/3339/images/2.jpg']",2
aljazeera/1836,,['aljazeera/1836/images/main_image.jpg'],1
aljazeera/1238,,['aljazeera/1238/images/main_image.jpg'],1
aljazeera/1944,,['aljazeera/1944/images/main_image.jpg'],1
aljazeera/1178,,"['aljazeera/1178/images/main_image.jpg', 'aljazeera/1178/images/3.jpg', 'aljazeera/1178/images/1.jpg']",3
aljazeera/686,,['aljazeera/686/images/main_image.jpg'],1
aljazeera/3079,,"['aljazeera/3079/images/main_image.jpg', 'aljazeera/3079/images/2.jpg', 'aljazeera/3079/images/3.jpg']",3
aljazeera/2997,,['aljazeera/2997/images/main_image.jpg'],1
aljazeera/2399,,['aljazeera/2399/images/main_image.jpg'],1
aljazeera/2963,,"['aljazeera/2963/images/main_image.jpg', 'aljazeera/2963/images/2.jpg']",2
aljazeera/818,,['aljazeera/818/images/main_image.jpg'],1
aljazeera/216,,['aljazeera/216/images/main_image.jpg'],1
aljazeera/672,,"['aljazeera/672/images/4.jpg', 'aljazeera/672/images/main_image.jpg', 'aljazeera/672/images/5.jpg', 'aljazeera/672/images/2.jpg', 'aljazeera/672/images/3.jpg']",5
aljazeera/2709,,"['aljazeera/2709/images/main_image.jpg', 'aljazeera/2709/images/2.jpg', 'aljazeera/2709/images/1.jpg']",3
aljazeera/440,,['aljazeera/440/images/main_image.jpg'],1
aljazeera/3274,,['aljazeera/3274/images/main_image.jpg'],1
aljazeera/1523,,"['aljazeera/1523/images/main_image.jpg', 'aljazeera/1523/images/2.jpg']",2
aljazeera/1711,,['aljazeera/1711/images/main_image.jpg'],1
aljazeera/2194,,"['aljazeera/2194/images/4.jpg', 'aljazeera/2194/images/main_image.jpg', 'aljazeera/2194/images/5.jpg', 'aljazeera/2194/images/3.jpg', 'aljazeera/2194/images/1.jpg']",5
aljazeera/3046,,['aljazeera/3046/images/main_image.jpg'],1
aljazeera/1375,,['aljazeera/1375/images/main_image.jpg'],1
aljazeera/3422,,['aljazeera/3422/images/main_image.jpg'],1
aljazeera/3610,,"['aljazeera/3610/images/main_image.jpg', 'aljazeera/3610/images/2.jpg']",2
aljazeera/1147,,"['aljazeera/1147/images/main_image.jpg', 'aljazeera/1147/images/3.jpg', 'aljazeera/1147/images/1.jpg']",3
aljazeera/1381,,['aljazeera/1381/images/main_image.jpg'],1
aljazeera/2504,,"['aljazeera/2504/images/main_image.jpg', 'aljazeera/2504/images/2.jpg', 'aljazeera/2504/images/3.jpg']",3
aljazeera/2736,,['aljazeera/2736/images/main_image.jpg'],1
aljazeera/229,,['aljazeera/229/images/main_image.jpg'],1
aljazeera/2352,,"['aljazeera/2352/images/main_image.jpg', 'aljazeera/2352/images/1.jpg']",2
aljazeera/3280,,"['aljazeera/3280/images/main_image.jpg', 'aljazeera/3280/images/1.jpg']",2
aljazeera/2160,,"['aljazeera/2160/images/main_image.jpg', 'aljazeera/2160/images/2.jpg', 'aljazeera/2160/images/3.jpg']",3
aljazeera/827,,"['aljazeera/827/images/4.jpg', 'aljazeera/827/images/main_image.jpg', 'aljazeera/827/images/3.jpg', 'aljazeera/827/images/1.jpg']",4
aljazeera/447,,"['aljazeera/447/images/main_image.jpg', 'aljazeera/447/images/1.jpg']",2
aljazeera/675,,['aljazeera/675/images/main_image.jpg'],1
aljazeera/211,,"['aljazeera/211/images/main_image.jpg', 'aljazeera/211/images/2.jpg', 'aljazeera/211/images/3.jpg', 'aljazeera/211/images/1.jpg']",4
aljazeera/2158,,['aljazeera/2158/images/main_image.jpg'],1
aljazeera/2964,,"['aljazeera/2964/images/main_image.jpg', 'aljazeera/2964/images/1.jpg']",2
aljazeera/2990,,"['aljazeera/2990/images/main_image.jpg', 'aljazeera/2990/images/2.jpg', 'aljazeera/2990/images/3.jpg']",3
aljazeera/1729,,"['aljazeera/1729/images/main_image.jpg', 'aljazeera/1729/images/2.jpg', 'aljazeera/1729/images/3.jpg']",3
aljazeera/1943,,['aljazeera/1943/images/main_image.jpg'],1
aljazeera/3628,,['aljazeera/3628/images/main_image.jpg'],1
aljazeera/681,,['aljazeera/681/images/main_image.jpg'],1
aljazeera/2167,,['aljazeera/2167/images/main_image.jpg'],1
aljazeera/820,,['aljazeera/820/images/main_image.jpg'],1
aljazeera/2355,,['aljazeera/2355/images/main_image.jpg'],1
aljazeera/3287,,['aljazeera/3287/images/main_image.jpg'],1
aljazeera/2731,,['aljazeera/2731/images/main_image.jpg'],1
aljazeera/1988,,"['aljazeera/1988/images/main_image.jpg', 'aljazeera/1988/images/1.jpg']",2
aljazeera/1386,,['aljazeera/1386/images/main_image.jpg'],1
aljazeera/478,,['aljazeera/478/images/main_image.jpg'],1
aljazeera/2503,,['aljazeera/2503/images/main_image.jpg'],1
aljazeera/3617,,['aljazeera/3617/images/main_image.jpg'],1
aljazeera/1140,,"['aljazeera/1140/images/8.jpg', 'aljazeera/1140/images/9.jpg', 'aljazeera/1140/images/4.jpg', 'aljazeera/1140/images/main_image.jpg', 'aljazeera/1140/images/5.jpg', 'aljazeera/1140/images/7.jpg', 'aljazeera/1140/images/6.jpg', 'aljazeera/1140/images/3.jpg', 'aljazeera/1140/images/1.jpg']",9
aljazeera/1372,,['aljazeera/1372/images/main_image.jpg'],1
aljazeera/3425,,['aljazeera/3425/images/main_image.jpg'],1
aljazeera/1716,,['aljazeera/1716/images/main_image.jpg'],1
aljazeera/2193,,['aljazeera/2193/images/main_image.jpg'],1
aljazeera/3041,,"['aljazeera/3041/images/main_image.jpg', 'aljazeera/3041/images/2.jpg', 'aljazeera/3041/images/3.jpg', 'aljazeera/3041/images/1.jpg']",4
aljazeera/3273,,['aljazeera/3273/images/main_image.jpg'],1
aljazeera/1524,,"['aljazeera/1524/images/main_image.jpg', 'aljazeera/1524/images/1.jpg']",2
aljazeera/227,,['aljazeera/227/images/main_image.jpg'],1
aljazeera/829,,"['aljazeera/829/images/main_image.jpg', 'aljazeera/829/images/2.jpg']",2
aljazeera/2952,,"['aljazeera/2952/images/4.jpg', 'aljazeera/2952/images/main_image.jpg', 'aljazeera/2952/images/2.jpg', 'aljazeera/2952/images/1.jpg']",4
aljazeera/471,,['aljazeera/471/images/main_image.jpg'],1
aljazeera/2738,,['aljazeera/2738/images/main_image.jpg'],1
aljazeera/643,,['aljazeera/643/images/main_image.jpg'],1
aljazeera/1981,,['aljazeera/1981/images/main_image.jpg'],1
aljazeera/485,,"['aljazeera/485/images/4.jpg', 'aljazeera/485/images/main_image.jpg', 'aljazeera/485/images/5.jpg', 'aljazeera/485/images/3.jpg', 'aljazeera/485/images/1.jpg']",5
aljazeera/1975,,['aljazeera/1975/images/main_image.jpg'],1
aljazeera/1149,,['aljazeera/1149/images/main_image.jpg'],1
aljazeera/3048,,['aljazeera/3048/images/main_image.jpg'],1
aljazeera/1182,,['aljazeera/1182/images/main_image.jpg'],1
aljazeera/2707,,"['aljazeera/2707/images/main_image.jpg', 'aljazeera/2707/images/3.jpg', 'aljazeera/2707/images/1.jpg']",3
aljazeera/2535,,['aljazeera/2535/images/main_image.jpg'],1
aljazeera/3083,,['aljazeera/3083/images/main_image.jpg'],1
aljazeera/2151,,"['aljazeera/2151/images/main_image.jpg', 'aljazeera/2151/images/1.jpg']",2
aljazeera/816,,['aljazeera/816/images/main_image.jpg'],1
aljazeera/2363,,"['aljazeera/2363/images/4.jpg', 'aljazeera/2363/images/main_image.jpg', 'aljazeera/2363/images/2.jpg', 'aljazeera/2363/images/3.jpg', 'aljazeera/2363/images/1.jpg']",5
aljazeera/218,,"['aljazeera/218/images/main_image.jpg', 'aljazeera/218/images/2.jpg']",2
aljazeera/3077,,['aljazeera/3077/images/main_image.jpg'],1
aljazeera/2999,,['aljazeera/2999/images/main_image.jpg'],1
aljazeera/1720,,['aljazeera/1720/images/main_image.jpg'],1
aljazeera/1512,,"['aljazeera/1512/images/4.jpg', 'aljazeera/1512/images/main_image.jpg', 'aljazeera/1512/images/5.jpg', 'aljazeera/1512/images/3.jpg', 'aljazeera/1512/images/1.jpg']",5
aljazeera/3245,,['aljazeera/3245/images/main_image.jpg'],1
aljazeera/2397,,['aljazeera/2397/images/main_image.jpg'],1
aljazeera/1176,,"['aljazeera/1176/images/main_image.jpg', 'aljazeera/1176/images/2.jpg', 'aljazeera/1176/images/1.jpg']",3
aljazeera/688,,['aljazeera/688/images/main_image.jpg'],1
aljazeera/3621,,['aljazeera/3621/images/main_image.jpg'],1
aljazeera/3413,,['aljazeera/3413/images/main_image.jpg'],1
aljazeera/1344,,['aljazeera/1344/images/main_image.jpg'],1
aljazeera/1718,,['aljazeera/1718/images/main_image.jpg'],1
aljazeera/3619,,"['aljazeera/3619/images/4.jpg', 'aljazeera/3619/images/main_image.jpg', 'aljazeera/3619/images/2.jpg', 'aljazeera/3619/images/3.jpg']",4
aljazeera/1972,,['aljazeera/1972/images/main_image.jpg'],1
aljazeera/482,,['aljazeera/482/images/main_image.jpg'],1
aljazeera/644,,['aljazeera/644/images/main_image.jpg'],1
aljazeera/1986,,"['aljazeera/1986/images/main_image.jpg', 'aljazeera/1986/images/2.jpg', 'aljazeera/1986/images/3.jpg']",3
aljazeera/1388,,"['aljazeera/1388/images/main_image.jpg', 'aljazeera/1388/images/2.jpg']",2
aljazeera/476,,"['aljazeera/476/images/main_image.jpg', 'aljazeera/476/images/2.jpg']",2
aljazeera/2169,,['aljazeera/2169/images/main_image.jpg'],1
aljazeera/2955,,['aljazeera/2955/images/main_image.jpg'],1
aljazeera/3289,,['aljazeera/3289/images/main_image.jpg'],1
aljazeera/220,,"['aljazeera/220/images/4.jpg', 'aljazeera/220/images/main_image.jpg', 'aljazeera/220/images/3.jpg', 'aljazeera/220/images/1.jpg']",4
aljazeera/3414,,['aljazeera/3414/images/main_image.jpg'],1
aljazeera/1343,,['aljazeera/1343/images/main_image.jpg'],1
aljazeera/1171,,['aljazeera/1171/images/main_image.jpg'],1
aljazeera/3626,,"['aljazeera/3626/images/main_image.jpg', 'aljazeera/3626/images/2.jpg']",2
aljazeera/1515,,['aljazeera/1515/images/main_image.jpg'],1
aljazeera/3242,,['aljazeera/3242/images/main_image.jpg'],1
aljazeera/2390,,"['aljazeera/2390/images/4.jpg', 'aljazeera/2390/images/main_image.jpg', 'aljazeera/2390/images/3.jpg', 'aljazeera/2390/images/1.jpg']",4
aljazeera/3070,,['aljazeera/3070/images/main_image.jpg'],1
aljazeera/1727,,"['aljazeera/1727/images/main_image.jpg', 'aljazeera/1727/images/3.jpg', 'aljazeera/1727/images/1.jpg']",3
aljazeera/2364,,"['aljazeera/2364/images/main_image.jpg', 'aljazeera/2364/images/2.jpg']",2
aljazeera/3084,,"['aljazeera/3084/images/4.jpg', 'aljazeera/3084/images/main_image.jpg', 'aljazeera/3084/images/5.jpg', 'aljazeera/3084/images/2.jpg', 'aljazeera/3084/images/3.jpg']",5
aljazeera/2156,,"['aljazeera/2156/images/main_image.jpg', 'aljazeera/2156/images/2.jpg']",2
aljazeera/811,,"['aljazeera/811/images/4.jpg', 'aljazeera/811/images/main_image.jpg', 'aljazeera/811/images/2.jpg', 'aljazeera/811/images/3.jpg']",4
aljazeera/2532,,['aljazeera/2532/images/main_image.jpg'],1
aljazeera/449,,"['aljazeera/449/images/4.jpg', 'aljazeera/449/images/main_image.jpg', 'aljazeera/449/images/2.jpg', 'aljazeera/449/images/3.jpg']",4
aljazeera/1185,,['aljazeera/1185/images/main_image.jpg'],1
aljazeera/2700,,['aljazeera/2700/images/main_image.jpg'],1
aljazeera/1125,,['aljazeera/1125/images/main_image.jpg'],1
aljazeera/1919,,"['aljazeera/1919/images/4.jpg', 'aljazeera/1919/images/main_image.jpg', 'aljazeera/1919/images/2.jpg', 'aljazeera/1919/images/1.jpg']",4
aljazeera/1317,,"['aljazeera/1317/images/main_image.jpg', 'aljazeera/1317/images/2.jpg']",2
aljazeera/2592,,"['aljazeera/2592/images/main_image.jpg', 'aljazeera/2592/images/2.jpg']",2
aljazeera/3440,,"['aljazeera/3440/images/main_image.jpg', 'aljazeera/3440/images/2.jpg']",2
aljazeera/1773,,"['aljazeera/1773/images/main_image.jpg', 'aljazeera/1773/images/2.jpg']",2
aljazeera/3024,,['aljazeera/3024/images/main_image.jpg'],1
aljazeera/3216,,['aljazeera/3216/images/main_image.jpg'],1
aljazeera/1541,,['aljazeera/1541/images/main_image.jpg'],1
aljazeera/1787,,"['aljazeera/1787/images/main_image.jpg', 'aljazeera/1787/images/1.jpg']",2
aljazeera/845,,['aljazeera/845/images/main_image.jpg'],1
aljazeera/2102,,['aljazeera/2102/images/main_image.jpg'],1
aljazeera/2330,,['aljazeera/2330/images/main_image.jpg'],1
aljazeera/2754,,['aljazeera/2754/images/main_image.jpg'],1
aljazeera/2566,,"['aljazeera/2566/images/main_image.jpg', 'aljazeera/2566/images/2.jpg']",2
aljazeera/3229,,['aljazeera/3229/images/main_image.jpg'],1
aljazeera/280,,['aljazeera/280/images/main_image.jpg'],1
aljazeera/1328,,['aljazeera/1328/images/main_image.jpg'],1
aljazeera/1926,,['aljazeera/1926/images/main_image.jpg'],1
aljazeera/422,,"['aljazeera/422/images/4.jpg', 'aljazeera/422/images/main_image.jpg', 'aljazeera/422/images/5.jpg', 'aljazeera/422/images/2.jpg', 'aljazeera/422/images/3.jpg']",5
aljazeera/2559,,['aljazeera/2559/images/main_image.jpg'],1
aljazeera/610,,['aljazeera/610/images/main_image.jpg'],1
aljazeera/274,,['aljazeera/274/images/main_image.jpg'],1
aljazeera/2901,,"['aljazeera/2901/images/main_image.jpg', 'aljazeera/2901/images/1.jpg']",2
aljazeera/2561,,"['aljazeera/2561/images/4.jpg', 'aljazeera/2561/images/main_image.jpg', 'aljazeera/2561/images/2.jpg', 'aljazeera/2561/images/3.jpg']",4
aljazeera/628,,"['aljazeera/628/images/4.jpg', 'aljazeera/628/images/main_image.jpg', 'aljazeera/628/images/5.jpg', 'aljazeera/628/images/2.jpg', 'aljazeera/628/images/3.jpg']",5
aljazeera/2753,,['aljazeera/2753/images/main_image.jpg'],1
aljazeera/2337,,['aljazeera/2337/images/main_image.jpg'],1
aljazeera/1780,,"['aljazeera/1780/images/4.jpg', 'aljazeera/1780/images/main_image.jpg', 'aljazeera/1780/images/5.jpg', 'aljazeera/1780/images/6.jpg', 'aljazeera/1780/images/3.jpg', 'aljazeera/1780/images/1.jpg']",6
aljazeera/2939,,['aljazeera/2939/images/main_image.jpg'],1
aljazeera/842,,['aljazeera/842/images/main_image.jpg'],1
aljazeera/2105,,"['aljazeera/2105/images/main_image.jpg', 'aljazeera/2105/images/2.jpg', 'aljazeera/2105/images/3.jpg']",3
aljazeera/3211,,['aljazeera/3211/images/main_image.jpg'],1
aljazeera/1546,,['aljazeera/1546/images/main_image.jpg'],1
aljazeera/1774,,['aljazeera/1774/images/main_image.jpg'],1
aljazeera/3023,,"['aljazeera/3023/images/main_image.jpg', 'aljazeera/3023/images/1.jpg']",2
aljazeera/1310,,['aljazeera/1310/images/main_image.jpg'],1
aljazeera/2595,,"['aljazeera/2595/images/main_image.jpg', 'aljazeera/2595/images/2.jpg']",2
aljazeera/3447,,['aljazeera/3447/images/main_image.jpg'],1
aljazeera/1122,,['aljazeera/1122/images/main_image.jpg'],1
aljazeera/2906,,"['aljazeera/2906/images/4.jpg', 'aljazeera/2906/images/main_image.jpg', 'aljazeera/2906/images/2.jpg', 'aljazeera/2906/images/3.jpg']",4
aljazeera/273,,['aljazeera/273/images/main_image.jpg'],1
aljazeera/2308,,"['aljazeera/2308/images/main_image.jpg', 'aljazeera/2308/images/2.jpg']",2
aljazeera/617,,['aljazeera/617/images/main_image.jpg'],1
aljazeera/425,,"['aljazeera/425/images/4.jpg', 'aljazeera/425/images/main_image.jpg', 'aljazeera/425/images/2.jpg', 'aljazeera/425/images/3.jpg', 'aljazeera/425/images/1.jpg']",5
aljazeera/1921,,['aljazeera/1921/images/main_image.jpg'],1
aljazeera/2798,,['aljazeera/2798/images/main_image.jpg'],1
aljazeera/3478,,"['aljazeera/3478/images/main_image.jpg', 'aljazeera/3478/images/2.jpg', 'aljazeera/3478/images/3.jpg']",3
aljazeera/889,,['aljazeera/889/images/main_image.jpg'],1
aljazeera/1579,,['aljazeera/1579/images/main_image.jpg'],1
aljazeera/287,,['aljazeera/287/images/main_image.jpg'],1
aljazeera/1584,,['aljazeera/1584/images/main_image.jpg'],1
aljazeera/2301,,['aljazeera/2301/images/main_image.jpg'],1
aljazeera/874,,['aljazeera/874/images/main_image.jpg'],1
aljazeera/2133,,"['aljazeera/2133/images/main_image.jpg', 'aljazeera/2133/images/2.jpg', 'aljazeera/2133/images/1.jpg']",3
aljazeera/3485,,['aljazeera/3485/images/main_image.jpg'],1
aljazeera/2557,,['aljazeera/2557/images/main_image.jpg'],1
aljazeera/2765,,['aljazeera/2765/images/main_image.jpg'],1
aljazeera/3471,,['aljazeera/3471/images/main_image.jpg'],1
aljazeera/1326,,"['aljazeera/1326/images/main_image.jpg', 'aljazeera/1326/images/1.jpg']",2
aljazeera/1114,,['aljazeera/1114/images/main_image.jpg'],1
aljazeera/1928,,['aljazeera/1928/images/main_image.jpg'],1
aljazeera/3643,,"['aljazeera/3643/images/main_image.jpg', 'aljazeera/3643/images/2.jpg']",2
aljazeera/2791,,['aljazeera/2791/images/main_image.jpg'],1
aljazeera/1570,,"['aljazeera/1570/images/main_image.jpg', 'aljazeera/1570/images/2.jpg']",2
aljazeera/3227,,['aljazeera/3227/images/main_image.jpg'],1
aljazeera/880,,"['aljazeera/880/images/main_image.jpg', 'aljazeera/880/images/1.jpg']",2
aljazeera/3015,,['aljazeera/3015/images/main_image.jpg'],1
aljazeera/1742,,"['aljazeera/1742/images/4.jpg', 'aljazeera/1742/images/main_image.jpg', 'aljazeera/1742/images/5.jpg', 'aljazeera/1742/images/2.jpg', 'aljazeera/1742/images/1.jpg']",5
aljazeera/621,,"['aljazeera/621/images/4.jpg', 'aljazeera/621/images/main_image.jpg', 'aljazeera/621/images/6.jpg', 'aljazeera/621/images/2.jpg', 'aljazeera/621/images/3.jpg', 'aljazeera/621/images/1.jpg']",6
aljazeera/2568,,"['aljazeera/2568/images/4.jpg', 'aljazeera/2568/images/main_image.jpg', 'aljazeera/2568/images/5.jpg', 'aljazeera/2568/images/2.jpg', 'aljazeera/2568/images/1.jpg']",5
aljazeera/413,,['aljazeera/413/images/main_image.jpg'],1
aljazeera/1789,,"['aljazeera/1789/images/4.jpg', 'aljazeera/1789/images/main_image.jpg', 'aljazeera/1789/images/5.jpg', 'aljazeera/1789/images/7.jpg', 'aljazeera/1789/images/6.jpg', 'aljazeera/1789/images/2.jpg', 'aljazeera/1789/images/3.jpg']",7
aljazeera/2930,,"['aljazeera/2930/images/main_image.jpg', 'aljazeera/2930/images/2.jpg', 'aljazeera/2930/images/3.jpg']",3
aljazeera/245,,['aljazeera/245/images/main_image.jpg'],1
aljazeera/3218,,['aljazeera/3218/images/main_image.jpg'],1
aljazeera/1917,,['aljazeera/1917/images/main_image.jpg'],1
aljazeera/1319,,['aljazeera/1319/images/main_image.jpg'],1
aljazeera/887,,['aljazeera/887/images/main_image.jpg'],1
aljazeera/3012,,"['aljazeera/3012/images/main_image.jpg', 'aljazeera/3012/images/2.jpg', 'aljazeera/3012/images/1.jpg']",3
aljazeera/1745,,['aljazeera/1745/images/main_image.jpg'],1
aljazeera/1577,,"['aljazeera/1577/images/main_image.jpg', 'aljazeera/1577/images/2.jpg']",2
aljazeera/289,,"['aljazeera/289/images/main_image.jpg', 'aljazeera/289/images/1.jpg']",2
aljazeera/3220,,"['aljazeera/3220/images/main_image.jpg', 'aljazeera/3220/images/1.jpg']",2
aljazeera/1113,,['aljazeera/1113/images/main_image.jpg'],1
aljazeera/3644,,['aljazeera/3644/images/main_image.jpg'],1
aljazeera/2796,,['aljazeera/2796/images/main_image.jpg'],1
aljazeera/3476,,['aljazeera/3476/images/main_image.jpg'],1
aljazeera/1321,,"['aljazeera/1321/images/8.jpg', 'aljazeera/1321/images/11.jpg', 'aljazeera/1321/images/10.jpg', 'aljazeera/1321/images/4.jpg', 'aljazeera/1321/images/main_image.jpg', 'aljazeera/1321/images/5.jpg', 'aljazeera/1321/images/7.jpg', 'aljazeera/1321/images/6.jpg', 'aljazeera/1321/images/2.jpg', 'aljazeera/1321/images/3.jpg', 'aljazeera/1321/images/1.jpg']",11
aljazeera/2762,,"['aljazeera/2762/images/main_image.jpg', 'aljazeera/2762/images/2.jpg']",2
aljazeera/619,,['aljazeera/619/images/main_image.jpg'],1
aljazeera/3482,,"['aljazeera/3482/images/main_image.jpg', 'aljazeera/3482/images/1.jpg']",2
aljazeera/2550,,"['aljazeera/2550/images/main_image.jpg', 'aljazeera/2550/images/3.jpg', 'aljazeera/2550/images/1.jpg']",3
aljazeera/873,,"['aljazeera/873/images/main_image.jpg', 'aljazeera/873/images/2.jpg']",2
aljazeera/2908,,['aljazeera/2908/images/main_image.jpg'],1
aljazeera/2134,,['aljazeera/2134/images/main_image.jpg'],1
aljazeera/1583,,"['aljazeera/1583/images/main_image.jpg', 'aljazeera/1583/images/2.jpg']",2
aljazeera/2306,,"['aljazeera/2306/images/8.jpg', 'aljazeera/2306/images/9.jpg', 'aljazeera/2306/images/4.jpg', 'aljazeera/2306/images/main_image.jpg', 'aljazeera/2306/images/5.jpg', 'aljazeera/2306/images/7.jpg', 'aljazeera/2306/images/6.jpg', 'aljazeera/2306/images/2.jpg', 'aljazeera/2306/images/3.jpg']",9
aljazeera/3449,,['aljazeera/3449/images/main_image.jpg'],1
aljazeera/1910,,"['aljazeera/1910/images/main_image.jpg', 'aljazeera/1910/images/2.jpg', 'aljazeera/1910/images/1.jpg']",3
aljazeera/1548,,"['aljazeera/1548/images/main_image.jpg', 'aljazeera/1548/images/3.jpg', 'aljazeera/1548/images/1.jpg']",3
aljazeera/2339,,"['aljazeera/2339/images/4.jpg', 'aljazeera/2339/images/main_image.jpg', 'aljazeera/2339/images/5.jpg', 'aljazeera/2339/images/2.jpg', 'aljazeera/2339/images/1.jpg']",5
aljazeera/242,,"['aljazeera/242/images/4.jpg', 'aljazeera/242/images/main_image.jpg', 'aljazeera/242/images/3.jpg', 'aljazeera/242/images/1.jpg']",4
aljazeera/2937,,"['aljazeera/2937/images/main_image.jpg', 'aljazeera/2937/images/1.jpg']",2
aljazeera/414,,"['aljazeera/414/images/main_image.jpg', 'aljazeera/414/images/2.jpg']",2
aljazeera/626,,['aljazeera/626/images/main_image.jpg'],1
aljazeera/1389,,['aljazeera/1389/images/main_image.jpg'],1
aljazeera/477,,['aljazeera/477/images/main_image.jpg'],1
aljazeera/645,,['aljazeera/645/images/main_image.jpg'],1
aljazeera/1987,,"['aljazeera/1987/images/main_image.jpg', 'aljazeera/1987/images/2.jpg']",2
aljazeera/3288,,['aljazeera/3288/images/main_image.jpg'],1
aljazeera/221,,"['aljazeera/221/images/main_image.jpg', 'aljazeera/221/images/2.jpg']",2
aljazeera/2954,,['aljazeera/2954/images/main_image.jpg'],1
aljazeera/2168,,"['aljazeera/2168/images/main_image.jpg', 'aljazeera/2168/images/2.jpg']",2
aljazeera/1719,,['aljazeera/1719/images/main_image.jpg'],1
aljazeera/483,,['aljazeera/483/images/main_image.jpg'],1
aljazeera/3618,,['aljazeera/3618/images/main_image.jpg'],1
aljazeera/1973,,['aljazeera/1973/images/main_image.jpg'],1
aljazeera/810,,['aljazeera/810/images/main_image.jpg'],1
aljazeera/3085,,"['aljazeera/3085/images/4.jpg', 'aljazeera/3085/images/main_image.jpg', 'aljazeera/3085/images/2.jpg', 'aljazeera/3085/images/3.jpg']",4
aljazeera/2157,,"['aljazeera/2157/images/main_image.jpg', 'aljazeera/2157/images/1.jpg']",2
aljazeera/2365,,['aljazeera/2365/images/main_image.jpg'],1
aljazeera/1184,,['aljazeera/1184/images/main_image.jpg'],1
aljazeera/2701,,"['aljazeera/2701/images/main_image.jpg', 'aljazeera/2701/images/2.jpg']",2
aljazeera/448,,['aljazeera/448/images/main_image.jpg'],1
aljazeera/2533,,"['aljazeera/2533/images/8.jpg', 'aljazeera/2533/images/4.jpg', 'aljazeera/2533/images/main_image.jpg', 'aljazeera/2533/images/5.jpg', 'aljazeera/2533/images/7.jpg', 'aljazeera/2533/images/6.jpg', 'aljazeera/2533/images/3.jpg', 'aljazeera/2533/images/1.jpg']",8
aljazeera/1170,,"['aljazeera/1170/images/main_image.jpg', 'aljazeera/1170/images/2.jpg']",2
aljazeera/3627,,"['aljazeera/3627/images/main_image.jpg', 'aljazeera/3627/images/2.jpg']",2
aljazeera/3415,,['aljazeera/3415/images/main_image.jpg'],1
aljazeera/1342,,['aljazeera/1342/images/main_image.jpg'],1
aljazeera/3071,,"['aljazeera/3071/images/main_image.jpg', 'aljazeera/3071/images/1.jpg']",2
aljazeera/1726,,"['aljazeera/1726/images/4.jpg', 'aljazeera/1726/images/main_image.jpg', 'aljazeera/1726/images/2.jpg', 'aljazeera/1726/images/1.jpg']",4
aljazeera/1514,,['aljazeera/1514/images/main_image.jpg'],1
aljazeera/3243,,"['aljazeera/3243/images/4.jpg', 'aljazeera/3243/images/main_image.jpg', 'aljazeera/3243/images/2.jpg', 'aljazeera/3243/images/3.jpg']",4
aljazeera/2391,,['aljazeera/2391/images/main_image.jpg'],1
aljazeera/1148,,['aljazeera/1148/images/main_image.jpg'],1
aljazeera/1974,,['aljazeera/1974/images/main_image.jpg'],1
aljazeera/484,,"['aljazeera/484/images/main_image.jpg', 'aljazeera/484/images/2.jpg']",2
aljazeera/3049,,['aljazeera/3049/images/main_image.jpg'],1
aljazeera/2953,,"['aljazeera/2953/images/4.jpg', 'aljazeera/2953/images/main_image.jpg', 'aljazeera/2953/images/5.jpg', 'aljazeera/2953/images/3.jpg', 'aljazeera/2953/images/1.jpg']",5
aljazeera/828,,"['aljazeera/828/images/main_image.jpg', 'aljazeera/828/images/2.jpg']",2
aljazeera/226,,"['aljazeera/226/images/main_image.jpg', 'aljazeera/226/images/2.jpg', 'aljazeera/226/images/3.jpg']",3
aljazeera/642,,['aljazeera/642/images/main_image.jpg'],1
aljazeera/2739,,['aljazeera/2739/images/main_image.jpg'],1
aljazeera/1980,,"['aljazeera/1980/images/main_image.jpg', 'aljazeera/1980/images/2.jpg', 'aljazeera/1980/images/1.jpg']",3
aljazeera/470,,['aljazeera/470/images/main_image.jpg'],1
aljazeera/1513,,['aljazeera/1513/images/main_image.jpg'],1
aljazeera/3244,,['aljazeera/3244/images/main_image.jpg'],1
aljazeera/2396,,"['aljazeera/2396/images/main_image.jpg', 'aljazeera/2396/images/2.jpg']",2
aljazeera/2998,,['aljazeera/2998/images/main_image.jpg'],1
aljazeera/3076,,['aljazeera/3076/images/main_image.jpg'],1
aljazeera/1721,,['aljazeera/1721/images/main_image.jpg'],1
aljazeera/3412,,['aljazeera/3412/images/main_image.jpg'],1
aljazeera/1345,,['aljazeera/1345/images/main_image.jpg'],1
aljazeera/1177,,"['aljazeera/1177/images/main_image.jpg', 'aljazeera/1177/images/1.jpg']",2
aljazeera/689,,['aljazeera/689/images/main_image.jpg'],1
aljazeera/3620,,['aljazeera/3620/images/main_image.jpg'],1
aljazeera/2534,,['aljazeera/2534/images/main_image.jpg'],1
aljazeera/1183,,"['aljazeera/1183/images/main_image.jpg', 'aljazeera/1183/images/2.jpg', 'aljazeera/1183/images/3.jpg']",3
aljazeera/2706,,['aljazeera/2706/images/main_image.jpg'],1
aljazeera/219,,['aljazeera/219/images/main_image.jpg'],1
aljazeera/2362,,"['aljazeera/2362/images/main_image.jpg', 'aljazeera/2362/images/1.jpg']",2
aljazeera/817,,"['aljazeera/817/images/main_image.jpg', 'aljazeera/817/images/2.jpg', 'aljazeera/817/images/1.jpg']",3
aljazeera/3082,,['aljazeera/3082/images/main_image.jpg'],1
aljazeera/2150,,['aljazeera/2150/images/main_image.jpg'],1
aljazeera/2991,,['aljazeera/2991/images/main_image.jpg'],1
aljazeera/1728,,"['aljazeera/1728/images/main_image.jpg', 'aljazeera/1728/images/2.jpg']",2
aljazeera/1942,,['aljazeera/1942/images/main_image.jpg'],1
aljazeera/3629,,['aljazeera/3629/images/main_image.jpg'],1
aljazeera/680,,['aljazeera/680/images/main_image.jpg'],1
aljazeera/674,,['aljazeera/674/images/main_image.jpg'],1
aljazeera/446,,['aljazeera/446/images/main_image.jpg'],1
aljazeera/2965,,"['aljazeera/2965/images/4.jpg', 'aljazeera/2965/images/main_image.jpg', 'aljazeera/2965/images/5.jpg', 'aljazeera/2965/images/2.jpg', 'aljazeera/2965/images/3.jpg']",5
aljazeera/2159,,['aljazeera/2159/images/main_image.jpg'],1
aljazeera/210,,"['aljazeera/210/images/main_image.jpg', 'aljazeera/210/images/1.jpg']",2
aljazeera/1373,,['aljazeera/1373/images/main_image.jpg'],1
aljazeera/3424,,"['aljazeera/3424/images/4.jpg', 'aljazeera/3424/images/main_image.jpg', 'aljazeera/3424/images/5.jpg', 'aljazeera/3424/images/2.jpg', 'aljazeera/3424/images/1.jpg']",5
aljazeera/3616,,"['aljazeera/3616/images/main_image.jpg', 'aljazeera/3616/images/2.jpg']",2
aljazeera/1141,,['aljazeera/1141/images/main_image.jpg'],1
aljazeera/3272,,"['aljazeera/3272/images/main_image.jpg', 'aljazeera/3272/images/2.jpg']",2
aljazeera/1525,,['aljazeera/1525/images/main_image.jpg'],1
aljazeera/1717,,"['aljazeera/1717/images/4.jpg', 'aljazeera/1717/images/main_image.jpg', 'aljazeera/1717/images/3.jpg', 'aljazeera/1717/images/1.jpg']",4
aljazeera/2192,,['aljazeera/2192/images/main_image.jpg'],1
aljazeera/3040,,['aljazeera/3040/images/main_image.jpg'],1
aljazeera/2354,,['aljazeera/2354/images/main_image.jpg'],1
aljazeera/3286,,"['aljazeera/3286/images/main_image.jpg', 'aljazeera/3286/images/3.jpg', 'aljazeera/3286/images/1.jpg']",3
aljazeera/821,,"['aljazeera/821/images/main_image.jpg', 'aljazeera/821/images/2.jpg']",2
aljazeera/2166,,['aljazeera/2166/images/main_image.jpg'],1
aljazeera/1387,,['aljazeera/1387/images/main_image.jpg'],1
aljazeera/2502,,"['aljazeera/2502/images/main_image.jpg', 'aljazeera/2502/images/2.jpg']",2
aljazeera/479,,"['aljazeera/479/images/4.jpg', 'aljazeera/479/images/main_image.jpg', 'aljazeera/479/images/2.jpg', 'aljazeera/479/images/3.jpg']",4
aljazeera/2730,,['aljazeera/2730/images/main_image.jpg'],1
aljazeera/1989,,['aljazeera/1989/images/main_image.jpg'],1
aljazeera/217,,"['aljazeera/217/images/main_image.jpg', 'aljazeera/217/images/2.jpg']",2
aljazeera/819,,['aljazeera/819/images/main_image.jpg'],1
aljazeera/2962,,"['aljazeera/2962/images/main_image.jpg', 'aljazeera/2962/images/2.jpg']",2
aljazeera/441,,"['aljazeera/441/images/4.jpg', 'aljazeera/441/images/main_image.jpg', 'aljazeera/441/images/5.jpg', 'aljazeera/441/images/7.jpg', 'aljazeera/441/images/6.jpg', 'aljazeera/441/images/3.jpg', 'aljazeera/441/images/1.jpg']",7
aljazeera/2708,,"['aljazeera/2708/images/4.jpg', 'aljazeera/2708/images/main_image.jpg', 'aljazeera/2708/images/3.jpg', 'aljazeera/2708/images/1.jpg']",4
aljazeera/673,,['aljazeera/673/images/main_image.jpg'],1
aljazeera/1179,,['aljazeera/1179/images/main_image.jpg'],1
aljazeera/1945,,"['aljazeera/1945/images/main_image.jpg', 'aljazeera/1945/images/2.jpg']",2
aljazeera/687,,['aljazeera/687/images/main_image.jpg'],1
aljazeera/2398,,"['aljazeera/2398/images/main_image.jpg', 'aljazeera/2398/images/2.jpg']",2
aljazeera/2996,,"['aljazeera/2996/images/4.jpg', 'aljazeera/2996/images/main_image.jpg', 'aljazeera/2996/images/2.jpg', 'aljazeera/2996/images/3.jpg', 'aljazeera/2996/images/1.jpg']",5
aljazeera/3078,,"['aljazeera/3078/images/main_image.jpg', 'aljazeera/3078/images/2.jpg']",2
aljazeera/2737,,"['aljazeera/2737/images/4.jpg', 'aljazeera/2737/images/main_image.jpg', 'aljazeera/2737/images/5.jpg', 'aljazeera/2737/images/2.jpg', 'aljazeera/2737/images/3.jpg']",5
aljazeera/1380,,['aljazeera/1380/images/main_image.jpg'],1
aljazeera/2505,,"['aljazeera/2505/images/main_image.jpg', 'aljazeera/2505/images/1.jpg']",2
aljazeera/826,,"['aljazeera/826/images/main_image.jpg', 'aljazeera/826/images/1.jpg']",2
aljazeera/2161,,"['aljazeera/2161/images/4.jpg', 'aljazeera/2161/images/main_image.jpg', 'aljazeera/2161/images/5.jpg', 'aljazeera/2161/images/6.jpg', 'aljazeera/2161/images/3.jpg', 'aljazeera/2161/images/1.jpg']",6
aljazeera/2353,,"['aljazeera/2353/images/main_image.jpg', 'aljazeera/2353/images/2.jpg']",2
aljazeera/228,,"['aljazeera/228/images/main_image.jpg', 'aljazeera/228/images/2.jpg', 'aljazeera/228/images/3.jpg']",3
aljazeera/3281,,['aljazeera/3281/images/main_image.jpg'],1
aljazeera/1710,,['aljazeera/1710/images/main_image.jpg'],1
aljazeera/2195,,['aljazeera/2195/images/main_image.jpg'],1
aljazeera/3047,,"['aljazeera/3047/images/4.jpg', 'aljazeera/3047/images/main_image.jpg', 'aljazeera/3047/images/5.jpg', 'aljazeera/3047/images/2.jpg', 'aljazeera/3047/images/3.jpg']",5
aljazeera/3275,,['aljazeera/3275/images/main_image.jpg'],1
aljazeera/1522,,['aljazeera/1522/images/main_image.jpg'],1
aljazeera/3611,,['aljazeera/3611/images/main_image.jpg'],1
aljazeera/1146,,"['aljazeera/1146/images/main_image.jpg', 'aljazeera/1146/images/3.jpg', 'aljazeera/1146/images/1.jpg']",3
aljazeera/1374,,"['aljazeera/1374/images/main_image.jpg', 'aljazeera/1374/images/1.jpg']",2
aljazeera/3423,,"['aljazeera/3423/images/main_image.jpg', 'aljazeera/3423/images/1.jpg']",2
aljazeera/3483,,['aljazeera/3483/images/main_image.jpg'],1
aljazeera/2551,,"['aljazeera/2551/images/4.jpg', 'aljazeera/2551/images/main_image.jpg', 'aljazeera/2551/images/2.jpg', 'aljazeera/2551/images/3.jpg']",4
aljazeera/618,,"['aljazeera/618/images/4.jpg', 'aljazeera/618/images/main_image.jpg', 'aljazeera/618/images/5.jpg', 'aljazeera/618/images/3.jpg', 'aljazeera/618/images/1.jpg']",5
aljazeera/2763,,"['aljazeera/2763/images/main_image.jpg', 'aljazeera/2763/images/2.jpg']",2
aljazeera/1582,,['aljazeera/1582/images/main_image.jpg'],1
aljazeera/2307,,['aljazeera/2307/images/main_image.jpg'],1
aljazeera/2135,,['aljazeera/2135/images/main_image.jpg'],1
aljazeera/2909,,"['aljazeera/2909/images/main_image.jpg', 'aljazeera/2909/images/2.jpg']",2
aljazeera/872,,['aljazeera/872/images/main_image.jpg'],1
aljazeera/1576,,"['aljazeera/1576/images/main_image.jpg', 'aljazeera/1576/images/2.jpg']",2
aljazeera/288,,"['aljazeera/288/images/4.jpg', 'aljazeera/288/images/main_image.jpg', 'aljazeera/288/images/2.jpg', 'aljazeera/288/images/3.jpg']",4
aljazeera/3221,,['aljazeera/3221/images/main_image.jpg'],1
aljazeera/3013,,['aljazeera/3013/images/main_image.jpg'],1
aljazeera/886,,"['aljazeera/886/images/main_image.jpg', 'aljazeera/886/images/2.jpg', 'aljazeera/886/images/1.jpg']",3
aljazeera/1744,,"['aljazeera/1744/images/main_image.jpg', 'aljazeera/1744/images/1.jpg']",2
aljazeera/3477,,"['aljazeera/3477/images/main_image.jpg', 'aljazeera/3477/images/3.jpg', 'aljazeera/3477/images/1.jpg']",3
aljazeera/1320,,"['aljazeera/1320/images/4.jpg', 'aljazeera/1320/images/main_image.jpg', 'aljazeera/1320/images/5.jpg', 'aljazeera/1320/images/2.jpg', 'aljazeera/1320/images/3.jpg']",5
aljazeera/1112,,['aljazeera/1112/images/main_image.jpg'],1
aljazeera/3645,,['aljazeera/3645/images/main_image.jpg'],1
aljazeera/2797,,['aljazeera/2797/images/main_image.jpg'],1
aljazeera/2936,,"['aljazeera/2936/images/8.jpg', 'aljazeera/2936/images/9.jpg', 'aljazeera/2936/images/12.jpg', 'aljazeera/2936/images/11.jpg', 'aljazeera/2936/images/10.jpg', 'aljazeera/2936/images/4.jpg', 'aljazeera/2936/images/main_image.jpg', 'aljazeera/2936/images/5.jpg', 'aljazeera/2936/images/7.jpg', 'aljazeera/2936/images/6.jpg', 'aljazeera/2936/images/2.jpg', 'aljazeera/2936/images/3.jpg']",12
aljazeera/243,,"['aljazeera/243/images/main_image.jpg', 'aljazeera/243/images/2.jpg', 'aljazeera/243/images/3.jpg', 'aljazeera/243/images/1.jpg']",4
aljazeera/2338,,"['aljazeera/2338/images/main_image.jpg', 'aljazeera/2338/images/2.jpg']",2
aljazeera/627,,['aljazeera/627/images/main_image.jpg'],1
aljazeera/415,,"['aljazeera/415/images/main_image.jpg', 'aljazeera/415/images/1.jpg']",2
aljazeera/1911,,['aljazeera/1911/images/main_image.jpg'],1
aljazeera/3448,,"['aljazeera/3448/images/4.jpg', 'aljazeera/3448/images/main_image.jpg', 'aljazeera/3448/images/5.jpg', 'aljazeera/3448/images/6.jpg', 'aljazeera/3448/images/3.jpg', 'aljazeera/3448/images/1.jpg']",6
aljazeera/1549,,"['aljazeera/1549/images/main_image.jpg', 'aljazeera/1549/images/1.jpg']",2
aljazeera/1929,,['aljazeera/1929/images/main_image.jpg'],1
aljazeera/1115,,['aljazeera/1115/images/main_image.jpg'],1
aljazeera/3642,,"['aljazeera/3642/images/main_image.jpg', 'aljazeera/3642/images/2.jpg']",2
aljazeera/2790,,['aljazeera/2790/images/main_image.jpg'],1
aljazeera/3470,,['aljazeera/3470/images/main_image.jpg'],1
aljazeera/1327,,"['aljazeera/1327/images/main_image.jpg', 'aljazeera/1327/images/2.jpg']",2
aljazeera/3014,,['aljazeera/3014/images/main_image.jpg'],1
aljazeera/881,,['aljazeera/881/images/main_image.jpg'],1
aljazeera/1743,,['aljazeera/1743/images/main_image.jpg'],1
aljazeera/1571,,['aljazeera/1571/images/main_image.jpg'],1
aljazeera/3226,,['aljazeera/3226/images/main_image.jpg'],1
aljazeera/2132,,"['aljazeera/2132/images/4.jpg', 'aljazeera/2132/images/main_image.jpg', 'aljazeera/2132/images/3.jpg', 'aljazeera/2132/images/1.jpg']",4
aljazeera/875,,['aljazeera/875/images/main_image.jpg'],1
aljazeera/1585,,"['aljazeera/1585/images/main_image.jpg', 'aljazeera/1585/images/2.jpg']",2
aljazeera/2300,,"['aljazeera/2300/images/main_image.jpg', 'aljazeera/2300/images/2.jpg', 'aljazeera/2300/images/3.jpg', 'aljazeera/2300/images/1.jpg']",4
aljazeera/2764,,['aljazeera/2764/images/main_image.jpg'],1
aljazeera/3484,,['aljazeera/3484/images/main_image.jpg'],1
aljazeera/2556,,"['aljazeera/2556/images/main_image.jpg', 'aljazeera/2556/images/2.jpg']",2
aljazeera/3219,,"['aljazeera/3219/images/main_image.jpg', 'aljazeera/3219/images/2.jpg', 'aljazeera/3219/images/3.jpg']",3
aljazeera/1318,,"['aljazeera/1318/images/4.jpg', 'aljazeera/1318/images/main_image.jpg', 'aljazeera/1318/images/2.jpg', 'aljazeera/1318/images/3.jpg']",4
aljazeera/1916,,"['aljazeera/1916/images/main_image.jpg', 'aljazeera/1916/images/2.jpg']",2
aljazeera/412,,"['aljazeera/412/images/main_image.jpg', 'aljazeera/412/images/2.jpg']",2
aljazeera/2569,,['aljazeera/2569/images/main_image.jpg'],1
aljazeera/620,,['aljazeera/620/images/main_image.jpg'],1
aljazeera/244,,"['aljazeera/244/images/main_image.jpg', 'aljazeera/244/images/2.jpg', 'aljazeera/244/images/3.jpg']",3
aljazeera/1788,,"['aljazeera/1788/images/main_image.jpg', 'aljazeera/1788/images/2.jpg']",2
aljazeera/2931,,"['aljazeera/2931/images/main_image.jpg', 'aljazeera/2931/images/2.jpg', 'aljazeera/2931/images/1.jpg']",3
aljazeera/1775,,['aljazeera/1775/images/main_image.jpg'],1
aljazeera/3022,,['aljazeera/3022/images/main_image.jpg'],1
aljazeera/3210,,['aljazeera/3210/images/main_image.jpg'],1
aljazeera/1547,,['aljazeera/1547/images/main_image.jpg'],1
aljazeera/1123,,"['aljazeera/1123/images/main_image.jpg', 'aljazeera/1123/images/1.jpg']",2
aljazeera/1311,,"['aljazeera/1311/images/main_image.jpg', 'aljazeera/1311/images/2.jpg', 'aljazeera/1311/images/3.jpg']",3
aljazeera/2594,,['aljazeera/2594/images/main_image.jpg'],1
aljazeera/3446,,"['aljazeera/3446/images/main_image.jpg', 'aljazeera/3446/images/2.jpg']",2
aljazeera/2752,,['aljazeera/2752/images/main_image.jpg'],1
aljazeera/629,,['aljazeera/629/images/main_image.jpg'],1
aljazeera/2560,,['aljazeera/2560/images/main_image.jpg'],1
aljazeera/1781,,"['aljazeera/1781/images/main_image.jpg', 'aljazeera/1781/images/2.jpg', 'aljazeera/1781/images/3.jpg']",3
aljazeera/2104,,['aljazeera/2104/images/main_image.jpg'],1
aljazeera/843,,['aljazeera/843/images/main_image.jpg'],1
aljazeera/2938,,['aljazeera/2938/images/main_image.jpg'],1
aljazeera/2336,,['aljazeera/2336/images/main_image.jpg'],1
aljazeera/3479,,['aljazeera/3479/images/main_image.jpg'],1
aljazeera/1920,,"['aljazeera/1920/images/4.jpg', 'aljazeera/1920/images/main_image.jpg', 'aljazeera/1920/images/5.jpg', 'aljazeera/1920/images/3.jpg', 'aljazeera/1920/images/1.jpg']",5
aljazeera/2799,,['aljazeera/2799/images/main_image.jpg'],1
aljazeera/1578,,['aljazeera/1578/images/main_image.jpg'],1
aljazeera/286,,['aljazeera/286/images/main_image.jpg'],1
aljazeera/888,,['aljazeera/888/images/main_image.jpg'],1
aljazeera/2309,,"['aljazeera/2309/images/4.jpg', 'aljazeera/2309/images/main_image.jpg', 'aljazeera/2309/images/5.jpg', 'aljazeera/2309/images/3.jpg', 'aljazeera/2309/images/1.jpg']",5
aljazeera/272,,"['aljazeera/272/images/main_image.jpg', 'aljazeera/272/images/2.jpg']",2
aljazeera/2907,,['aljazeera/2907/images/main_image.jpg'],1
aljazeera/424,,['aljazeera/424/images/main_image.jpg'],1
aljazeera/616,,['aljazeera/616/images/main_image.jpg'],1
aljazeera/2331,,['aljazeera/2331/images/main_image.jpg'],1
aljazeera/1786,,['aljazeera/1786/images/main_image.jpg'],1
aljazeera/2103,,['aljazeera/2103/images/main_image.jpg'],1
aljazeera/844,,['aljazeera/844/images/main_image.jpg'],1
aljazeera/2567,,['aljazeera/2567/images/main_image.jpg'],1
aljazeera/2755,,"['aljazeera/2755/images/4.jpg', 'aljazeera/2755/images/main_image.jpg', 'aljazeera/2755/images/5.jpg', 'aljazeera/2755/images/2.jpg', 'aljazeera/2755/images/3.jpg']",5
aljazeera/1316,,"['aljazeera/1316/images/main_image.jpg', 'aljazeera/1316/images/2.jpg']",2
aljazeera/2593,,"['aljazeera/2593/images/4.jpg', 'aljazeera/2593/images/main_image.jpg', 'aljazeera/2593/images/3.jpg', 'aljazeera/2593/images/1.jpg']",4
aljazeera/3441,,['aljazeera/3441/images/main_image.jpg'],1
aljazeera/1918,,['aljazeera/1918/images/main_image.jpg'],1
aljazeera/1124,,['aljazeera/1124/images/main_image.jpg'],1
aljazeera/3217,,"['aljazeera/3217/images/main_image.jpg', 'aljazeera/3217/images/2.jpg', 'aljazeera/3217/images/3.jpg']",3
aljazeera/1540,,"['aljazeera/1540/images/main_image.jpg', 'aljazeera/1540/images/2.jpg', 'aljazeera/1540/images/1.jpg']",3
aljazeera/1772,,['aljazeera/1772/images/main_image.jpg'],1
aljazeera/3025,,['aljazeera/3025/images/main_image.jpg'],1
aljazeera/611,,['aljazeera/611/images/main_image.jpg'],1
aljazeera/2558,,['aljazeera/2558/images/main_image.jpg'],1
aljazeera/423,,['aljazeera/423/images/main_image.jpg'],1
aljazeera/2900,,['aljazeera/2900/images/main_image.jpg'],1
aljazeera/275,,['aljazeera/275/images/main_image.jpg'],1
aljazeera/3228,,"['aljazeera/3228/images/main_image.jpg', 'aljazeera/3228/images/2.jpg']",2
aljazeera/281,,['aljazeera/281/images/main_image.jpg'],1
aljazeera/1927,,['aljazeera/1927/images/main_image.jpg'],1
aljazeera/1329,,['aljazeera/1329/images/main_image.jpg'],1
aljazeera/257,,['aljazeera/257/images/main_image.jpg'],1
aljazeera/859,,"['aljazeera/859/images/4.jpg', 'aljazeera/859/images/main_image.jpg', 'aljazeera/859/images/2.jpg', 'aljazeera/859/images/3.jpg']",4
aljazeera/2922,,"['aljazeera/2922/images/4.jpg', 'aljazeera/2922/images/main_image.jpg', 'aljazeera/2922/images/5.jpg', 'aljazeera/2922/images/6.jpg', 'aljazeera/2922/images/3.jpg', 'aljazeera/2922/images/1.jpg']",6
aljazeera/401,,"['aljazeera/401/images/main_image.jpg', 'aljazeera/401/images/2.jpg']",2
aljazeera/2748,,['aljazeera/2748/images/main_image.jpg'],1
aljazeera/633,,['aljazeera/633/images/main_image.jpg'],1
aljazeera/1905,,['aljazeera/1905/images/main_image.jpg'],1
aljazeera/1139,,"['aljazeera/1139/images/main_image.jpg', 'aljazeera/1139/images/2.jpg']",2
aljazeera/3038,,"['aljazeera/3038/images/main_image.jpg', 'aljazeera/3038/images/2.jpg']",2
aljazeera/2777,,['aljazeera/2777/images/main_image.jpg'],1
aljazeera/3497,,['aljazeera/3497/images/main_image.jpg'],1
aljazeera/2545,,['aljazeera/2545/images/main_image.jpg'],1
aljazeera/2121,,"['aljazeera/2121/images/4.jpg', 'aljazeera/2121/images/main_image.jpg', 'aljazeera/2121/images/5.jpg', 'aljazeera/2121/images/2.jpg', 'aljazeera/2121/images/1.jpg']",5
aljazeera/866,,['aljazeera/866/images/main_image.jpg'],1
aljazeera/2313,,"['aljazeera/2313/images/main_image.jpg', 'aljazeera/2313/images/2.jpg']",2
aljazeera/268,,['aljazeera/268/images/main_image.jpg'],1
aljazeera/1596,,['aljazeera/1596/images/main_image.jpg'],1
aljazeera/1750,,['aljazeera/1750/images/main_image.jpg'],1
aljazeera/3007,,"['aljazeera/3007/images/main_image.jpg', 'aljazeera/3007/images/2.jpg']",2
aljazeera/892,,"['aljazeera/892/images/main_image.jpg', 'aljazeera/892/images/2.jpg']",2
aljazeera/3235,,"['aljazeera/3235/images/4.jpg', 'aljazeera/3235/images/main_image.jpg', 'aljazeera/3235/images/5.jpg', 'aljazeera/3235/images/7.jpg', 'aljazeera/3235/images/6.jpg', 'aljazeera/3235/images/3.jpg', 'aljazeera/3235/images/1.jpg']",7
aljazeera/1562,,"['aljazeera/1562/images/main_image.jpg', 'aljazeera/1562/images/2.jpg', 'aljazeera/1562/images/3.jpg']",3
aljazeera/2783,,['aljazeera/2783/images/main_image.jpg'],1
aljazeera/1106,,"['aljazeera/1106/images/main_image.jpg', 'aljazeera/1106/images/2.jpg']",2
aljazeera/1334,,['aljazeera/1334/images/main_image.jpg'],1
aljazeera/3463,,['aljazeera/3463/images/main_image.jpg'],1
aljazeera/1768,,"['aljazeera/1768/images/main_image.jpg', 'aljazeera/1768/images/3.jpg', 'aljazeera/1768/images/1.jpg']",3
aljazeera/1902,,"['aljazeera/1902/images/4.jpg', 'aljazeera/1902/images/main_image.jpg', 'aljazeera/1902/images/3.jpg', 'aljazeera/1902/images/1.jpg']",4
aljazeera/2589,,['aljazeera/2589/images/main_image.jpg'],1
aljazeera/634,,['aljazeera/634/images/main_image.jpg'],1
aljazeera/406,,"['aljazeera/406/images/main_image.jpg', 'aljazeera/406/images/2.jpg', 'aljazeera/406/images/1.jpg']",3
aljazeera/2119,,['aljazeera/2119/images/main_image.jpg'],1
aljazeera/2925,,"['aljazeera/2925/images/4.jpg', 'aljazeera/2925/images/main_image.jpg', 'aljazeera/2925/images/5.jpg', 'aljazeera/2925/images/2.jpg', 'aljazeera/2925/images/3.jpg']",5
aljazeera/250,,['aljazeera/250/images/main_image.jpg'],1
aljazeera/1333,,"['aljazeera/1333/images/main_image.jpg', 'aljazeera/1333/images/2.jpg', 'aljazeera/1333/images/3.jpg']",3
aljazeera/3464,,['aljazeera/3464/images/main_image.jpg'],1
aljazeera/2784,,['aljazeera/2784/images/main_image.jpg'],1
aljazeera/1101,,"['aljazeera/1101/images/main_image.jpg', 'aljazeera/1101/images/2.jpg', 'aljazeera/1101/images/3.jpg']",3
aljazeera/3232,,['aljazeera/3232/images/main_image.jpg'],1
aljazeera/1565,,['aljazeera/1565/images/main_image.jpg'],1
aljazeera/1757,,"['aljazeera/1757/images/main_image.jpg', 'aljazeera/1757/images/2.jpg']",2
aljazeera/3000,,['aljazeera/3000/images/main_image.jpg'],1
aljazeera/895,,['aljazeera/895/images/main_image.jpg'],1
aljazeera/2314,,['aljazeera/2314/images/main_image.jpg'],1
aljazeera/1591,,['aljazeera/1591/images/main_image.jpg'],1
aljazeera/2126,,['aljazeera/2126/images/main_image.jpg'],1
aljazeera/861,,"['aljazeera/861/images/main_image.jpg', 'aljazeera/861/images/2.jpg']",2
aljazeera/3490,,"['aljazeera/3490/images/main_image.jpg', 'aljazeera/3490/images/1.jpg']",2
aljazeera/2542,,"['aljazeera/2542/images/main_image.jpg', 'aljazeera/2542/images/1.jpg']",2
aljazeera/439,,['aljazeera/439/images/main_image.jpg'],1
aljazeera/2770,,['aljazeera/2770/images/main_image.jpg'],1
aljazeera/1934,,"['aljazeera/1934/images/main_image.jpg', 'aljazeera/1934/images/2.jpg']",2
aljazeera/1108,,"['aljazeera/1108/images/main_image.jpg', 'aljazeera/1108/images/2.jpg']",2
aljazeera/3009,,"['aljazeera/3009/images/main_image.jpg', 'aljazeera/3009/images/2.jpg']",2
aljazeera/292,,"['aljazeera/292/images/main_image.jpg', 'aljazeera/292/images/3.jpg', 'aljazeera/292/images/1.jpg']",3
aljazeera/2913,,['aljazeera/2913/images/main_image.jpg'],1
aljazeera/868,,['aljazeera/868/images/main_image.jpg'],1
aljazeera/266,,['aljazeera/266/images/main_image.jpg'],1
aljazeera/1598,,['aljazeera/1598/images/main_image.jpg'],1
aljazeera/602,,"['aljazeera/602/images/4.jpg', 'aljazeera/602/images/main_image.jpg', 'aljazeera/602/images/3.jpg', 'aljazeera/602/images/1.jpg']",4
aljazeera/2779,,['aljazeera/2779/images/main_image.jpg'],1
aljazeera/430,,['aljazeera/430/images/main_image.jpg'],1
aljazeera/3499,,"['aljazeera/3499/images/main_image.jpg', 'aljazeera/3499/images/1.jpg']",2
aljazeera/1553,,['aljazeera/1553/images/main_image.jpg'],1
aljazeera/3204,,['aljazeera/3204/images/main_image.jpg'],1
aljazeera/3036,,['aljazeera/3036/images/main_image.jpg'],1
aljazeera/1761,,"['aljazeera/1761/images/4.jpg', 'aljazeera/1761/images/main_image.jpg', 'aljazeera/1761/images/5.jpg', 'aljazeera/1761/images/6.jpg', 'aljazeera/1761/images/3.jpg', 'aljazeera/1761/images/1.jpg']",6
aljazeera/2580,,['aljazeera/2580/images/main_image.jpg'],1
aljazeera/3452,,['aljazeera/3452/images/main_image.jpg'],1
aljazeera/1305,,"['aljazeera/1305/images/main_image.jpg', 'aljazeera/1305/images/2.jpg']",2
aljazeera/1137,,['aljazeera/1137/images/main_image.jpg'],1
aljazeera/2574,,['aljazeera/2574/images/main_image.jpg'],1
aljazeera/2746,,"['aljazeera/2746/images/main_image.jpg', 'aljazeera/2746/images/2.jpg']",2
aljazeera/259,,['aljazeera/259/images/main_image.jpg'],1
aljazeera/2322,,['aljazeera/2322/images/main_image.jpg'],1
aljazeera/2110,,['aljazeera/2110/images/main_image.jpg'],1
aljazeera/857,,"['aljazeera/857/images/main_image.jpg', 'aljazeera/857/images/2.jpg', 'aljazeera/857/images/1.jpg']",3
aljazeera/1795,,['aljazeera/1795/images/main_image.jpg'],1
aljazeera/437,,"['aljazeera/437/images/main_image.jpg', 'aljazeera/437/images/2.jpg']",2
aljazeera/605,,['aljazeera/605/images/main_image.jpg'],1
aljazeera/261,,"['aljazeera/261/images/main_image.jpg', 'aljazeera/261/images/2.jpg', 'aljazeera/261/images/3.jpg']",3
aljazeera/2128,,['aljazeera/2128/images/main_image.jpg'],1
aljazeera/2914,,['aljazeera/2914/images/main_image.jpg'],1
aljazeera/295,,"['aljazeera/295/images/4.jpg', 'aljazeera/295/images/main_image.jpg', 'aljazeera/295/images/5.jpg', 'aljazeera/295/images/6.jpg', 'aljazeera/295/images/2.jpg', 'aljazeera/295/images/3.jpg']",6
aljazeera/1759,,"['aljazeera/1759/images/main_image.jpg', 'aljazeera/1759/images/2.jpg']",2
aljazeera/1933,,['aljazeera/1933/images/main_image.jpg'],1
aljazeera/2117,,['aljazeera/2117/images/main_image.jpg'],1
aljazeera/850,,['aljazeera/850/images/main_image.jpg'],1
aljazeera/1792,,"['aljazeera/1792/images/8.jpg', 'aljazeera/1792/images/9.jpg', 'aljazeera/1792/images/10.jpg', 'aljazeera/1792/images/4.jpg', 'aljazeera/1792/images/main_image.jpg', 'aljazeera/1792/images/5.jpg', 'aljazeera/1792/images/7.jpg', 'aljazeera/1792/images/6.jpg', 'aljazeera/1792/images/3.jpg', 'aljazeera/1792/images/1.jpg']",10
aljazeera/2325,,['aljazeera/2325/images/main_image.jpg'],1
aljazeera/2741,,"['aljazeera/2741/images/4.jpg', 'aljazeera/2741/images/main_image.jpg', 'aljazeera/2741/images/5.jpg', 'aljazeera/2741/images/2.jpg', 'aljazeera/2741/images/1.jpg']",5
aljazeera/408,,['aljazeera/408/images/main_image.jpg'],1
aljazeera/2573,,['aljazeera/2573/images/main_image.jpg'],1
aljazeera/1130,,"['aljazeera/1130/images/4.jpg', 'aljazeera/1130/images/main_image.jpg', 'aljazeera/1130/images/3.jpg', 'aljazeera/1130/images/1.jpg']",4
aljazeera/2587,,['aljazeera/2587/images/main_image.jpg'],1
aljazeera/3455,,"['aljazeera/3455/images/main_image.jpg', 'aljazeera/3455/images/2.jpg', 'aljazeera/3455/images/1.jpg']",3
aljazeera/1302,,['aljazeera/1302/images/main_image.jpg'],1
aljazeera/3031,,"['aljazeera/3031/images/main_image.jpg', 'aljazeera/3031/images/2.jpg', 'aljazeera/3031/images/3.jpg']",3
aljazeera/1766,,['aljazeera/1766/images/main_image.jpg'],1
aljazeera/1554,,['aljazeera/1554/images/main_image.jpg'],1
aljazeera/3203,,['aljazeera/3203/images/main_image.jpg'],1
aljazeera/2371,,['aljazeera/2371/images/main_image.jpg'],1
aljazeera/804,,['aljazeera/804/images/main_image.jpg'],1
aljazeera/3091,,['aljazeera/3091/images/main_image.jpg'],1
aljazeera/2143,,['aljazeera/2143/images/main_image.jpg'],1
aljazeera/2527,,['aljazeera/2527/images/main_image.jpg'],1
aljazeera/2715,,['aljazeera/2715/images/main_image.jpg'],1
aljazeera/1190,,"['aljazeera/1190/images/main_image.jpg', 'aljazeera/1190/images/2.jpg', 'aljazeera/1190/images/3.jpg']",3
aljazeera/1356,,"['aljazeera/1356/images/main_image.jpg', 'aljazeera/1356/images/2.jpg', 'aljazeera/1356/images/1.jpg']",3
aljazeera/3401,,"['aljazeera/3401/images/main_image.jpg', 'aljazeera/3401/images/2.jpg']",2
aljazeera/3633,,['aljazeera/3633/images/main_image.jpg'],1
aljazeera/1164,,['aljazeera/1164/images/main_image.jpg'],1
aljazeera/1958,,"['aljazeera/1958/images/main_image.jpg', 'aljazeera/1958/images/2.jpg', 'aljazeera/1958/images/3.jpg']",3
aljazeera/3257,,['aljazeera/3257/images/main_image.jpg'],1
aljazeera/2385,,"['aljazeera/2385/images/main_image.jpg', 'aljazeera/2385/images/1.jpg']",2
aljazeera/1500,,"['aljazeera/1500/images/4.jpg', 'aljazeera/1500/images/main_image.jpg', 'aljazeera/1500/images/2.jpg', 'aljazeera/1500/images/3.jpg']",4
aljazeera/1732,,['aljazeera/1732/images/main_image.jpg'],1
aljazeera/3065,,['aljazeera/3065/images/main_image.jpg'],1
aljazeera/1993,,['aljazeera/1993/images/main_image.jpg'],1
aljazeera/651,,['aljazeera/651/images/main_image.jpg'],1
aljazeera/2518,,['aljazeera/2518/images/main_image.jpg'],1
aljazeera/463,,"['aljazeera/463/images/4.jpg', 'aljazeera/463/images/main_image.jpg', 'aljazeera/463/images/5.jpg', 'aljazeera/463/images/2.jpg', 'aljazeera/463/images/3.jpg']",5
aljazeera/2940,,"['aljazeera/2940/images/4.jpg', 'aljazeera/2940/images/main_image.jpg', 'aljazeera/2940/images/5.jpg', 'aljazeera/2940/images/2.jpg', 'aljazeera/2940/images/3.jpg']",5
aljazeera/235,,['aljazeera/235/images/main_image.jpg'],1
aljazeera/2188,,['aljazeera/2188/images/main_image.jpg'],1
aljazeera/3268,,['aljazeera/3268/images/main_image.jpg'],1
aljazeera/1967,,"['aljazeera/1967/images/4.jpg', 'aljazeera/1967/images/main_image.jpg', 'aljazeera/1967/images/2.jpg', 'aljazeera/1967/images/3.jpg']",4
aljazeera/497,,['aljazeera/497/images/main_image.jpg'],1
aljazeera/1369,,['aljazeera/1369/images/main_image.jpg'],1
aljazeera/1735,,['aljazeera/1735/images/main_image.jpg'],1
aljazeera/3062,,"['aljazeera/3062/images/4.jpg', 'aljazeera/3062/images/main_image.jpg', 'aljazeera/3062/images/2.jpg', 'aljazeera/3062/images/3.jpg']",4
aljazeera/3250,,['aljazeera/3250/images/main_image.jpg'],1
aljazeera/2382,,['aljazeera/2382/images/main_image.jpg'],1
aljazeera/1507,,['aljazeera/1507/images/main_image.jpg'],1
aljazeera/3634,,['aljazeera/3634/images/main_image.jpg'],1
aljazeera/1163,,['aljazeera/1163/images/main_image.jpg'],1
aljazeera/1351,,"['aljazeera/1351/images/main_image.jpg', 'aljazeera/1351/images/2.jpg']",2
aljazeera/3406,,"['aljazeera/3406/images/4.jpg', 'aljazeera/3406/images/main_image.jpg', 'aljazeera/3406/images/5.jpg', 'aljazeera/3406/images/3.jpg', 'aljazeera/3406/images/1.jpg']",5
aljazeera/2712,,"['aljazeera/2712/images/main_image.jpg', 'aljazeera/2712/images/2.jpg']",2
aljazeera/669,,['aljazeera/669/images/main_image.jpg'],1
aljazeera/1197,,['aljazeera/1197/images/main_image.jpg'],1
aljazeera/2520,,['aljazeera/2520/images/main_image.jpg'],1
aljazeera/803,,['aljazeera/803/images/main_image.jpg'],1
aljazeera/2978,,"['aljazeera/2978/images/main_image.jpg', 'aljazeera/2978/images/1.jpg']",2
aljazeera/3096,,['aljazeera/3096/images/main_image.jpg'],1
aljazeera/2144,,"['aljazeera/2144/images/main_image.jpg', 'aljazeera/2144/images/1.jpg']",2
aljazeera/2376,,"['aljazeera/2376/images/main_image.jpg', 'aljazeera/2376/images/2.jpg']",2
aljazeera/490,,['aljazeera/490/images/main_image.jpg'],1
aljazeera/3439,,['aljazeera/3439/images/main_image.jpg'],1
aljazeera/1960,,['aljazeera/1960/images/main_image.jpg'],1
aljazeera/1538,,['aljazeera/1538/images/main_image.jpg'],1
aljazeera/2349,,"['aljazeera/2349/images/main_image.jpg', 'aljazeera/2349/images/2.jpg']",2
aljazeera/232,,['aljazeera/232/images/main_image.jpg'],1
aljazeera/2947,,['aljazeera/2947/images/main_image.jpg'],1
aljazeera/464,,"['aljazeera/464/images/main_image.jpg', 'aljazeera/464/images/2.jpg']",2
aljazeera/1994,,"['aljazeera/1994/images/main_image.jpg', 'aljazeera/1994/images/1.jpg']",2
aljazeera/656,,"['aljazeera/656/images/main_image.jpg', 'aljazeera/656/images/1.jpg']",2
aljazeera/1155,,"['aljazeera/1155/images/main_image.jpg', 'aljazeera/1155/images/2.jpg', 'aljazeera/1155/images/3.jpg']",3
aljazeera/1969,,['aljazeera/1969/images/main_image.jpg'],1
aljazeera/3602,,['aljazeera/3602/images/main_image.jpg'],1
aljazeera/3430,,['aljazeera/3430/images/main_image.jpg'],1
aljazeera/499,,['aljazeera/499/images/main_image.jpg'],1
aljazeera/1367,,"['aljazeera/1367/images/main_image.jpg', 'aljazeera/1367/images/2.jpg', 'aljazeera/1367/images/1.jpg']",3
aljazeera/2186,,['aljazeera/2186/images/main_image.jpg'],1
aljazeera/3054,,"['aljazeera/3054/images/main_image.jpg', 'aljazeera/3054/images/2.jpg']",2
aljazeera/1703,,"['aljazeera/1703/images/4.jpg', 'aljazeera/1703/images/main_image.jpg', 'aljazeera/1703/images/5.jpg', 'aljazeera/1703/images/7.jpg', 'aljazeera/1703/images/6.jpg', 'aljazeera/1703/images/3.jpg', 'aljazeera/1703/images/1.jpg']",7
aljazeera/1531,,"['aljazeera/1531/images/main_image.jpg', 'aljazeera/1531/images/1.jpg']",2
aljazeera/3266,,['aljazeera/3266/images/main_image.jpg'],1
aljazeera/835,,"['aljazeera/835/images/4.jpg', 'aljazeera/835/images/main_image.jpg', 'aljazeera/835/images/2.jpg', 'aljazeera/835/images/3.jpg']",4
aljazeera/2172,,"['aljazeera/2172/images/main_image.jpg', 'aljazeera/2172/images/2.jpg']",2
aljazeera/2340,,"['aljazeera/2340/images/main_image.jpg', 'aljazeera/2340/images/2.jpg']",2
aljazeera/3292,,['aljazeera/3292/images/main_image.jpg'],1
aljazeera/2724,,"['aljazeera/2724/images/4.jpg', 'aljazeera/2724/images/main_image.jpg', 'aljazeera/2724/images/3.jpg', 'aljazeera/2724/images/1.jpg']",4
aljazeera/2516,,"['aljazeera/2516/images/4.jpg', 'aljazeera/2516/images/main_image.jpg', 'aljazeera/2516/images/5.jpg', 'aljazeera/2516/images/3.jpg', 'aljazeera/2516/images/1.jpg']",5
aljazeera/1393,,"['aljazeera/1393/images/main_image.jpg', 'aljazeera/1393/images/2.jpg']",2
aljazeera/3259,,['aljazeera/3259/images/main_image.jpg'],1
aljazeera/2985,,['aljazeera/2985/images/main_image.jpg'],1
aljazeera/1358,,['aljazeera/1358/images/main_image.jpg'],1
aljazeera/694,,"['aljazeera/694/images/main_image.jpg', 'aljazeera/694/images/2.jpg']",2
aljazeera/1956,,"['aljazeera/1956/images/8.jpg', 'aljazeera/1956/images/4.jpg', 'aljazeera/1956/images/main_image.jpg', 'aljazeera/1956/images/5.jpg', 'aljazeera/1956/images/7.jpg', 'aljazeera/1956/images/6.jpg', 'aljazeera/1956/images/3.jpg', 'aljazeera/1956/images/1.jpg']",8
aljazeera/452,,['aljazeera/452/images/main_image.jpg'],1
aljazeera/2529,,['aljazeera/2529/images/main_image.jpg'],1
aljazeera/660,,"['aljazeera/660/images/main_image.jpg', 'aljazeera/660/images/2.jpg']",2
aljazeera/204,,"['aljazeera/204/images/main_image.jpg', 'aljazeera/204/images/2.jpg', 'aljazeera/204/images/3.jpg']",3
aljazeera/2971,,"['aljazeera/2971/images/4.jpg', 'aljazeera/2971/images/main_image.jpg', 'aljazeera/2971/images/3.jpg', 'aljazeera/2971/images/1.jpg']",4
aljazeera/2511,,"['aljazeera/2511/images/main_image.jpg', 'aljazeera/2511/images/1.jpg']",2
aljazeera/1394,,"['aljazeera/1394/images/main_image.jpg', 'aljazeera/1394/images/2.jpg']",2
aljazeera/658,,['aljazeera/658/images/main_image.jpg'],1
aljazeera/2723,,"['aljazeera/2723/images/main_image.jpg', 'aljazeera/2723/images/1.jpg']",2
aljazeera/2347,,['aljazeera/2347/images/main_image.jpg'],1
aljazeera/3295,,['aljazeera/3295/images/main_image.jpg'],1
aljazeera/2949,,"['aljazeera/2949/images/4.jpg', 'aljazeera/2949/images/main_image.jpg', 'aljazeera/2949/images/5.jpg', 'aljazeera/2949/images/3.jpg', 'aljazeera/2949/images/1.jpg']",5
aljazeera/832,,"['aljazeera/832/images/4.jpg', 'aljazeera/832/images/main_image.jpg', 'aljazeera/832/images/5.jpg', 'aljazeera/832/images/6.jpg', 'aljazeera/832/images/2.jpg', 'aljazeera/832/images/3.jpg']",6
aljazeera/2175,,['aljazeera/2175/images/main_image.jpg'],1
aljazeera/1536,,"['aljazeera/1536/images/main_image.jpg', 'aljazeera/1536/images/2.jpg']",2
aljazeera/3261,,"['aljazeera/3261/images/4.jpg', 'aljazeera/3261/images/main_image.jpg', 'aljazeera/3261/images/5.jpg', 'aljazeera/3261/images/2.jpg', 'aljazeera/3261/images/3.jpg']",5
aljazeera/2181,,['aljazeera/2181/images/main_image.jpg'],1
aljazeera/3053,,['aljazeera/3053/images/main_image.jpg'],1
aljazeera/1704,,"['aljazeera/1704/images/main_image.jpg', 'aljazeera/1704/images/2.jpg', 'aljazeera/1704/images/3.jpg']",3
aljazeera/3437,,['aljazeera/3437/images/main_image.jpg'],1
aljazeera/1360,,['aljazeera/1360/images/main_image.jpg'],1
aljazeera/1152,,['aljazeera/1152/images/main_image.jpg'],1
aljazeera/3605,,['aljazeera/3605/images/main_image.jpg'],1
aljazeera/2976,,"['aljazeera/2976/images/4.jpg', 'aljazeera/2976/images/main_image.jpg', 'aljazeera/2976/images/2.jpg', 'aljazeera/2976/images/3.jpg']",4
aljazeera/3098,,"['aljazeera/3098/images/main_image.jpg', 'aljazeera/3098/images/1.jpg']",2
aljazeera/203,,"['aljazeera/203/images/4.jpg', 'aljazeera/203/images/main_image.jpg', 'aljazeera/203/images/5.jpg', 'aljazeera/203/images/2.jpg', 'aljazeera/203/images/3.jpg']",5
aljazeera/2378,,['aljazeera/2378/images/main_image.jpg'],1
aljazeera/667,,"['aljazeera/667/images/main_image.jpg', 'aljazeera/667/images/2.jpg', 'aljazeera/667/images/1.jpg']",3
aljazeera/1199,,['aljazeera/1199/images/main_image.jpg'],1
aljazeera/455,,['aljazeera/455/images/main_image.jpg'],1
aljazeera/693,,['aljazeera/693/images/main_image.jpg'],1
aljazeera/1951,,['aljazeera/1951/images/main_image.jpg'],1
aljazeera/3408,,"['aljazeera/3408/images/main_image.jpg', 'aljazeera/3408/images/2.jpg']",2
aljazeera/2982,,"['aljazeera/2982/images/4.jpg', 'aljazeera/2982/images/main_image.jpg', 'aljazeera/2982/images/2.jpg', 'aljazeera/2982/images/3.jpg']",4
aljazeera/1509,,"['aljazeera/1509/images/main_image.jpg', 'aljazeera/1509/images/2.jpg']",2
aljazeera/1758,,['aljazeera/1758/images/main_image.jpg'],1
aljazeera/294,,['aljazeera/294/images/main_image.jpg'],1
aljazeera/1932,,['aljazeera/1932/images/main_image.jpg'],1
aljazeera/604,,['aljazeera/604/images/main_image.jpg'],1
aljazeera/436,,['aljazeera/436/images/main_image.jpg'],1
aljazeera/2915,,['aljazeera/2915/images/main_image.jpg'],1
aljazeera/2129,,"['aljazeera/2129/images/main_image.jpg', 'aljazeera/2129/images/2.jpg']",2
aljazeera/260,,['aljazeera/260/images/main_image.jpg'],1
aljazeera/2586,,"['aljazeera/2586/images/main_image.jpg', 'aljazeera/2586/images/3.jpg', 'aljazeera/2586/images/1.jpg']",3
aljazeera/3454,,['aljazeera/3454/images/main_image.jpg'],1
aljazeera/1303,,['aljazeera/1303/images/main_image.jpg'],1
aljazeera/1131,,['aljazeera/1131/images/main_image.jpg'],1
aljazeera/1555,,['aljazeera/1555/images/main_image.jpg'],1
aljazeera/3202,,['aljazeera/3202/images/main_image.jpg'],1
aljazeera/3030,,['aljazeera/3030/images/main_image.jpg'],1
aljazeera/1767,,"['aljazeera/1767/images/4.jpg', 'aljazeera/1767/images/main_image.jpg', 'aljazeera/1767/images/3.jpg', 'aljazeera/1767/images/1.jpg']",4
aljazeera/2324,,['aljazeera/2324/images/main_image.jpg'],1
aljazeera/851,,['aljazeera/851/images/main_image.jpg'],1
aljazeera/2116,,['aljazeera/2116/images/main_image.jpg'],1
aljazeera/1793,,['aljazeera/1793/images/main_image.jpg'],1
aljazeera/2572,,['aljazeera/2572/images/main_image.jpg'],1
aljazeera/409,,"['aljazeera/409/images/4.jpg', 'aljazeera/409/images/main_image.jpg', 'aljazeera/409/images/2.jpg', 'aljazeera/409/images/1.jpg']",4
aljazeera/2740,,['aljazeera/2740/images/main_image.jpg'],1
aljazeera/267,,"['aljazeera/267/images/main_image.jpg', 'aljazeera/267/images/2.jpg']",2
aljazeera/1599,,"['aljazeera/1599/images/main_image.jpg', 'aljazeera/1599/images/2.jpg']",2
aljazeera/869,,['aljazeera/869/images/main_image.jpg'],1
aljazeera/2912,,"['aljazeera/2912/images/main_image.jpg', 'aljazeera/2912/images/1.jpg']",2
aljazeera/431,,"['aljazeera/431/images/4.jpg', 'aljazeera/431/images/main_image.jpg', 'aljazeera/431/images/3.jpg', 'aljazeera/431/images/1.jpg']",4
aljazeera/3498,,"['aljazeera/3498/images/main_image.jpg', 'aljazeera/3498/images/2.jpg', 'aljazeera/3498/images/3.jpg']",3
aljazeera/2778,,"['aljazeera/2778/images/main_image.jpg', 'aljazeera/2778/images/2.jpg']",2
aljazeera/603,,"['aljazeera/603/images/main_image.jpg', 'aljazeera/603/images/1.jpg']",2
aljazeera/1109,,"['aljazeera/1109/images/main_image.jpg', 'aljazeera/1109/images/1.jpg']",2
aljazeera/1935,,"['aljazeera/1935/images/main_image.jpg', 'aljazeera/1935/images/2.jpg']",2
aljazeera/293,,"['aljazeera/293/images/main_image.jpg', 'aljazeera/293/images/2.jpg', 'aljazeera/293/images/3.jpg']",3
aljazeera/3008,,"['aljazeera/3008/images/main_image.jpg', 'aljazeera/3008/images/2.jpg']",2
aljazeera/2747,,"['aljazeera/2747/images/main_image.jpg', 'aljazeera/2747/images/2.jpg']",2
aljazeera/2575,,"['aljazeera/2575/images/8.jpg', 'aljazeera/2575/images/4.jpg', 'aljazeera/2575/images/main_image.jpg', 'aljazeera/2575/images/5.jpg', 'aljazeera/2575/images/7.jpg', 'aljazeera/2575/images/6.jpg', 'aljazeera/2575/images/3.jpg', 'aljazeera/2575/images/1.jpg']",8
aljazeera/856,,['aljazeera/856/images/main_image.jpg'],1
aljazeera/2111,,['aljazeera/2111/images/main_image.jpg'],1
aljazeera/1794,,['aljazeera/1794/images/main_image.jpg'],1
aljazeera/2323,,"['aljazeera/2323/images/4.jpg', 'aljazeera/2323/images/main_image.jpg', 'aljazeera/2323/images/2.jpg', 'aljazeera/2323/images/1.jpg']",4
aljazeera/258,,['aljazeera/258/images/main_image.jpg'],1
aljazeera/3037,,"['aljazeera/3037/images/4.jpg', 'aljazeera/3037/images/main_image.jpg', 'aljazeera/3037/images/5.jpg', 'aljazeera/3037/images/2.jpg', 'aljazeera/3037/images/3.jpg']",5
aljazeera/1760,,['aljazeera/1760/images/main_image.jpg'],1
aljazeera/1552,,"['aljazeera/1552/images/main_image.jpg', 'aljazeera/1552/images/2.jpg', 'aljazeera/1552/images/3.jpg']",3
aljazeera/3205,,['aljazeera/3205/images/main_image.jpg'],1
aljazeera/1136,,['aljazeera/1136/images/main_image.jpg'],1
aljazeera/2581,,"['aljazeera/2581/images/main_image.jpg', 'aljazeera/2581/images/2.jpg']",2
aljazeera/3453,,['aljazeera/3453/images/main_image.jpg'],1
aljazeera/1304,,['aljazeera/1304/images/main_image.jpg'],1
aljazeera/407,,['aljazeera/407/images/main_image.jpg'],1
aljazeera/635,,['aljazeera/635/images/main_image.jpg'],1
aljazeera/251,,['aljazeera/251/images/main_image.jpg'],1
aljazeera/2924,,"['aljazeera/2924/images/main_image.jpg', 'aljazeera/2924/images/3.jpg', 'aljazeera/2924/images/1.jpg']",3
aljazeera/2118,,"['aljazeera/2118/images/main_image.jpg', 'aljazeera/2118/images/2.jpg']",2
aljazeera/1769,,"['aljazeera/1769/images/main_image.jpg', 'aljazeera/1769/images/2.jpg']",2
aljazeera/2588,,['aljazeera/2588/images/main_image.jpg'],1
aljazeera/1903,,['aljazeera/1903/images/main_image.jpg'],1
aljazeera/860,,['aljazeera/860/images/main_image.jpg'],1
aljazeera/2127,,['aljazeera/2127/images/main_image.jpg'],1
aljazeera/2315,,['aljazeera/2315/images/main_image.jpg'],1
aljazeera/1590,,"['aljazeera/1590/images/main_image.jpg', 'aljazeera/1590/images/1.jpg']",2
aljazeera/2771,,['aljazeera/2771/images/main_image.jpg'],1
aljazeera/3491,,"['aljazeera/3491/images/main_image.jpg', 'aljazeera/3491/images/2.jpg']",2
aljazeera/438,,"['aljazeera/438/images/main_image.jpg', 'aljazeera/438/images/2.jpg', 'aljazeera/438/images/3.jpg']",3
aljazeera/2543,,['aljazeera/2543/images/main_image.jpg'],1
aljazeera/2785,,['aljazeera/2785/images/main_image.jpg'],1
aljazeera/1100,,['aljazeera/1100/images/main_image.jpg'],1
aljazeera/1332,,['aljazeera/1332/images/main_image.jpg'],1
aljazeera/3465,,['aljazeera/3465/images/main_image.jpg'],1
aljazeera/1756,,"['aljazeera/1756/images/4.jpg', 'aljazeera/1756/images/main_image.jpg', 'aljazeera/1756/images/5.jpg', 'aljazeera/1756/images/7.jpg', 'aljazeera/1756/images/6.jpg', 'aljazeera/1756/images/3.jpg', 'aljazeera/1756/images/1.jpg']",7
aljazeera/894,,['aljazeera/894/images/main_image.jpg'],1
aljazeera/3001,,"['aljazeera/3001/images/8.jpg', 'aljazeera/3001/images/4.jpg', 'aljazeera/3001/images/main_image.jpg', 'aljazeera/3001/images/5.jpg', 'aljazeera/3001/images/7.jpg', 'aljazeera/3001/images/6.jpg', 'aljazeera/3001/images/3.jpg', 'aljazeera/3001/images/1.jpg']",8
aljazeera/3233,,"['aljazeera/3233/images/4.jpg', 'aljazeera/3233/images/main_image.jpg', 'aljazeera/3233/images/5.jpg', 'aljazeera/3233/images/6.jpg', 'aljazeera/3233/images/3.jpg', 'aljazeera/3233/images/1.jpg']",6
aljazeera/1564,,"['aljazeera/1564/images/main_image.jpg', 'aljazeera/1564/images/2.jpg']",2
aljazeera/1138,,['aljazeera/1138/images/main_image.jpg'],1
aljazeera/1904,,['aljazeera/1904/images/main_image.jpg'],1
aljazeera/3039,,['aljazeera/3039/images/main_image.jpg'],1
aljazeera/2923,,['aljazeera/2923/images/main_image.jpg'],1
aljazeera/858,,['aljazeera/858/images/main_image.jpg'],1
aljazeera/256,,['aljazeera/256/images/main_image.jpg'],1
aljazeera/632,,['aljazeera/632/images/main_image.jpg'],1
aljazeera/2749,,['aljazeera/2749/images/main_image.jpg'],1
aljazeera/400,,"['aljazeera/400/images/main_image.jpg', 'aljazeera/400/images/3.jpg', 'aljazeera/400/images/1.jpg']",3
aljazeera/3234,,['aljazeera/3234/images/main_image.jpg'],1
aljazeera/1563,,['aljazeera/1563/images/main_image.jpg'],1
aljazeera/1751,,['aljazeera/1751/images/main_image.jpg'],1
aljazeera/893,,"['aljazeera/893/images/main_image.jpg', 'aljazeera/893/images/2.jpg']",2
aljazeera/3006,,"['aljazeera/3006/images/4.jpg', 'aljazeera/3006/images/main_image.jpg', 'aljazeera/3006/images/2.jpg', 'aljazeera/3006/images/3.jpg']",4
aljazeera/1335,,['aljazeera/1335/images/main_image.jpg'],1
aljazeera/3462,,['aljazeera/3462/images/main_image.jpg'],1
aljazeera/2782,,['aljazeera/2782/images/main_image.jpg'],1
aljazeera/1107,,"['aljazeera/1107/images/main_image.jpg', 'aljazeera/1107/images/1.jpg']",2
aljazeera/3496,,['aljazeera/3496/images/main_image.jpg'],1
aljazeera/2544,,['aljazeera/2544/images/main_image.jpg'],1
aljazeera/2776,,['aljazeera/2776/images/main_image.jpg'],1
aljazeera/269,,"['aljazeera/269/images/4.jpg', 'aljazeera/269/images/main_image.jpg', 'aljazeera/269/images/5.jpg', 'aljazeera/269/images/6.jpg', 'aljazeera/269/images/2.jpg', 'aljazeera/269/images/3.jpg']",6
aljazeera/2312,,['aljazeera/2312/images/main_image.jpg'],1
aljazeera/1597,,"['aljazeera/1597/images/8.jpg', 'aljazeera/1597/images/4.jpg', 'aljazeera/1597/images/main_image.jpg', 'aljazeera/1597/images/5.jpg', 'aljazeera/1597/images/7.jpg', 'aljazeera/1597/images/6.jpg', 'aljazeera/1597/images/2.jpg', 'aljazeera/1597/images/3.jpg']",8
aljazeera/867,,['aljazeera/867/images/main_image.jpg'],1
aljazeera/2120,,"['aljazeera/2120/images/4.jpg', 'aljazeera/2120/images/main_image.jpg', 'aljazeera/2120/images/5.jpg', 'aljazeera/2120/images/2.jpg', 'aljazeera/2120/images/3.jpg']",5
aljazeera/2180,,['aljazeera/2180/images/main_image.jpg'],1
aljazeera/3052,,"['aljazeera/3052/images/main_image.jpg', 'aljazeera/3052/images/2.jpg', 'aljazeera/3052/images/3.jpg']",3
aljazeera/1705,,['aljazeera/1705/images/main_image.jpg'],1
aljazeera/1537,,['aljazeera/1537/images/main_image.jpg'],1
aljazeera/3260,,['aljazeera/3260/images/main_image.jpg'],1
aljazeera/1153,,"['aljazeera/1153/images/main_image.jpg', 'aljazeera/1153/images/2.jpg', 'aljazeera/1153/images/3.jpg']",3
aljazeera/3604,,['aljazeera/3604/images/main_image.jpg'],1
aljazeera/3436,,['aljazeera/3436/images/main_image.jpg'],1
aljazeera/1361,,"['aljazeera/1361/images/main_image.jpg', 'aljazeera/1361/images/2.jpg']",2
aljazeera/2722,,"['aljazeera/2722/images/main_image.jpg', 'aljazeera/2722/images/3.jpg', 'aljazeera/2722/images/1.jpg']",3
aljazeera/659,,['aljazeera/659/images/main_image.jpg'],1
aljazeera/2510,,['aljazeera/2510/images/main_image.jpg'],1
aljazeera/1395,,"['aljazeera/1395/images/4.jpg', 'aljazeera/1395/images/main_image.jpg', 'aljazeera/1395/images/5.jpg', 'aljazeera/1395/images/3.jpg', 'aljazeera/1395/images/1.jpg']",5
aljazeera/2174,,"['aljazeera/2174/images/main_image.jpg', 'aljazeera/2174/images/2.jpg', 'aljazeera/2174/images/1.jpg']",3
aljazeera/833,,"['aljazeera/833/images/main_image.jpg', 'aljazeera/833/images/1.jpg']",2
aljazeera/2948,,"['aljazeera/2948/images/main_image.jpg', 'aljazeera/2948/images/2.jpg', 'aljazeera/2948/images/3.jpg']",3
aljazeera/2346,,"['aljazeera/2346/images/main_image.jpg', 'aljazeera/2346/images/2.jpg']",2
aljazeera/3294,,['aljazeera/3294/images/main_image.jpg'],1
aljazeera/3409,,['aljazeera/3409/images/main_image.jpg'],1
aljazeera/692,,['aljazeera/692/images/main_image.jpg'],1
aljazeera/1950,,['aljazeera/1950/images/main_image.jpg'],1
aljazeera/1508,,['aljazeera/1508/images/main_image.jpg'],1
aljazeera/2983,,"['aljazeera/2983/images/main_image.jpg', 'aljazeera/2983/images/1.jpg']",2
aljazeera/2379,,['aljazeera/2379/images/main_image.jpg'],1
aljazeera/202,,"['aljazeera/202/images/main_image.jpg', 'aljazeera/202/images/2.jpg']",2
aljazeera/3099,,['aljazeera/3099/images/main_image.jpg'],1
aljazeera/2977,,"['aljazeera/2977/images/main_image.jpg', 'aljazeera/2977/images/2.jpg', 'aljazeera/2977/images/3.jpg']",3
aljazeera/454,,['aljazeera/454/images/main_image.jpg'],1
aljazeera/666,,['aljazeera/666/images/main_image.jpg'],1
aljazeera/1198,,"['aljazeera/1198/images/main_image.jpg', 'aljazeera/1198/images/3.jpg', 'aljazeera/1198/images/1.jpg']",3
aljazeera/2341,,"['aljazeera/2341/images/main_image.jpg', 'aljazeera/2341/images/2.jpg']",2
aljazeera/3293,,"['aljazeera/3293/images/main_image.jpg', 'aljazeera/3293/images/2.jpg', 'aljazeera/3293/images/3.jpg']",3
aljazeera/2173,,['aljazeera/2173/images/main_image.jpg'],1
aljazeera/834,,['aljazeera/834/images/main_image.jpg'],1
aljazeera/2517,,['aljazeera/2517/images/main_image.jpg'],1
aljazeera/1392,,"['aljazeera/1392/images/main_image.jpg', 'aljazeera/1392/images/1.jpg']",2
aljazeera/2725,,"['aljazeera/2725/images/4.jpg', 'aljazeera/2725/images/main_image.jpg', 'aljazeera/2725/images/2.jpg', 'aljazeera/2725/images/3.jpg']",4
aljazeera/3431,,['aljazeera/3431/images/main_image.jpg'],1
aljazeera/498,,['aljazeera/498/images/main_image.jpg'],1
aljazeera/1366,,['aljazeera/1366/images/main_image.jpg'],1
aljazeera/1968,,['aljazeera/1968/images/main_image.jpg'],1
aljazeera/1154,,['aljazeera/1154/images/main_image.jpg'],1
aljazeera/3603,,['aljazeera/3603/images/main_image.jpg'],1
aljazeera/1530,,['aljazeera/1530/images/main_image.jpg'],1
aljazeera/3267,,['aljazeera/3267/images/main_image.jpg'],1
aljazeera/2187,,['aljazeera/2187/images/main_image.jpg'],1
aljazeera/3055,,"['aljazeera/3055/images/4.jpg', 'aljazeera/3055/images/main_image.jpg', 'aljazeera/3055/images/2.jpg', 'aljazeera/3055/images/1.jpg']",4
aljazeera/1702,,"['aljazeera/1702/images/main_image.jpg', 'aljazeera/1702/images/2.jpg']",2
aljazeera/661,,['aljazeera/661/images/main_image.jpg'],1
aljazeera/2528,,"['aljazeera/2528/images/8.jpg', 'aljazeera/2528/images/4.jpg', 'aljazeera/2528/images/main_image.jpg', 'aljazeera/2528/images/5.jpg', 'aljazeera/2528/images/6.jpg', 'aljazeera/2528/images/2.jpg', 'aljazeera/2528/images/3.jpg', 'aljazeera/2528/images/1.jpg']",8
aljazeera/453,,"['aljazeera/453/images/main_image.jpg', 'aljazeera/453/images/2.jpg']",2
aljazeera/2970,,['aljazeera/2970/images/main_image.jpg'],1
aljazeera/205,,['aljazeera/205/images/main_image.jpg'],1
aljazeera/2984,,['aljazeera/2984/images/main_image.jpg'],1
aljazeera/3258,,"['aljazeera/3258/images/4.jpg', 'aljazeera/3258/images/main_image.jpg', 'aljazeera/3258/images/3.jpg', 'aljazeera/3258/images/1.jpg']",4
aljazeera/695,,['aljazeera/695/images/main_image.jpg'],1
aljazeera/1957,,['aljazeera/1957/images/main_image.jpg'],1
aljazeera/1359,,"['aljazeera/1359/images/main_image.jpg', 'aljazeera/1359/images/2.jpg', 'aljazeera/1359/images/3.jpg']",3
aljazeera/2521,,"['aljazeera/2521/images/main_image.jpg', 'aljazeera/2521/images/2.jpg']",2
aljazeera/668,,['aljazeera/668/images/main_image.jpg'],1
aljazeera/2713,,"['aljazeera/2713/images/4.jpg', 'aljazeera/2713/images/main_image.jpg', 'aljazeera/2713/images/5.jpg', 'aljazeera/2713/images/2.jpg', 'aljazeera/2713/images/3.jpg']",5
aljazeera/1196,,['aljazeera/1196/images/main_image.jpg'],1
aljazeera/2377,,['aljazeera/2377/images/main_image.jpg'],1
aljazeera/3097,,['aljazeera/3097/images/main_image.jpg'],1
aljazeera/2145,,['aljazeera/2145/images/main_image.jpg'],1
aljazeera/2979,,['aljazeera/2979/images/main_image.jpg'],1
aljazeera/802,,['aljazeera/802/images/main_image.jpg'],1
aljazeera/3251,,['aljazeera/3251/images/main_image.jpg'],1
aljazeera/2383,,"['aljazeera/2383/images/main_image.jpg', 'aljazeera/2383/images/2.jpg']",2
aljazeera/1506,,['aljazeera/1506/images/main_image.jpg'],1
aljazeera/1734,,['aljazeera/1734/images/main_image.jpg'],1
aljazeera/3063,,"['aljazeera/3063/images/main_image.jpg', 'aljazeera/3063/images/2.jpg']",2
aljazeera/1350,,"['aljazeera/1350/images/main_image.jpg', 'aljazeera/1350/images/2.jpg']",2
aljazeera/3407,,"['aljazeera/3407/images/main_image.jpg', 'aljazeera/3407/images/2.jpg']",2
aljazeera/3635,,['aljazeera/3635/images/main_image.jpg'],1
aljazeera/1162,,"['aljazeera/1162/images/main_image.jpg', 'aljazeera/1162/images/3.jpg', 'aljazeera/1162/images/1.jpg']",3
aljazeera/2946,,"['aljazeera/2946/images/main_image.jpg', 'aljazeera/2946/images/1.jpg']",2
aljazeera/233,,['aljazeera/233/images/main_image.jpg'],1
aljazeera/2348,,['aljazeera/2348/images/main_image.jpg'],1
aljazeera/1995,,['aljazeera/1995/images/main_image.jpg'],1
aljazeera/657,,"['aljazeera/657/images/main_image.jpg', 'aljazeera/657/images/2.jpg', 'aljazeera/657/images/1.jpg']",3
aljazeera/465,,"['aljazeera/465/images/main_image.jpg', 'aljazeera/465/images/2.jpg']",2
aljazeera/1961,,['aljazeera/1961/images/main_image.jpg'],1
aljazeera/491,,"['aljazeera/491/images/main_image.jpg', 'aljazeera/491/images/2.jpg']",2
aljazeera/3438,,"['aljazeera/3438/images/main_image.jpg', 'aljazeera/3438/images/2.jpg']",2
aljazeera/1539,,['aljazeera/1539/images/main_image.jpg'],1
aljazeera/3632,,['aljazeera/3632/images/main_image.jpg'],1
aljazeera/1959,,['aljazeera/1959/images/main_image.jpg'],1
aljazeera/1165,,['aljazeera/1165/images/main_image.jpg'],1
aljazeera/1357,,"['aljazeera/1357/images/main_image.jpg', 'aljazeera/1357/images/2.jpg']",2
aljazeera/3400,,['aljazeera/3400/images/main_image.jpg'],1
aljazeera/1733,,['aljazeera/1733/images/main_image.jpg'],1
aljazeera/3064,,['aljazeera/3064/images/main_image.jpg'],1
aljazeera/3256,,"['aljazeera/3256/images/main_image.jpg', 'aljazeera/3256/images/2.jpg']",2
aljazeera/2384,,['aljazeera/2384/images/main_image.jpg'],1
aljazeera/1501,,['aljazeera/1501/images/main_image.jpg'],1
aljazeera/3090,,"['aljazeera/3090/images/4.jpg', 'aljazeera/3090/images/main_image.jpg', 'aljazeera/3090/images/3.jpg', 'aljazeera/3090/images/1.jpg']",4
aljazeera/2142,,['aljazeera/2142/images/main_image.jpg'],1
aljazeera/805,,"['aljazeera/805/images/4.jpg', 'aljazeera/805/images/main_image.jpg', 'aljazeera/805/images/2.jpg', 'aljazeera/805/images/3.jpg']",4
aljazeera/2370,,['aljazeera/2370/images/main_image.jpg'],1
aljazeera/2714,,"['aljazeera/2714/images/4.jpg', 'aljazeera/2714/images/main_image.jpg', 'aljazeera/2714/images/5.jpg', 'aljazeera/2714/images/6.jpg', 'aljazeera/2714/images/2.jpg', 'aljazeera/2714/images/1.jpg']",6
aljazeera/1191,,['aljazeera/1191/images/main_image.jpg'],1
aljazeera/2526,,"['aljazeera/2526/images/main_image.jpg', 'aljazeera/2526/images/2.jpg']",2
aljazeera/3269,,['aljazeera/3269/images/main_image.jpg'],1
aljazeera/2189,,"['aljazeera/2189/images/main_image.jpg', 'aljazeera/2189/images/2.jpg']",2
aljazeera/496,,"['aljazeera/496/images/main_image.jpg', 'aljazeera/496/images/2.jpg', 'aljazeera/496/images/1.jpg']",3
aljazeera/1368,,['aljazeera/1368/images/main_image.jpg'],1
aljazeera/1966,,['aljazeera/1966/images/main_image.jpg'],1
aljazeera/462,,['aljazeera/462/images/main_image.jpg'],1
aljazeera/2519,,"['aljazeera/2519/images/main_image.jpg', 'aljazeera/2519/images/2.jpg', 'aljazeera/2519/images/3.jpg']",3
aljazeera/1992,,['aljazeera/1992/images/main_image.jpg'],1
aljazeera/650,,['aljazeera/650/images/main_image.jpg'],1
aljazeera/234,,['aljazeera/234/images/main_image.jpg'],1
aljazeera/2941,,"['aljazeera/2941/images/main_image.jpg', 'aljazeera/2941/images/2.jpg', 'aljazeera/2941/images/3.jpg']",3
aljazeera/346,,"['aljazeera/346/images/main_image.jpg', 'aljazeera/346/images/2.jpg', 'aljazeera/346/images/3.jpg']",3
aljazeera/2833,,"['aljazeera/2833/images/4.jpg', 'aljazeera/2833/images/main_image.jpg', 'aljazeera/2833/images/2.jpg', 'aljazeera/2833/images/3.jpg']",4
aljazeera/948,,"['aljazeera/948/images/main_image.jpg', 'aljazeera/948/images/2.jpg']",2
aljazeera/174,,['aljazeera/174/images/main_image.jpg'],1
aljazeera/510,,['aljazeera/510/images/main_image.jpg'],1
aljazeera/722,,['aljazeera/722/images/main_image.jpg'],1
aljazeera/2659,,['aljazeera/2659/images/main_image.jpg'],1
aljazeera/1028,,['aljazeera/1028/images/main_image.jpg'],1
aljazeera/1814,,['aljazeera/1814/images/main_image.jpg'],1
aljazeera/3129,,"['aljazeera/3129/images/main_image.jpg', 'aljazeera/3129/images/2.jpg']",2
aljazeera/180,,"['aljazeera/180/images/main_image.jpg', 'aljazeera/180/images/1.jpg']",2
aljazeera/2666,,['aljazeera/2666/images/main_image.jpg'],1
aljazeera/2454,,['aljazeera/2454/images/main_image.jpg'],1
aljazeera/3586,,"['aljazeera/3586/images/main_image.jpg', 'aljazeera/3586/images/2.jpg', 'aljazeera/3586/images/1.jpg']",3
aljazeera/977,,"['aljazeera/977/images/4.jpg', 'aljazeera/977/images/main_image.jpg', 'aljazeera/977/images/5.jpg', 'aljazeera/977/images/2.jpg', 'aljazeera/977/images/1.jpg']",5
aljazeera/2030,,['aljazeera/2030/images/main_image.jpg'],1
aljazeera/379,,['aljazeera/379/images/main_image.jpg'],1
aljazeera/2202,,"['aljazeera/2202/images/main_image.jpg', 'aljazeera/2202/images/2.jpg']",2
aljazeera/1487,,"['aljazeera/1487/images/main_image.jpg', 'aljazeera/1487/images/2.jpg']",2
aljazeera/1641,,['aljazeera/1641/images/main_image.jpg'],1
aljazeera/983,,"['aljazeera/983/images/main_image.jpg', 'aljazeera/983/images/2.jpg']",2
aljazeera/3116,,['aljazeera/3116/images/main_image.jpg'],1
aljazeera/3324,,"['aljazeera/3324/images/main_image.jpg', 'aljazeera/3324/images/2.jpg', 'aljazeera/3324/images/3.jpg']",3
aljazeera/1473,,"['aljazeera/1473/images/main_image.jpg', 'aljazeera/1473/images/2.jpg']",2
aljazeera/2692,,['aljazeera/2692/images/main_image.jpg'],1
aljazeera/1017,,"['aljazeera/1017/images/main_image.jpg', 'aljazeera/1017/images/2.jpg', 'aljazeera/1017/images/1.jpg']",3
aljazeera/1225,,['aljazeera/1225/images/main_image.jpg'],1
aljazeera/20,,['aljazeera/20/images/main_image.jpg'],1
aljazeera/3572,,['aljazeera/3572/images/main_image.jpg'],1
aljazeera/187,,"['aljazeera/187/images/4.jpg', 'aljazeera/187/images/main_image.jpg', 'aljazeera/187/images/2.jpg', 'aljazeera/187/images/1.jpg']",4
aljazeera/1679,,['aljazeera/1679/images/main_image.jpg'],1
aljazeera/1813,,"['aljazeera/1813/images/4.jpg', 'aljazeera/1813/images/main_image.jpg', 'aljazeera/1813/images/2.jpg', 'aljazeera/1813/images/1.jpg']",4
aljazeera/18,,['aljazeera/18/images/main_image.jpg'],1
aljazeera/2498,,['aljazeera/2498/images/main_image.jpg'],1
aljazeera/725,,"['aljazeera/725/images/4.jpg', 'aljazeera/725/images/main_image.jpg', 'aljazeera/725/images/5.jpg', 'aljazeera/725/images/2.jpg', 'aljazeera/725/images/3.jpg']",5
aljazeera/517,,['aljazeera/517/images/main_image.jpg'],1
aljazeera/2834,,['aljazeera/2834/images/main_image.jpg'],1
aljazeera/173,,['aljazeera/173/images/main_image.jpg'],1
aljazeera/2008,,"['aljazeera/2008/images/main_image.jpg', 'aljazeera/2008/images/2.jpg']",2
aljazeera/341,,"['aljazeera/341/images/main_image.jpg', 'aljazeera/341/images/2.jpg']",2
aljazeera/1222,,['aljazeera/1222/images/main_image.jpg'],1
aljazeera/27,,['aljazeera/27/images/main_image.jpg'],1
aljazeera/3575,,"['aljazeera/3575/images/4.jpg', 'aljazeera/3575/images/main_image.jpg', 'aljazeera/3575/images/5.jpg', 'aljazeera/3575/images/3.jpg', 'aljazeera/3575/images/1.jpg']",5
aljazeera/2695,,['aljazeera/2695/images/main_image.jpg'],1
aljazeera/1010,,['aljazeera/1010/images/main_image.jpg'],1
aljazeera/3323,,"['aljazeera/3323/images/main_image.jpg', 'aljazeera/3323/images/2.jpg']",2
aljazeera/1474,,['aljazeera/1474/images/main_image.jpg'],1
aljazeera/1646,,['aljazeera/1646/images/main_image.jpg'],1
aljazeera/9,,['aljazeera/9/images/main_image.jpg'],1
aljazeera/984,,['aljazeera/984/images/main_image.jpg'],1
aljazeera/3111,,['aljazeera/3111/images/main_image.jpg'],1
aljazeera/2205,,['aljazeera/2205/images/main_image.jpg'],1
aljazeera/1480,,"['aljazeera/1480/images/4.jpg', 'aljazeera/1480/images/main_image.jpg', 'aljazeera/1480/images/3.jpg', 'aljazeera/1480/images/1.jpg']",4
aljazeera/970,,['aljazeera/970/images/main_image.jpg'],1
aljazeera/2037,,"['aljazeera/2037/images/main_image.jpg', 'aljazeera/2037/images/2.jpg']",2
aljazeera/528,,['aljazeera/528/images/main_image.jpg'],1
aljazeera/2453,,"['aljazeera/2453/images/4.jpg', 'aljazeera/2453/images/main_image.jpg', 'aljazeera/2453/images/5.jpg', 'aljazeera/2453/images/2.jpg', 'aljazeera/2453/images/1.jpg']",5
aljazeera/3581,,"['aljazeera/3581/images/4.jpg', 'aljazeera/3581/images/main_image.jpg', 'aljazeera/3581/images/2.jpg', 'aljazeera/3581/images/3.jpg', 'aljazeera/3581/images/1.jpg']",5
aljazeera/2661,,['aljazeera/2661/images/main_image.jpg'],1
aljazeera/1019,,['aljazeera/1019/images/main_image.jpg'],1
aljazeera/1825,,['aljazeera/1825/images/main_image.jpg'],1
aljazeera/3118,,['aljazeera/3118/images/main_image.jpg'],1
aljazeera/383,,"['aljazeera/383/images/main_image.jpg', 'aljazeera/383/images/2.jpg']",2
aljazeera/979,,"['aljazeera/979/images/4.jpg', 'aljazeera/979/images/main_image.jpg', 'aljazeera/979/images/3.jpg', 'aljazeera/979/images/1.jpg']",4
aljazeera/2802,,"['aljazeera/2802/images/4.jpg', 'aljazeera/2802/images/main_image.jpg', 'aljazeera/2802/images/2.jpg', 'aljazeera/2802/images/3.jpg']",4
aljazeera/145,,['aljazeera/145/images/main_image.jpg'],1
aljazeera/377,,"['aljazeera/377/images/main_image.jpg', 'aljazeera/377/images/2.jpg', 'aljazeera/377/images/3.jpg']",3
aljazeera/1489,,['aljazeera/1489/images/main_image.jpg'],1
aljazeera/2668,,['aljazeera/2668/images/main_image.jpg'],1
aljazeera/713,,['aljazeera/713/images/main_image.jpg'],1
aljazeera/3588,,['aljazeera/3588/images/main_image.jpg'],1
aljazeera/521,,['aljazeera/521/images/main_image.jpg'],1
aljazeera/1442,,['aljazeera/1442/images/main_image.jpg'],1
aljazeera/3315,,"['aljazeera/3315/images/4.jpg', 'aljazeera/3315/images/main_image.jpg', 'aljazeera/3315/images/5.jpg', 'aljazeera/3315/images/6.jpg', 'aljazeera/3315/images/2.jpg', 'aljazeera/3315/images/3.jpg']",6
aljazeera/3127,,['aljazeera/3127/images/main_image.jpg'],1
aljazeera/1670,,"['aljazeera/1670/images/main_image.jpg', 'aljazeera/1670/images/3.jpg', 'aljazeera/1670/images/1.jpg']",3
aljazeera/3543,,['aljazeera/3543/images/main_image.jpg'],1
aljazeera/11,,['aljazeera/11/images/main_image.jpg'],1
aljazeera/2491,,['aljazeera/2491/images/main_image.jpg'],1
aljazeera/1214,,['aljazeera/1214/images/main_image.jpg'],1
aljazeera/1026,,['aljazeera/1026/images/main_image.jpg'],1
aljazeera/2465,,"['aljazeera/2465/images/main_image.jpg', 'aljazeera/2465/images/1.jpg']",2
aljazeera/2657,,"['aljazeera/2657/images/4.jpg', 'aljazeera/2657/images/main_image.jpg', 'aljazeera/2657/images/2.jpg', 'aljazeera/2657/images/3.jpg']",4
aljazeera/2233,,['aljazeera/2233/images/main_image.jpg'],1
aljazeera/348,,['aljazeera/348/images/main_image.jpg'],1
aljazeera/946,,['aljazeera/946/images/main_image.jpg'],1
aljazeera/2001,,"['aljazeera/2001/images/main_image.jpg', 'aljazeera/2001/images/2.jpg']",2
aljazeera/1684,,"['aljazeera/1684/images/main_image.jpg', 'aljazeera/1684/images/2.jpg']",2
aljazeera/526,,['aljazeera/526/images/main_image.jpg'],1
aljazeera/714,,"['aljazeera/714/images/main_image.jpg', 'aljazeera/714/images/5.jpg', 'aljazeera/714/images/2.jpg', 'aljazeera/714/images/3.jpg', 'aljazeera/714/images/1.jpg']",5
aljazeera/370,,"['aljazeera/370/images/main_image.jpg', 'aljazeera/370/images/2.jpg', 'aljazeera/370/images/3.jpg']",3
aljazeera/2805,,['aljazeera/2805/images/main_image.jpg'],1
aljazeera/2039,,"['aljazeera/2039/images/main_image.jpg', 'aljazeera/2039/images/2.jpg']",2
aljazeera/142,,['aljazeera/142/images/main_image.jpg'],1
aljazeera/384,,['aljazeera/384/images/main_image.jpg'],1
aljazeera/7,,['aljazeera/7/images/main_image.jpg'],1
aljazeera/1648,,['aljazeera/1648/images/main_image.jpg'],1
aljazeera/29,,['aljazeera/29/images/main_image.jpg'],1
aljazeera/1822,,"['aljazeera/1822/images/main_image.jpg', 'aljazeera/1822/images/1.jpg']",2
aljazeera/941,,['aljazeera/941/images/main_image.jpg'],1
aljazeera/2006,,['aljazeera/2006/images/main_image.jpg'],1
aljazeera/1683,,['aljazeera/1683/images/main_image.jpg'],1
aljazeera/2234,,['aljazeera/2234/images/main_image.jpg'],1
aljazeera/2650,,"['aljazeera/2650/images/main_image.jpg', 'aljazeera/2650/images/3.jpg', 'aljazeera/2650/images/1.jpg']",3
aljazeera/2462,,['aljazeera/2462/images/main_image.jpg'],1
aljazeera/519,,['aljazeera/519/images/main_image.jpg'],1
aljazeera/1021,,"['aljazeera/1021/images/main_image.jpg', 'aljazeera/1021/images/1.jpg']",2
aljazeera/3544,,['aljazeera/3544/images/main_image.jpg'],1
aljazeera/2496,,"['aljazeera/2496/images/main_image.jpg', 'aljazeera/2496/images/2.jpg']",2
aljazeera/16,,['aljazeera/16/images/main_image.jpg'],1
aljazeera/1213,,['aljazeera/1213/images/main_image.jpg'],1
aljazeera/189,,"['aljazeera/189/images/main_image.jpg', 'aljazeera/189/images/1.jpg']",2
aljazeera/3120,,"['aljazeera/3120/images/main_image.jpg', 'aljazeera/3120/images/2.jpg']",2
aljazeera/1677,,"['aljazeera/1677/images/main_image.jpg', 'aljazeera/1677/images/2.jpg']",2
aljazeera/1445,,"['aljazeera/1445/images/main_image.jpg', 'aljazeera/1445/images/2.jpg']",2
aljazeera/3312,,"['aljazeera/3312/images/4.jpg', 'aljazeera/3312/images/main_image.jpg', 'aljazeera/3312/images/5.jpg', 'aljazeera/3312/images/7.jpg', 'aljazeera/3312/images/6.jpg', 'aljazeera/3312/images/2.jpg', 'aljazeera/3312/images/3.jpg']",7
aljazeera/2260,,"['aljazeera/2260/images/main_image.jpg', 'aljazeera/2260/images/2.jpg']",2
aljazeera/129,,['aljazeera/129/images/main_image.jpg'],1
aljazeera/2052,,['aljazeera/2052/images/main_image.jpg'],1
aljazeera/3180,,['aljazeera/3180/images/main_image.jpg'],1
aljazeera/915,,"['aljazeera/915/images/main_image.jpg', 'aljazeera/915/images/2.jpg']",2
aljazeera/2436,,"['aljazeera/2436/images/4.jpg', 'aljazeera/2436/images/main_image.jpg', 'aljazeera/2436/images/2.jpg', 'aljazeera/2436/images/3.jpg']",4
aljazeera/2604,,"['aljazeera/2604/images/main_image.jpg', 'aljazeera/2604/images/2.jpg']",2
aljazeera/1081,,['aljazeera/1081/images/main_image.jpg'],1
aljazeera/1247,,"['aljazeera/1247/images/main_image.jpg', 'aljazeera/1247/images/2.jpg', 'aljazeera/1247/images/3.jpg']",3
aljazeera/3510,,"['aljazeera/3510/images/main_image.jpg', 'aljazeera/3510/images/2.jpg']",2
aljazeera/42,,"['aljazeera/42/images/main_image.jpg', 'aljazeera/42/images/2.jpg']",2
aljazeera/1849,,"['aljazeera/1849/images/main_image.jpg', 'aljazeera/1849/images/2.jpg', 'aljazeera/1849/images/3.jpg']",3
aljazeera/1075,,"['aljazeera/1075/images/main_image.jpg', 'aljazeera/1075/images/1.jpg']",2
aljazeera/2294,,"['aljazeera/2294/images/main_image.jpg', 'aljazeera/2294/images/2.jpg', 'aljazeera/2294/images/3.jpg']",3
aljazeera/3346,,"['aljazeera/3346/images/main_image.jpg', 'aljazeera/3346/images/3.jpg', 'aljazeera/3346/images/1.jpg']",3
aljazeera/1411,,['aljazeera/1411/images/main_image.jpg'],1
aljazeera/1623,,"['aljazeera/1623/images/4.jpg', 'aljazeera/1623/images/main_image.jpg', 'aljazeera/1623/images/5.jpg', 'aljazeera/1623/images/6.jpg', 'aljazeera/1623/images/2.jpg', 'aljazeera/1623/images/3.jpg', 'aljazeera/1623/images/1.jpg']",7
aljazeera/3174,,"['aljazeera/3174/images/4.jpg', 'aljazeera/3174/images/main_image.jpg', 'aljazeera/3174/images/5.jpg', 'aljazeera/3174/images/6.jpg', 'aljazeera/3174/images/3.jpg', 'aljazeera/3174/images/1.jpg']",6
aljazeera/1882,,['aljazeera/1882/images/main_image.jpg'],1
aljazeera/740,,['aljazeera/740/images/main_image.jpg'],1
aljazeera/89,,"['aljazeera/89/images/main_image.jpg', 'aljazeera/89/images/2.jpg']",2
aljazeera/572,,"['aljazeera/572/images/4.jpg', 'aljazeera/572/images/main_image.jpg', 'aljazeera/572/images/2.jpg', 'aljazeera/572/images/1.jpg']",4
aljazeera/2409,,['aljazeera/2409/images/main_image.jpg'],1
aljazeera/116,,"['aljazeera/116/images/main_image.jpg', 'aljazeera/116/images/2.jpg', 'aljazeera/116/images/3.jpg']",3
aljazeera/2851,,['aljazeera/2851/images/main_image.jpg'],1
aljazeera/324,,"['aljazeera/324/images/main_image.jpg', 'aljazeera/324/images/3.jpg', 'aljazeera/324/images/1.jpg']",3
aljazeera/2099,,['aljazeera/2099/images/main_image.jpg'],1
aljazeera/3379,,['aljazeera/3379/images/main_image.jpg'],1
aljazeera/1876,,['aljazeera/1876/images/main_image.jpg'],1
aljazeera/586,,['aljazeera/586/images/main_image.jpg'],1
aljazeera/1278,,['aljazeera/1278/images/main_image.jpg'],1
aljazeera/1624,,['aljazeera/1624/images/main_image.jpg'],1
aljazeera/3173,,['aljazeera/3173/images/main_image.jpg'],1
aljazeera/2293,,['aljazeera/2293/images/main_image.jpg'],1
aljazeera/3341,,['aljazeera/3341/images/main_image.jpg'],1
aljazeera/1416,,['aljazeera/1416/images/main_image.jpg'],1
aljazeera/1072,,"['aljazeera/1072/images/main_image.jpg', 'aljazeera/1072/images/2.jpg']",2
aljazeera/1240,,['aljazeera/1240/images/main_image.jpg'],1
aljazeera/3517,,['aljazeera/3517/images/main_image.jpg'],1
aljazeera/45,,['aljazeera/45/images/main_image.jpg'],1
aljazeera/778,,['aljazeera/778/images/main_image.jpg'],1
aljazeera/2603,,"['aljazeera/2603/images/main_image.jpg', 'aljazeera/2603/images/1.jpg']",2
aljazeera/1086,,"['aljazeera/1086/images/main_image.jpg', 'aljazeera/1086/images/3.jpg', 'aljazeera/1086/images/1.jpg']",3
aljazeera/2431,,"['aljazeera/2431/images/4.jpg', 'aljazeera/2431/images/main_image.jpg', 'aljazeera/2431/images/5.jpg', 'aljazeera/2431/images/3.jpg', 'aljazeera/2431/images/1.jpg']",5
aljazeera/2055,,['aljazeera/2055/images/main_image.jpg'],1
aljazeera/3187,,"['aljazeera/3187/images/main_image.jpg', 'aljazeera/3187/images/1.jpg']",2
aljazeera/2869,,['aljazeera/2869/images/main_image.jpg'],1
aljazeera/912,,['aljazeera/912/images/main_image.jpg'],1
aljazeera/2267,,['aljazeera/2267/images/main_image.jpg'],1
aljazeera/3528,,['aljazeera/3528/images/main_image.jpg'],1
aljazeera/581,,"['aljazeera/581/images/main_image.jpg', 'aljazeera/581/images/1.jpg']",2
aljazeera/1871,,['aljazeera/1871/images/main_image.jpg'],1
aljazeera/1429,,"['aljazeera/1429/images/8.jpg', 'aljazeera/1429/images/4.jpg', 'aljazeera/1429/images/main_image.jpg', 'aljazeera/1429/images/5.jpg', 'aljazeera/1429/images/7.jpg', 'aljazeera/1429/images/6.jpg', 'aljazeera/1429/images/3.jpg', 'aljazeera/1429/images/1.jpg']",8
aljazeera/323,,['aljazeera/323/images/main_image.jpg'],1
aljazeera/2258,,['aljazeera/2258/images/main_image.jpg'],1
aljazeera/111,,['aljazeera/111/images/main_image.jpg'],1
aljazeera/2856,,['aljazeera/2856/images/main_image.jpg'],1
aljazeera/575,,"['aljazeera/575/images/main_image.jpg', 'aljazeera/575/images/2.jpg', 'aljazeera/575/images/1.jpg']",3
aljazeera/1885,,"['aljazeera/1885/images/main_image.jpg', 'aljazeera/1885/images/1.jpg']",2
aljazeera/747,,['aljazeera/747/images/main_image.jpg'],1
aljazeera/1878,,"['aljazeera/1878/images/main_image.jpg', 'aljazeera/1878/images/2.jpg']",2
aljazeera/1044,,['aljazeera/1044/images/main_image.jpg'],1
aljazeera/588,,['aljazeera/588/images/main_image.jpg'],1
aljazeera/73,,"['aljazeera/73/images/main_image.jpg', 'aljazeera/73/images/1.jpg']",2
aljazeera/3521,,"['aljazeera/3521/images/main_image.jpg', 'aljazeera/3521/images/2.jpg']",2
aljazeera/1276,,['aljazeera/1276/images/main_image.jpg'],1
aljazeera/3145,,['aljazeera/3145/images/main_image.jpg'],1
aljazeera/2097,,['aljazeera/2097/images/main_image.jpg'],1
aljazeera/1612,,['aljazeera/1612/images/main_image.jpg'],1
aljazeera/1420,,"['aljazeera/1420/images/main_image.jpg', 'aljazeera/1420/images/2.jpg']",2
aljazeera/3377,,['aljazeera/3377/images/main_image.jpg'],1
aljazeera/2063,,['aljazeera/2063/images/main_image.jpg'],1
aljazeera/118,,"['aljazeera/118/images/main_image.jpg', 'aljazeera/118/images/1.jpg']",2
aljazeera/924,,['aljazeera/924/images/main_image.jpg'],1
aljazeera/3383,,['aljazeera/3383/images/main_image.jpg'],1
aljazeera/2251,,"['aljazeera/2251/images/main_image.jpg', 'aljazeera/2251/images/2.jpg']",2
aljazeera/2635,,"['aljazeera/2635/images/4.jpg', 'aljazeera/2635/images/main_image.jpg', 'aljazeera/2635/images/2.jpg', 'aljazeera/2635/images/3.jpg']",4
aljazeera/2407,,"['aljazeera/2407/images/main_image.jpg', 'aljazeera/2407/images/2.jpg']",2
aljazeera/87,,['aljazeera/87/images/main_image.jpg'],1
aljazeera/1282,,['aljazeera/1282/images/main_image.jpg'],1
aljazeera/3348,,['aljazeera/3348/images/main_image.jpg'],1
aljazeera/2894,,"['aljazeera/2894/images/main_image.jpg', 'aljazeera/2894/images/2.jpg', 'aljazeera/2894/images/3.jpg', 'aljazeera/2894/images/1.jpg']",4
aljazeera/1249,,['aljazeera/1249/images/main_image.jpg'],1
aljazeera/785,,['aljazeera/785/images/main_image.jpg'],1
aljazeera/1847,,['aljazeera/1847/images/main_image.jpg'],1
aljazeera/2438,,['aljazeera/2438/images/main_image.jpg'],1
aljazeera/543,,['aljazeera/543/images/main_image.jpg'],1
aljazeera/771,,"['aljazeera/771/images/8.jpg', 'aljazeera/771/images/9.jpg', 'aljazeera/771/images/10.jpg', 'aljazeera/771/images/4.jpg', 'aljazeera/771/images/main_image.jpg', 'aljazeera/771/images/5.jpg', 'aljazeera/771/images/7.jpg', 'aljazeera/771/images/6.jpg', 'aljazeera/771/images/3.jpg', 'aljazeera/771/images/1.jpg']",10
aljazeera/315,,['aljazeera/315/images/main_image.jpg'],1
aljazeera/127,,['aljazeera/127/images/main_image.jpg'],1
aljazeera/2860,,['aljazeera/2860/images/main_image.jpg'],1
aljazeera/80,,"['aljazeera/80/images/4.jpg', 'aljazeera/80/images/main_image.jpg', 'aljazeera/80/images/2.jpg', 'aljazeera/80/images/1.jpg']",4
aljazeera/2400,,['aljazeera/2400/images/main_image.jpg'],1
aljazeera/1285,,"['aljazeera/1285/images/main_image.jpg', 'aljazeera/1285/images/2.jpg', 'aljazeera/1285/images/3.jpg']",3
aljazeera/2632,,"['aljazeera/2632/images/main_image.jpg', 'aljazeera/2632/images/2.jpg', 'aljazeera/2632/images/3.jpg']",3
aljazeera/749,,"['aljazeera/749/images/4.jpg', 'aljazeera/749/images/main_image.jpg', 'aljazeera/749/images/2.jpg', 'aljazeera/749/images/3.jpg']",4
aljazeera/3384,,['aljazeera/3384/images/main_image.jpg'],1
aljazeera/2256,,['aljazeera/2256/images/main_image.jpg'],1
aljazeera/2064,,"['aljazeera/2064/images/main_image.jpg', 'aljazeera/2064/images/2.jpg']",2
aljazeera/923,,['aljazeera/923/images/main_image.jpg'],1
aljazeera/2858,,"['aljazeera/2858/images/main_image.jpg', 'aljazeera/2858/images/2.jpg']",2
aljazeera/1427,,"['aljazeera/1427/images/main_image.jpg', 'aljazeera/1427/images/1.jpg']",2
aljazeera/3370,,"['aljazeera/3370/images/main_image.jpg', 'aljazeera/3370/images/2.jpg']",2
aljazeera/3142,,"['aljazeera/3142/images/main_image.jpg', 'aljazeera/3142/images/1.jpg']",2
aljazeera/2090,,"['aljazeera/2090/images/main_image.jpg', 'aljazeera/2090/images/3.jpg', 'aljazeera/2090/images/1.jpg']",3
aljazeera/1615,,['aljazeera/1615/images/main_image.jpg'],1
aljazeera/74,,['aljazeera/74/images/main_image.jpg'],1
aljazeera/3526,,"['aljazeera/3526/images/main_image.jpg', 'aljazeera/3526/images/1.jpg']",2
aljazeera/1271,,['aljazeera/1271/images/main_image.jpg'],1
aljazeera/1043,,"['aljazeera/1043/images/4.jpg', 'aljazeera/1043/images/main_image.jpg', 'aljazeera/1043/images/5.jpg', 'aljazeera/1043/images/2.jpg', 'aljazeera/1043/images/3.jpg']",5
aljazeera/3189,,['aljazeera/3189/images/main_image.jpg'],1
aljazeera/120,,[],0
aljazeera/2867,,['aljazeera/2867/images/main_image.jpg'],1
aljazeera/2269,,['aljazeera/2269/images/main_image.jpg'],1
aljazeera/312,,['aljazeera/312/images/main_image.jpg'],1
aljazeera/776,,['aljazeera/776/images/main_image.jpg'],1
aljazeera/1088,,"['aljazeera/1088/images/4.jpg', 'aljazeera/1088/images/main_image.jpg', 'aljazeera/1088/images/2.jpg', 'aljazeera/1088/images/3.jpg']",4
aljazeera/544,,['aljazeera/544/images/main_image.jpg'],1
aljazeera/782,,['aljazeera/782/images/main_image.jpg'],1
aljazeera/1840,,['aljazeera/1840/images/main_image.jpg'],1
aljazeera/3519,,['aljazeera/3519/images/main_image.jpg'],1
aljazeera/2893,,['aljazeera/2893/images/main_image.jpg'],1
aljazeera/1418,,"['aljazeera/1418/images/main_image.jpg', 'aljazeera/1418/images/2.jpg']",2
aljazeera/1649,,['aljazeera/1649/images/main_image.jpg'],1
aljazeera/6,,"['aljazeera/6/images/4.jpg', 'aljazeera/6/images/main_image.jpg', 'aljazeera/6/images/2.jpg', 'aljazeera/6/images/3.jpg']",4
aljazeera/385,,['aljazeera/385/images/main_image.jpg'],1
aljazeera/1823,,"['aljazeera/1823/images/main_image.jpg', 'aljazeera/1823/images/2.jpg', 'aljazeera/1823/images/3.jpg']",3
aljazeera/28,,"['aljazeera/28/images/main_image.jpg', 'aljazeera/28/images/2.jpg']",2
aljazeera/715,,['aljazeera/715/images/main_image.jpg'],1
aljazeera/527,,"['aljazeera/527/images/main_image.jpg', 'aljazeera/527/images/1.jpg']",2
aljazeera/143,,['aljazeera/143/images/main_image.jpg'],1
aljazeera/2038,,"['aljazeera/2038/images/main_image.jpg', 'aljazeera/2038/images/2.jpg']",2
aljazeera/2804,,['aljazeera/2804/images/main_image.jpg'],1
aljazeera/371,,"['aljazeera/371/images/main_image.jpg', 'aljazeera/371/images/2.jpg']",2
aljazeera/3545,,"['aljazeera/3545/images/main_image.jpg', 'aljazeera/3545/images/2.jpg']",2
aljazeera/17,,"['aljazeera/17/images/8.jpg', 'aljazeera/17/images/4.jpg', 'aljazeera/17/images/main_image.jpg', 'aljazeera/17/images/5.jpg', 'aljazeera/17/images/7.jpg', 'aljazeera/17/images/2.jpg', 'aljazeera/17/images/3.jpg', 'aljazeera/17/images/1.jpg']",8
aljazeera/2497,,"['aljazeera/2497/images/8.jpg', 'aljazeera/2497/images/4.jpg', 'aljazeera/2497/images/main_image.jpg', 'aljazeera/2497/images/5.jpg', 'aljazeera/2497/images/7.jpg', 'aljazeera/2497/images/6.jpg', 'aljazeera/2497/images/3.jpg', 'aljazeera/2497/images/1.jpg']",8
aljazeera/1212,,['aljazeera/1212/images/main_image.jpg'],1
aljazeera/1020,,['aljazeera/1020/images/main_image.jpg'],1
aljazeera/1444,,['aljazeera/1444/images/main_image.jpg'],1
aljazeera/3313,,['aljazeera/3313/images/main_image.jpg'],1
aljazeera/188,,['aljazeera/188/images/main_image.jpg'],1
aljazeera/3121,,"['aljazeera/3121/images/4.jpg', 'aljazeera/3121/images/main_image.jpg', 'aljazeera/3121/images/5.jpg', 'aljazeera/3121/images/7.jpg', 'aljazeera/3121/images/6.jpg', 'aljazeera/3121/images/2.jpg', 'aljazeera/3121/images/3.jpg', 'aljazeera/3121/images/1.jpg']",8
aljazeera/1676,,['aljazeera/1676/images/main_image.jpg'],1
aljazeera/2235,,"['aljazeera/2235/images/main_image.jpg', 'aljazeera/2235/images/2.jpg', 'aljazeera/2235/images/3.jpg']",3
aljazeera/2007,,"['aljazeera/2007/images/main_image.jpg', 'aljazeera/2007/images/2.jpg']",2
aljazeera/940,,"['aljazeera/940/images/4.jpg', 'aljazeera/940/images/main_image.jpg', 'aljazeera/940/images/2.jpg', 'aljazeera/940/images/3.jpg']",4
aljazeera/1682,,"['aljazeera/1682/images/main_image.jpg', 'aljazeera/1682/images/3.jpg', 'aljazeera/1682/images/1.jpg']",3
aljazeera/518,,['aljazeera/518/images/main_image.jpg'],1
aljazeera/2463,,"['aljazeera/2463/images/main_image.jpg', 'aljazeera/2463/images/2.jpg']",2
aljazeera/2651,,"['aljazeera/2651/images/main_image.jpg', 'aljazeera/2651/images/2.jpg']",2
aljazeera/376,,['aljazeera/376/images/main_image.jpg'],1
aljazeera/1488,,"['aljazeera/1488/images/main_image.jpg', 'aljazeera/1488/images/3.jpg', 'aljazeera/1488/images/1.jpg']",3
aljazeera/144,,['aljazeera/144/images/main_image.jpg'],1
aljazeera/2803,,"['aljazeera/2803/images/main_image.jpg', 'aljazeera/2803/images/1.jpg']",2
aljazeera/978,,"['aljazeera/978/images/8.jpg', 'aljazeera/978/images/9.jpg', 'aljazeera/978/images/12.jpg', 'aljazeera/978/images/11.jpg', 'aljazeera/978/images/10.jpg', 'aljazeera/978/images/4.jpg', 'aljazeera/978/images/main_image.jpg', 'aljazeera/978/images/5.jpg', 'aljazeera/978/images/7.jpg', 'aljazeera/978/images/6.jpg', 'aljazeera/978/images/2.jpg', 'aljazeera/978/images/3.jpg']",12
aljazeera/3589,,"['aljazeera/3589/images/main_image.jpg', 'aljazeera/3589/images/3.jpg', 'aljazeera/3589/images/1.jpg']",3
aljazeera/520,,['aljazeera/520/images/main_image.jpg'],1
aljazeera/712,,"['aljazeera/712/images/4.jpg', 'aljazeera/712/images/main_image.jpg', 'aljazeera/712/images/3.jpg', 'aljazeera/712/images/1.jpg']",4
aljazeera/2669,,['aljazeera/2669/images/main_image.jpg'],1
aljazeera/1824,,['aljazeera/1824/images/main_image.jpg'],1
aljazeera/1018,,['aljazeera/1018/images/main_image.jpg'],1
aljazeera/382,,"['aljazeera/382/images/main_image.jpg', 'aljazeera/382/images/2.jpg']",2
aljazeera/1,,['aljazeera/1/images/main_image.jpg'],1
aljazeera/3119,,"['aljazeera/3119/images/main_image.jpg', 'aljazeera/3119/images/2.jpg', 'aljazeera/3119/images/3.jpg']",3
aljazeera/2656,,"['aljazeera/2656/images/4.jpg', 'aljazeera/2656/images/main_image.jpg', 'aljazeera/2656/images/5.jpg', 'aljazeera/2656/images/3.jpg', 'aljazeera/2656/images/1.jpg']",5
aljazeera/2464,,"['aljazeera/2464/images/4.jpg', 'aljazeera/2464/images/main_image.jpg', 'aljazeera/2464/images/2.jpg', 'aljazeera/2464/images/3.jpg']",4
aljazeera/2000,,"['aljazeera/2000/images/main_image.jpg', 'aljazeera/2000/images/2.jpg']",2
aljazeera/947,,['aljazeera/947/images/main_image.jpg'],1
aljazeera/1685,,"['aljazeera/1685/images/main_image.jpg', 'aljazeera/1685/images/2.jpg']",2
aljazeera/349,,['aljazeera/349/images/main_image.jpg'],1
aljazeera/2232,,['aljazeera/2232/images/main_image.jpg'],1
aljazeera/3126,,"['aljazeera/3126/images/main_image.jpg', 'aljazeera/3126/images/2.jpg']",2
aljazeera/1671,,['aljazeera/1671/images/main_image.jpg'],1
aljazeera/1443,,['aljazeera/1443/images/main_image.jpg'],1
aljazeera/3314,,['aljazeera/3314/images/main_image.jpg'],1
aljazeera/1027,,['aljazeera/1027/images/main_image.jpg'],1
aljazeera/3542,,['aljazeera/3542/images/main_image.jpg'],1
aljazeera/2490,,['aljazeera/2490/images/main_image.jpg'],1
aljazeera/10,,"['aljazeera/10/images/main_image.jpg', 'aljazeera/10/images/2.jpg', 'aljazeera/10/images/3.jpg']",3
aljazeera/1215,,"['aljazeera/1215/images/main_image.jpg', 'aljazeera/1215/images/2.jpg', 'aljazeera/1215/images/3.jpg']",3
aljazeera/516,,['aljazeera/516/images/main_image.jpg'],1
aljazeera/724,,"['aljazeera/724/images/main_image.jpg', 'aljazeera/724/images/5.jpg', 'aljazeera/724/images/6.jpg', 'aljazeera/724/images/2.jpg', 'aljazeera/724/images/3.jpg', 'aljazeera/724/images/1.jpg']",6
aljazeera/340,,['aljazeera/340/images/main_image.jpg'],1
aljazeera/2009,,['aljazeera/2009/images/main_image.jpg'],1
aljazeera/172,,"['aljazeera/172/images/main_image.jpg', 'aljazeera/172/images/2.jpg', 'aljazeera/172/images/3.jpg']",3
aljazeera/2835,,['aljazeera/2835/images/main_image.jpg'],1
aljazeera/186,,"['aljazeera/186/images/4.jpg', 'aljazeera/186/images/main_image.jpg', 'aljazeera/186/images/2.jpg', 'aljazeera/186/images/3.jpg']",4
aljazeera/1678,,"['aljazeera/1678/images/main_image.jpg', 'aljazeera/1678/images/2.jpg']",2
aljazeera/2499,,"['aljazeera/2499/images/main_image.jpg', 'aljazeera/2499/images/2.jpg', 'aljazeera/2499/images/3.jpg']",3
aljazeera/19,,['aljazeera/19/images/main_image.jpg'],1
aljazeera/1812,,['aljazeera/1812/images/main_image.jpg'],1
aljazeera/2036,,['aljazeera/2036/images/main_image.jpg'],1
aljazeera/971,,['aljazeera/971/images/main_image.jpg'],1
aljazeera/2204,,['aljazeera/2204/images/main_image.jpg'],1
aljazeera/1481,,['aljazeera/1481/images/main_image.jpg'],1
aljazeera/2660,,['aljazeera/2660/images/main_image.jpg'],1
aljazeera/2452,,"['aljazeera/2452/images/main_image.jpg', 'aljazeera/2452/images/2.jpg', 'aljazeera/2452/images/3.jpg']",3
aljazeera/529,,['aljazeera/529/images/main_image.jpg'],1
aljazeera/3580,,['aljazeera/3580/images/main_image.jpg'],1
aljazeera/2694,,['aljazeera/2694/images/main_image.jpg'],1
aljazeera/1011,,"['aljazeera/1011/images/main_image.jpg', 'aljazeera/1011/images/3.jpg', 'aljazeera/1011/images/1.jpg']",3
aljazeera/1223,,['aljazeera/1223/images/main_image.jpg'],1
aljazeera/26,,['aljazeera/26/images/main_image.jpg'],1
aljazeera/3574,,"['aljazeera/3574/images/main_image.jpg', 'aljazeera/3574/images/2.jpg']",2
aljazeera/8,,"['aljazeera/8/images/main_image.jpg', 'aljazeera/8/images/2.jpg']",2
aljazeera/1647,,"['aljazeera/1647/images/main_image.jpg', 'aljazeera/1647/images/3.jpg', 'aljazeera/1647/images/1.jpg']",3
aljazeera/3110,,['aljazeera/3110/images/main_image.jpg'],1
aljazeera/985,,['aljazeera/985/images/main_image.jpg'],1
aljazeera/3322,,['aljazeera/3322/images/main_image.jpg'],1
aljazeera/1475,,['aljazeera/1475/images/main_image.jpg'],1
aljazeera/1815,,['aljazeera/1815/images/main_image.jpg'],1
aljazeera/1029,,['aljazeera/1029/images/main_image.jpg'],1
aljazeera/3128,,"['aljazeera/3128/images/main_image.jpg', 'aljazeera/3128/images/2.jpg', 'aljazeera/3128/images/3.jpg']",3
aljazeera/181,,['aljazeera/181/images/main_image.jpg'],1
aljazeera/175,,['aljazeera/175/images/main_image.jpg'],1
aljazeera/949,,"['aljazeera/949/images/4.jpg', 'aljazeera/949/images/main_image.jpg', 'aljazeera/949/images/2.jpg', 'aljazeera/949/images/3.jpg']",4
aljazeera/2832,,"['aljazeera/2832/images/4.jpg', 'aljazeera/2832/images/main_image.jpg', 'aljazeera/2832/images/5.jpg', 'aljazeera/2832/images/7.jpg', 'aljazeera/2832/images/6.jpg', 'aljazeera/2832/images/2.jpg', 'aljazeera/2832/images/3.jpg']",7
aljazeera/347,,['aljazeera/347/images/main_image.jpg'],1
aljazeera/2658,,"['aljazeera/2658/images/4.jpg', 'aljazeera/2658/images/main_image.jpg', 'aljazeera/2658/images/5.jpg', 'aljazeera/2658/images/3.jpg', 'aljazeera/2658/images/1.jpg']",5
aljazeera/723,,['aljazeera/723/images/main_image.jpg'],1
aljazeera/511,,['aljazeera/511/images/main_image.jpg'],1
aljazeera/3325,,"['aljazeera/3325/images/main_image.jpg', 'aljazeera/3325/images/2.jpg']",2
aljazeera/1472,,"['aljazeera/1472/images/4.jpg', 'aljazeera/1472/images/main_image.jpg', 'aljazeera/1472/images/2.jpg', 'aljazeera/1472/images/3.jpg']",4
aljazeera/1640,,['aljazeera/1640/images/main_image.jpg'],1
aljazeera/3117,,"['aljazeera/3117/images/4.jpg', 'aljazeera/3117/images/main_image.jpg', 'aljazeera/3117/images/5.jpg', 'aljazeera/3117/images/2.jpg', 'aljazeera/3117/images/3.jpg']",5
aljazeera/982,,['aljazeera/982/images/main_image.jpg'],1
aljazeera/1224,,['aljazeera/1224/images/main_image.jpg'],1
aljazeera/21,,"['aljazeera/21/images/main_image.jpg', 'aljazeera/21/images/2.jpg']",2
aljazeera/3573,,['aljazeera/3573/images/main_image.jpg'],1
aljazeera/2693,,['aljazeera/2693/images/main_image.jpg'],1
aljazeera/1016,,['aljazeera/1016/images/main_image.jpg'],1
aljazeera/2455,,['aljazeera/2455/images/main_image.jpg'],1
aljazeera/3587,,['aljazeera/3587/images/main_image.jpg'],1
aljazeera/2667,,"['aljazeera/2667/images/4.jpg', 'aljazeera/2667/images/main_image.jpg', 'aljazeera/2667/images/2.jpg', 'aljazeera/2667/images/1.jpg']",4
aljazeera/2203,,"['aljazeera/2203/images/main_image.jpg', 'aljazeera/2203/images/1.jpg']",2
aljazeera/378,,"['aljazeera/378/images/main_image.jpg', 'aljazeera/378/images/1.jpg']",2
aljazeera/1486,,['aljazeera/1486/images/main_image.jpg'],1
aljazeera/2031,,['aljazeera/2031/images/main_image.jpg'],1
aljazeera/976,,['aljazeera/976/images/main_image.jpg'],1
aljazeera/3143,,"['aljazeera/3143/images/main_image.jpg', 'aljazeera/3143/images/1.jpg']",2
aljazeera/2091,,['aljazeera/2091/images/main_image.jpg'],1
aljazeera/1614,,['aljazeera/1614/images/main_image.jpg'],1
aljazeera/1426,,['aljazeera/1426/images/main_image.jpg'],1
aljazeera/3371,,['aljazeera/3371/images/main_image.jpg'],1
aljazeera/1042,,['aljazeera/1042/images/main_image.jpg'],1
aljazeera/75,,['aljazeera/75/images/main_image.jpg'],1
aljazeera/3527,,['aljazeera/3527/images/main_image.jpg'],1
aljazeera/1270,,"['aljazeera/1270/images/main_image.jpg', 'aljazeera/1270/images/2.jpg']",2
aljazeera/748,,['aljazeera/748/images/main_image.jpg'],1
aljazeera/2633,,"['aljazeera/2633/images/main_image.jpg', 'aljazeera/2633/images/1.jpg']",2
aljazeera/2401,,['aljazeera/2401/images/main_image.jpg'],1
aljazeera/81,,['aljazeera/81/images/main_image.jpg'],1
aljazeera/1284,,"['aljazeera/1284/images/main_image.jpg', 'aljazeera/1284/images/2.jpg']",2
aljazeera/2859,,['aljazeera/2859/images/main_image.jpg'],1
aljazeera/922,,"['aljazeera/922/images/main_image.jpg', 'aljazeera/922/images/2.jpg']",2
aljazeera/2065,,"['aljazeera/2065/images/4.jpg', 'aljazeera/2065/images/main_image.jpg', 'aljazeera/2065/images/5.jpg', 'aljazeera/2065/images/3.jpg', 'aljazeera/2065/images/1.jpg']",5
aljazeera/3385,,"['aljazeera/3385/images/main_image.jpg', 'aljazeera/3385/images/2.jpg']",2
aljazeera/2257,,"['aljazeera/2257/images/main_image.jpg', 'aljazeera/2257/images/3.jpg', 'aljazeera/2257/images/1.jpg']",3
aljazeera/3518,,['aljazeera/3518/images/main_image.jpg'],1
aljazeera/783,,['aljazeera/783/images/main_image.jpg'],1
aljazeera/1841,,['aljazeera/1841/images/main_image.jpg'],1
aljazeera/1419,,"['aljazeera/1419/images/4.jpg', 'aljazeera/1419/images/main_image.jpg', 'aljazeera/1419/images/3.jpg', 'aljazeera/1419/images/1.jpg']",4
aljazeera/2892,,['aljazeera/2892/images/main_image.jpg'],1
aljazeera/313,,"['aljazeera/313/images/main_image.jpg', 'aljazeera/313/images/2.jpg', 'aljazeera/313/images/3.jpg']",3
aljazeera/2268,,['aljazeera/2268/images/main_image.jpg'],1
aljazeera/2866,,['aljazeera/2866/images/main_image.jpg'],1
aljazeera/3188,,"['aljazeera/3188/images/main_image.jpg', 'aljazeera/3188/images/2.jpg']",2
aljazeera/121,,"['aljazeera/121/images/4.jpg', 'aljazeera/121/images/main_image.jpg', 'aljazeera/121/images/2.jpg', 'aljazeera/121/images/3.jpg']",4
aljazeera/545,,['aljazeera/545/images/main_image.jpg'],1
aljazeera/777,,['aljazeera/777/images/main_image.jpg'],1
aljazeera/1089,,['aljazeera/1089/images/main_image.jpg'],1
aljazeera/3382,,"['aljazeera/3382/images/4.jpg', 'aljazeera/3382/images/main_image.jpg', 'aljazeera/3382/images/5.jpg', 'aljazeera/3382/images/7.jpg', 'aljazeera/3382/images/6.jpg', 'aljazeera/3382/images/3.jpg', 'aljazeera/3382/images/1.jpg']",7
aljazeera/2250,,['aljazeera/2250/images/main_image.jpg'],1
aljazeera/925,,"['aljazeera/925/images/main_image.jpg', 'aljazeera/925/images/2.jpg']",2
aljazeera/119,,"['aljazeera/119/images/main_image.jpg', 'aljazeera/119/images/2.jpg']",2
aljazeera/2062,,"['aljazeera/2062/images/4.jpg', 'aljazeera/2062/images/main_image.jpg', 'aljazeera/2062/images/2.jpg', 'aljazeera/2062/images/3.jpg']",4
aljazeera/86,,['aljazeera/86/images/main_image.jpg'],1
aljazeera/2406,,['aljazeera/2406/images/main_image.jpg'],1
aljazeera/1283,,['aljazeera/1283/images/main_image.jpg'],1
aljazeera/2634,,"['aljazeera/2634/images/4.jpg', 'aljazeera/2634/images/main_image.jpg', 'aljazeera/2634/images/2.jpg', 'aljazeera/2634/images/1.jpg']",4
aljazeera/72,,"['aljazeera/72/images/main_image.jpg', 'aljazeera/72/images/2.jpg', 'aljazeera/72/images/3.jpg']",3
aljazeera/589,,['aljazeera/589/images/main_image.jpg'],1
aljazeera/3520,,['aljazeera/3520/images/main_image.jpg'],1
aljazeera/1277,,['aljazeera/1277/images/main_image.jpg'],1
aljazeera/1045,,"['aljazeera/1045/images/8.jpg', 'aljazeera/1045/images/4.jpg', 'aljazeera/1045/images/main_image.jpg', 'aljazeera/1045/images/5.jpg', 'aljazeera/1045/images/7.jpg', 'aljazeera/1045/images/6.jpg', 'aljazeera/1045/images/3.jpg', 'aljazeera/1045/images/1.jpg']",8
aljazeera/1879,,"['aljazeera/1879/images/main_image.jpg', 'aljazeera/1879/images/2.jpg']",2
aljazeera/1421,,['aljazeera/1421/images/main_image.jpg'],1
aljazeera/3376,,['aljazeera/3376/images/main_image.jpg'],1
aljazeera/3144,,['aljazeera/3144/images/main_image.jpg'],1
aljazeera/2096,,['aljazeera/2096/images/main_image.jpg'],1
aljazeera/1613,,"['aljazeera/1613/images/4.jpg', 'aljazeera/1613/images/main_image.jpg', 'aljazeera/1613/images/2.jpg', 'aljazeera/1613/images/3.jpg']",4
aljazeera/770,,['aljazeera/770/images/main_image.jpg'],1
aljazeera/542,,"['aljazeera/542/images/main_image.jpg', 'aljazeera/542/images/2.jpg', 'aljazeera/542/images/1.jpg']",3
aljazeera/2439,,"['aljazeera/2439/images/4.jpg', 'aljazeera/2439/images/main_image.jpg', 'aljazeera/2439/images/2.jpg', 'aljazeera/2439/images/1.jpg']",4
aljazeera/2861,,"['aljazeera/2861/images/main_image.jpg', 'aljazeera/2861/images/1.jpg']",2
aljazeera/126,,"['aljazeera/126/images/main_image.jpg', 'aljazeera/126/images/2.jpg']",2
aljazeera/314,,['aljazeera/314/images/main_image.jpg'],1
aljazeera/2895,,['aljazeera/2895/images/main_image.jpg'],1
aljazeera/3349,,['aljazeera/3349/images/main_image.jpg'],1
aljazeera/784,,['aljazeera/784/images/main_image.jpg'],1
aljazeera/1846,,['aljazeera/1846/images/main_image.jpg'],1
aljazeera/1248,,"['aljazeera/1248/images/main_image.jpg', 'aljazeera/1248/images/2.jpg', 'aljazeera/1248/images/3.jpg']",3
aljazeera/2430,,['aljazeera/2430/images/main_image.jpg'],1
aljazeera/2602,,['aljazeera/2602/images/main_image.jpg'],1
aljazeera/779,,['aljazeera/779/images/main_image.jpg'],1
aljazeera/1087,,['aljazeera/1087/images/main_image.jpg'],1
aljazeera/2266,,"['aljazeera/2266/images/main_image.jpg', 'aljazeera/2266/images/1.jpg']",2
aljazeera/913,,"['aljazeera/913/images/4.jpg', 'aljazeera/913/images/main_image.jpg', 'aljazeera/913/images/5.jpg', 'aljazeera/913/images/6.jpg', 'aljazeera/913/images/2.jpg', 'aljazeera/913/images/1.jpg']",6
aljazeera/2868,,['aljazeera/2868/images/main_image.jpg'],1
aljazeera/2054,,['aljazeera/2054/images/main_image.jpg'],1
aljazeera/3186,,['aljazeera/3186/images/main_image.jpg'],1
aljazeera/2292,,['aljazeera/2292/images/main_image.jpg'],1
aljazeera/3340,,"['aljazeera/3340/images/4.jpg', 'aljazeera/3340/images/main_image.jpg', 'aljazeera/3340/images/5.jpg', 'aljazeera/3340/images/3.jpg', 'aljazeera/3340/images/1.jpg']",5
aljazeera/1417,,['aljazeera/1417/images/main_image.jpg'],1
aljazeera/1625,,['aljazeera/1625/images/main_image.jpg'],1
aljazeera/3172,,['aljazeera/3172/images/main_image.jpg'],1
aljazeera/1241,,['aljazeera/1241/images/main_image.jpg'],1
aljazeera/3516,,"['aljazeera/3516/images/8.jpg', 'aljazeera/3516/images/4.jpg', 'aljazeera/3516/images/main_image.jpg', 'aljazeera/3516/images/7.jpg', 'aljazeera/3516/images/6.jpg', 'aljazeera/3516/images/2.jpg', 'aljazeera/3516/images/3.jpg', 'aljazeera/3516/images/1.jpg']",8
aljazeera/44,,['aljazeera/44/images/main_image.jpg'],1
aljazeera/1073,,['aljazeera/1073/images/main_image.jpg'],1
aljazeera/2857,,"['aljazeera/2857/images/main_image.jpg', 'aljazeera/2857/images/1.jpg']",2
aljazeera/110,,"['aljazeera/110/images/main_image.jpg', 'aljazeera/110/images/1.jpg']",2
aljazeera/2259,,"['aljazeera/2259/images/main_image.jpg', 'aljazeera/2259/images/2.jpg', 'aljazeera/2259/images/3.jpg']",3
aljazeera/322,,"['aljazeera/322/images/main_image.jpg', 'aljazeera/322/images/2.jpg', 'aljazeera/322/images/3.jpg']",3
aljazeera/1884,,['aljazeera/1884/images/main_image.jpg'],1
aljazeera/746,,['aljazeera/746/images/main_image.jpg'],1
aljazeera/574,,['aljazeera/574/images/main_image.jpg'],1
aljazeera/1870,,['aljazeera/1870/images/main_image.jpg'],1
aljazeera/3529,,['aljazeera/3529/images/main_image.jpg'],1
aljazeera/580,,['aljazeera/580/images/main_image.jpg'],1
aljazeera/1428,,['aljazeera/1428/images/main_image.jpg'],1
aljazeera/1074,,"['aljazeera/1074/images/main_image.jpg', 'aljazeera/1074/images/1.jpg']",2
aljazeera/1848,,['aljazeera/1848/images/main_image.jpg'],1
aljazeera/1246,,"['aljazeera/1246/images/main_image.jpg', 'aljazeera/1246/images/2.jpg']",2
aljazeera/3511,,['aljazeera/3511/images/main_image.jpg'],1
aljazeera/43,,['aljazeera/43/images/main_image.jpg'],1
aljazeera/1622,,['aljazeera/1622/images/main_image.jpg'],1
aljazeera/3175,,['aljazeera/3175/images/main_image.jpg'],1
aljazeera/2295,,"['aljazeera/2295/images/main_image.jpg', 'aljazeera/2295/images/2.jpg']",2
aljazeera/3347,,"['aljazeera/3347/images/main_image.jpg', 'aljazeera/3347/images/2.jpg']",2
aljazeera/1410,,"['aljazeera/1410/images/main_image.jpg', 'aljazeera/1410/images/2.jpg']",2
aljazeera/914,,"['aljazeera/914/images/main_image.jpg', 'aljazeera/914/images/1.jpg']",2
aljazeera/2053,,"['aljazeera/2053/images/main_image.jpg', 'aljazeera/2053/images/2.jpg']",2
aljazeera/128,,"['aljazeera/128/images/main_image.jpg', 'aljazeera/128/images/3.jpg', 'aljazeera/128/images/1.jpg']",3
aljazeera/3181,,"['aljazeera/3181/images/main_image.jpg', 'aljazeera/3181/images/3.jpg', 'aljazeera/3181/images/1.jpg']",3
aljazeera/2261,,['aljazeera/2261/images/main_image.jpg'],1
aljazeera/2605,,['aljazeera/2605/images/main_image.jpg'],1
aljazeera/1080,,"['aljazeera/1080/images/main_image.jpg', 'aljazeera/1080/images/2.jpg']",2
aljazeera/2437,,"['aljazeera/2437/images/main_image.jpg', 'aljazeera/2437/images/1.jpg']",2
aljazeera/3378,,['aljazeera/3378/images/main_image.jpg'],1
aljazeera/2098,,['aljazeera/2098/images/main_image.jpg'],1
aljazeera/587,,"['aljazeera/587/images/main_image.jpg', 'aljazeera/587/images/2.jpg']",2
aljazeera/1279,,['aljazeera/1279/images/main_image.jpg'],1
aljazeera/1877,,['aljazeera/1877/images/main_image.jpg'],1
aljazeera/2408,,['aljazeera/2408/images/main_image.jpg'],1
aljazeera/573,,['aljazeera/573/images/main_image.jpg'],1
aljazeera/88,,"['aljazeera/88/images/4.jpg', 'aljazeera/88/images/main_image.jpg', 'aljazeera/88/images/5.jpg', 'aljazeera/88/images/2.jpg', 'aljazeera/88/images/3.jpg']",5
aljazeera/1883,,"['aljazeera/1883/images/main_image.jpg', 'aljazeera/1883/images/3.jpg', 'aljazeera/1883/images/1.jpg']",3
aljazeera/741,,['aljazeera/741/images/main_image.jpg'],1
aljazeera/325,,['aljazeera/325/images/main_image.jpg'],1
aljazeera/2850,,"['aljazeera/2850/images/main_image.jpg', 'aljazeera/2850/images/2.jpg']",2
aljazeera/117,,['aljazeera/117/images/main_image.jpg'],1
aljazeera/2641,,['aljazeera/2641/images/main_image.jpg'],1
aljazeera/508,,"['aljazeera/508/images/main_image.jpg', 'aljazeera/508/images/2.jpg', 'aljazeera/508/images/3.jpg']",3
aljazeera/2473,,"['aljazeera/2473/images/4.jpg', 'aljazeera/2473/images/main_image.jpg', 'aljazeera/2473/images/2.jpg', 'aljazeera/2473/images/3.jpg']",4
aljazeera/1692,,"['aljazeera/1692/images/4.jpg', 'aljazeera/1692/images/main_image.jpg', 'aljazeera/1692/images/3.jpg', 'aljazeera/1692/images/1.jpg']",4
aljazeera/2017,,['aljazeera/2017/images/main_image.jpg'],1
aljazeera/950,,"['aljazeera/950/images/main_image.jpg', 'aljazeera/950/images/2.jpg', 'aljazeera/950/images/3.jpg']",3
aljazeera/2225,,['aljazeera/2225/images/main_image.jpg'],1
aljazeera/1666,,"['aljazeera/1666/images/4.jpg', 'aljazeera/1666/images/main_image.jpg', 'aljazeera/1666/images/2.jpg', 'aljazeera/1666/images/3.jpg', 'aljazeera/1666/images/1.jpg']",5
aljazeera/3131,,"['aljazeera/3131/images/4.jpg', 'aljazeera/3131/images/main_image.jpg', 'aljazeera/3131/images/2.jpg', 'aljazeera/3131/images/3.jpg']",4
aljazeera/198,,['aljazeera/198/images/main_image.jpg'],1
aljazeera/3303,,['aljazeera/3303/images/main_image.jpg'],1
aljazeera/1454,,['aljazeera/1454/images/main_image.jpg'],1
aljazeera/1030,,"['aljazeera/1030/images/main_image.jpg', 'aljazeera/1030/images/1.jpg']",2
aljazeera/1202,,"['aljazeera/1202/images/main_image.jpg', 'aljazeera/1202/images/2.jpg']",2
aljazeera/2487,,"['aljazeera/2487/images/main_image.jpg', 'aljazeera/2487/images/2.jpg']",2
aljazeera/3555,,"['aljazeera/3555/images/main_image.jpg', 'aljazeera/3555/images/2.jpg']",2
aljazeera/361,,"['aljazeera/361/images/main_image.jpg', 'aljazeera/361/images/1.jpg']",2
aljazeera/153,,"['aljazeera/153/images/4.jpg', 'aljazeera/153/images/main_image.jpg', 'aljazeera/153/images/5.jpg', 'aljazeera/153/images/7.jpg', 'aljazeera/153/images/6.jpg', 'aljazeera/153/images/3.jpg', 'aljazeera/153/images/1.jpg']",7
aljazeera/2028,,['aljazeera/2028/images/main_image.jpg'],1
aljazeera/2814,,['aljazeera/2814/images/main_image.jpg'],1
aljazeera/537,,['aljazeera/537/images/main_image.jpg'],1
aljazeera/705,,"['aljazeera/705/images/4.jpg', 'aljazeera/705/images/main_image.jpg', 'aljazeera/705/images/5.jpg', 'aljazeera/705/images/2.jpg', 'aljazeera/705/images/3.jpg']",5
aljazeera/38,,"['aljazeera/38/images/main_image.jpg', 'aljazeera/38/images/2.jpg', 'aljazeera/38/images/3.jpg']",3
aljazeera/1833,,['aljazeera/1833/images/main_image.jpg'],1
aljazeera/395,,['aljazeera/395/images/main_image.jpg'],1
aljazeera/1659,,['aljazeera/1659/images/main_image.jpg'],1
aljazeera/1205,,"['aljazeera/1205/images/main_image.jpg', 'aljazeera/1205/images/2.jpg']",2
aljazeera/2480,,['aljazeera/2480/images/main_image.jpg'],1
aljazeera/3552,,"['aljazeera/3552/images/4.jpg', 'aljazeera/3552/images/main_image.jpg', 'aljazeera/3552/images/5.jpg', 'aljazeera/3552/images/6.jpg', 'aljazeera/3552/images/2.jpg', 'aljazeera/3552/images/3.jpg']",6
aljazeera/1037,,"['aljazeera/1037/images/main_image.jpg', 'aljazeera/1037/images/2.jpg', 'aljazeera/1037/images/1.jpg']",3
aljazeera/3304,,"['aljazeera/3304/images/main_image.jpg', 'aljazeera/3304/images/2.jpg', 'aljazeera/3304/images/3.jpg', 'aljazeera/3304/images/1.jpg']",4
aljazeera/1453,,"['aljazeera/1453/images/main_image.jpg', 'aljazeera/1453/images/2.jpg', 'aljazeera/1453/images/3.jpg', 'aljazeera/1453/images/1.jpg']",4
aljazeera/1661,,"['aljazeera/1661/images/4.jpg', 'aljazeera/1661/images/main_image.jpg', 'aljazeera/1661/images/5.jpg', 'aljazeera/1661/images/3.jpg', 'aljazeera/1661/images/1.jpg']",5
aljazeera/3136,,['aljazeera/3136/images/main_image.jpg'],1
aljazeera/359,,"['aljazeera/359/images/main_image.jpg', 'aljazeera/359/images/1.jpg']",2
aljazeera/2222,,['aljazeera/2222/images/main_image.jpg'],1
aljazeera/1695,,"['aljazeera/1695/images/main_image.jpg', 'aljazeera/1695/images/2.jpg']",2
aljazeera/2010,,"['aljazeera/2010/images/4.jpg', 'aljazeera/2010/images/main_image.jpg', 'aljazeera/2010/images/5.jpg', 'aljazeera/2010/images/6.jpg', 'aljazeera/2010/images/2.jpg', 'aljazeera/2010/images/3.jpg']",6
aljazeera/957,,"['aljazeera/957/images/4.jpg', 'aljazeera/957/images/main_image.jpg', 'aljazeera/957/images/5.jpg', 'aljazeera/957/images/2.jpg', 'aljazeera/957/images/3.jpg']",5
aljazeera/2474,,['aljazeera/2474/images/main_image.jpg'],1
aljazeera/2646,,"['aljazeera/2646/images/main_image.jpg', 'aljazeera/2646/images/1.jpg']",2
aljazeera/3109,,"['aljazeera/3109/images/4.jpg', 'aljazeera/3109/images/main_image.jpg', 'aljazeera/3109/images/2.jpg', 'aljazeera/3109/images/1.jpg']",4
aljazeera/392,,['aljazeera/392/images/main_image.jpg'],1
aljazeera/1834,,"['aljazeera/1834/images/main_image.jpg', 'aljazeera/1834/images/2.jpg', 'aljazeera/1834/images/3.jpg']",3
aljazeera/1008,,"['aljazeera/1008/images/main_image.jpg', 'aljazeera/1008/images/2.jpg']",2
aljazeera/702,,['aljazeera/702/images/main_image.jpg'],1
aljazeera/2679,,['aljazeera/2679/images/main_image.jpg'],1
aljazeera/530,,"['aljazeera/530/images/main_image.jpg', 'aljazeera/530/images/2.jpg', 'aljazeera/530/images/3.jpg']",3
aljazeera/3599,,"['aljazeera/3599/images/main_image.jpg', 'aljazeera/3599/images/2.jpg']",2
aljazeera/154,,['aljazeera/154/images/main_image.jpg'],1
aljazeera/2813,,['aljazeera/2813/images/main_image.jpg'],1
aljazeera/968,,"['aljazeera/968/images/main_image.jpg', 'aljazeera/968/images/1.jpg']",2
aljazeera/1498,,"['aljazeera/1498/images/main_image.jpg', 'aljazeera/1498/images/2.jpg']",2
aljazeera/366,,['aljazeera/366/images/main_image.jpg'],1
aljazeera/1465,,"['aljazeera/1465/images/main_image.jpg', 'aljazeera/1465/images/2.jpg']",2
aljazeera/3332,,"['aljazeera/3332/images/main_image.jpg', 'aljazeera/3332/images/2.jpg']",2
aljazeera/3100,,"['aljazeera/3100/images/main_image.jpg', 'aljazeera/3100/images/1.jpg']",2
aljazeera/995,,"['aljazeera/995/images/main_image.jpg', 'aljazeera/995/images/3.jpg', 'aljazeera/995/images/1.jpg']",3
aljazeera/1657,,['aljazeera/1657/images/main_image.jpg'],1
aljazeera/3564,,"['aljazeera/3564/images/main_image.jpg', 'aljazeera/3564/images/2.jpg']",2
aljazeera/36,,['aljazeera/36/images/main_image.jpg'],1
aljazeera/1233,,"['aljazeera/1233/images/main_image.jpg', 'aljazeera/1233/images/2.jpg']",2
aljazeera/1001,,"['aljazeera/1001/images/main_image.jpg', 'aljazeera/1001/images/2.jpg']",2
aljazeera/2684,,['aljazeera/2684/images/main_image.jpg'],1
aljazeera/3590,,"['aljazeera/3590/images/4.jpg', 'aljazeera/3590/images/main_image.jpg', 'aljazeera/3590/images/5.jpg', 'aljazeera/3590/images/6.jpg', 'aljazeera/3590/images/2.jpg', 'aljazeera/3590/images/3.jpg']",6
aljazeera/2442,,"['aljazeera/2442/images/4.jpg', 'aljazeera/2442/images/main_image.jpg', 'aljazeera/2442/images/2.jpg', 'aljazeera/2442/images/3.jpg']",4
aljazeera/539,,"['aljazeera/539/images/main_image.jpg', 'aljazeera/539/images/2.jpg']",2
aljazeera/2670,,['aljazeera/2670/images/main_image.jpg'],1
aljazeera/1491,,"['aljazeera/1491/images/4.jpg', 'aljazeera/1491/images/main_image.jpg', 'aljazeera/1491/images/5.jpg', 'aljazeera/1491/images/3.jpg', 'aljazeera/1491/images/1.jpg']",5
aljazeera/2214,,['aljazeera/2214/images/main_image.jpg'],1
aljazeera/2026,,['aljazeera/2026/images/main_image.jpg'],1
aljazeera/961,,"['aljazeera/961/images/main_image.jpg', 'aljazeera/961/images/3.jpg', 'aljazeera/961/images/1.jpg']",3
aljazeera/1802,,"['aljazeera/1802/images/main_image.jpg', 'aljazeera/1802/images/1.jpg']",2
aljazeera/2489,,"['aljazeera/2489/images/main_image.jpg', 'aljazeera/2489/images/2.jpg', 'aljazeera/2489/images/3.jpg']",3
aljazeera/1668,,"['aljazeera/1668/images/main_image.jpg', 'aljazeera/1668/images/2.jpg', 'aljazeera/1668/images/3.jpg']",3
aljazeera/196,,['aljazeera/196/images/main_image.jpg'],1
aljazeera/2019,,"['aljazeera/2019/images/main_image.jpg', 'aljazeera/2019/images/2.jpg', 'aljazeera/2019/images/3.jpg']",3
aljazeera/162,,['aljazeera/162/images/main_image.jpg'],1
aljazeera/2825,,['aljazeera/2825/images/main_image.jpg'],1
aljazeera/350,,['aljazeera/350/images/main_image.jpg'],1
aljazeera/734,,"['aljazeera/734/images/4.jpg', 'aljazeera/734/images/main_image.jpg', 'aljazeera/734/images/3.jpg', 'aljazeera/734/images/1.jpg']",4
aljazeera/506,,['aljazeera/506/images/main_image.jpg'],1
aljazeera/2021,,"['aljazeera/2021/images/main_image.jpg', 'aljazeera/2021/images/2.jpg']",2
aljazeera/966,,"['aljazeera/966/images/4.jpg', 'aljazeera/966/images/main_image.jpg', 'aljazeera/966/images/2.jpg', 'aljazeera/966/images/3.jpg']",4
aljazeera/1496,,['aljazeera/1496/images/main_image.jpg'],1
aljazeera/2213,,['aljazeera/2213/images/main_image.jpg'],1
aljazeera/368,,"['aljazeera/368/images/4.jpg', 'aljazeera/368/images/main_image.jpg', 'aljazeera/368/images/2.jpg', 'aljazeera/368/images/3.jpg']",4
aljazeera/2677,,"['aljazeera/2677/images/4.jpg', 'aljazeera/2677/images/main_image.jpg', 'aljazeera/2677/images/2.jpg', 'aljazeera/2677/images/1.jpg']",4
aljazeera/3597,,['aljazeera/3597/images/main_image.jpg'],1
aljazeera/2445,,['aljazeera/2445/images/main_image.jpg'],1
aljazeera/1006,,"['aljazeera/1006/images/main_image.jpg', 'aljazeera/1006/images/2.jpg']",2
aljazeera/2683,,['aljazeera/2683/images/main_image.jpg'],1
aljazeera/3563,,['aljazeera/3563/images/main_image.jpg'],1
aljazeera/31,,"['aljazeera/31/images/main_image.jpg', 'aljazeera/31/images/2.jpg']",2
aljazeera/1234,,['aljazeera/1234/images/main_image.jpg'],1
aljazeera/3107,,"['aljazeera/3107/images/4.jpg', 'aljazeera/3107/images/main_image.jpg', 'aljazeera/3107/images/5.jpg', 'aljazeera/3107/images/6.jpg', 'aljazeera/3107/images/2.jpg', 'aljazeera/3107/images/3.jpg']",6
aljazeera/992,,"['aljazeera/992/images/main_image.jpg', 'aljazeera/992/images/2.jpg']",2
aljazeera/1650,,['aljazeera/1650/images/main_image.jpg'],1
aljazeera/1462,,['aljazeera/1462/images/main_image.jpg'],1
aljazeera/3335,,"['aljazeera/3335/images/main_image.jpg', 'aljazeera/3335/images/2.jpg', 'aljazeera/3335/images/3.jpg']",3
aljazeera/501,,"['aljazeera/501/images/main_image.jpg', 'aljazeera/501/images/2.jpg']",2
aljazeera/2648,,"['aljazeera/2648/images/4.jpg', 'aljazeera/2648/images/main_image.jpg', 'aljazeera/2648/images/2.jpg', 'aljazeera/2648/images/1.jpg']",4
aljazeera/733,,"['aljazeera/733/images/main_image.jpg', 'aljazeera/733/images/2.jpg']",2
aljazeera/357,,['aljazeera/357/images/main_image.jpg'],1
aljazeera/165,,"['aljazeera/165/images/main_image.jpg', 'aljazeera/165/images/2.jpg', 'aljazeera/165/images/3.jpg']",3
aljazeera/959,,['aljazeera/959/images/main_image.jpg'],1
aljazeera/2822,,"['aljazeera/2822/images/main_image.jpg', 'aljazeera/2822/images/2.jpg']",2
aljazeera/191,,['aljazeera/191/images/main_image.jpg'],1
aljazeera/3138,,"['aljazeera/3138/images/main_image.jpg', 'aljazeera/3138/images/2.jpg']",2
aljazeera/1805,,"['aljazeera/1805/images/main_image.jpg', 'aljazeera/1805/images/2.jpg', 'aljazeera/1805/images/3.jpg']",3
aljazeera/1039,,"['aljazeera/1039/images/main_image.jpg', 'aljazeera/1039/images/3.jpg', 'aljazeera/1039/images/1.jpg']",3
aljazeera/1099,,['aljazeera/1099/images/main_image.jpg'],1
aljazeera/767,,"['aljazeera/767/images/main_image.jpg', 'aljazeera/767/images/2.jpg']",2
aljazeera/555,,"['aljazeera/555/images/main_image.jpg', 'aljazeera/555/images/2.jpg']",2
aljazeera/2876,,['aljazeera/2876/images/main_image.jpg'],1
aljazeera/131,,"['aljazeera/131/images/main_image.jpg', 'aljazeera/131/images/2.jpg', 'aljazeera/131/images/3.jpg']",3
aljazeera/3198,,['aljazeera/3198/images/main_image.jpg'],1
aljazeera/303,,"['aljazeera/303/images/main_image.jpg', 'aljazeera/303/images/2.jpg']",2
aljazeera/2278,,"['aljazeera/2278/images/main_image.jpg', 'aljazeera/2278/images/1.jpg']",2
aljazeera/2882,,['aljazeera/2882/images/main_image.jpg'],1
aljazeera/1409,,['aljazeera/1409/images/main_image.jpg'],1
aljazeera/1851,,"['aljazeera/1851/images/main_image.jpg', 'aljazeera/1851/images/2.jpg']",2
aljazeera/793,,['aljazeera/793/images/main_image.jpg'],1
aljazeera/3508,,"['aljazeera/3508/images/main_image.jpg', 'aljazeera/3508/images/2.jpg', 'aljazeera/3508/images/1.jpg']",3
aljazeera/2247,,"['aljazeera/2247/images/main_image.jpg', 'aljazeera/2247/images/2.jpg']",2
aljazeera/3395,,"['aljazeera/3395/images/main_image.jpg', 'aljazeera/3395/images/2.jpg']",2
aljazeera/2849,,['aljazeera/2849/images/main_image.jpg'],1
aljazeera/932,,['aljazeera/932/images/main_image.jpg'],1
aljazeera/2075,,"['aljazeera/2075/images/main_image.jpg', 'aljazeera/2075/images/2.jpg']",2
aljazeera/1294,,['aljazeera/1294/images/main_image.jpg'],1
aljazeera/2411,,['aljazeera/2411/images/main_image.jpg'],1
aljazeera/91,,['aljazeera/91/images/main_image.jpg'],1
aljazeera/758,,"['aljazeera/758/images/main_image.jpg', 'aljazeera/758/images/2.jpg']",2
aljazeera/2623,,"['aljazeera/2623/images/main_image.jpg', 'aljazeera/2623/images/2.jpg']",2
aljazeera/1260,,"['aljazeera/1260/images/main_image.jpg', 'aljazeera/1260/images/2.jpg', 'aljazeera/1260/images/1.jpg']",3
aljazeera/3537,,['aljazeera/3537/images/main_image.jpg'],1
aljazeera/65,,['aljazeera/65/images/main_image.jpg'],1
aljazeera/1052,,['aljazeera/1052/images/main_image.jpg'],1
aljazeera/3361,,"['aljazeera/3361/images/main_image.jpg', 'aljazeera/3361/images/1.jpg']",2
aljazeera/1436,,['aljazeera/1436/images/main_image.jpg'],1
aljazeera/1604,,"['aljazeera/1604/images/4.jpg', 'aljazeera/1604/images/main_image.jpg', 'aljazeera/1604/images/2.jpg', 'aljazeera/1604/images/1.jpg']",4
aljazeera/2081,,"['aljazeera/2081/images/main_image.jpg', 'aljazeera/2081/images/1.jpg']",2
aljazeera/3153,,"['aljazeera/3153/images/main_image.jpg', 'aljazeera/3153/images/1.jpg']",2
aljazeera/1258,,['aljazeera/1258/images/main_image.jpg'],1
aljazeera/1856,,"['aljazeera/1856/images/main_image.jpg', 'aljazeera/1856/images/2.jpg', 'aljazeera/1856/images/3.jpg']",3
aljazeera/794,,"['aljazeera/794/images/main_image.jpg', 'aljazeera/794/images/2.jpg', 'aljazeera/794/images/3.jpg']",3
aljazeera/3359,,['aljazeera/3359/images/main_image.jpg'],1
aljazeera/2885,,['aljazeera/2885/images/main_image.jpg'],1
aljazeera/304,,['aljazeera/304/images/main_image.jpg'],1
aljazeera/2871,,['aljazeera/2871/images/main_image.jpg'],1
aljazeera/136,,['aljazeera/136/images/main_image.jpg'],1
aljazeera/552,,"['aljazeera/552/images/main_image.jpg', 'aljazeera/552/images/3.jpg', 'aljazeera/552/images/1.jpg']",3
aljazeera/2429,,['aljazeera/2429/images/main_image.jpg'],1
aljazeera/760,,['aljazeera/760/images/main_image.jpg'],1
aljazeera/1603,,"['aljazeera/1603/images/4.jpg', 'aljazeera/1603/images/main_image.jpg', 'aljazeera/1603/images/2.jpg', 'aljazeera/1603/images/3.jpg']",4
aljazeera/2086,,['aljazeera/2086/images/main_image.jpg'],1
aljazeera/3154,,"['aljazeera/3154/images/main_image.jpg', 'aljazeera/3154/images/2.jpg']",2
aljazeera/3366,,['aljazeera/3366/images/main_image.jpg'],1
aljazeera/1431,,['aljazeera/1431/images/main_image.jpg'],1
aljazeera/1055,,"['aljazeera/1055/images/main_image.jpg', 'aljazeera/1055/images/2.jpg', 'aljazeera/1055/images/3.jpg']",3
aljazeera/1869,,['aljazeera/1869/images/main_image.jpg'],1
aljazeera/1267,,"['aljazeera/1267/images/main_image.jpg', 'aljazeera/1267/images/2.jpg', 'aljazeera/1267/images/3.jpg']",3
aljazeera/3530,,['aljazeera/3530/images/main_image.jpg'],1
aljazeera/62,,['aljazeera/62/images/main_image.jpg'],1
aljazeera/599,,['aljazeera/599/images/main_image.jpg'],1
aljazeera/2624,,['aljazeera/2624/images/main_image.jpg'],1
aljazeera/1293,,"['aljazeera/1293/images/main_image.jpg', 'aljazeera/1293/images/2.jpg']",2
aljazeera/96,,"['aljazeera/96/images/4.jpg', 'aljazeera/96/images/main_image.jpg', 'aljazeera/96/images/2.jpg', 'aljazeera/96/images/3.jpg']",4
aljazeera/2416,,"['aljazeera/2416/images/main_image.jpg', 'aljazeera/2416/images/2.jpg', 'aljazeera/2416/images/3.jpg']",3
aljazeera/935,,['aljazeera/935/images/main_image.jpg'],1
aljazeera/109,,['aljazeera/109/images/main_image.jpg'],1
aljazeera/2072,,['aljazeera/2072/images/main_image.jpg'],1
aljazeera/2240,,"['aljazeera/2240/images/main_image.jpg', 'aljazeera/2240/images/2.jpg']",2
aljazeera/3392,,"['aljazeera/3392/images/4.jpg', 'aljazeera/3392/images/main_image.jpg', 'aljazeera/3392/images/5.jpg', 'aljazeera/3392/images/2.jpg', 'aljazeera/3392/images/3.jpg']",5
aljazeera/1438,,['aljazeera/1438/images/main_image.jpg'],1
aljazeera/590,,['aljazeera/590/images/main_image.jpg'],1
aljazeera/3539,,['aljazeera/3539/images/main_image.jpg'],1
aljazeera/1860,,['aljazeera/1860/images/main_image.jpg'],1
aljazeera/564,,['aljazeera/564/images/main_image.jpg'],1
aljazeera/756,,['aljazeera/756/images/main_image.jpg'],1
aljazeera/1894,,['aljazeera/1894/images/main_image.jpg'],1
aljazeera/2249,,['aljazeera/2249/images/main_image.jpg'],1
aljazeera/332,,"['aljazeera/332/images/main_image.jpg', 'aljazeera/332/images/2.jpg', 'aljazeera/332/images/3.jpg']",3
aljazeera/2847,,['aljazeera/2847/images/main_image.jpg'],1
aljazeera/100,,"['aljazeera/100/images/8.jpg', 'aljazeera/100/images/9.jpg', 'aljazeera/100/images/12.jpg', 'aljazeera/100/images/13.jpg', 'aljazeera/100/images/11.jpg', 'aljazeera/100/images/10.jpg', 'aljazeera/100/images/4.jpg', 'aljazeera/100/images/main_image.jpg', 'aljazeera/100/images/5.jpg', 'aljazeera/100/images/7.jpg', 'aljazeera/100/images/6.jpg', 'aljazeera/100/images/2.jpg', 'aljazeera/100/images/3.jpg']",13
aljazeera/1063,,"['aljazeera/1063/images/4.jpg', 'aljazeera/1063/images/main_image.jpg', 'aljazeera/1063/images/3.jpg', 'aljazeera/1063/images/1.jpg']",4
aljazeera/54,,['aljazeera/54/images/main_image.jpg'],1
aljazeera/3506,,['aljazeera/3506/images/main_image.jpg'],1
aljazeera/1251,,"['aljazeera/1251/images/main_image.jpg', 'aljazeera/1251/images/2.jpg']",2
aljazeera/3162,,['aljazeera/3162/images/main_image.jpg'],1
aljazeera/1635,,['aljazeera/1635/images/main_image.jpg'],1
aljazeera/1407,,"['aljazeera/1407/images/4.jpg', 'aljazeera/1407/images/main_image.jpg', 'aljazeera/1407/images/2.jpg', 'aljazeera/1407/images/3.jpg']",4
aljazeera/3350,,['aljazeera/3350/images/main_image.jpg'],1
aljazeera/2282,,['aljazeera/2282/images/main_image.jpg'],1
aljazeera/903,,['aljazeera/903/images/main_image.jpg'],1
aljazeera/2878,,"['aljazeera/2878/images/main_image.jpg', 'aljazeera/2878/images/2.jpg']",2
aljazeera/3196,,"['aljazeera/3196/images/4.jpg', 'aljazeera/3196/images/main_image.jpg', 'aljazeera/3196/images/5.jpg', 'aljazeera/3196/images/6.jpg', 'aljazeera/3196/images/3.jpg', 'aljazeera/3196/images/1.jpg']",6
aljazeera/2044,,"['aljazeera/2044/images/main_image.jpg', 'aljazeera/2044/images/3.jpg', 'aljazeera/2044/images/1.jpg']",3
aljazeera/2276,,['aljazeera/2276/images/main_image.jpg'],1
aljazeera/1097,,"['aljazeera/1097/images/4.jpg', 'aljazeera/1097/images/main_image.jpg', 'aljazeera/1097/images/2.jpg', 'aljazeera/1097/images/3.jpg']",4
aljazeera/2612,,['aljazeera/2612/images/main_image.jpg'],1
aljazeera/769,,"['aljazeera/769/images/4.jpg', 'aljazeera/769/images/main_image.jpg', 'aljazeera/769/images/5.jpg', 'aljazeera/769/images/7.jpg', 'aljazeera/769/images/6.jpg', 'aljazeera/769/images/3.jpg', 'aljazeera/769/images/1.jpg']",7
aljazeera/2420,,['aljazeera/2420/images/main_image.jpg'],1
aljazeera/2840,,['aljazeera/2840/images/main_image.jpg'],1
aljazeera/107,,['aljazeera/107/images/main_image.jpg'],1
aljazeera/335,,"['aljazeera/335/images/main_image.jpg', 'aljazeera/335/images/1.jpg']",2
aljazeera/751,,['aljazeera/751/images/main_image.jpg'],1
aljazeera/1893,,"['aljazeera/1893/images/main_image.jpg', 'aljazeera/1893/images/3.jpg', 'aljazeera/1893/images/1.jpg']",3
aljazeera/2418,,['aljazeera/2418/images/main_image.jpg'],1
aljazeera/563,,['aljazeera/563/images/main_image.jpg'],1
aljazeera/98,,"['aljazeera/98/images/4.jpg', 'aljazeera/98/images/main_image.jpg', 'aljazeera/98/images/3.jpg', 'aljazeera/98/images/1.jpg']",4
aljazeera/1867,,['aljazeera/1867/images/main_image.jpg'],1
aljazeera/1269,,['aljazeera/1269/images/main_image.jpg'],1
aljazeera/597,,['aljazeera/597/images/main_image.jpg'],1
aljazeera/2088,,['aljazeera/2088/images/main_image.jpg'],1
aljazeera/3368,,['aljazeera/3368/images/main_image.jpg'],1
aljazeera/2427,,['aljazeera/2427/images/main_image.jpg'],1
aljazeera/1090,,['aljazeera/1090/images/main_image.jpg'],1
aljazeera/2615,,['aljazeera/2615/images/main_image.jpg'],1
aljazeera/2271,,['aljazeera/2271/images/main_image.jpg'],1
aljazeera/904,,['aljazeera/904/images/main_image.jpg'],1
aljazeera/3191,,['aljazeera/3191/images/main_image.jpg'],1
aljazeera/2043,,['aljazeera/2043/images/main_image.jpg'],1
aljazeera/138,,"['aljazeera/138/images/main_image.jpg', 'aljazeera/138/images/2.jpg']",2
aljazeera/1400,,"['aljazeera/1400/images/main_image.jpg', 'aljazeera/1400/images/2.jpg']",2
aljazeera/3357,,['aljazeera/3357/images/main_image.jpg'],1
aljazeera/2285,,['aljazeera/2285/images/main_image.jpg'],1
aljazeera/3165,,['aljazeera/3165/images/main_image.jpg'],1
aljazeera/1632,,['aljazeera/1632/images/main_image.jpg'],1
aljazeera/53,,['aljazeera/53/images/main_image.jpg'],1
aljazeera/3501,,['aljazeera/3501/images/main_image.jpg'],1
aljazeera/1256,,"['aljazeera/1256/images/main_image.jpg', 'aljazeera/1256/images/5.jpg', 'aljazeera/1256/images/6.jpg', 'aljazeera/1256/images/2.jpg', 'aljazeera/1256/images/3.jpg', 'aljazeera/1256/images/1.jpg']",6
aljazeera/1064,,['aljazeera/1064/images/main_image.jpg'],1
aljazeera/1858,,"['aljazeera/1858/images/4.jpg', 'aljazeera/1858/images/main_image.jpg', 'aljazeera/1858/images/5.jpg', 'aljazeera/1858/images/7.jpg', 'aljazeera/1858/images/6.jpg', 'aljazeera/1858/images/2.jpg', 'aljazeera/1858/images/3.jpg']",7
aljazeera/3562,,['aljazeera/3562/images/main_image.jpg'],1
aljazeera/30,,['aljazeera/30/images/main_image.jpg'],1
aljazeera/1235,,['aljazeera/1235/images/main_image.jpg'],1
aljazeera/1007,,"['aljazeera/1007/images/main_image.jpg', 'aljazeera/1007/images/2.jpg', 'aljazeera/1007/images/3.jpg']",3
aljazeera/2682,,"['aljazeera/2682/images/main_image.jpg', 'aljazeera/2682/images/2.jpg']",2
aljazeera/1463,,['aljazeera/1463/images/main_image.jpg'],1
aljazeera/3334,,"['aljazeera/3334/images/8.jpg', 'aljazeera/3334/images/4.jpg', 'aljazeera/3334/images/main_image.jpg', 'aljazeera/3334/images/5.jpg', 'aljazeera/3334/images/7.jpg', 'aljazeera/3334/images/6.jpg', 'aljazeera/3334/images/3.jpg', 'aljazeera/3334/images/1.jpg']",8
aljazeera/993,,"['aljazeera/993/images/main_image.jpg', 'aljazeera/993/images/2.jpg', 'aljazeera/993/images/3.jpg']",3
aljazeera/3106,,"['aljazeera/3106/images/4.jpg', 'aljazeera/3106/images/main_image.jpg', 'aljazeera/3106/images/5.jpg', 'aljazeera/3106/images/6.jpg', 'aljazeera/3106/images/2.jpg', 'aljazeera/3106/images/3.jpg']",6
aljazeera/1651,,['aljazeera/1651/images/main_image.jpg'],1
aljazeera/1497,,"['aljazeera/1497/images/main_image.jpg', 'aljazeera/1497/images/1.jpg']",2
aljazeera/369,,"['aljazeera/369/images/4.jpg', 'aljazeera/369/images/main_image.jpg', 'aljazeera/369/images/2.jpg', 'aljazeera/369/images/3.jpg']",4
aljazeera/2212,,"['aljazeera/2212/images/main_image.jpg', 'aljazeera/2212/images/2.jpg']",2
aljazeera/967,,"['aljazeera/967/images/4.jpg', 'aljazeera/967/images/main_image.jpg', 'aljazeera/967/images/2.jpg', 'aljazeera/967/images/3.jpg']",4
aljazeera/2020,,['aljazeera/2020/images/main_image.jpg'],1
aljazeera/3596,,"['aljazeera/3596/images/main_image.jpg', 'aljazeera/3596/images/2.jpg', 'aljazeera/3596/images/3.jpg']",3
aljazeera/2444,,"['aljazeera/2444/images/main_image.jpg', 'aljazeera/2444/images/2.jpg']",2
aljazeera/2676,,"['aljazeera/2676/images/4.jpg', 'aljazeera/2676/images/main_image.jpg', 'aljazeera/2676/images/5.jpg', 'aljazeera/2676/images/6.jpg', 'aljazeera/2676/images/3.jpg', 'aljazeera/2676/images/1.jpg']",6
aljazeera/190,,['aljazeera/190/images/main_image.jpg'],1
aljazeera/3139,,['aljazeera/3139/images/main_image.jpg'],1
aljazeera/1038,,"['aljazeera/1038/images/4.jpg', 'aljazeera/1038/images/main_image.jpg', 'aljazeera/1038/images/2.jpg', 'aljazeera/1038/images/3.jpg']",4
aljazeera/1804,,"['aljazeera/1804/images/4.jpg', 'aljazeera/1804/images/main_image.jpg', 'aljazeera/1804/images/2.jpg', 'aljazeera/1804/images/3.jpg']",4
aljazeera/732,,['aljazeera/732/images/main_image.jpg'],1
aljazeera/2649,,['aljazeera/2649/images/main_image.jpg'],1
aljazeera/500,,['aljazeera/500/images/main_image.jpg'],1
aljazeera/2823,,['aljazeera/2823/images/main_image.jpg'],1
aljazeera/958,,"['aljazeera/958/images/main_image.jpg', 'aljazeera/958/images/2.jpg', 'aljazeera/958/images/3.jpg']",3
aljazeera/164,,['aljazeera/164/images/main_image.jpg'],1
aljazeera/356,,['aljazeera/356/images/main_image.jpg'],1
aljazeera/2671,,['aljazeera/2671/images/main_image.jpg'],1
aljazeera/3591,,['aljazeera/3591/images/main_image.jpg'],1
aljazeera/538,,"['aljazeera/538/images/4.jpg', 'aljazeera/538/images/main_image.jpg', 'aljazeera/538/images/2.jpg', 'aljazeera/538/images/3.jpg']",4
aljazeera/2443,,['aljazeera/2443/images/main_image.jpg'],1
aljazeera/960,,"['aljazeera/960/images/4.jpg', 'aljazeera/960/images/main_image.jpg', 'aljazeera/960/images/5.jpg', 'aljazeera/960/images/2.jpg', 'aljazeera/960/images/1.jpg']",5
aljazeera/2027,,"['aljazeera/2027/images/main_image.jpg', 'aljazeera/2027/images/2.jpg']",2
aljazeera/1490,,['aljazeera/1490/images/main_image.jpg'],1
aljazeera/2215,,['aljazeera/2215/images/main_image.jpg'],1
aljazeera/994,,['aljazeera/994/images/main_image.jpg'],1
aljazeera/3101,,['aljazeera/3101/images/main_image.jpg'],1
aljazeera/1656,,['aljazeera/1656/images/main_image.jpg'],1
aljazeera/1464,,"['aljazeera/1464/images/main_image.jpg', 'aljazeera/1464/images/2.jpg']",2
aljazeera/3333,,['aljazeera/3333/images/main_image.jpg'],1
aljazeera/1000,,"['aljazeera/1000/images/4.jpg', 'aljazeera/1000/images/main_image.jpg', 'aljazeera/1000/images/5.jpg', 'aljazeera/1000/images/2.jpg', 'aljazeera/1000/images/3.jpg']",5
aljazeera/2685,,"['aljazeera/2685/images/main_image.jpg', 'aljazeera/2685/images/2.jpg', 'aljazeera/2685/images/3.jpg', 'aljazeera/2685/images/1.jpg']",4
aljazeera/3565,,['aljazeera/3565/images/main_image.jpg'],1
aljazeera/37,,"['aljazeera/37/images/main_image.jpg', 'aljazeera/37/images/2.jpg']",2
aljazeera/1232,,['aljazeera/1232/images/main_image.jpg'],1
aljazeera/351,,['aljazeera/351/images/main_image.jpg'],1
aljazeera/2824,,['aljazeera/2824/images/main_image.jpg'],1
aljazeera/163,,['aljazeera/163/images/main_image.jpg'],1
aljazeera/2018,,"['aljazeera/2018/images/main_image.jpg', 'aljazeera/2018/images/2.jpg']",2
aljazeera/507,,['aljazeera/507/images/main_image.jpg'],1
aljazeera/735,,['aljazeera/735/images/main_image.jpg'],1
aljazeera/2488,,['aljazeera/2488/images/main_image.jpg'],1
aljazeera/1803,,['aljazeera/1803/images/main_image.jpg'],1
aljazeera/1669,,"['aljazeera/1669/images/main_image.jpg', 'aljazeera/1669/images/2.jpg', 'aljazeera/1669/images/3.jpg']",3
aljazeera/197,,['aljazeera/197/images/main_image.jpg'],1
aljazeera/1694,,['aljazeera/1694/images/main_image.jpg'],1
aljazeera/956,,"['aljazeera/956/images/main_image.jpg', 'aljazeera/956/images/2.jpg', 'aljazeera/956/images/3.jpg']",3
aljazeera/2011,,['aljazeera/2011/images/main_image.jpg'],1
aljazeera/2223,,"['aljazeera/2223/images/main_image.jpg', 'aljazeera/2223/images/2.jpg']",2
aljazeera/358,,"['aljazeera/358/images/main_image.jpg', 'aljazeera/358/images/1.jpg']",2
aljazeera/2647,,['aljazeera/2647/images/main_image.jpg'],1
aljazeera/2475,,"['aljazeera/2475/images/9.jpg', 'aljazeera/2475/images/12.jpg', 'aljazeera/2475/images/13.jpg', 'aljazeera/2475/images/11.jpg', 'aljazeera/2475/images/10.jpg', 'aljazeera/2475/images/4.jpg', 'aljazeera/2475/images/main_image.jpg', 'aljazeera/2475/images/5.jpg', 'aljazeera/2475/images/7.jpg', 'aljazeera/2475/images/6.jpg', 'aljazeera/2475/images/2.jpg', 'aljazeera/2475/images/3.jpg', 'aljazeera/2475/images/1.jpg']",13
aljazeera/1036,,"['aljazeera/1036/images/main_image.jpg', 'aljazeera/1036/images/2.jpg']",2
aljazeera/1204,,['aljazeera/1204/images/main_image.jpg'],1
aljazeera/2481,,['aljazeera/2481/images/main_image.jpg'],1
aljazeera/3553,,['aljazeera/3553/images/main_image.jpg'],1
aljazeera/1660,,['aljazeera/1660/images/main_image.jpg'],1
aljazeera/3137,,['aljazeera/3137/images/main_image.jpg'],1
aljazeera/3305,,['aljazeera/3305/images/main_image.jpg'],1
aljazeera/1452,,"['aljazeera/1452/images/main_image.jpg', 'aljazeera/1452/images/2.jpg', 'aljazeera/1452/images/3.jpg']",3
aljazeera/531,,['aljazeera/531/images/main_image.jpg'],1
aljazeera/3598,,['aljazeera/3598/images/main_image.jpg'],1
aljazeera/2678,,['aljazeera/2678/images/main_image.jpg'],1
aljazeera/703,,['aljazeera/703/images/main_image.jpg'],1
aljazeera/1499,,['aljazeera/1499/images/main_image.jpg'],1
aljazeera/367,,['aljazeera/367/images/main_image.jpg'],1
aljazeera/969,,"['aljazeera/969/images/main_image.jpg', 'aljazeera/969/images/2.jpg']",2
aljazeera/2812,,['aljazeera/2812/images/main_image.jpg'],1
aljazeera/155,,['aljazeera/155/images/main_image.jpg'],1
aljazeera/393,,['aljazeera/393/images/main_image.jpg'],1
aljazeera/3108,,"['aljazeera/3108/images/main_image.jpg', 'aljazeera/3108/images/2.jpg']",2
aljazeera/1009,,['aljazeera/1009/images/main_image.jpg'],1
aljazeera/1835,,['aljazeera/1835/images/main_image.jpg'],1
aljazeera/3302,,"['aljazeera/3302/images/main_image.jpg', 'aljazeera/3302/images/2.jpg', 'aljazeera/3302/images/1.jpg']",3
aljazeera/1455,,['aljazeera/1455/images/main_image.jpg'],1
aljazeera/1667,,['aljazeera/1667/images/main_image.jpg'],1
aljazeera/3130,,"['aljazeera/3130/images/main_image.jpg', 'aljazeera/3130/images/3.jpg', 'aljazeera/3130/images/1.jpg']",3
aljazeera/199,,"['aljazeera/199/images/main_image.jpg', 'aljazeera/199/images/2.jpg', 'aljazeera/199/images/3.jpg']",3
aljazeera/1203,,"['aljazeera/1203/images/4.jpg', 'aljazeera/1203/images/main_image.jpg', 'aljazeera/1203/images/5.jpg', 'aljazeera/1203/images/6.jpg', 'aljazeera/1203/images/2.jpg', 'aljazeera/1203/images/3.jpg']",6
aljazeera/2486,,['aljazeera/2486/images/main_image.jpg'],1
aljazeera/3554,,['aljazeera/3554/images/main_image.jpg'],1
aljazeera/1031,,"['aljazeera/1031/images/main_image.jpg', 'aljazeera/1031/images/2.jpg']",2
aljazeera/2472,,['aljazeera/2472/images/main_image.jpg'],1
aljazeera/509,,"['aljazeera/509/images/main_image.jpg', 'aljazeera/509/images/1.jpg']",2
aljazeera/2640,,['aljazeera/2640/images/main_image.jpg'],1
aljazeera/2224,,"['aljazeera/2224/images/main_image.jpg', 'aljazeera/2224/images/2.jpg', 'aljazeera/2224/images/3.jpg']",3
aljazeera/1693,,"['aljazeera/1693/images/main_image.jpg', 'aljazeera/1693/images/2.jpg', 'aljazeera/1693/images/3.jpg']",3
aljazeera/951,,['aljazeera/951/images/main_image.jpg'],1
aljazeera/2016,,['aljazeera/2016/images/main_image.jpg'],1
aljazeera/1832,,"['aljazeera/1832/images/main_image.jpg', 'aljazeera/1832/images/2.jpg']",2
aljazeera/39,,['aljazeera/39/images/main_image.jpg'],1
aljazeera/1658,,"['aljazeera/1658/images/main_image.jpg', 'aljazeera/1658/images/2.jpg']",2
aljazeera/394,,"['aljazeera/394/images/4.jpg', 'aljazeera/394/images/main_image.jpg', 'aljazeera/394/images/3.jpg', 'aljazeera/394/images/1.jpg']",4
aljazeera/2815,,"['aljazeera/2815/images/4.jpg', 'aljazeera/2815/images/main_image.jpg', 'aljazeera/2815/images/2.jpg', 'aljazeera/2815/images/3.jpg']",4
aljazeera/2029,,['aljazeera/2029/images/main_image.jpg'],1
aljazeera/152,,['aljazeera/152/images/main_image.jpg'],1
aljazeera/360,,"['aljazeera/360/images/main_image.jpg', 'aljazeera/360/images/2.jpg']",2
aljazeera/704,,['aljazeera/704/images/main_image.jpg'],1
aljazeera/536,,['aljazeera/536/images/main_image.jpg'],1
aljazeera/1268,,"['aljazeera/1268/images/8.jpg', 'aljazeera/1268/images/9.jpg', 'aljazeera/1268/images/4.jpg', 'aljazeera/1268/images/main_image.jpg', 'aljazeera/1268/images/5.jpg', 'aljazeera/1268/images/7.jpg', 'aljazeera/1268/images/6.jpg', 'aljazeera/1268/images/3.jpg', 'aljazeera/1268/images/1.jpg']",9
aljazeera/596,,['aljazeera/596/images/main_image.jpg'],1
aljazeera/1866,,['aljazeera/1866/images/main_image.jpg'],1
aljazeera/3369,,['aljazeera/3369/images/main_image.jpg'],1
aljazeera/2089,,"['aljazeera/2089/images/main_image.jpg', 'aljazeera/2089/images/1.jpg']",2
aljazeera/334,,['aljazeera/334/images/main_image.jpg'],1
aljazeera/106,,['aljazeera/106/images/main_image.jpg'],1
aljazeera/2841,,"['aljazeera/2841/images/main_image.jpg', 'aljazeera/2841/images/2.jpg', 'aljazeera/2841/images/1.jpg']",3
aljazeera/99,,"['aljazeera/99/images/4.jpg', 'aljazeera/99/images/main_image.jpg', 'aljazeera/99/images/5.jpg', 'aljazeera/99/images/6.jpg', 'aljazeera/99/images/3.jpg', 'aljazeera/99/images/1.jpg']",6
aljazeera/562,,"['aljazeera/562/images/4.jpg', 'aljazeera/562/images/main_image.jpg', 'aljazeera/562/images/5.jpg', 'aljazeera/562/images/7.jpg', 'aljazeera/562/images/6.jpg', 'aljazeera/562/images/3.jpg', 'aljazeera/562/images/1.jpg']",7
aljazeera/2419,,"['aljazeera/2419/images/8.jpg', 'aljazeera/2419/images/4.jpg', 'aljazeera/2419/images/main_image.jpg', 'aljazeera/2419/images/5.jpg', 'aljazeera/2419/images/7.jpg', 'aljazeera/2419/images/6.jpg', 'aljazeera/2419/images/3.jpg', 'aljazeera/2419/images/1.jpg']",8
aljazeera/750,,"['aljazeera/750/images/main_image.jpg', 'aljazeera/750/images/2.jpg', 'aljazeera/750/images/3.jpg']",3
aljazeera/1892,,"['aljazeera/1892/images/4.jpg', 'aljazeera/1892/images/main_image.jpg', 'aljazeera/1892/images/5.jpg', 'aljazeera/1892/images/6.jpg', 'aljazeera/1892/images/2.jpg', 'aljazeera/1892/images/3.jpg']",6
aljazeera/3164,,"['aljazeera/3164/images/main_image.jpg', 'aljazeera/3164/images/2.jpg', 'aljazeera/3164/images/1.jpg']",3
aljazeera/1633,,"['aljazeera/1633/images/main_image.jpg', 'aljazeera/1633/images/2.jpg']",2
aljazeera/1401,,"['aljazeera/1401/images/main_image.jpg', 'aljazeera/1401/images/1.jpg']",2
aljazeera/3356,,['aljazeera/3356/images/main_image.jpg'],1
aljazeera/2284,,['aljazeera/2284/images/main_image.jpg'],1
aljazeera/1859,,"['aljazeera/1859/images/main_image.jpg', 'aljazeera/1859/images/2.jpg']",2
aljazeera/1065,,['aljazeera/1065/images/main_image.jpg'],1
aljazeera/52,,['aljazeera/52/images/main_image.jpg'],1
aljazeera/3500,,"['aljazeera/3500/images/main_image.jpg', 'aljazeera/3500/images/2.jpg']",2
aljazeera/1257,,"['aljazeera/1257/images/main_image.jpg', 'aljazeera/1257/images/2.jpg', 'aljazeera/1257/images/3.jpg']",3
aljazeera/1091,,"['aljazeera/1091/images/main_image.jpg', 'aljazeera/1091/images/1.jpg']",2
aljazeera/2614,,['aljazeera/2614/images/main_image.jpg'],1
aljazeera/2426,,"['aljazeera/2426/images/4.jpg', 'aljazeera/2426/images/main_image.jpg', 'aljazeera/2426/images/3.jpg', 'aljazeera/2426/images/1.jpg']",4
aljazeera/3190,,['aljazeera/3190/images/main_image.jpg'],1
aljazeera/139,,"['aljazeera/139/images/main_image.jpg', 'aljazeera/139/images/5.jpg', 'aljazeera/139/images/6.jpg', 'aljazeera/139/images/2.jpg', 'aljazeera/139/images/3.jpg', 'aljazeera/139/images/1.jpg']",6
aljazeera/2042,,['aljazeera/2042/images/main_image.jpg'],1
aljazeera/905,,"['aljazeera/905/images/main_image.jpg', 'aljazeera/905/images/2.jpg', 'aljazeera/905/images/1.jpg']",3
aljazeera/2270,,['aljazeera/2270/images/main_image.jpg'],1
aljazeera/757,,['aljazeera/757/images/main_image.jpg'],1
aljazeera/1895,,['aljazeera/1895/images/main_image.jpg'],1
aljazeera/565,,"['aljazeera/565/images/main_image.jpg', 'aljazeera/565/images/2.jpg']",2
aljazeera/101,,['aljazeera/101/images/main_image.jpg'],1
aljazeera/2846,,['aljazeera/2846/images/main_image.jpg'],1
aljazeera/333,,"['aljazeera/333/images/main_image.jpg', 'aljazeera/333/images/2.jpg']",2
aljazeera/2248,,"['aljazeera/2248/images/main_image.jpg', 'aljazeera/2248/images/2.jpg']",2
aljazeera/1439,,['aljazeera/1439/images/main_image.jpg'],1
aljazeera/1861,,"['aljazeera/1861/images/8.jpg', 'aljazeera/1861/images/4.jpg', 'aljazeera/1861/images/main_image.jpg', 'aljazeera/1861/images/5.jpg', 'aljazeera/1861/images/7.jpg', 'aljazeera/1861/images/6.jpg', 'aljazeera/1861/images/3.jpg', 'aljazeera/1861/images/1.jpg']",8
aljazeera/591,,"['aljazeera/591/images/main_image.jpg', 'aljazeera/591/images/2.jpg']",2
aljazeera/3538,,"['aljazeera/3538/images/main_image.jpg', 'aljazeera/3538/images/2.jpg', 'aljazeera/3538/images/3.jpg']",3
aljazeera/2277,,['aljazeera/2277/images/main_image.jpg'],1
aljazeera/3197,,['aljazeera/3197/images/main_image.jpg'],1
aljazeera/2045,,['aljazeera/2045/images/main_image.jpg'],1
aljazeera/2879,,['aljazeera/2879/images/main_image.jpg'],1
aljazeera/902,,['aljazeera/902/images/main_image.jpg'],1
aljazeera/2421,,"['aljazeera/2421/images/main_image.jpg', 'aljazeera/2421/images/2.jpg', 'aljazeera/2421/images/3.jpg']",3
aljazeera/1096,,['aljazeera/1096/images/main_image.jpg'],1
aljazeera/768,,['aljazeera/768/images/main_image.jpg'],1
aljazeera/2613,,['aljazeera/2613/images/main_image.jpg'],1
aljazeera/55,,"['aljazeera/55/images/4.jpg', 'aljazeera/55/images/main_image.jpg', 'aljazeera/55/images/2.jpg', 'aljazeera/55/images/1.jpg']",4
aljazeera/3507,,"['aljazeera/3507/images/main_image.jpg', 'aljazeera/3507/images/3.jpg', 'aljazeera/3507/images/1.jpg']",3
aljazeera/1250,,"['aljazeera/1250/images/main_image.jpg', 'aljazeera/1250/images/2.jpg', 'aljazeera/1250/images/3.jpg']",3
aljazeera/1062,,['aljazeera/1062/images/main_image.jpg'],1
aljazeera/1406,,['aljazeera/1406/images/main_image.jpg'],1
aljazeera/3351,,"['aljazeera/3351/images/main_image.jpg', 'aljazeera/3351/images/2.jpg']",2
aljazeera/2283,,"['aljazeera/2283/images/main_image.jpg', 'aljazeera/2283/images/2.jpg', 'aljazeera/2283/images/1.jpg']",3
aljazeera/3163,,"['aljazeera/3163/images/main_image.jpg', 'aljazeera/3163/images/2.jpg', 'aljazeera/3163/images/3.jpg']",3
aljazeera/1634,,['aljazeera/1634/images/main_image.jpg'],1
aljazeera/137,,['aljazeera/137/images/main_image.jpg'],1
aljazeera/2870,,['aljazeera/2870/images/main_image.jpg'],1
aljazeera/305,,"['aljazeera/305/images/4.jpg', 'aljazeera/305/images/main_image.jpg', 'aljazeera/305/images/2.jpg', 'aljazeera/305/images/3.jpg']",4
aljazeera/761,,['aljazeera/761/images/main_image.jpg'],1
aljazeera/2428,,['aljazeera/2428/images/main_image.jpg'],1
aljazeera/553,,"['aljazeera/553/images/main_image.jpg', 'aljazeera/553/images/3.jpg', 'aljazeera/553/images/1.jpg']",3
aljazeera/1857,,"['aljazeera/1857/images/main_image.jpg', 'aljazeera/1857/images/1.jpg']",2
aljazeera/795,,"['aljazeera/795/images/main_image.jpg', 'aljazeera/795/images/2.jpg']",2
aljazeera/1259,,['aljazeera/1259/images/main_image.jpg'],1
aljazeera/2884,,['aljazeera/2884/images/main_image.jpg'],1
aljazeera/3358,,['aljazeera/3358/images/main_image.jpg'],1
aljazeera/1292,,['aljazeera/1292/images/main_image.jpg'],1
aljazeera/2417,,"['aljazeera/2417/images/main_image.jpg', 'aljazeera/2417/images/2.jpg']",2
aljazeera/97,,['aljazeera/97/images/main_image.jpg'],1
aljazeera/2625,,"['aljazeera/2625/images/4.jpg', 'aljazeera/2625/images/main_image.jpg', 'aljazeera/2625/images/3.jpg', 'aljazeera/2625/images/1.jpg']",4
aljazeera/2241,,['aljazeera/2241/images/main_image.jpg'],1
aljazeera/3393,,['aljazeera/3393/images/main_image.jpg'],1
aljazeera/2073,,['aljazeera/2073/images/main_image.jpg'],1
aljazeera/108,,['aljazeera/108/images/main_image.jpg'],1
aljazeera/934,,['aljazeera/934/images/main_image.jpg'],1
aljazeera/3367,,"['aljazeera/3367/images/main_image.jpg', 'aljazeera/3367/images/2.jpg', 'aljazeera/3367/images/3.jpg']",3
aljazeera/1430,,['aljazeera/1430/images/main_image.jpg'],1
aljazeera/1602,,"['aljazeera/1602/images/4.jpg', 'aljazeera/1602/images/main_image.jpg', 'aljazeera/1602/images/2.jpg', 'aljazeera/1602/images/1.jpg']",4
aljazeera/2087,,"['aljazeera/2087/images/4.jpg', 'aljazeera/2087/images/main_image.jpg', 'aljazeera/2087/images/2.jpg', 'aljazeera/2087/images/1.jpg']",4
aljazeera/3155,,"['aljazeera/3155/images/main_image.jpg', 'aljazeera/3155/images/2.jpg']",2
aljazeera/1266,,['aljazeera/1266/images/main_image.jpg'],1
aljazeera/3531,,['aljazeera/3531/images/main_image.jpg'],1
aljazeera/598,,"['aljazeera/598/images/4.jpg', 'aljazeera/598/images/main_image.jpg', 'aljazeera/598/images/5.jpg', 'aljazeera/598/images/2.jpg', 'aljazeera/598/images/3.jpg']",5
aljazeera/63,,"['aljazeera/63/images/4.jpg', 'aljazeera/63/images/main_image.jpg', 'aljazeera/63/images/2.jpg', 'aljazeera/63/images/3.jpg']",4
aljazeera/1868,,"['aljazeera/1868/images/main_image.jpg', 'aljazeera/1868/images/2.jpg', 'aljazeera/1868/images/3.jpg']",3
aljazeera/1054,,['aljazeera/1054/images/main_image.jpg'],1
aljazeera/1408,,['aljazeera/1408/images/main_image.jpg'],1
aljazeera/2883,,['aljazeera/2883/images/main_image.jpg'],1
aljazeera/3509,,"['aljazeera/3509/images/4.jpg', 'aljazeera/3509/images/main_image.jpg', 'aljazeera/3509/images/2.jpg', 'aljazeera/3509/images/3.jpg']",4
aljazeera/1850,,"['aljazeera/1850/images/4.jpg', 'aljazeera/1850/images/main_image.jpg', 'aljazeera/1850/images/5.jpg', 'aljazeera/1850/images/7.jpg', 'aljazeera/1850/images/2.jpg', 'aljazeera/1850/images/3.jpg', 'aljazeera/1850/images/1.jpg']",7
aljazeera/792,,"['aljazeera/792/images/main_image.jpg', 'aljazeera/792/images/3.jpg', 'aljazeera/792/images/1.jpg']",3
aljazeera/554,,"['aljazeera/554/images/main_image.jpg', 'aljazeera/554/images/2.jpg', 'aljazeera/554/images/3.jpg']",3
aljazeera/1098,,['aljazeera/1098/images/main_image.jpg'],1
aljazeera/766,,['aljazeera/766/images/main_image.jpg'],1
aljazeera/2279,,['aljazeera/2279/images/main_image.jpg'],1
aljazeera/302,,"['aljazeera/302/images/main_image.jpg', 'aljazeera/302/images/2.jpg']",2
aljazeera/130,,"['aljazeera/130/images/4.jpg', 'aljazeera/130/images/main_image.jpg', 'aljazeera/130/images/6.jpg', 'aljazeera/130/images/2.jpg', 'aljazeera/130/images/3.jpg', 'aljazeera/130/images/1.jpg']",6
aljazeera/3199,,['aljazeera/3199/images/main_image.jpg'],1
aljazeera/2877,,"['aljazeera/2877/images/4.jpg', 'aljazeera/2877/images/main_image.jpg', 'aljazeera/2877/images/5.jpg', 'aljazeera/2877/images/7.jpg', 'aljazeera/2877/images/6.jpg', 'aljazeera/2877/images/2.jpg', 'aljazeera/2877/images/3.jpg']",7
aljazeera/1053,,"['aljazeera/1053/images/main_image.jpg', 'aljazeera/1053/images/2.jpg', 'aljazeera/1053/images/3.jpg']",3
aljazeera/1261,,"['aljazeera/1261/images/main_image.jpg', 'aljazeera/1261/images/2.jpg', 'aljazeera/1261/images/3.jpg']",3
aljazeera/3536,,"['aljazeera/3536/images/main_image.jpg', 'aljazeera/3536/images/3.jpg', 'aljazeera/3536/images/1.jpg']",3
aljazeera/64,,"['aljazeera/64/images/4.jpg', 'aljazeera/64/images/main_image.jpg', 'aljazeera/64/images/5.jpg', 'aljazeera/64/images/2.jpg', 'aljazeera/64/images/1.jpg']",5
aljazeera/1605,,"['aljazeera/1605/images/main_image.jpg', 'aljazeera/1605/images/2.jpg']",2
aljazeera/2080,,"['aljazeera/2080/images/main_image.jpg', 'aljazeera/2080/images/2.jpg']",2
aljazeera/3152,,"['aljazeera/3152/images/main_image.jpg', 'aljazeera/3152/images/2.jpg', 'aljazeera/3152/images/3.jpg']",3
aljazeera/3360,,"['aljazeera/3360/images/main_image.jpg', 'aljazeera/3360/images/2.jpg']",2
aljazeera/1437,,['aljazeera/1437/images/main_image.jpg'],1
aljazeera/2074,,"['aljazeera/2074/images/main_image.jpg', 'aljazeera/2074/images/2.jpg', 'aljazeera/2074/images/3.jpg']",3
aljazeera/933,,"['aljazeera/933/images/4.jpg', 'aljazeera/933/images/main_image.jpg', 'aljazeera/933/images/5.jpg', 'aljazeera/933/images/6.jpg', 'aljazeera/933/images/2.jpg', 'aljazeera/933/images/1.jpg']",6
aljazeera/2848,,['aljazeera/2848/images/main_image.jpg'],1
aljazeera/2246,,"['aljazeera/2246/images/4.jpg', 'aljazeera/2246/images/main_image.jpg', 'aljazeera/2246/images/2.jpg', 'aljazeera/2246/images/3.jpg']",4
aljazeera/3394,,['aljazeera/3394/images/main_image.jpg'],1
aljazeera/2622,,['aljazeera/2622/images/main_image.jpg'],1
aljazeera/759,,['aljazeera/759/images/main_image.jpg'],1
aljazeera/1295,,['aljazeera/1295/images/main_image.jpg'],1
aljazeera/90,,['aljazeera/90/images/main_image.jpg'],1
aljazeera/2410,,['aljazeera/2410/images/main_image.jpg'],1
aljazeera/2750,,"['aljazeera/2750/images/main_image.jpg', 'aljazeera/2750/images/2.jpg']",2
aljazeera/2562,,"['aljazeera/2562/images/main_image.jpg', 'aljazeera/2562/images/3.jpg', 'aljazeera/2562/images/1.jpg']",3
aljazeera/419,,['aljazeera/419/images/main_image.jpg'],1
aljazeera/1783,,['aljazeera/1783/images/main_image.jpg'],1
aljazeera/841,,"['aljazeera/841/images/main_image.jpg', 'aljazeera/841/images/2.jpg']",2
aljazeera/2106,,"['aljazeera/2106/images/main_image.jpg', 'aljazeera/2106/images/2.jpg', 'aljazeera/2106/images/3.jpg']",3
aljazeera/2334,,['aljazeera/2334/images/main_image.jpg'],1
aljazeera/1777,,"['aljazeera/1777/images/main_image.jpg', 'aljazeera/1777/images/2.jpg']",2
aljazeera/3020,,"['aljazeera/3020/images/main_image.jpg', 'aljazeera/3020/images/2.jpg', 'aljazeera/3020/images/3.jpg']",3
aljazeera/3212,,['aljazeera/3212/images/main_image.jpg'],1
aljazeera/1545,,[],0
aljazeera/1121,,"['aljazeera/1121/images/main_image.jpg', 'aljazeera/1121/images/2.jpg']",2
aljazeera/1313,,"['aljazeera/1313/images/main_image.jpg', 'aljazeera/1313/images/1.jpg']",2
aljazeera/3444,,"['aljazeera/3444/images/4.jpg', 'aljazeera/3444/images/main_image.jpg', 'aljazeera/3444/images/2.jpg', 'aljazeera/3444/images/3.jpg']",4
aljazeera/2596,,['aljazeera/2596/images/main_image.jpg'],1
aljazeera/270,,['aljazeera/270/images/main_image.jpg'],1
aljazeera/2905,,"['aljazeera/2905/images/main_image.jpg', 'aljazeera/2905/images/2.jpg', 'aljazeera/2905/images/3.jpg']",3
aljazeera/2139,,['aljazeera/2139/images/main_image.jpg'],1
aljazeera/426,,"['aljazeera/426/images/main_image.jpg', 'aljazeera/426/images/1.jpg']",2
aljazeera/614,,"['aljazeera/614/images/main_image.jpg', 'aljazeera/614/images/2.jpg']",2
aljazeera/1922,,"['aljazeera/1922/images/main_image.jpg', 'aljazeera/1922/images/2.jpg', 'aljazeera/1922/images/3.jpg']",3
aljazeera/3649,,"['aljazeera/3649/images/main_image.jpg', 'aljazeera/3649/images/2.jpg']",2
aljazeera/284,,['aljazeera/284/images/main_image.jpg'],1
aljazeera/1748,,['aljazeera/1748/images/main_image.jpg'],1
aljazeera/1314,,"['aljazeera/1314/images/main_image.jpg', 'aljazeera/1314/images/2.jpg']",2
aljazeera/3443,,['aljazeera/3443/images/main_image.jpg'],1
aljazeera/2591,,"['aljazeera/2591/images/main_image.jpg', 'aljazeera/2591/images/2.jpg']",2
aljazeera/1126,,"['aljazeera/1126/images/4.jpg', 'aljazeera/1126/images/main_image.jpg', 'aljazeera/1126/images/2.jpg', 'aljazeera/1126/images/3.jpg']",4
aljazeera/3215,,['aljazeera/3215/images/main_image.jpg'],1
aljazeera/1542,,['aljazeera/1542/images/main_image.jpg'],1
aljazeera/1770,,['aljazeera/1770/images/main_image.jpg'],1
aljazeera/3027,,['aljazeera/3027/images/main_image.jpg'],1
aljazeera/2333,,['aljazeera/2333/images/main_image.jpg'],1
aljazeera/248,,['aljazeera/248/images/main_image.jpg'],1
aljazeera/1784,,"['aljazeera/1784/images/main_image.jpg', 'aljazeera/1784/images/3.jpg', 'aljazeera/1784/images/1.jpg']",3
aljazeera/846,,['aljazeera/846/images/main_image.jpg'],1
aljazeera/2101,,['aljazeera/2101/images/main_image.jpg'],1
aljazeera/2565,,"['aljazeera/2565/images/4.jpg', 'aljazeera/2565/images/main_image.jpg', 'aljazeera/2565/images/3.jpg', 'aljazeera/2565/images/1.jpg']",4
aljazeera/2757,,['aljazeera/2757/images/main_image.jpg'],1
aljazeera/3018,,"['aljazeera/3018/images/4.jpg', 'aljazeera/3018/images/main_image.jpg', 'aljazeera/3018/images/6.jpg', 'aljazeera/3018/images/2.jpg', 'aljazeera/3018/images/3.jpg', 'aljazeera/3018/images/1.jpg']",6
aljazeera/283,,['aljazeera/283/images/main_image.jpg'],1
aljazeera/1119,,"['aljazeera/1119/images/main_image.jpg', 'aljazeera/1119/images/5.jpg', 'aljazeera/1119/images/6.jpg', 'aljazeera/1119/images/2.jpg', 'aljazeera/1119/images/3.jpg', 'aljazeera/1119/images/1.jpg']",6
aljazeera/1925,,"['aljazeera/1925/images/main_image.jpg', 'aljazeera/1925/images/2.jpg', 'aljazeera/1925/images/1.jpg']",3
aljazeera/2768,,['aljazeera/2768/images/main_image.jpg'],1
aljazeera/613,,['aljazeera/613/images/main_image.jpg'],1
aljazeera/3488,,['aljazeera/3488/images/main_image.jpg'],1
aljazeera/421,,['aljazeera/421/images/main_image.jpg'],1
aljazeera/879,,['aljazeera/879/images/main_image.jpg'],1
aljazeera/2902,,['aljazeera/2902/images/main_image.jpg'],1
aljazeera/1589,,"['aljazeera/1589/images/main_image.jpg', 'aljazeera/1589/images/2.jpg', 'aljazeera/1589/images/3.jpg']",3
aljazeera/277,,['aljazeera/277/images/main_image.jpg'],1
aljazeera/1574,,"['aljazeera/1574/images/main_image.jpg', 'aljazeera/1574/images/1.jpg']",2
aljazeera/3223,,"['aljazeera/3223/images/4.jpg', 'aljazeera/3223/images/main_image.jpg', 'aljazeera/3223/images/2.jpg', 'aljazeera/3223/images/3.jpg']",4
aljazeera/884,,['aljazeera/884/images/main_image.jpg'],1
aljazeera/3011,,"['aljazeera/3011/images/main_image.jpg', 'aljazeera/3011/images/2.jpg', 'aljazeera/3011/images/3.jpg']",3
aljazeera/1746,,"['aljazeera/1746/images/main_image.jpg', 'aljazeera/1746/images/2.jpg']",2
aljazeera/3475,,"['aljazeera/3475/images/4.jpg', 'aljazeera/3475/images/main_image.jpg', 'aljazeera/3475/images/5.jpg', 'aljazeera/3475/images/3.jpg', 'aljazeera/3475/images/1.jpg']",5
aljazeera/1322,,['aljazeera/1322/images/main_image.jpg'],1
aljazeera/1110,,"['aljazeera/1110/images/4.jpg', 'aljazeera/1110/images/main_image.jpg', 'aljazeera/1110/images/5.jpg', 'aljazeera/1110/images/6.jpg', 'aljazeera/1110/images/2.jpg', 'aljazeera/1110/images/3.jpg']",6
aljazeera/2795,,['aljazeera/2795/images/main_image.jpg'],1
aljazeera/3647,,"['aljazeera/3647/images/main_image.jpg', 'aljazeera/3647/images/5.jpg', 'aljazeera/3647/images/2.jpg', 'aljazeera/3647/images/3.jpg', 'aljazeera/3647/images/1.jpg']",5
aljazeera/428,,"['aljazeera/428/images/4.jpg', 'aljazeera/428/images/main_image.jpg', 'aljazeera/428/images/5.jpg', 'aljazeera/428/images/2.jpg', 'aljazeera/428/images/3.jpg']",5
aljazeera/2553,,['aljazeera/2553/images/main_image.jpg'],1
aljazeera/3481,,['aljazeera/3481/images/main_image.jpg'],1
aljazeera/2761,,"['aljazeera/2761/images/4.jpg', 'aljazeera/2761/images/main_image.jpg', 'aljazeera/2761/images/5.jpg', 'aljazeera/2761/images/3.jpg', 'aljazeera/2761/images/1.jpg']",5
aljazeera/1580,,['aljazeera/1580/images/main_image.jpg'],1
aljazeera/2305,,['aljazeera/2305/images/main_image.jpg'],1
aljazeera/870,,"['aljazeera/870/images/main_image.jpg', 'aljazeera/870/images/2.jpg', 'aljazeera/870/images/3.jpg']",3
aljazeera/2137,,"['aljazeera/2137/images/main_image.jpg', 'aljazeera/2137/images/2.jpg']",2
aljazeera/1913,,"['aljazeera/1913/images/4.jpg', 'aljazeera/1913/images/main_image.jpg', 'aljazeera/1913/images/5.jpg', 'aljazeera/1913/images/6.jpg', 'aljazeera/1913/images/2.jpg', 'aljazeera/1913/images/3.jpg']",6
aljazeera/2598,,"['aljazeera/2598/images/main_image.jpg', 'aljazeera/2598/images/2.jpg', 'aljazeera/2598/images/3.jpg']",3
aljazeera/1779,,['aljazeera/1779/images/main_image.jpg'],1
aljazeera/2934,,['aljazeera/2934/images/main_image.jpg'],1
aljazeera/2108,,['aljazeera/2108/images/main_image.jpg'],1
aljazeera/241,,"['aljazeera/241/images/4.jpg', 'aljazeera/241/images/main_image.jpg', 'aljazeera/241/images/2.jpg', 'aljazeera/241/images/3.jpg']",4
aljazeera/625,,"['aljazeera/625/images/4.jpg', 'aljazeera/625/images/main_image.jpg', 'aljazeera/625/images/5.jpg', 'aljazeera/625/images/2.jpg', 'aljazeera/625/images/3.jpg']",5
aljazeera/417,,['aljazeera/417/images/main_image.jpg'],1
aljazeera/877,,"['aljazeera/877/images/main_image.jpg', 'aljazeera/877/images/2.jpg', 'aljazeera/877/images/1.jpg']",3
aljazeera/2130,,['aljazeera/2130/images/main_image.jpg'],1
aljazeera/1587,,"['aljazeera/1587/images/main_image.jpg', 'aljazeera/1587/images/2.jpg', 'aljazeera/1587/images/1.jpg']",3
aljazeera/279,,['aljazeera/279/images/main_image.jpg'],1
aljazeera/2302,,['aljazeera/2302/images/main_image.jpg'],1
aljazeera/2766,,"['aljazeera/2766/images/main_image.jpg', 'aljazeera/2766/images/2.jpg']",2
aljazeera/2554,,['aljazeera/2554/images/main_image.jpg'],1
aljazeera/3486,,"['aljazeera/3486/images/main_image.jpg', 'aljazeera/3486/images/1.jpg']",2
aljazeera/1117,,"['aljazeera/1117/images/4.jpg', 'aljazeera/1117/images/main_image.jpg', 'aljazeera/1117/images/2.jpg', 'aljazeera/1117/images/3.jpg']",4
aljazeera/2792,,['aljazeera/2792/images/main_image.jpg'],1
aljazeera/3640,,['aljazeera/3640/images/main_image.jpg'],1
aljazeera/3472,,"['aljazeera/3472/images/main_image.jpg', 'aljazeera/3472/images/2.jpg']",2
aljazeera/1325,,"['aljazeera/1325/images/main_image.jpg', 'aljazeera/1325/images/2.jpg', 'aljazeera/1325/images/3.jpg']",3
aljazeera/883,,"['aljazeera/883/images/main_image.jpg', 'aljazeera/883/images/2.jpg', 'aljazeera/883/images/3.jpg']",3
aljazeera/3016,,['aljazeera/3016/images/main_image.jpg'],1
aljazeera/1741,,['aljazeera/1741/images/main_image.jpg'],1
aljazeera/1573,,['aljazeera/1573/images/main_image.jpg'],1
aljazeera/3224,,"['aljazeera/3224/images/main_image.jpg', 'aljazeera/3224/images/2.jpg', 'aljazeera/3224/images/3.jpg', 'aljazeera/3224/images/1.jpg']",4
aljazeera/410,,['aljazeera/410/images/main_image.jpg'],1
aljazeera/622,,['aljazeera/622/images/main_image.jpg'],1
aljazeera/2759,,"['aljazeera/2759/images/main_image.jpg', 'aljazeera/2759/images/2.jpg', 'aljazeera/2759/images/3.jpg']",3
aljazeera/246,,['aljazeera/246/images/main_image.jpg'],1
aljazeera/2933,,['aljazeera/2933/images/main_image.jpg'],1
aljazeera/848,,['aljazeera/848/images/main_image.jpg'],1
aljazeera/3029,,['aljazeera/3029/images/main_image.jpg'],1
aljazeera/1128,,"['aljazeera/1128/images/main_image.jpg', 'aljazeera/1128/images/2.jpg']",2
aljazeera/1914,,"['aljazeera/1914/images/main_image.jpg', 'aljazeera/1914/images/2.jpg']",2
aljazeera/1188,,['aljazeera/1188/images/main_image.jpg'],1
aljazeera/676,,"['aljazeera/676/images/4.jpg', 'aljazeera/676/images/main_image.jpg', 'aljazeera/676/images/2.jpg', 'aljazeera/676/images/3.jpg']",4
aljazeera/444,,['aljazeera/444/images/main_image.jpg'],1
aljazeera/3089,,['aljazeera/3089/images/main_image.jpg'],1
aljazeera/2967,,"['aljazeera/2967/images/main_image.jpg', 'aljazeera/2967/images/2.jpg']",2
aljazeera/2369,,['aljazeera/2369/images/main_image.jpg'],1
aljazeera/212,,['aljazeera/212/images/main_image.jpg'],1
aljazeera/2993,,['aljazeera/2993/images/main_image.jpg'],1
aljazeera/1518,,"['aljazeera/1518/images/4.jpg', 'aljazeera/1518/images/main_image.jpg', 'aljazeera/1518/images/2.jpg', 'aljazeera/1518/images/3.jpg']",4
aljazeera/1940,,['aljazeera/1940/images/main_image.jpg'],1
aljazeera/682,,"['aljazeera/682/images/main_image.jpg', 'aljazeera/682/images/2.jpg', 'aljazeera/682/images/3.jpg']",3
aljazeera/3419,,['aljazeera/3419/images/main_image.jpg'],1
aljazeera/3284,,"['aljazeera/3284/images/main_image.jpg', 'aljazeera/3284/images/1.jpg']",2
aljazeera/2356,,['aljazeera/2356/images/main_image.jpg'],1
aljazeera/2164,,['aljazeera/2164/images/main_image.jpg'],1
aljazeera/823,,"['aljazeera/823/images/main_image.jpg', 'aljazeera/823/images/2.jpg']",2
aljazeera/2958,,"['aljazeera/2958/images/main_image.jpg', 'aljazeera/2958/images/2.jpg', 'aljazeera/2958/images/3.jpg']",3
aljazeera/1385,,"['aljazeera/1385/images/4.jpg', 'aljazeera/1385/images/main_image.jpg', 'aljazeera/1385/images/5.jpg', 'aljazeera/1385/images/6.jpg', 'aljazeera/1385/images/3.jpg', 'aljazeera/1385/images/1.jpg']",6
aljazeera/2500,,"['aljazeera/2500/images/main_image.jpg', 'aljazeera/2500/images/1.jpg']",2
aljazeera/2732,,['aljazeera/2732/images/main_image.jpg'],1
aljazeera/649,,['aljazeera/649/images/main_image.jpg'],1
aljazeera/1371,,['aljazeera/1371/images/main_image.jpg'],1
aljazeera/3426,,['aljazeera/3426/images/main_image.jpg'],1
aljazeera/3614,,"['aljazeera/3614/images/main_image.jpg', 'aljazeera/3614/images/2.jpg']",2
aljazeera/1143,,['aljazeera/1143/images/main_image.jpg'],1
aljazeera/3270,,['aljazeera/3270/images/main_image.jpg'],1
aljazeera/1527,,['aljazeera/1527/images/main_image.jpg'],1
aljazeera/1715,,"['aljazeera/1715/images/main_image.jpg', 'aljazeera/1715/images/2.jpg', 'aljazeera/1715/images/3.jpg']",3
aljazeera/3042,,['aljazeera/3042/images/main_image.jpg'],1
aljazeera/2190,,['aljazeera/2190/images/main_image.jpg'],1
aljazeera/1349,,['aljazeera/1349/images/main_image.jpg'],1
aljazeera/1947,,"['aljazeera/1947/images/main_image.jpg', 'aljazeera/1947/images/1.jpg']",2
aljazeera/685,,['aljazeera/685/images/main_image.jpg'],1
aljazeera/3248,,['aljazeera/3248/images/main_image.jpg'],1
aljazeera/2994,,"['aljazeera/2994/images/main_image.jpg', 'aljazeera/2994/images/1.jpg']",2
aljazeera/215,,"['aljazeera/215/images/4.jpg', 'aljazeera/215/images/main_image.jpg', 'aljazeera/215/images/5.jpg', 'aljazeera/215/images/2.jpg', 'aljazeera/215/images/3.jpg']",5
aljazeera/2960,,['aljazeera/2960/images/main_image.jpg'],1
aljazeera/2538,,['aljazeera/2538/images/main_image.jpg'],1
aljazeera/443,,['aljazeera/443/images/main_image.jpg'],1
aljazeera/671,,['aljazeera/671/images/main_image.jpg'],1
aljazeera/1712,,['aljazeera/1712/images/main_image.jpg'],1
aljazeera/3045,,['aljazeera/3045/images/main_image.jpg'],1
aljazeera/2197,,['aljazeera/2197/images/main_image.jpg'],1
aljazeera/3277,,['aljazeera/3277/images/main_image.jpg'],1
aljazeera/1520,,"['aljazeera/1520/images/main_image.jpg', 'aljazeera/1520/images/2.jpg', 'aljazeera/1520/images/3.jpg']",3
aljazeera/3613,,"['aljazeera/3613/images/4.jpg', 'aljazeera/3613/images/main_image.jpg', 'aljazeera/3613/images/5.jpg', 'aljazeera/3613/images/6.jpg', 'aljazeera/3613/images/2.jpg', 'aljazeera/3613/images/1.jpg']",6
aljazeera/1978,,"['aljazeera/1978/images/main_image.jpg', 'aljazeera/1978/images/1.jpg']",2
aljazeera/1144,,['aljazeera/1144/images/main_image.jpg'],1
aljazeera/1376,,['aljazeera/1376/images/main_image.jpg'],1
aljazeera/488,,"['aljazeera/488/images/main_image.jpg', 'aljazeera/488/images/2.jpg']",2
aljazeera/3421,,['aljazeera/3421/images/main_image.jpg'],1
aljazeera/2735,,"['aljazeera/2735/images/main_image.jpg', 'aljazeera/2735/images/2.jpg', 'aljazeera/2735/images/3.jpg']",3
aljazeera/1382,,['aljazeera/1382/images/main_image.jpg'],1
aljazeera/2507,,['aljazeera/2507/images/main_image.jpg'],1
aljazeera/2163,,['aljazeera/2163/images/main_image.jpg'],1
aljazeera/824,,['aljazeera/824/images/main_image.jpg'],1
aljazeera/3283,,"['aljazeera/3283/images/main_image.jpg', 'aljazeera/3283/images/2.jpg']",2
aljazeera/2351,,['aljazeera/2351/images/main_image.jpg'],1
aljazeera/1529,,['aljazeera/1529/images/main_image.jpg'],1
aljazeera/3428,,"['aljazeera/3428/images/8.jpg', 'aljazeera/3428/images/9.jpg', 'aljazeera/3428/images/4.jpg', 'aljazeera/3428/images/main_image.jpg', 'aljazeera/3428/images/5.jpg', 'aljazeera/3428/images/7.jpg', 'aljazeera/3428/images/6.jpg', 'aljazeera/3428/images/3.jpg', 'aljazeera/3428/images/1.jpg']",9
aljazeera/481,,['aljazeera/481/images/main_image.jpg'],1
aljazeera/1971,,['aljazeera/1971/images/main_image.jpg'],1
aljazeera/475,,"['aljazeera/475/images/main_image.jpg', 'aljazeera/475/images/2.jpg']",2
aljazeera/647,,"['aljazeera/647/images/main_image.jpg', 'aljazeera/647/images/2.jpg']",2
aljazeera/1985,,['aljazeera/1985/images/main_image.jpg'],1
aljazeera/223,,['aljazeera/223/images/main_image.jpg'],1
aljazeera/2358,,['aljazeera/2358/images/main_image.jpg'],1
aljazeera/2956,,"['aljazeera/2956/images/main_image.jpg', 'aljazeera/2956/images/2.jpg', 'aljazeera/2956/images/3.jpg']",3
aljazeera/1172,,"['aljazeera/1172/images/8.jpg', 'aljazeera/1172/images/4.jpg', 'aljazeera/1172/images/main_image.jpg', 'aljazeera/1172/images/5.jpg', 'aljazeera/1172/images/7.jpg', 'aljazeera/1172/images/6.jpg', 'aljazeera/1172/images/2.jpg', 'aljazeera/1172/images/3.jpg']",8
aljazeera/3625,,['aljazeera/3625/images/main_image.jpg'],1
aljazeera/3417,,"['aljazeera/3417/images/main_image.jpg', 'aljazeera/3417/images/2.jpg', 'aljazeera/3417/images/3.jpg']",3
aljazeera/1340,,"['aljazeera/1340/images/4.jpg', 'aljazeera/1340/images/main_image.jpg', 'aljazeera/1340/images/5.jpg', 'aljazeera/1340/images/2.jpg', 'aljazeera/1340/images/1.jpg']",5
aljazeera/3073,,['aljazeera/3073/images/main_image.jpg'],1
aljazeera/1724,,"['aljazeera/1724/images/4.jpg', 'aljazeera/1724/images/main_image.jpg', 'aljazeera/1724/images/5.jpg', 'aljazeera/1724/images/2.jpg', 'aljazeera/1724/images/1.jpg']",5
aljazeera/1516,,['aljazeera/1516/images/main_image.jpg'],1
aljazeera/2393,,['aljazeera/2393/images/main_image.jpg'],1
aljazeera/3241,,['aljazeera/3241/images/main_image.jpg'],1
aljazeera/2155,,['aljazeera/2155/images/main_image.jpg'],1
aljazeera/3087,,['aljazeera/3087/images/main_image.jpg'],1
aljazeera/2969,,['aljazeera/2969/images/main_image.jpg'],1
aljazeera/812,,"['aljazeera/812/images/main_image.jpg', 'aljazeera/812/images/2.jpg', 'aljazeera/812/images/3.jpg']",3
aljazeera/2367,,['aljazeera/2367/images/main_image.jpg'],1
aljazeera/1186,,['aljazeera/1186/images/main_image.jpg'],1
aljazeera/678,,['aljazeera/678/images/main_image.jpg'],1
aljazeera/2703,,"['aljazeera/2703/images/4.jpg', 'aljazeera/2703/images/main_image.jpg', 'aljazeera/2703/images/2.jpg', 'aljazeera/2703/images/3.jpg']",4
aljazeera/2531,,"['aljazeera/2531/images/main_image.jpg', 'aljazeera/2531/images/2.jpg']",2
aljazeera/2951,,['aljazeera/2951/images/main_image.jpg'],1
aljazeera/224,,['aljazeera/224/images/main_image.jpg'],1
aljazeera/640,,"['aljazeera/640/images/4.jpg', 'aljazeera/640/images/main_image.jpg', 'aljazeera/640/images/2.jpg', 'aljazeera/640/images/3.jpg']",4
aljazeera/1982,,['aljazeera/1982/images/main_image.jpg'],1
aljazeera/472,,"['aljazeera/472/images/4.jpg', 'aljazeera/472/images/main_image.jpg', 'aljazeera/472/images/3.jpg', 'aljazeera/472/images/1.jpg']",4
aljazeera/2509,,"['aljazeera/2509/images/main_image.jpg', 'aljazeera/2509/images/2.jpg']",2
aljazeera/1976,,['aljazeera/1976/images/main_image.jpg'],1
aljazeera/1378,,"['aljazeera/1378/images/main_image.jpg', 'aljazeera/1378/images/2.jpg']",2
aljazeera/486,,"['aljazeera/486/images/main_image.jpg', 'aljazeera/486/images/2.jpg']",2
aljazeera/2199,,['aljazeera/2199/images/main_image.jpg'],1
aljazeera/3279,,['aljazeera/3279/images/main_image.jpg'],1
aljazeera/2536,,['aljazeera/2536/images/main_image.jpg'],1
aljazeera/1181,,['aljazeera/1181/images/main_image.jpg'],1
aljazeera/2704,,['aljazeera/2704/images/main_image.jpg'],1
aljazeera/2360,,['aljazeera/2360/images/main_image.jpg'],1
aljazeera/2152,,"['aljazeera/2152/images/main_image.jpg', 'aljazeera/2152/images/1.jpg']",2
aljazeera/3080,,['aljazeera/3080/images/main_image.jpg'],1
aljazeera/815,,['aljazeera/815/images/main_image.jpg'],1
aljazeera/1511,,['aljazeera/1511/images/main_image.jpg'],1
aljazeera/2394,,['aljazeera/2394/images/main_image.jpg'],1
aljazeera/3246,,['aljazeera/3246/images/main_image.jpg'],1
aljazeera/3074,,"['aljazeera/3074/images/4.jpg', 'aljazeera/3074/images/main_image.jpg', 'aljazeera/3074/images/2.jpg', 'aljazeera/3074/images/3.jpg']",4
aljazeera/1723,,"['aljazeera/1723/images/main_image.jpg', 'aljazeera/1723/images/1.jpg']",2
aljazeera/3410,,"['aljazeera/3410/images/main_image.jpg', 'aljazeera/3410/images/2.jpg']",2
aljazeera/1347,,"['aljazeera/1347/images/4.jpg', 'aljazeera/1347/images/main_image.jpg', 'aljazeera/1347/images/2.jpg', 'aljazeera/1347/images/3.jpg']",4
aljazeera/1949,,"['aljazeera/1949/images/4.jpg', 'aljazeera/1949/images/main_image.jpg', 'aljazeera/1949/images/5.jpg', 'aljazeera/1949/images/2.jpg', 'aljazeera/1949/images/3.jpg']",5
aljazeera/1175,,"['aljazeera/1175/images/main_image.jpg', 'aljazeera/1175/images/2.jpg']",2
aljazeera/3622,,"['aljazeera/3622/images/4.jpg', 'aljazeera/3622/images/main_image.jpg', 'aljazeera/3622/images/5.jpg', 'aljazeera/3622/images/3.jpg', 'aljazeera/3622/images/1.jpg']",5
aljazeera/3473,,['aljazeera/3473/images/main_image.jpg'],1
aljazeera/1324,,"['aljazeera/1324/images/main_image.jpg', 'aljazeera/1324/images/2.jpg', 'aljazeera/1324/images/3.jpg']",3
aljazeera/1116,,['aljazeera/1116/images/main_image.jpg'],1
aljazeera/2793,,['aljazeera/2793/images/main_image.jpg'],1
aljazeera/3641,,['aljazeera/3641/images/main_image.jpg'],1
aljazeera/1572,,['aljazeera/1572/images/main_image.jpg'],1
aljazeera/3225,,"['aljazeera/3225/images/main_image.jpg', 'aljazeera/3225/images/5.jpg', 'aljazeera/3225/images/6.jpg', 'aljazeera/3225/images/2.jpg', 'aljazeera/3225/images/3.jpg', 'aljazeera/3225/images/1.jpg']",6
aljazeera/3017,,"['aljazeera/3017/images/main_image.jpg', 'aljazeera/3017/images/2.jpg', 'aljazeera/3017/images/3.jpg']",3
aljazeera/882,,"['aljazeera/882/images/main_image.jpg', 'aljazeera/882/images/1.jpg']",2
aljazeera/1740,,['aljazeera/1740/images/main_image.jpg'],1
aljazeera/1586,,['aljazeera/1586/images/main_image.jpg'],1
aljazeera/2303,,['aljazeera/2303/images/main_image.jpg'],1
aljazeera/278,,"['aljazeera/278/images/main_image.jpg', 'aljazeera/278/images/3.jpg', 'aljazeera/278/images/1.jpg']",3
aljazeera/2131,,"['aljazeera/2131/images/main_image.jpg', 'aljazeera/2131/images/2.jpg']",2
aljazeera/876,,"['aljazeera/876/images/4.jpg', 'aljazeera/876/images/main_image.jpg', 'aljazeera/876/images/3.jpg', 'aljazeera/876/images/1.jpg']",4
aljazeera/2555,,['aljazeera/2555/images/main_image.jpg'],1
aljazeera/3487,,"['aljazeera/3487/images/main_image.jpg', 'aljazeera/3487/images/2.jpg', 'aljazeera/3487/images/3.jpg']",3
aljazeera/2767,,['aljazeera/2767/images/main_image.jpg'],1
aljazeera/3028,,['aljazeera/3028/images/main_image.jpg'],1
aljazeera/1915,,"['aljazeera/1915/images/main_image.jpg', 'aljazeera/1915/images/2.jpg', 'aljazeera/1915/images/3.jpg']",3
aljazeera/1129,,"['aljazeera/1129/images/main_image.jpg', 'aljazeera/1129/images/2.jpg']",2
aljazeera/2758,,['aljazeera/2758/images/main_image.jpg'],1
aljazeera/623,,"['aljazeera/623/images/main_image.jpg', 'aljazeera/623/images/3.jpg', 'aljazeera/623/images/1.jpg']",3
aljazeera/411,,['aljazeera/411/images/main_image.jpg'],1
aljazeera/849,,"['aljazeera/849/images/main_image.jpg', 'aljazeera/849/images/1.jpg']",2
aljazeera/2932,,['aljazeera/2932/images/main_image.jpg'],1
aljazeera/247,,['aljazeera/247/images/main_image.jpg'],1
aljazeera/2760,,"['aljazeera/2760/images/main_image.jpg', 'aljazeera/2760/images/2.jpg', 'aljazeera/2760/images/3.jpg']",3
aljazeera/2552,,['aljazeera/2552/images/main_image.jpg'],1
aljazeera/429,,"['aljazeera/429/images/main_image.jpg', 'aljazeera/429/images/1.jpg']",2
aljazeera/3480,,"['aljazeera/3480/images/main_image.jpg', 'aljazeera/3480/images/1.jpg']",2
aljazeera/2136,,"['aljazeera/2136/images/main_image.jpg', 'aljazeera/2136/images/3.jpg', 'aljazeera/2136/images/1.jpg']",3
aljazeera/871,,"['aljazeera/871/images/main_image.jpg', 'aljazeera/871/images/1.jpg']",2
aljazeera/1581,,['aljazeera/1581/images/main_image.jpg'],1
aljazeera/2304,,"['aljazeera/2304/images/main_image.jpg', 'aljazeera/2304/images/2.jpg']",2
aljazeera/3010,,"['aljazeera/3010/images/8.jpg', 'aljazeera/3010/images/4.jpg', 'aljazeera/3010/images/main_image.jpg', 'aljazeera/3010/images/5.jpg', 'aljazeera/3010/images/7.jpg', 'aljazeera/3010/images/6.jpg', 'aljazeera/3010/images/3.jpg', 'aljazeera/3010/images/1.jpg']",8
aljazeera/885,,['aljazeera/885/images/main_image.jpg'],1
aljazeera/1747,,"['aljazeera/1747/images/main_image.jpg', 'aljazeera/1747/images/2.jpg']",2
aljazeera/1575,,['aljazeera/1575/images/main_image.jpg'],1
aljazeera/3222,,['aljazeera/3222/images/main_image.jpg'],1
aljazeera/1111,,['aljazeera/1111/images/main_image.jpg'],1
aljazeera/2794,,"['aljazeera/2794/images/main_image.jpg', 'aljazeera/2794/images/2.jpg']",2
aljazeera/3646,,"['aljazeera/3646/images/main_image.jpg', 'aljazeera/3646/images/2.jpg']",2
aljazeera/3474,,['aljazeera/3474/images/main_image.jpg'],1
aljazeera/1323,,['aljazeera/1323/images/main_image.jpg'],1
aljazeera/240,,['aljazeera/240/images/main_image.jpg'],1
aljazeera/2109,,['aljazeera/2109/images/main_image.jpg'],1
aljazeera/2935,,"['aljazeera/2935/images/main_image.jpg', 'aljazeera/2935/images/2.jpg']",2
aljazeera/416,,"['aljazeera/416/images/main_image.jpg', 'aljazeera/416/images/2.jpg']",2
aljazeera/624,,"['aljazeera/624/images/main_image.jpg', 'aljazeera/624/images/1.jpg']",2
aljazeera/2599,,['aljazeera/2599/images/main_image.jpg'],1
aljazeera/1912,,"['aljazeera/1912/images/8.jpg', 'aljazeera/1912/images/4.jpg', 'aljazeera/1912/images/main_image.jpg', 'aljazeera/1912/images/5.jpg', 'aljazeera/1912/images/7.jpg', 'aljazeera/1912/images/6.jpg', 'aljazeera/1912/images/3.jpg', 'aljazeera/1912/images/1.jpg']",8
aljazeera/1778,,['aljazeera/1778/images/main_image.jpg'],1
aljazeera/1785,,['aljazeera/1785/images/main_image.jpg'],1
aljazeera/2100,,"['aljazeera/2100/images/main_image.jpg', 'aljazeera/2100/images/2.jpg', 'aljazeera/2100/images/3.jpg']",3
aljazeera/847,,['aljazeera/847/images/main_image.jpg'],1
aljazeera/249,,['aljazeera/249/images/main_image.jpg'],1
aljazeera/2332,,['aljazeera/2332/images/main_image.jpg'],1
aljazeera/2756,,['aljazeera/2756/images/main_image.jpg'],1
aljazeera/2564,,['aljazeera/2564/images/main_image.jpg'],1
aljazeera/1127,,"['aljazeera/1127/images/4.jpg', 'aljazeera/1127/images/main_image.jpg', 'aljazeera/1127/images/5.jpg', 'aljazeera/1127/images/6.jpg', 'aljazeera/1127/images/3.jpg', 'aljazeera/1127/images/1.jpg']",6
aljazeera/1315,,['aljazeera/1315/images/main_image.jpg'],1
aljazeera/3442,,"['aljazeera/3442/images/main_image.jpg', 'aljazeera/3442/images/1.jpg']",2
aljazeera/2590,,"['aljazeera/2590/images/4.jpg', 'aljazeera/2590/images/main_image.jpg', 'aljazeera/2590/images/2.jpg', 'aljazeera/2590/images/3.jpg']",4
aljazeera/1771,,['aljazeera/1771/images/main_image.jpg'],1
aljazeera/3026,,['aljazeera/3026/images/main_image.jpg'],1
aljazeera/3214,,"['aljazeera/3214/images/main_image.jpg', 'aljazeera/3214/images/2.jpg']",2
aljazeera/1543,,"['aljazeera/1543/images/main_image.jpg', 'aljazeera/1543/images/2.jpg', 'aljazeera/1543/images/3.jpg']",3
aljazeera/3489,,['aljazeera/3489/images/main_image.jpg'],1
aljazeera/420,,['aljazeera/420/images/main_image.jpg'],1
aljazeera/612,,['aljazeera/612/images/main_image.jpg'],1
aljazeera/2769,,"['aljazeera/2769/images/4.jpg', 'aljazeera/2769/images/main_image.jpg', 'aljazeera/2769/images/5.jpg', 'aljazeera/2769/images/6.jpg', 'aljazeera/2769/images/2.jpg', 'aljazeera/2769/images/3.jpg']",6
aljazeera/1588,,"['aljazeera/1588/images/main_image.jpg', 'aljazeera/1588/images/2.jpg']",2
aljazeera/276,,['aljazeera/276/images/main_image.jpg'],1
aljazeera/2903,,['aljazeera/2903/images/main_image.jpg'],1
aljazeera/878,,['aljazeera/878/images/main_image.jpg'],1
aljazeera/282,,"['aljazeera/282/images/4.jpg', 'aljazeera/282/images/main_image.jpg', 'aljazeera/282/images/2.jpg', 'aljazeera/282/images/3.jpg', 'aljazeera/282/images/1.jpg']",5
aljazeera/3019,,"['aljazeera/3019/images/main_image.jpg', 'aljazeera/3019/images/2.jpg']",2
aljazeera/1924,,['aljazeera/1924/images/main_image.jpg'],1
aljazeera/1118,,"['aljazeera/1118/images/4.jpg', 'aljazeera/1118/images/main_image.jpg', 'aljazeera/1118/images/5.jpg', 'aljazeera/1118/images/2.jpg', 'aljazeera/1118/images/3.jpg']",5
aljazeera/3213,,['aljazeera/3213/images/main_image.jpg'],1
aljazeera/1544,,"['aljazeera/1544/images/main_image.jpg', 'aljazeera/1544/images/2.jpg']",2
aljazeera/1776,,['aljazeera/1776/images/main_image.jpg'],1
aljazeera/3021,,['aljazeera/3021/images/main_image.jpg'],1
aljazeera/1312,,"['aljazeera/1312/images/8.jpg', 'aljazeera/1312/images/9.jpg', 'aljazeera/1312/images/4.jpg', 'aljazeera/1312/images/main_image.jpg', 'aljazeera/1312/images/5.jpg', 'aljazeera/1312/images/7.jpg', 'aljazeera/1312/images/6.jpg', 'aljazeera/1312/images/2.jpg', 'aljazeera/1312/images/1.jpg']",9
aljazeera/3445,,['aljazeera/3445/images/main_image.jpg'],1
aljazeera/2597,,['aljazeera/2597/images/main_image.jpg'],1
aljazeera/1120,,['aljazeera/1120/images/main_image.jpg'],1
aljazeera/418,,['aljazeera/418/images/main_image.jpg'],1
aljazeera/2563,,"['aljazeera/2563/images/main_image.jpg', 'aljazeera/2563/images/3.jpg', 'aljazeera/2563/images/1.jpg']",3
aljazeera/2751,,"['aljazeera/2751/images/main_image.jpg', 'aljazeera/2751/images/2.jpg']",2
aljazeera/2335,,['aljazeera/2335/images/main_image.jpg'],1
aljazeera/1782,,['aljazeera/1782/images/main_image.jpg'],1
aljazeera/2107,,['aljazeera/2107/images/main_image.jpg'],1
aljazeera/840,,['aljazeera/840/images/main_image.jpg'],1
aljazeera/1923,,"['aljazeera/1923/images/8.jpg', 'aljazeera/1923/images/9.jpg', 'aljazeera/1923/images/10.jpg', 'aljazeera/1923/images/4.jpg', 'aljazeera/1923/images/main_image.jpg', 'aljazeera/1923/images/5.jpg', 'aljazeera/1923/images/7.jpg', 'aljazeera/1923/images/6.jpg', 'aljazeera/1923/images/3.jpg', 'aljazeera/1923/images/1.jpg']",10
aljazeera/3648,,['aljazeera/3648/images/main_image.jpg'],1
aljazeera/1749,,"['aljazeera/1749/images/main_image.jpg', 'aljazeera/1749/images/2.jpg']",2
aljazeera/285,,['aljazeera/285/images/main_image.jpg'],1
aljazeera/2138,,"['aljazeera/2138/images/4.jpg', 'aljazeera/2138/images/main_image.jpg', 'aljazeera/2138/images/3.jpg', 'aljazeera/2138/images/1.jpg']",4
aljazeera/2904,,"['aljazeera/2904/images/main_image.jpg', 'aljazeera/2904/images/2.jpg', 'aljazeera/2904/images/3.jpg']",3
aljazeera/271,,['aljazeera/271/images/main_image.jpg'],1
aljazeera/615,,['aljazeera/615/images/main_image.jpg'],1
aljazeera/427,,['aljazeera/427/images/main_image.jpg'],1
aljazeera/1379,,"['aljazeera/1379/images/4.jpg', 'aljazeera/1379/images/main_image.jpg', 'aljazeera/1379/images/5.jpg', 'aljazeera/1379/images/2.jpg', 'aljazeera/1379/images/1.jpg']",5
aljazeera/487,,['aljazeera/487/images/main_image.jpg'],1
aljazeera/1977,,"['aljazeera/1977/images/main_image.jpg', 'aljazeera/1977/images/1.jpg']",2
aljazeera/3278,,"['aljazeera/3278/images/main_image.jpg', 'aljazeera/3278/images/1.jpg']",2
aljazeera/2198,,['aljazeera/2198/images/main_image.jpg'],1
aljazeera/225,,['aljazeera/225/images/main_image.jpg'],1
aljazeera/2950,,"['aljazeera/2950/images/main_image.jpg', 'aljazeera/2950/images/2.jpg']",2
aljazeera/2508,,['aljazeera/2508/images/main_image.jpg'],1
aljazeera/473,,['aljazeera/473/images/main_image.jpg'],1
aljazeera/641,,"['aljazeera/641/images/main_image.jpg', 'aljazeera/641/images/3.jpg', 'aljazeera/641/images/1.jpg']",3
aljazeera/1983,,['aljazeera/1983/images/main_image.jpg'],1
aljazeera/3075,,['aljazeera/3075/images/main_image.jpg'],1
aljazeera/1722,,"['aljazeera/1722/images/main_image.jpg', 'aljazeera/1722/images/2.jpg', 'aljazeera/1722/images/3.jpg']",3
aljazeera/1510,,"['aljazeera/1510/images/4.jpg', 'aljazeera/1510/images/main_image.jpg', 'aljazeera/1510/images/5.jpg', 'aljazeera/1510/images/3.jpg', 'aljazeera/1510/images/1.jpg']",5
aljazeera/2395,,"['aljazeera/2395/images/4.jpg', 'aljazeera/2395/images/main_image.jpg', 'aljazeera/2395/images/5.jpg', 'aljazeera/2395/images/2.jpg', 'aljazeera/2395/images/3.jpg', 'aljazeera/2395/images/1.jpg']",6
aljazeera/3247,,"['aljazeera/3247/images/main_image.jpg', 'aljazeera/3247/images/2.jpg']",2
aljazeera/1174,,"['aljazeera/1174/images/main_image.jpg', 'aljazeera/1174/images/2.jpg']",2
aljazeera/1948,,"['aljazeera/1948/images/4.jpg', 'aljazeera/1948/images/main_image.jpg', 'aljazeera/1948/images/5.jpg', 'aljazeera/1948/images/6.jpg', 'aljazeera/1948/images/3.jpg', 'aljazeera/1948/images/1.jpg']",6
aljazeera/3623,,"['aljazeera/3623/images/4.jpg', 'aljazeera/3623/images/main_image.jpg', 'aljazeera/3623/images/5.jpg', 'aljazeera/3623/images/6.jpg', 'aljazeera/3623/images/3.jpg', 'aljazeera/3623/images/1.jpg']",6
aljazeera/3411,,"['aljazeera/3411/images/main_image.jpg', 'aljazeera/3411/images/2.jpg']",2
aljazeera/1346,,['aljazeera/1346/images/main_image.jpg'],1
aljazeera/1180,,"['aljazeera/1180/images/4.jpg', 'aljazeera/1180/images/main_image.jpg', 'aljazeera/1180/images/5.jpg', 'aljazeera/1180/images/2.jpg', 'aljazeera/1180/images/3.jpg', 'aljazeera/1180/images/1.jpg']",6
aljazeera/2705,,"['aljazeera/2705/images/4.jpg', 'aljazeera/2705/images/main_image.jpg', 'aljazeera/2705/images/5.jpg', 'aljazeera/2705/images/7.jpg', 'aljazeera/2705/images/6.jpg', 'aljazeera/2705/images/3.jpg', 'aljazeera/2705/images/1.jpg']",7
aljazeera/2537,,['aljazeera/2537/images/main_image.jpg'],1
aljazeera/814,,['aljazeera/814/images/main_image.jpg'],1
aljazeera/2153,,['aljazeera/2153/images/main_image.jpg'],1
aljazeera/3081,,['aljazeera/3081/images/main_image.jpg'],1
aljazeera/2361,,['aljazeera/2361/images/main_image.jpg'],1
aljazeera/646,,"['aljazeera/646/images/main_image.jpg', 'aljazeera/646/images/2.jpg']",2
aljazeera/1984,,['aljazeera/1984/images/main_image.jpg'],1
aljazeera/474,,['aljazeera/474/images/main_image.jpg'],1
aljazeera/2957,,"['aljazeera/2957/images/4.jpg', 'aljazeera/2957/images/main_image.jpg', 'aljazeera/2957/images/3.jpg', 'aljazeera/2957/images/1.jpg']",4
aljazeera/2359,,"['aljazeera/2359/images/main_image.jpg', 'aljazeera/2359/images/1.jpg']",2
aljazeera/222,,"['aljazeera/222/images/main_image.jpg', 'aljazeera/222/images/2.jpg']",2
aljazeera/1528,,"['aljazeera/1528/images/main_image.jpg', 'aljazeera/1528/images/2.jpg', 'aljazeera/1528/images/3.jpg']",3
aljazeera/1970,,['aljazeera/1970/images/main_image.jpg'],1
aljazeera/3429,,['aljazeera/3429/images/main_image.jpg'],1
aljazeera/480,,['aljazeera/480/images/main_image.jpg'],1
aljazeera/2366,,['aljazeera/2366/images/main_image.jpg'],1
aljazeera/813,,['aljazeera/813/images/main_image.jpg'],1
aljazeera/2968,,['aljazeera/2968/images/main_image.jpg'],1
aljazeera/2154,,"['aljazeera/2154/images/main_image.jpg', 'aljazeera/2154/images/1.jpg']",2
aljazeera/3086,,['aljazeera/3086/images/main_image.jpg'],1
aljazeera/2530,,['aljazeera/2530/images/main_image.jpg'],1
aljazeera/1187,,"['aljazeera/1187/images/4.jpg', 'aljazeera/1187/images/main_image.jpg', 'aljazeera/1187/images/2.jpg', 'aljazeera/1187/images/3.jpg']",4
aljazeera/2702,,"['aljazeera/2702/images/4.jpg', 'aljazeera/2702/images/main_image.jpg', 'aljazeera/2702/images/2.jpg', 'aljazeera/2702/images/3.jpg']",4
aljazeera/679,,['aljazeera/679/images/main_image.jpg'],1
aljazeera/3416,,"['aljazeera/3416/images/4.jpg', 'aljazeera/3416/images/main_image.jpg', 'aljazeera/3416/images/2.jpg', 'aljazeera/3416/images/3.jpg']",4
aljazeera/1341,,"['aljazeera/1341/images/4.jpg', 'aljazeera/1341/images/main_image.jpg', 'aljazeera/1341/images/3.jpg', 'aljazeera/1341/images/1.jpg']",4
aljazeera/1173,,['aljazeera/1173/images/main_image.jpg'],1
aljazeera/3624,,"['aljazeera/3624/images/main_image.jpg', 'aljazeera/3624/images/2.jpg', 'aljazeera/3624/images/3.jpg', 'aljazeera/3624/images/1.jpg']",4
aljazeera/1517,,['aljazeera/1517/images/main_image.jpg'],1
aljazeera/2392,,"['aljazeera/2392/images/main_image.jpg', 'aljazeera/2392/images/2.jpg', 'aljazeera/2392/images/1.jpg']",3
aljazeera/3240,,['aljazeera/3240/images/main_image.jpg'],1
aljazeera/3072,,['aljazeera/3072/images/main_image.jpg'],1
aljazeera/1725,,['aljazeera/1725/images/main_image.jpg'],1
aljazeera/2961,,['aljazeera/2961/images/main_image.jpg'],1
aljazeera/214,,['aljazeera/214/images/main_image.jpg'],1
aljazeera/670,,"['aljazeera/670/images/main_image.jpg', 'aljazeera/670/images/2.jpg']",2
aljazeera/442,,['aljazeera/442/images/main_image.jpg'],1
aljazeera/2539,,['aljazeera/2539/images/main_image.jpg'],1
aljazeera/1946,,['aljazeera/1946/images/main_image.jpg'],1
aljazeera/684,,['aljazeera/684/images/main_image.jpg'],1
aljazeera/1348,,"['aljazeera/1348/images/main_image.jpg', 'aljazeera/1348/images/3.jpg', 'aljazeera/1348/images/1.jpg']",3
aljazeera/2995,,"['aljazeera/2995/images/main_image.jpg', 'aljazeera/2995/images/2.jpg']",2
aljazeera/3249,,"['aljazeera/3249/images/main_image.jpg', 'aljazeera/3249/images/2.jpg']",2
aljazeera/1383,,"['aljazeera/1383/images/main_image.jpg', 'aljazeera/1383/images/2.jpg']",2
aljazeera/2506,,"['aljazeera/2506/images/main_image.jpg', 'aljazeera/2506/images/2.jpg', 'aljazeera/2506/images/3.jpg']",3
aljazeera/2734,,"['aljazeera/2734/images/main_image.jpg', 'aljazeera/2734/images/1.jpg']",2
aljazeera/3282,,"['aljazeera/3282/images/main_image.jpg', 'aljazeera/3282/images/2.jpg', 'aljazeera/3282/images/3.jpg']",3
aljazeera/2350,,['aljazeera/2350/images/main_image.jpg'],1
aljazeera/825,,['aljazeera/825/images/main_image.jpg'],1
aljazeera/2162,,['aljazeera/2162/images/main_image.jpg'],1
aljazeera/3276,,['aljazeera/3276/images/main_image.jpg'],1
aljazeera/1521,,['aljazeera/1521/images/main_image.jpg'],1
aljazeera/1713,,['aljazeera/1713/images/main_image.jpg'],1
aljazeera/3044,,"['aljazeera/3044/images/main_image.jpg', 'aljazeera/3044/images/2.jpg']",2
aljazeera/2196,,['aljazeera/2196/images/main_image.jpg'],1
aljazeera/1377,,['aljazeera/1377/images/main_image.jpg'],1
aljazeera/489,,"['aljazeera/489/images/main_image.jpg', 'aljazeera/489/images/2.jpg']",2
aljazeera/3420,,"['aljazeera/3420/images/main_image.jpg', 'aljazeera/3420/images/3.jpg', 'aljazeera/3420/images/1.jpg']",3
aljazeera/3612,,['aljazeera/3612/images/main_image.jpg'],1
aljazeera/1145,,['aljazeera/1145/images/main_image.jpg'],1
aljazeera/1979,,['aljazeera/1979/images/main_image.jpg'],1
aljazeera/1519,,['aljazeera/1519/images/main_image.jpg'],1
aljazeera/2992,,['aljazeera/2992/images/main_image.jpg'],1
aljazeera/3418,,['aljazeera/3418/images/main_image.jpg'],1
aljazeera/1941,,['aljazeera/1941/images/main_image.jpg'],1
aljazeera/683,,['aljazeera/683/images/main_image.jpg'],1
aljazeera/445,,['aljazeera/445/images/main_image.jpg'],1
aljazeera/1189,,"['aljazeera/1189/images/8.jpg', 'aljazeera/1189/images/9.jpg', 'aljazeera/1189/images/11.jpg', 'aljazeera/1189/images/10.jpg', 'aljazeera/1189/images/4.jpg', 'aljazeera/1189/images/main_image.jpg', 'aljazeera/1189/images/5.jpg', 'aljazeera/1189/images/7.jpg', 'aljazeera/1189/images/6.jpg', 'aljazeera/1189/images/2.jpg', 'aljazeera/1189/images/3.jpg']",11
aljazeera/677,,"['aljazeera/677/images/4.jpg', 'aljazeera/677/images/main_image.jpg', 'aljazeera/677/images/2.jpg', 'aljazeera/677/images/3.jpg']",4
aljazeera/213,,['aljazeera/213/images/main_image.jpg'],1
aljazeera/2368,,"['aljazeera/2368/images/main_image.jpg', 'aljazeera/2368/images/2.jpg', 'aljazeera/2368/images/1.jpg']",3
aljazeera/2966,,['aljazeera/2966/images/main_image.jpg'],1
aljazeera/3088,,"['aljazeera/3088/images/main_image.jpg', 'aljazeera/3088/images/2.jpg']",2
aljazeera/3615,,"['aljazeera/3615/images/main_image.jpg', 'aljazeera/3615/images/2.jpg']",2
aljazeera/1142,,"['aljazeera/1142/images/8.jpg', 'aljazeera/1142/images/9.jpg', 'aljazeera/1142/images/10.jpg', 'aljazeera/1142/images/4.jpg', 'aljazeera/1142/images/main_image.jpg', 'aljazeera/1142/images/5.jpg', 'aljazeera/1142/images/7.jpg', 'aljazeera/1142/images/6.jpg', 'aljazeera/1142/images/2.jpg', 'aljazeera/1142/images/1.jpg']",10
aljazeera/1370,,['aljazeera/1370/images/main_image.jpg'],1
aljazeera/3427,,['aljazeera/3427/images/main_image.jpg'],1
aljazeera/1714,,['aljazeera/1714/images/main_image.jpg'],1
aljazeera/3043,,['aljazeera/3043/images/main_image.jpg'],1
aljazeera/2191,,"['aljazeera/2191/images/main_image.jpg', 'aljazeera/2191/images/2.jpg']",2
aljazeera/3271,,['aljazeera/3271/images/main_image.jpg'],1
aljazeera/1526,,['aljazeera/1526/images/main_image.jpg'],1
aljazeera/2959,,"['aljazeera/2959/images/main_image.jpg', 'aljazeera/2959/images/2.jpg']",2
aljazeera/822,,['aljazeera/822/images/main_image.jpg'],1
aljazeera/2165,,"['aljazeera/2165/images/4.jpg', 'aljazeera/2165/images/main_image.jpg', 'aljazeera/2165/images/2.jpg', 'aljazeera/2165/images/1.jpg']",4
aljazeera/3285,,"['aljazeera/3285/images/main_image.jpg', 'aljazeera/3285/images/2.jpg', 'aljazeera/3285/images/3.jpg']",3
aljazeera/2357,,['aljazeera/2357/images/main_image.jpg'],1
aljazeera/648,,"['aljazeera/648/images/4.jpg', 'aljazeera/648/images/main_image.jpg', 'aljazeera/648/images/2.jpg', 'aljazeera/648/images/3.jpg']",4
aljazeera/2733,,['aljazeera/2733/images/main_image.jpg'],1
aljazeera/1384,,['aljazeera/1384/images/main_image.jpg'],1
aljazeera/2501,,['aljazeera/2501/images/main_image.jpg'],1
aljazeera/2381,,"['aljazeera/2381/images/main_image.jpg', 'aljazeera/2381/images/2.jpg']",2
aljazeera/3253,,['aljazeera/3253/images/main_image.jpg'],1
aljazeera/1504,,['aljazeera/1504/images/main_image.jpg'],1
aljazeera/1736,,['aljazeera/1736/images/main_image.jpg'],1
aljazeera/3061,,['aljazeera/3061/images/main_image.jpg'],1
aljazeera/1352,,['aljazeera/1352/images/main_image.jpg'],1
aljazeera/3405,,['aljazeera/3405/images/main_image.jpg'],1
aljazeera/3637,,['aljazeera/3637/images/main_image.jpg'],1
aljazeera/1160,,['aljazeera/1160/images/main_image.jpg'],1
aljazeera/458,,"['aljazeera/458/images/4.jpg', 'aljazeera/458/images/main_image.jpg', 'aljazeera/458/images/5.jpg', 'aljazeera/458/images/7.jpg', 'aljazeera/458/images/6.jpg', 'aljazeera/458/images/3.jpg', 'aljazeera/458/images/1.jpg']",7
aljazeera/2523,,['aljazeera/2523/images/main_image.jpg'],1
aljazeera/2711,,"['aljazeera/2711/images/main_image.jpg', 'aljazeera/2711/images/1.jpg']",2
aljazeera/1194,,"['aljazeera/1194/images/main_image.jpg', 'aljazeera/1194/images/2.jpg', 'aljazeera/1194/images/1.jpg']",3
aljazeera/2375,,['aljazeera/2375/images/main_image.jpg'],1
aljazeera/800,,"['aljazeera/800/images/main_image.jpg', 'aljazeera/800/images/2.jpg']",2
aljazeera/2147,,['aljazeera/2147/images/main_image.jpg'],1
aljazeera/3095,,['aljazeera/3095/images/main_image.jpg'],1
aljazeera/1963,,['aljazeera/1963/images/main_image.jpg'],1
aljazeera/3608,,"['aljazeera/3608/images/main_image.jpg', 'aljazeera/3608/images/2.jpg']",2
aljazeera/493,,['aljazeera/493/images/main_image.jpg'],1
aljazeera/1709,,['aljazeera/1709/images/main_image.jpg'],1
aljazeera/2944,,['aljazeera/2944/images/main_image.jpg'],1
aljazeera/2178,,['aljazeera/2178/images/main_image.jpg'],1
aljazeera/231,,"['aljazeera/231/images/main_image.jpg', 'aljazeera/231/images/1.jpg']",2
aljazeera/3298,,['aljazeera/3298/images/main_image.jpg'],1
aljazeera/1997,,['aljazeera/1997/images/main_image.jpg'],1
aljazeera/655,,"['aljazeera/655/images/main_image.jpg', 'aljazeera/655/images/2.jpg']",2
aljazeera/467,,['aljazeera/467/images/main_image.jpg'],1
aljazeera/1399,,['aljazeera/1399/images/main_image.jpg'],1
aljazeera/807,,['aljazeera/807/images/main_image.jpg'],1
aljazeera/2140,,"['aljazeera/2140/images/main_image.jpg', 'aljazeera/2140/images/2.jpg', 'aljazeera/2140/images/3.jpg']",3
aljazeera/3092,,"['aljazeera/3092/images/main_image.jpg', 'aljazeera/3092/images/2.jpg', 'aljazeera/3092/images/3.jpg']",3
aljazeera/209,,['aljazeera/209/images/main_image.jpg'],1
aljazeera/2372,,"['aljazeera/2372/images/main_image.jpg', 'aljazeera/2372/images/2.jpg']",2
aljazeera/2716,,"['aljazeera/2716/images/main_image.jpg', 'aljazeera/2716/images/1.jpg']",2
aljazeera/1193,,['aljazeera/1193/images/main_image.jpg'],1
aljazeera/2524,,['aljazeera/2524/images/main_image.jpg'],1
aljazeera/3630,,['aljazeera/3630/images/main_image.jpg'],1
aljazeera/699,,['aljazeera/699/images/main_image.jpg'],1
aljazeera/1167,,['aljazeera/1167/images/main_image.jpg'],1
aljazeera/1355,,['aljazeera/1355/images/main_image.jpg'],1
aljazeera/3402,,['aljazeera/3402/images/main_image.jpg'],1
aljazeera/1731,,"['aljazeera/1731/images/main_image.jpg', 'aljazeera/1731/images/1.jpg']",2
aljazeera/2988,,"['aljazeera/2988/images/4.jpg', 'aljazeera/2988/images/main_image.jpg', 'aljazeera/2988/images/2.jpg', 'aljazeera/2988/images/3.jpg']",4
aljazeera/3066,,['aljazeera/3066/images/main_image.jpg'],1
aljazeera/2386,,['aljazeera/2386/images/main_image.jpg'],1
aljazeera/3254,,['aljazeera/3254/images/main_image.jpg'],1
aljazeera/1503,,"['aljazeera/1503/images/main_image.jpg', 'aljazeera/1503/images/2.jpg']",2
aljazeera/460,,"['aljazeera/460/images/4.jpg', 'aljazeera/460/images/main_image.jpg', 'aljazeera/460/images/2.jpg', 'aljazeera/460/images/3.jpg']",4
aljazeera/1990,,"['aljazeera/1990/images/main_image.jpg', 'aljazeera/1990/images/3.jpg', 'aljazeera/1990/images/1.jpg']",3
aljazeera/652,,['aljazeera/652/images/main_image.jpg'],1
aljazeera/2729,,['aljazeera/2729/images/main_image.jpg'],1
aljazeera/236,,['aljazeera/236/images/main_image.jpg'],1
aljazeera/2943,,"['aljazeera/2943/images/main_image.jpg', 'aljazeera/2943/images/2.jpg']",2
aljazeera/838,,"['aljazeera/838/images/8.jpg', 'aljazeera/838/images/4.jpg', 'aljazeera/838/images/main_image.jpg', 'aljazeera/838/images/5.jpg', 'aljazeera/838/images/7.jpg', 'aljazeera/838/images/6.jpg', 'aljazeera/838/images/2.jpg', 'aljazeera/838/images/3.jpg']",8
aljazeera/3059,,['aljazeera/3059/images/main_image.jpg'],1
aljazeera/494,,['aljazeera/494/images/main_image.jpg'],1
aljazeera/1158,,['aljazeera/1158/images/main_image.jpg'],1
aljazeera/1964,,['aljazeera/1964/images/main_image.jpg'],1
aljazeera/1999,,['aljazeera/1999/images/main_image.jpg'],1
aljazeera/2720,,['aljazeera/2720/images/main_image.jpg'],1
aljazeera/2512,,['aljazeera/2512/images/main_image.jpg'],1
aljazeera/469,,['aljazeera/469/images/main_image.jpg'],1
aljazeera/1397,,['aljazeera/1397/images/main_image.jpg'],1
aljazeera/831,,['aljazeera/831/images/main_image.jpg'],1
aljazeera/2176,,"['aljazeera/2176/images/4.jpg', 'aljazeera/2176/images/main_image.jpg', 'aljazeera/2176/images/2.jpg', 'aljazeera/2176/images/3.jpg']",4
aljazeera/3296,,['aljazeera/3296/images/main_image.jpg'],1
aljazeera/2344,,['aljazeera/2344/images/main_image.jpg'],1
aljazeera/3050,,['aljazeera/3050/images/main_image.jpg'],1
aljazeera/2182,,"['aljazeera/2182/images/main_image.jpg', 'aljazeera/2182/images/1.jpg']",2
aljazeera/1707,,"['aljazeera/1707/images/4.jpg', 'aljazeera/1707/images/main_image.jpg', 'aljazeera/1707/images/2.jpg', 'aljazeera/1707/images/3.jpg']",4
aljazeera/1535,,['aljazeera/1535/images/main_image.jpg'],1
aljazeera/3262,,['aljazeera/3262/images/main_image.jpg'],1
aljazeera/1151,,['aljazeera/1151/images/main_image.jpg'],1
aljazeera/3606,,['aljazeera/3606/images/main_image.jpg'],1
aljazeera/3434,,['aljazeera/3434/images/main_image.jpg'],1
aljazeera/1363,,"['aljazeera/1363/images/main_image.jpg', 'aljazeera/1363/images/2.jpg', 'aljazeera/1363/images/3.jpg']",3
aljazeera/200,,"['aljazeera/200/images/main_image.jpg', 'aljazeera/200/images/2.jpg']",2
aljazeera/2975,,['aljazeera/2975/images/main_image.jpg'],1
aljazeera/2149,,['aljazeera/2149/images/main_image.jpg'],1
aljazeera/456,,"['aljazeera/456/images/main_image.jpg', 'aljazeera/456/images/2.jpg']",2
aljazeera/664,,['aljazeera/664/images/main_image.jpg'],1
aljazeera/690,,"['aljazeera/690/images/main_image.jpg', 'aljazeera/690/images/2.jpg']",2
aljazeera/3639,,"['aljazeera/3639/images/main_image.jpg', 'aljazeera/3639/images/2.jpg', 'aljazeera/3639/images/3.jpg']",3
aljazeera/1952,,['aljazeera/1952/images/main_image.jpg'],1
aljazeera/1738,,"['aljazeera/1738/images/main_image.jpg', 'aljazeera/1738/images/2.jpg']",2
aljazeera/2981,,['aljazeera/2981/images/main_image.jpg'],1
aljazeera/3433,,['aljazeera/3433/images/main_image.jpg'],1
aljazeera/1364,,['aljazeera/1364/images/main_image.jpg'],1
aljazeera/1156,,['aljazeera/1156/images/main_image.jpg'],1
aljazeera/3601,,['aljazeera/3601/images/main_image.jpg'],1
aljazeera/1532,,"['aljazeera/1532/images/4.jpg', 'aljazeera/1532/images/main_image.jpg', 'aljazeera/1532/images/5.jpg', 'aljazeera/1532/images/3.jpg', 'aljazeera/1532/images/1.jpg']",5
aljazeera/3265,,"['aljazeera/3265/images/4.jpg', 'aljazeera/3265/images/main_image.jpg', 'aljazeera/3265/images/2.jpg', 'aljazeera/3265/images/3.jpg']",4
aljazeera/3057,,['aljazeera/3057/images/main_image.jpg'],1
aljazeera/2185,,"['aljazeera/2185/images/main_image.jpg', 'aljazeera/2185/images/1.jpg']",2
aljazeera/1700,,"['aljazeera/1700/images/main_image.jpg', 'aljazeera/1700/images/5.jpg', 'aljazeera/1700/images/7.jpg', 'aljazeera/1700/images/6.jpg', 'aljazeera/1700/images/2.jpg', 'aljazeera/1700/images/3.jpg', 'aljazeera/1700/images/1.jpg']",7
aljazeera/3291,,['aljazeera/3291/images/main_image.jpg'],1
aljazeera/2343,,['aljazeera/2343/images/main_image.jpg'],1
aljazeera/238,,"['aljazeera/238/images/main_image.jpg', 'aljazeera/238/images/1.jpg']",2
aljazeera/836,,['aljazeera/836/images/main_image.jpg'],1
aljazeera/2171,,"['aljazeera/2171/images/main_image.jpg', 'aljazeera/2171/images/2.jpg']",2
aljazeera/2515,,"['aljazeera/2515/images/main_image.jpg', 'aljazeera/2515/images/2.jpg', 'aljazeera/2515/images/3.jpg']",3
aljazeera/1390,,['aljazeera/1390/images/main_image.jpg'],1
aljazeera/2727,,"['aljazeera/2727/images/main_image.jpg', 'aljazeera/2727/images/3.jpg', 'aljazeera/2727/images/1.jpg']",3
aljazeera/2986,,['aljazeera/2986/images/main_image.jpg'],1
aljazeera/3068,,['aljazeera/3068/images/main_image.jpg'],1
aljazeera/2388,,"['aljazeera/2388/images/main_image.jpg', 'aljazeera/2388/images/2.jpg', 'aljazeera/2388/images/3.jpg']",3
aljazeera/697,,"['aljazeera/697/images/4.jpg', 'aljazeera/697/images/main_image.jpg', 'aljazeera/697/images/5.jpg', 'aljazeera/697/images/3.jpg', 'aljazeera/697/images/1.jpg']",5
aljazeera/1169,,['aljazeera/1169/images/main_image.jpg'],1
aljazeera/1955,,['aljazeera/1955/images/main_image.jpg'],1
aljazeera/2718,,['aljazeera/2718/images/main_image.jpg'],1
aljazeera/663,,"['aljazeera/663/images/main_image.jpg', 'aljazeera/663/images/2.jpg']",2
aljazeera/451,,"['aljazeera/451/images/main_image.jpg', 'aljazeera/451/images/2.jpg']",2
aljazeera/809,,['aljazeera/809/images/main_image.jpg'],1
aljazeera/2972,,['aljazeera/2972/images/main_image.jpg'],1
aljazeera/207,,"['aljazeera/207/images/4.jpg', 'aljazeera/207/images/main_image.jpg', 'aljazeera/207/images/2.jpg', 'aljazeera/207/images/1.jpg']",4
aljazeera/1559,,"['aljazeera/1559/images/main_image.jpg', 'aljazeera/1559/images/2.jpg', 'aljazeera/1559/images/3.jpg']",3
aljazeera/3458,,['aljazeera/3458/images/main_image.jpg'],1
aljazeera/1901,,"['aljazeera/1901/images/4.jpg', 'aljazeera/1901/images/main_image.jpg', 'aljazeera/1901/images/5.jpg', 'aljazeera/1901/images/7.jpg', 'aljazeera/1901/images/6.jpg', 'aljazeera/1901/images/2.jpg', 'aljazeera/1901/images/1.jpg']",7
aljazeera/405,,['aljazeera/405/images/main_image.jpg'],1
aljazeera/637,,['aljazeera/637/images/main_image.jpg'],1
aljazeera/253,,"['aljazeera/253/images/main_image.jpg', 'aljazeera/253/images/2.jpg']",2
aljazeera/2328,,['aljazeera/2328/images/main_image.jpg'],1
aljazeera/2926,,['aljazeera/2926/images/main_image.jpg'],1
aljazeera/2787,,['aljazeera/2787/images/main_image.jpg'],1
aljazeera/1102,,"['aljazeera/1102/images/4.jpg', 'aljazeera/1102/images/main_image.jpg', 'aljazeera/1102/images/2.jpg', 'aljazeera/1102/images/3.jpg']",4
aljazeera/1330,,['aljazeera/1330/images/main_image.jpg'],1
aljazeera/3467,,['aljazeera/3467/images/main_image.jpg'],1
aljazeera/1754,,"['aljazeera/1754/images/main_image.jpg', 'aljazeera/1754/images/1.jpg']",2
aljazeera/3003,,"['aljazeera/3003/images/main_image.jpg', 'aljazeera/3003/images/2.jpg']",2
aljazeera/896,,"['aljazeera/896/images/4.jpg', 'aljazeera/896/images/main_image.jpg', 'aljazeera/896/images/3.jpg', 'aljazeera/896/images/1.jpg']",4
aljazeera/3231,,"['aljazeera/3231/images/main_image.jpg', 'aljazeera/3231/images/1.jpg']",2
aljazeera/298,,['aljazeera/298/images/main_image.jpg'],1
aljazeera/1566,,['aljazeera/1566/images/main_image.jpg'],1
aljazeera/2125,,['aljazeera/2125/images/main_image.jpg'],1
aljazeera/2919,,"['aljazeera/2919/images/main_image.jpg', 'aljazeera/2919/images/2.jpg']",2
aljazeera/862,,['aljazeera/862/images/main_image.jpg'],1
aljazeera/2317,,"['aljazeera/2317/images/4.jpg', 'aljazeera/2317/images/main_image.jpg', 'aljazeera/2317/images/3.jpg', 'aljazeera/2317/images/1.jpg']",4
aljazeera/1592,,"['aljazeera/1592/images/8.jpg', 'aljazeera/1592/images/4.jpg', 'aljazeera/1592/images/main_image.jpg', 'aljazeera/1592/images/5.jpg', 'aljazeera/1592/images/7.jpg', 'aljazeera/1592/images/2.jpg', 'aljazeera/1592/images/3.jpg', 'aljazeera/1592/images/1.jpg']",8
aljazeera/608,,"['aljazeera/608/images/main_image.jpg', 'aljazeera/608/images/2.jpg', 'aljazeera/608/images/3.jpg']",3
aljazeera/2773,,"['aljazeera/2773/images/main_image.jpg', 'aljazeera/2773/images/1.jpg']",2
aljazeera/2541,,['aljazeera/2541/images/main_image.jpg'],1
aljazeera/3493,,['aljazeera/3493/images/main_image.jpg'],1
aljazeera/2921,,['aljazeera/2921/images/main_image.jpg'],1
aljazeera/1798,,"['aljazeera/1798/images/main_image.jpg', 'aljazeera/1798/images/3.jpg', 'aljazeera/1798/images/1.jpg']",3
aljazeera/254,,"['aljazeera/254/images/main_image.jpg', 'aljazeera/254/images/5.jpg', 'aljazeera/254/images/6.jpg', 'aljazeera/254/images/2.jpg', 'aljazeera/254/images/3.jpg', 'aljazeera/254/images/1.jpg']",6
aljazeera/630,,['aljazeera/630/images/main_image.jpg'],1
aljazeera/402,,"['aljazeera/402/images/4.jpg', 'aljazeera/402/images/main_image.jpg', 'aljazeera/402/images/2.jpg', 'aljazeera/402/images/3.jpg']",4
aljazeera/2579,,['aljazeera/2579/images/main_image.jpg'],1
aljazeera/1906,,"['aljazeera/1906/images/main_image.jpg', 'aljazeera/1906/images/2.jpg', 'aljazeera/1906/images/3.jpg']",3
aljazeera/1308,,['aljazeera/1308/images/main_image.jpg'],1
aljazeera/3209,,"['aljazeera/3209/images/4.jpg', 'aljazeera/3209/images/main_image.jpg', 'aljazeera/3209/images/3.jpg', 'aljazeera/3209/images/1.jpg']",4
aljazeera/2546,,"['aljazeera/2546/images/main_image.jpg', 'aljazeera/2546/images/2.jpg']",2
aljazeera/3494,,['aljazeera/3494/images/main_image.jpg'],1
aljazeera/2774,,['aljazeera/2774/images/main_image.jpg'],1
aljazeera/2310,,['aljazeera/2310/images/main_image.jpg'],1
aljazeera/1595,,"['aljazeera/1595/images/main_image.jpg', 'aljazeera/1595/images/2.jpg']",2
aljazeera/2122,,['aljazeera/2122/images/main_image.jpg'],1
aljazeera/865,,"['aljazeera/865/images/8.jpg', 'aljazeera/865/images/9.jpg', 'aljazeera/865/images/12.jpg', 'aljazeera/865/images/11.jpg', 'aljazeera/865/images/10.jpg', 'aljazeera/865/images/4.jpg', 'aljazeera/865/images/main_image.jpg', 'aljazeera/865/images/5.jpg', 'aljazeera/865/images/7.jpg', 'aljazeera/865/images/6.jpg', 'aljazeera/865/images/3.jpg', 'aljazeera/865/images/1.jpg']",12
aljazeera/3236,,"['aljazeera/3236/images/4.jpg', 'aljazeera/3236/images/main_image.jpg', 'aljazeera/3236/images/2.jpg', 'aljazeera/3236/images/3.jpg']",4
aljazeera/1561,,['aljazeera/1561/images/main_image.jpg'],1
aljazeera/1753,,"['aljazeera/1753/images/main_image.jpg', 'aljazeera/1753/images/3.jpg', 'aljazeera/1753/images/1.jpg']",3
aljazeera/3004,,"['aljazeera/3004/images/4.jpg', 'aljazeera/3004/images/main_image.jpg', 'aljazeera/3004/images/5.jpg', 'aljazeera/3004/images/3.jpg', 'aljazeera/3004/images/1.jpg']",5
aljazeera/891,,['aljazeera/891/images/main_image.jpg'],1
aljazeera/1337,,['aljazeera/1337/images/main_image.jpg'],1
aljazeera/3460,,['aljazeera/3460/images/main_image.jpg'],1
aljazeera/2780,,['aljazeera/2780/images/main_image.jpg'],1
aljazeera/1939,,['aljazeera/1939/images/main_image.jpg'],1
aljazeera/1105,,['aljazeera/1105/images/main_image.jpg'],1
aljazeera/606,,['aljazeera/606/images/main_image.jpg'],1
aljazeera/434,,"['aljazeera/434/images/4.jpg', 'aljazeera/434/images/main_image.jpg', 'aljazeera/434/images/2.jpg', 'aljazeera/434/images/3.jpg']",4
aljazeera/2917,,['aljazeera/2917/images/main_image.jpg'],1
aljazeera/2319,,"['aljazeera/2319/images/main_image.jpg', 'aljazeera/2319/images/2.jpg']",2
aljazeera/262,,"['aljazeera/262/images/main_image.jpg', 'aljazeera/262/images/1.jpg']",2
aljazeera/898,,"['aljazeera/898/images/4.jpg', 'aljazeera/898/images/main_image.jpg', 'aljazeera/898/images/2.jpg', 'aljazeera/898/images/3.jpg']",4
aljazeera/296,,['aljazeera/296/images/main_image.jpg'],1
aljazeera/1568,,['aljazeera/1568/images/main_image.jpg'],1
aljazeera/2789,,"['aljazeera/2789/images/main_image.jpg', 'aljazeera/2789/images/2.jpg']",2
aljazeera/1930,,['aljazeera/1930/images/main_image.jpg'],1
aljazeera/3469,,"['aljazeera/3469/images/main_image.jpg', 'aljazeera/3469/images/1.jpg']",2
aljazeera/2326,,['aljazeera/2326/images/main_image.jpg'],1
aljazeera/2114,,['aljazeera/2114/images/main_image.jpg'],1
aljazeera/853,,['aljazeera/853/images/main_image.jpg'],1
aljazeera/2928,,['aljazeera/2928/images/main_image.jpg'],1
aljazeera/1791,,['aljazeera/1791/images/main_image.jpg'],1
aljazeera/2570,,['aljazeera/2570/images/main_image.jpg'],1
aljazeera/2742,,['aljazeera/2742/images/main_image.jpg'],1
aljazeera/639,,['aljazeera/639/images/main_image.jpg'],1
aljazeera/3456,,['aljazeera/3456/images/main_image.jpg'],1
aljazeera/2584,,['aljazeera/2584/images/main_image.jpg'],1
aljazeera/1301,,"['aljazeera/1301/images/main_image.jpg', 'aljazeera/1301/images/2.jpg', 'aljazeera/1301/images/1.jpg']",3
aljazeera/1133,,"['aljazeera/1133/images/4.jpg', 'aljazeera/1133/images/main_image.jpg', 'aljazeera/1133/images/5.jpg', 'aljazeera/1133/images/3.jpg', 'aljazeera/1133/images/1.jpg']",5
aljazeera/1557,,['aljazeera/1557/images/main_image.jpg'],1
aljazeera/3200,,['aljazeera/3200/images/main_image.jpg'],1
aljazeera/3032,,['aljazeera/3032/images/main_image.jpg'],1
aljazeera/1765,,['aljazeera/1765/images/main_image.jpg'],1
aljazeera/1339,,"['aljazeera/1339/images/main_image.jpg', 'aljazeera/1339/images/2.jpg', 'aljazeera/1339/images/1.jpg']",3
aljazeera/1937,,"['aljazeera/1937/images/8.jpg', 'aljazeera/1937/images/9.jpg', 'aljazeera/1937/images/4.jpg', 'aljazeera/1937/images/main_image.jpg', 'aljazeera/1937/images/5.jpg', 'aljazeera/1937/images/7.jpg', 'aljazeera/1937/images/6.jpg', 'aljazeera/1937/images/3.jpg', 'aljazeera/1937/images/1.jpg']",9
aljazeera/291,,['aljazeera/291/images/main_image.jpg'],1
aljazeera/3238,,['aljazeera/3238/images/main_image.jpg'],1
aljazeera/265,,['aljazeera/265/images/main_image.jpg'],1
aljazeera/2910,,"['aljazeera/2910/images/main_image.jpg', 'aljazeera/2910/images/2.jpg']",2
aljazeera/2548,,['aljazeera/2548/images/main_image.jpg'],1
aljazeera/433,,['aljazeera/433/images/main_image.jpg'],1
aljazeera/601,,"['aljazeera/601/images/main_image.jpg', 'aljazeera/601/images/2.jpg']",2
aljazeera/3035,,['aljazeera/3035/images/main_image.jpg'],1
aljazeera/1762,,['aljazeera/1762/images/main_image.jpg'],1
aljazeera/1550,,['aljazeera/1550/images/main_image.jpg'],1
aljazeera/3207,,['aljazeera/3207/images/main_image.jpg'],1
aljazeera/1908,,"['aljazeera/1908/images/4.jpg', 'aljazeera/1908/images/main_image.jpg', 'aljazeera/1908/images/2.jpg', 'aljazeera/1908/images/3.jpg']",4
aljazeera/1134,,['aljazeera/1134/images/main_image.jpg'],1
aljazeera/3451,,['aljazeera/3451/images/main_image.jpg'],1
aljazeera/2583,,"['aljazeera/2583/images/main_image.jpg', 'aljazeera/2583/images/5.jpg', 'aljazeera/2583/images/2.jpg', 'aljazeera/2583/images/3.jpg', 'aljazeera/2583/images/1.jpg']",5
aljazeera/1306,,"['aljazeera/1306/images/main_image.jpg', 'aljazeera/1306/images/1.jpg']",2
aljazeera/2745,,['aljazeera/2745/images/main_image.jpg'],1
aljazeera/2577,,"['aljazeera/2577/images/main_image.jpg', 'aljazeera/2577/images/2.jpg', 'aljazeera/2577/images/1.jpg']",3
aljazeera/2113,,"['aljazeera/2113/images/main_image.jpg', 'aljazeera/2113/images/3.jpg', 'aljazeera/2113/images/1.jpg']",3
aljazeera/854,,['aljazeera/854/images/main_image.jpg'],1
aljazeera/1796,,['aljazeera/1796/images/main_image.jpg'],1
aljazeera/2321,,['aljazeera/2321/images/main_image.jpg'],1
aljazeera/2170,,['aljazeera/2170/images/main_image.jpg'],1
aljazeera/837,,['aljazeera/837/images/main_image.jpg'],1
aljazeera/3290,,['aljazeera/3290/images/main_image.jpg'],1
aljazeera/239,,"['aljazeera/239/images/main_image.jpg', 'aljazeera/239/images/2.jpg', 'aljazeera/239/images/1.jpg']",3
aljazeera/2342,,"['aljazeera/2342/images/main_image.jpg', 'aljazeera/2342/images/2.jpg', 'aljazeera/2342/images/3.jpg']",3
aljazeera/2726,,"['aljazeera/2726/images/main_image.jpg', 'aljazeera/2726/images/2.jpg']",2
aljazeera/2514,,['aljazeera/2514/images/main_image.jpg'],1
aljazeera/1391,,['aljazeera/1391/images/main_image.jpg'],1
aljazeera/1157,,['aljazeera/1157/images/main_image.jpg'],1
aljazeera/3600,,['aljazeera/3600/images/main_image.jpg'],1
aljazeera/3432,,['aljazeera/3432/images/main_image.jpg'],1
aljazeera/1365,,['aljazeera/1365/images/main_image.jpg'],1
aljazeera/3056,,"['aljazeera/3056/images/main_image.jpg', 'aljazeera/3056/images/2.jpg']",2
aljazeera/2184,,['aljazeera/2184/images/main_image.jpg'],1
aljazeera/1701,,"['aljazeera/1701/images/4.jpg', 'aljazeera/1701/images/main_image.jpg', 'aljazeera/1701/images/5.jpg', 'aljazeera/1701/images/6.jpg', 'aljazeera/1701/images/2.jpg', 'aljazeera/1701/images/3.jpg']",6
aljazeera/1533,,['aljazeera/1533/images/main_image.jpg'],1
aljazeera/3264,,['aljazeera/3264/images/main_image.jpg'],1
aljazeera/450,,"['aljazeera/450/images/main_image.jpg', 'aljazeera/450/images/3.jpg', 'aljazeera/450/images/1.jpg']",3
aljazeera/662,,"['aljazeera/662/images/4.jpg', 'aljazeera/662/images/main_image.jpg', 'aljazeera/662/images/5.jpg', 'aljazeera/662/images/6.jpg', 'aljazeera/662/images/2.jpg', 'aljazeera/662/images/3.jpg']",6
aljazeera/2719,,"['aljazeera/2719/images/main_image.jpg', 'aljazeera/2719/images/2.jpg', 'aljazeera/2719/images/1.jpg']",3
aljazeera/206,,['aljazeera/206/images/main_image.jpg'],1
aljazeera/2973,,"['aljazeera/2973/images/main_image.jpg', 'aljazeera/2973/images/2.jpg']",2
aljazeera/808,,"['aljazeera/808/images/main_image.jpg', 'aljazeera/808/images/2.jpg', 'aljazeera/808/images/3.jpg']",3
aljazeera/2389,,['aljazeera/2389/images/main_image.jpg'],1
aljazeera/3069,,['aljazeera/3069/images/main_image.jpg'],1
aljazeera/2987,,"['aljazeera/2987/images/4.jpg', 'aljazeera/2987/images/main_image.jpg', 'aljazeera/2987/images/5.jpg', 'aljazeera/2987/images/2.jpg', 'aljazeera/2987/images/3.jpg']",5
aljazeera/696,,['aljazeera/696/images/main_image.jpg'],1
aljazeera/1954,,['aljazeera/1954/images/main_image.jpg'],1
aljazeera/1168,,"['aljazeera/1168/images/main_image.jpg', 'aljazeera/1168/images/1.jpg']",2
aljazeera/1534,,"['aljazeera/1534/images/main_image.jpg', 'aljazeera/1534/images/2.jpg']",2
aljazeera/3263,,['aljazeera/3263/images/main_image.jpg'],1
aljazeera/3051,,['aljazeera/3051/images/main_image.jpg'],1
aljazeera/2183,,['aljazeera/2183/images/main_image.jpg'],1
aljazeera/1706,,"['aljazeera/1706/images/4.jpg', 'aljazeera/1706/images/main_image.jpg', 'aljazeera/1706/images/2.jpg', 'aljazeera/1706/images/3.jpg']",4
aljazeera/3435,,['aljazeera/3435/images/main_image.jpg'],1
aljazeera/1362,,"['aljazeera/1362/images/main_image.jpg', 'aljazeera/1362/images/1.jpg']",2
aljazeera/1150,,"['aljazeera/1150/images/main_image.jpg', 'aljazeera/1150/images/1.jpg']",2
aljazeera/3607,,"['aljazeera/3607/images/main_image.jpg', 'aljazeera/3607/images/2.jpg']",2
aljazeera/468,,"['aljazeera/468/images/4.jpg', 'aljazeera/468/images/main_image.jpg', 'aljazeera/468/images/5.jpg', 'aljazeera/468/images/3.jpg', 'aljazeera/468/images/1.jpg']",5
aljazeera/2513,,['aljazeera/2513/images/main_image.jpg'],1
aljazeera/1396,,['aljazeera/1396/images/main_image.jpg'],1
aljazeera/1998,,"['aljazeera/1998/images/4.jpg', 'aljazeera/1998/images/main_image.jpg', 'aljazeera/1998/images/5.jpg', 'aljazeera/1998/images/2.jpg', 'aljazeera/1998/images/3.jpg']",5
aljazeera/2721,,['aljazeera/2721/images/main_image.jpg'],1
aljazeera/3297,,['aljazeera/3297/images/main_image.jpg'],1
aljazeera/2345,,['aljazeera/2345/images/main_image.jpg'],1
aljazeera/2177,,"['aljazeera/2177/images/main_image.jpg', 'aljazeera/2177/images/1.jpg']",2
aljazeera/830,,"['aljazeera/830/images/main_image.jpg', 'aljazeera/830/images/1.jpg']",2
aljazeera/691,,['aljazeera/691/images/main_image.jpg'],1
aljazeera/3638,,['aljazeera/3638/images/main_image.jpg'],1
aljazeera/1953,,['aljazeera/1953/images/main_image.jpg'],1
aljazeera/1739,,"['aljazeera/1739/images/main_image.jpg', 'aljazeera/1739/images/2.jpg']",2
aljazeera/2980,,['aljazeera/2980/images/main_image.jpg'],1
aljazeera/2148,,['aljazeera/2148/images/main_image.jpg'],1
aljazeera/2974,,['aljazeera/2974/images/main_image.jpg'],1
aljazeera/201,,['aljazeera/201/images/main_image.jpg'],1
aljazeera/665,,['aljazeera/665/images/main_image.jpg'],1
aljazeera/457,,['aljazeera/457/images/main_image.jpg'],1
aljazeera/1354,,['aljazeera/1354/images/main_image.jpg'],1
aljazeera/3403,,"['aljazeera/3403/images/main_image.jpg', 'aljazeera/3403/images/2.jpg']",2
aljazeera/3631,,['aljazeera/3631/images/main_image.jpg'],1
aljazeera/698,,['aljazeera/698/images/main_image.jpg'],1
aljazeera/1166,,"['aljazeera/1166/images/main_image.jpg', 'aljazeera/1166/images/1.jpg']",2
aljazeera/2387,,['aljazeera/2387/images/main_image.jpg'],1
aljazeera/3255,,"['aljazeera/3255/images/main_image.jpg', 'aljazeera/3255/images/2.jpg']",2
aljazeera/1502,,['aljazeera/1502/images/main_image.jpg'],1
aljazeera/1730,,['aljazeera/1730/images/main_image.jpg'],1
aljazeera/3067,,"['aljazeera/3067/images/main_image.jpg', 'aljazeera/3067/images/2.jpg']",2
aljazeera/2989,,"['aljazeera/2989/images/4.jpg', 'aljazeera/2989/images/main_image.jpg', 'aljazeera/2989/images/3.jpg', 'aljazeera/2989/images/1.jpg']",4
aljazeera/2373,,"['aljazeera/2373/images/main_image.jpg', 'aljazeera/2373/images/1.jpg']",2
aljazeera/208,,"['aljazeera/208/images/main_image.jpg', 'aljazeera/208/images/2.jpg']",2
aljazeera/2141,,"['aljazeera/2141/images/main_image.jpg', 'aljazeera/2141/images/2.jpg']",2
aljazeera/3093,,['aljazeera/3093/images/main_image.jpg'],1
aljazeera/806,,"['aljazeera/806/images/8.jpg', 'aljazeera/806/images/9.jpg', 'aljazeera/806/images/10.jpg', 'aljazeera/806/images/4.jpg', 'aljazeera/806/images/main_image.jpg', 'aljazeera/806/images/5.jpg', 'aljazeera/806/images/7.jpg', 'aljazeera/806/images/6.jpg', 'aljazeera/806/images/3.jpg', 'aljazeera/806/images/1.jpg']",10
aljazeera/2525,,"['aljazeera/2525/images/4.jpg', 'aljazeera/2525/images/main_image.jpg', 'aljazeera/2525/images/2.jpg', 'aljazeera/2525/images/1.jpg']",4
aljazeera/2717,,['aljazeera/2717/images/main_image.jpg'],1
aljazeera/1192,,"['aljazeera/1192/images/main_image.jpg', 'aljazeera/1192/images/2.jpg']",2
aljazeera/3058,,['aljazeera/3058/images/main_image.jpg'],1
aljazeera/1965,,['aljazeera/1965/images/main_image.jpg'],1
aljazeera/1159,,"['aljazeera/1159/images/main_image.jpg', 'aljazeera/1159/images/2.jpg']",2
aljazeera/495,,"['aljazeera/495/images/4.jpg', 'aljazeera/495/images/main_image.jpg', 'aljazeera/495/images/5.jpg', 'aljazeera/495/images/6.jpg', 'aljazeera/495/images/2.jpg', 'aljazeera/495/images/1.jpg']",6
aljazeera/1991,,['aljazeera/1991/images/main_image.jpg'],1
aljazeera/2728,,['aljazeera/2728/images/main_image.jpg'],1
aljazeera/653,,['aljazeera/653/images/main_image.jpg'],1
aljazeera/461,,['aljazeera/461/images/main_image.jpg'],1
aljazeera/839,,"['aljazeera/839/images/4.jpg', 'aljazeera/839/images/main_image.jpg', 'aljazeera/839/images/2.jpg', 'aljazeera/839/images/3.jpg']",4
aljazeera/2942,,"['aljazeera/2942/images/main_image.jpg', 'aljazeera/2942/images/2.jpg', 'aljazeera/2942/images/3.jpg']",3
aljazeera/237,,['aljazeera/237/images/main_image.jpg'],1
aljazeera/2710,,"['aljazeera/2710/images/main_image.jpg', 'aljazeera/2710/images/2.jpg', 'aljazeera/2710/images/3.jpg']",3
aljazeera/1195,,['aljazeera/1195/images/main_image.jpg'],1
aljazeera/2522,,['aljazeera/2522/images/main_image.jpg'],1
aljazeera/459,,"['aljazeera/459/images/main_image.jpg', 'aljazeera/459/images/2.jpg']",2
aljazeera/2146,,"['aljazeera/2146/images/main_image.jpg', 'aljazeera/2146/images/1.jpg']",2
aljazeera/3094,,['aljazeera/3094/images/main_image.jpg'],1
aljazeera/801,,['aljazeera/801/images/main_image.jpg'],1
aljazeera/2374,,['aljazeera/2374/images/main_image.jpg'],1
aljazeera/1737,,['aljazeera/1737/images/main_image.jpg'],1
aljazeera/3060,,"['aljazeera/3060/images/8.jpg', 'aljazeera/3060/images/9.jpg', 'aljazeera/3060/images/4.jpg', 'aljazeera/3060/images/main_image.jpg', 'aljazeera/3060/images/5.jpg', 'aljazeera/3060/images/7.jpg', 'aljazeera/3060/images/6.jpg', 'aljazeera/3060/images/3.jpg', 'aljazeera/3060/images/1.jpg']",9
aljazeera/2380,,"['aljazeera/2380/images/4.jpg', 'aljazeera/2380/images/main_image.jpg', 'aljazeera/2380/images/2.jpg', 'aljazeera/2380/images/3.jpg']",4
aljazeera/3252,,"['aljazeera/3252/images/main_image.jpg', 'aljazeera/3252/images/1.jpg']",2
aljazeera/1505,,['aljazeera/1505/images/main_image.jpg'],1
aljazeera/3636,,"['aljazeera/3636/images/4.jpg', 'aljazeera/3636/images/main_image.jpg', 'aljazeera/3636/images/5.jpg', 'aljazeera/3636/images/6.jpg', 'aljazeera/3636/images/3.jpg', 'aljazeera/3636/images/1.jpg']",6
aljazeera/1161,,"['aljazeera/1161/images/4.jpg', 'aljazeera/1161/images/main_image.jpg', 'aljazeera/1161/images/5.jpg', 'aljazeera/1161/images/6.jpg', 'aljazeera/1161/images/3.jpg', 'aljazeera/1161/images/1.jpg']",6
aljazeera/1353,,['aljazeera/1353/images/main_image.jpg'],1
aljazeera/3404,,"['aljazeera/3404/images/main_image.jpg', 'aljazeera/3404/images/2.jpg']",2
aljazeera/230,,['aljazeera/230/images/main_image.jpg'],1
aljazeera/3299,,['aljazeera/3299/images/main_image.jpg'],1
aljazeera/2179,,"['aljazeera/2179/images/main_image.jpg', 'aljazeera/2179/images/1.jpg']",2
aljazeera/2945,,"['aljazeera/2945/images/main_image.jpg', 'aljazeera/2945/images/1.jpg']",2
aljazeera/466,,['aljazeera/466/images/main_image.jpg'],1
aljazeera/1398,,['aljazeera/1398/images/main_image.jpg'],1
aljazeera/1996,,['aljazeera/1996/images/main_image.jpg'],1
aljazeera/654,,['aljazeera/654/images/main_image.jpg'],1
aljazeera/492,,"['aljazeera/492/images/main_image.jpg', 'aljazeera/492/images/2.jpg']",2
aljazeera/1962,,"['aljazeera/1962/images/4.jpg', 'aljazeera/1962/images/main_image.jpg', 'aljazeera/1962/images/5.jpg', 'aljazeera/1962/images/6.jpg', 'aljazeera/1962/images/3.jpg', 'aljazeera/1962/images/1.jpg']",6
aljazeera/3609,,"['aljazeera/3609/images/main_image.jpg', 'aljazeera/3609/images/2.jpg']",2
aljazeera/1708,,"['aljazeera/1708/images/main_image.jpg', 'aljazeera/1708/images/2.jpg', 'aljazeera/1708/images/3.jpg']",3
aljazeera/2911,,"['aljazeera/2911/images/4.jpg', 'aljazeera/2911/images/main_image.jpg', 'aljazeera/2911/images/3.jpg', 'aljazeera/2911/images/1.jpg']",4
aljazeera/264,,['aljazeera/264/images/main_image.jpg'],1
aljazeera/600,,"['aljazeera/600/images/main_image.jpg', 'aljazeera/600/images/2.jpg', 'aljazeera/600/images/1.jpg']",3
aljazeera/432,,"['aljazeera/432/images/main_image.jpg', 'aljazeera/432/images/2.jpg', 'aljazeera/432/images/3.jpg', 'aljazeera/432/images/1.jpg']",4
aljazeera/2549,,['aljazeera/2549/images/main_image.jpg'],1
aljazeera/1936,,"['aljazeera/1936/images/main_image.jpg', 'aljazeera/1936/images/1.jpg']",2
aljazeera/1338,,['aljazeera/1338/images/main_image.jpg'],1
aljazeera/290,,['aljazeera/290/images/main_image.jpg'],1
aljazeera/3239,,['aljazeera/3239/images/main_image.jpg'],1
aljazeera/2576,,['aljazeera/2576/images/main_image.jpg'],1
aljazeera/2744,,['aljazeera/2744/images/main_image.jpg'],1
aljazeera/2320,,"['aljazeera/2320/images/main_image.jpg', 'aljazeera/2320/images/1.jpg']",2
aljazeera/855,,['aljazeera/855/images/main_image.jpg'],1
aljazeera/2112,,['aljazeera/2112/images/main_image.jpg'],1
aljazeera/1797,,['aljazeera/1797/images/main_image.jpg'],1
aljazeera/1551,,['aljazeera/1551/images/main_image.jpg'],1
aljazeera/3206,,['aljazeera/3206/images/main_image.jpg'],1
aljazeera/3034,,"['aljazeera/3034/images/main_image.jpg', 'aljazeera/3034/images/2.jpg', 'aljazeera/3034/images/3.jpg']",3
aljazeera/1763,,['aljazeera/1763/images/main_image.jpg'],1
aljazeera/3450,,['aljazeera/3450/images/main_image.jpg'],1
aljazeera/2582,,['aljazeera/2582/images/main_image.jpg'],1
aljazeera/1307,,"['aljazeera/1307/images/4.jpg', 'aljazeera/1307/images/main_image.jpg', 'aljazeera/1307/images/2.jpg', 'aljazeera/1307/images/3.jpg']",4
aljazeera/1135,,['aljazeera/1135/images/main_image.jpg'],1
aljazeera/1909,,['aljazeera/1909/images/main_image.jpg'],1
aljazeera/297,,"['aljazeera/297/images/4.jpg', 'aljazeera/297/images/main_image.jpg', 'aljazeera/297/images/5.jpg', 'aljazeera/297/images/6.jpg', 'aljazeera/297/images/3.jpg', 'aljazeera/297/images/1.jpg']",6
aljazeera/1569,,"['aljazeera/1569/images/main_image.jpg', 'aljazeera/1569/images/2.jpg']",2
aljazeera/899,,['aljazeera/899/images/main_image.jpg'],1
aljazeera/3468,,"['aljazeera/3468/images/main_image.jpg', 'aljazeera/3468/images/1.jpg']",2
aljazeera/2788,,"['aljazeera/2788/images/4.jpg', 'aljazeera/2788/images/main_image.jpg', 'aljazeera/2788/images/5.jpg', 'aljazeera/2788/images/3.jpg', 'aljazeera/2788/images/1.jpg']",5
aljazeera/1931,,['aljazeera/1931/images/main_image.jpg'],1
aljazeera/435,,['aljazeera/435/images/main_image.jpg'],1
aljazeera/607,,['aljazeera/607/images/main_image.jpg'],1
aljazeera/263,,['aljazeera/263/images/main_image.jpg'],1
aljazeera/2318,,"['aljazeera/2318/images/main_image.jpg', 'aljazeera/2318/images/2.jpg']",2
aljazeera/2916,,"['aljazeera/2916/images/main_image.jpg', 'aljazeera/2916/images/2.jpg']",2
aljazeera/1132,,['aljazeera/1132/images/main_image.jpg'],1
aljazeera/3457,,['aljazeera/3457/images/main_image.jpg'],1
aljazeera/2585,,['aljazeera/2585/images/main_image.jpg'],1
aljazeera/1300,,"['aljazeera/1300/images/main_image.jpg', 'aljazeera/1300/images/1.jpg']",2
aljazeera/3033,,"['aljazeera/3033/images/main_image.jpg', 'aljazeera/3033/images/2.jpg', 'aljazeera/3033/images/3.jpg']",3
aljazeera/1764,,"['aljazeera/1764/images/4.jpg', 'aljazeera/1764/images/main_image.jpg', 'aljazeera/1764/images/5.jpg', 'aljazeera/1764/images/6.jpg', 'aljazeera/1764/images/2.jpg', 'aljazeera/1764/images/3.jpg']",6
aljazeera/1556,,['aljazeera/1556/images/main_image.jpg'],1
aljazeera/3201,,['aljazeera/3201/images/main_image.jpg'],1
aljazeera/2929,,"['aljazeera/2929/images/4.jpg', 'aljazeera/2929/images/main_image.jpg', 'aljazeera/2929/images/5.jpg', 'aljazeera/2929/images/6.jpg', 'aljazeera/2929/images/2.jpg', 'aljazeera/2929/images/3.jpg']",6
aljazeera/852,,"['aljazeera/852/images/main_image.jpg', 'aljazeera/852/images/2.jpg', 'aljazeera/852/images/3.jpg']",3
aljazeera/2115,,"['aljazeera/2115/images/main_image.jpg', 'aljazeera/2115/images/3.jpg', 'aljazeera/2115/images/1.jpg']",3
aljazeera/1790,,['aljazeera/1790/images/main_image.jpg'],1
aljazeera/2327,,['aljazeera/2327/images/main_image.jpg'],1
aljazeera/638,,"['aljazeera/638/images/main_image.jpg', 'aljazeera/638/images/1.jpg']",2
aljazeera/2743,,['aljazeera/2743/images/main_image.jpg'],1
aljazeera/2571,,['aljazeera/2571/images/main_image.jpg'],1
aljazeera/1309,,['aljazeera/1309/images/main_image.jpg'],1
aljazeera/1907,,['aljazeera/1907/images/main_image.jpg'],1
aljazeera/3208,,['aljazeera/3208/images/main_image.jpg'],1
aljazeera/255,,"['aljazeera/255/images/main_image.jpg', 'aljazeera/255/images/2.jpg']",2
aljazeera/2920,,"['aljazeera/2920/images/main_image.jpg', 'aljazeera/2920/images/2.jpg', 'aljazeera/2920/images/3.jpg']",3
aljazeera/1799,,"['aljazeera/1799/images/4.jpg', 'aljazeera/1799/images/main_image.jpg', 'aljazeera/1799/images/5.jpg', 'aljazeera/1799/images/3.jpg', 'aljazeera/1799/images/1.jpg']",5
aljazeera/2578,,['aljazeera/2578/images/main_image.jpg'],1
aljazeera/403,,['aljazeera/403/images/main_image.jpg'],1
aljazeera/631,,['aljazeera/631/images/main_image.jpg'],1
aljazeera/1752,,['aljazeera/1752/images/main_image.jpg'],1
aljazeera/890,,['aljazeera/890/images/main_image.jpg'],1
aljazeera/3005,,"['aljazeera/3005/images/4.jpg', 'aljazeera/3005/images/main_image.jpg', 'aljazeera/3005/images/5.jpg', 'aljazeera/3005/images/3.jpg', 'aljazeera/3005/images/1.jpg']",5
aljazeera/3237,,"['aljazeera/3237/images/4.jpg', 'aljazeera/3237/images/main_image.jpg', 'aljazeera/3237/images/2.jpg', 'aljazeera/3237/images/3.jpg']",4
aljazeera/1560,,['aljazeera/1560/images/main_image.jpg'],1
aljazeera/2781,,['aljazeera/2781/images/main_image.jpg'],1
aljazeera/1104,,['aljazeera/1104/images/main_image.jpg'],1
aljazeera/1938,,"['aljazeera/1938/images/main_image.jpg', 'aljazeera/1938/images/2.jpg', 'aljazeera/1938/images/3.jpg']",3
aljazeera/1336,,"['aljazeera/1336/images/4.jpg', 'aljazeera/1336/images/main_image.jpg', 'aljazeera/1336/images/2.jpg', 'aljazeera/1336/images/3.jpg']",4
aljazeera/3461,,"['aljazeera/3461/images/main_image.jpg', 'aljazeera/3461/images/3.jpg', 'aljazeera/3461/images/1.jpg']",3
aljazeera/2775,,"['aljazeera/2775/images/4.jpg', 'aljazeera/2775/images/main_image.jpg', 'aljazeera/2775/images/5.jpg', 'aljazeera/2775/images/2.jpg', 'aljazeera/2775/images/3.jpg']",5
aljazeera/2547,,"['aljazeera/2547/images/main_image.jpg', 'aljazeera/2547/images/1.jpg']",2
aljazeera/3495,,"['aljazeera/3495/images/main_image.jpg', 'aljazeera/3495/images/2.jpg', 'aljazeera/3495/images/3.jpg']",3
aljazeera/864,,['aljazeera/864/images/main_image.jpg'],1
aljazeera/2123,,"['aljazeera/2123/images/main_image.jpg', 'aljazeera/2123/images/1.jpg']",2
aljazeera/2311,,['aljazeera/2311/images/main_image.jpg'],1
aljazeera/1594,,"['aljazeera/1594/images/main_image.jpg', 'aljazeera/1594/images/2.jpg']",2
aljazeera/636,,['aljazeera/636/images/main_image.jpg'],1
aljazeera/404,,['aljazeera/404/images/main_image.jpg'],1
aljazeera/2927,,"['aljazeera/2927/images/main_image.jpg', 'aljazeera/2927/images/2.jpg', 'aljazeera/2927/images/3.jpg']",3
aljazeera/2329,,['aljazeera/2329/images/main_image.jpg'],1
aljazeera/252,,['aljazeera/252/images/main_image.jpg'],1
aljazeera/1558,,['aljazeera/1558/images/main_image.jpg'],1
aljazeera/1900,,['aljazeera/1900/images/main_image.jpg'],1
aljazeera/3459,,['aljazeera/3459/images/main_image.jpg'],1
aljazeera/2316,,"['aljazeera/2316/images/main_image.jpg', 'aljazeera/2316/images/2.jpg']",2
aljazeera/1593,,"['aljazeera/1593/images/main_image.jpg', 'aljazeera/1593/images/2.jpg']",2
aljazeera/863,,"['aljazeera/863/images/main_image.jpg', 'aljazeera/863/images/2.jpg', 'aljazeera/863/images/3.jpg']",3
aljazeera/2918,,['aljazeera/2918/images/main_image.jpg'],1
aljazeera/2124,,['aljazeera/2124/images/main_image.jpg'],1
aljazeera/2540,,"['aljazeera/2540/images/main_image.jpg', 'aljazeera/2540/images/1.jpg']",2
aljazeera/3492,,"['aljazeera/3492/images/4.jpg', 'aljazeera/3492/images/main_image.jpg', 'aljazeera/3492/images/5.jpg', 'aljazeera/3492/images/7.jpg', 'aljazeera/3492/images/6.jpg', 'aljazeera/3492/images/2.jpg', 'aljazeera/3492/images/3.jpg']",7
aljazeera/2772,,"['aljazeera/2772/images/main_image.jpg', 'aljazeera/2772/images/2.jpg']",2
aljazeera/609,,['aljazeera/609/images/main_image.jpg'],1
aljazeera/1331,,['aljazeera/1331/images/main_image.jpg'],1
aljazeera/3466,,"['aljazeera/3466/images/main_image.jpg', 'aljazeera/3466/images/2.jpg']",2
aljazeera/2786,,"['aljazeera/2786/images/main_image.jpg', 'aljazeera/2786/images/2.jpg', 'aljazeera/2786/images/1.jpg']",3
aljazeera/1103,,"['aljazeera/1103/images/main_image.jpg', 'aljazeera/1103/images/1.jpg']",2
aljazeera/3230,,['aljazeera/3230/images/main_image.jpg'],1
aljazeera/299,,['aljazeera/299/images/main_image.jpg'],1
aljazeera/1567,,['aljazeera/1567/images/main_image.jpg'],1
aljazeera/1755,,['aljazeera/1755/images/main_image.jpg'],1
aljazeera/897,,['aljazeera/897/images/main_image.jpg'],1
aljazeera/3002,,"['aljazeera/3002/images/main_image.jpg', 'aljazeera/3002/images/2.jpg']",2
aljazeera/3342,,['aljazeera/3342/images/main_image.jpg'],1
aljazeera/2290,,['aljazeera/2290/images/main_image.jpg'],1
aljazeera/1415,,['aljazeera/1415/images/main_image.jpg'],1
aljazeera/1627,,['aljazeera/1627/images/main_image.jpg'],1
aljazeera/3170,,['aljazeera/3170/images/main_image.jpg'],1
aljazeera/1243,,"['aljazeera/1243/images/main_image.jpg', 'aljazeera/1243/images/3.jpg', 'aljazeera/1243/images/1.jpg']",3
aljazeera/46,,['aljazeera/46/images/main_image.jpg'],1
aljazeera/3514,,"['aljazeera/3514/images/main_image.jpg', 'aljazeera/3514/images/2.jpg']",2
aljazeera/1071,,['aljazeera/1071/images/main_image.jpg'],1
aljazeera/2432,,['aljazeera/2432/images/main_image.jpg'],1
aljazeera/549,,"['aljazeera/549/images/main_image.jpg', 'aljazeera/549/images/2.jpg']",2
aljazeera/2600,,"['aljazeera/2600/images/4.jpg', 'aljazeera/2600/images/main_image.jpg', 'aljazeera/2600/images/5.jpg', 'aljazeera/2600/images/3.jpg', 'aljazeera/2600/images/1.jpg']",5
aljazeera/1085,,"['aljazeera/1085/images/main_image.jpg', 'aljazeera/1085/images/2.jpg']",2
aljazeera/2264,,"['aljazeera/2264/images/main_image.jpg', 'aljazeera/2264/images/1.jpg']",2
aljazeera/3184,,['aljazeera/3184/images/main_image.jpg'],1
aljazeera/2056,,"['aljazeera/2056/images/main_image.jpg', 'aljazeera/2056/images/2.jpg']",2
aljazeera/911,,"['aljazeera/911/images/main_image.jpg', 'aljazeera/911/images/2.jpg', 'aljazeera/911/images/3.jpg']",3
aljazeera/1872,,"['aljazeera/1872/images/main_image.jpg', 'aljazeera/1872/images/2.jpg']",2
aljazeera/582,,['aljazeera/582/images/main_image.jpg'],1
aljazeera/79,,['aljazeera/79/images/main_image.jpg'],1
aljazeera/1618,,"['aljazeera/1618/images/main_image.jpg', 'aljazeera/1618/images/2.jpg']",2
aljazeera/2069,,['aljazeera/2069/images/main_image.jpg'],1
aljazeera/112,,"['aljazeera/112/images/main_image.jpg', 'aljazeera/112/images/2.jpg']",2
aljazeera/2855,,['aljazeera/2855/images/main_image.jpg'],1
aljazeera/3389,,"['aljazeera/3389/images/main_image.jpg', 'aljazeera/3389/images/2.jpg']",2
aljazeera/320,,"['aljazeera/320/images/main_image.jpg', 'aljazeera/320/images/2.jpg']",2
aljazeera/1886,,['aljazeera/1886/images/main_image.jpg'],1
aljazeera/744,,['aljazeera/744/images/main_image.jpg'],1
aljazeera/576,,"['aljazeera/576/images/main_image.jpg', 'aljazeera/576/images/2.jpg']",2
aljazeera/1288,,['aljazeera/1288/images/main_image.jpg'],1
aljazeera/3183,,"['aljazeera/3183/images/main_image.jpg', 'aljazeera/3183/images/1.jpg']",2
aljazeera/2051,,"['aljazeera/2051/images/main_image.jpg', 'aljazeera/2051/images/2.jpg']",2
aljazeera/916,,"['aljazeera/916/images/main_image.jpg', 'aljazeera/916/images/2.jpg']",2
aljazeera/2263,,['aljazeera/2263/images/main_image.jpg'],1
aljazeera/318,,['aljazeera/318/images/main_image.jpg'],1
aljazeera/2607,,"['aljazeera/2607/images/main_image.jpg', 'aljazeera/2607/images/2.jpg']",2
aljazeera/1082,,['aljazeera/1082/images/main_image.jpg'],1
aljazeera/2435,,"['aljazeera/2435/images/4.jpg', 'aljazeera/2435/images/main_image.jpg', 'aljazeera/2435/images/5.jpg', 'aljazeera/2435/images/6.jpg', 'aljazeera/2435/images/2.jpg', 'aljazeera/2435/images/3.jpg']",6
aljazeera/788,,"['aljazeera/788/images/main_image.jpg', 'aljazeera/788/images/2.jpg', 'aljazeera/788/images/3.jpg']",3
aljazeera/1076,,['aljazeera/1076/images/main_image.jpg'],1
aljazeera/1244,,"['aljazeera/1244/images/4.jpg', 'aljazeera/1244/images/main_image.jpg', 'aljazeera/1244/images/2.jpg', 'aljazeera/1244/images/3.jpg']",4
aljazeera/41,,['aljazeera/41/images/main_image.jpg'],1
aljazeera/3513,,"['aljazeera/3513/images/main_image.jpg', 'aljazeera/3513/images/2.jpg']",2
aljazeera/1620,,['aljazeera/1620/images/main_image.jpg'],1
aljazeera/3177,,"['aljazeera/3177/images/main_image.jpg', 'aljazeera/3177/images/2.jpg']",2
aljazeera/2899,,['aljazeera/2899/images/main_image.jpg'],1
aljazeera/3345,,"['aljazeera/3345/images/8.jpg', 'aljazeera/3345/images/9.jpg', 'aljazeera/3345/images/12.jpg', 'aljazeera/3345/images/11.jpg', 'aljazeera/3345/images/10.jpg', 'aljazeera/3345/images/4.jpg', 'aljazeera/3345/images/main_image.jpg', 'aljazeera/3345/images/5.jpg', 'aljazeera/3345/images/7.jpg', 'aljazeera/3345/images/6.jpg', 'aljazeera/3345/images/3.jpg', 'aljazeera/3345/images/1.jpg']",12
aljazeera/2297,,"['aljazeera/2297/images/main_image.jpg', 'aljazeera/2297/images/2.jpg', 'aljazeera/2297/images/3.jpg']",3
aljazeera/1412,,"['aljazeera/1412/images/main_image.jpg', 'aljazeera/1412/images/2.jpg']",2
aljazeera/571,,['aljazeera/571/images/main_image.jpg'],1
aljazeera/1881,,"['aljazeera/1881/images/4.jpg', 'aljazeera/1881/images/main_image.jpg', 'aljazeera/1881/images/5.jpg', 'aljazeera/1881/images/6.jpg', 'aljazeera/1881/images/2.jpg', 'aljazeera/1881/images/3.jpg']",6
aljazeera/2638,,['aljazeera/2638/images/main_image.jpg'],1
aljazeera/743,,['aljazeera/743/images/main_image.jpg'],1
aljazeera/327,,"['aljazeera/327/images/main_image.jpg', 'aljazeera/327/images/2.jpg', 'aljazeera/327/images/3.jpg']",3
aljazeera/115,,"['aljazeera/115/images/main_image.jpg', 'aljazeera/115/images/2.jpg', 'aljazeera/115/images/3.jpg']",3
aljazeera/929,,"['aljazeera/929/images/main_image.jpg', 'aljazeera/929/images/2.jpg', 'aljazeera/929/images/3.jpg']",3
aljazeera/2852,,"['aljazeera/2852/images/main_image.jpg', 'aljazeera/2852/images/2.jpg']",2
aljazeera/3148,,['aljazeera/3148/images/main_image.jpg'],1
aljazeera/585,,"['aljazeera/585/images/main_image.jpg', 'aljazeera/585/images/1.jpg']",2
aljazeera/1875,,['aljazeera/1875/images/main_image.jpg'],1
aljazeera/1049,,['aljazeera/1049/images/main_image.jpg'],1
aljazeera/1888,,['aljazeera/1888/images/main_image.jpg'],1
aljazeera/2631,,['aljazeera/2631/images/main_image.jpg'],1
aljazeera/83,,['aljazeera/83/images/main_image.jpg'],1
aljazeera/578,,"['aljazeera/578/images/main_image.jpg', 'aljazeera/578/images/2.jpg']",2
aljazeera/2403,,['aljazeera/2403/images/main_image.jpg'],1
aljazeera/1286,,['aljazeera/1286/images/main_image.jpg'],1
aljazeera/2067,,['aljazeera/2067/images/main_image.jpg'],1
aljazeera/920,,['aljazeera/920/images/main_image.jpg'],1
aljazeera/2255,,['aljazeera/2255/images/main_image.jpg'],1
aljazeera/3387,,['aljazeera/3387/images/main_image.jpg'],1
aljazeera/2093,,['aljazeera/2093/images/main_image.jpg'],1
aljazeera/3141,,['aljazeera/3141/images/main_image.jpg'],1
aljazeera/1616,,['aljazeera/1616/images/main_image.jpg'],1
aljazeera/1424,,"['aljazeera/1424/images/main_image.jpg', 'aljazeera/1424/images/2.jpg']",2
aljazeera/3373,,"['aljazeera/3373/images/main_image.jpg', 'aljazeera/3373/images/2.jpg', 'aljazeera/3373/images/3.jpg', 'aljazeera/3373/images/1.jpg']",4
aljazeera/1040,,['aljazeera/1040/images/main_image.jpg'],1
aljazeera/3525,,"['aljazeera/3525/images/main_image.jpg', 'aljazeera/3525/images/2.jpg', 'aljazeera/3525/images/3.jpg']",3
aljazeera/77,,['aljazeera/77/images/main_image.jpg'],1
aljazeera/1272,,['aljazeera/1272/images/main_image.jpg'],1
aljazeera/311,,"['aljazeera/311/images/4.jpg', 'aljazeera/311/images/main_image.jpg', 'aljazeera/311/images/2.jpg', 'aljazeera/311/images/3.jpg']",4
aljazeera/123,,['aljazeera/123/images/main_image.jpg'],1
aljazeera/2058,,['aljazeera/2058/images/main_image.jpg'],1
aljazeera/2864,,"['aljazeera/2864/images/main_image.jpg', 'aljazeera/2864/images/2.jpg', 'aljazeera/2864/images/3.jpg']",3
aljazeera/547,,['aljazeera/547/images/main_image.jpg'],1
aljazeera/775,,['aljazeera/775/images/main_image.jpg'],1
aljazeera/48,,['aljazeera/48/images/main_image.jpg'],1
aljazeera/781,,['aljazeera/781/images/main_image.jpg'],1
aljazeera/1843,,['aljazeera/1843/images/main_image.jpg'],1
aljazeera/1629,,['aljazeera/1629/images/main_image.jpg'],1
aljazeera/2890,,"['aljazeera/2890/images/main_image.jpg', 'aljazeera/2890/images/2.jpg']",2
aljazeera/3522,,['aljazeera/3522/images/main_image.jpg'],1
aljazeera/70,,"['aljazeera/70/images/main_image.jpg', 'aljazeera/70/images/2.jpg']",2
aljazeera/1275,,"['aljazeera/1275/images/main_image.jpg', 'aljazeera/1275/images/2.jpg']",2
aljazeera/1047,,"['aljazeera/1047/images/main_image.jpg', 'aljazeera/1047/images/2.jpg']",2
aljazeera/1423,,['aljazeera/1423/images/main_image.jpg'],1
aljazeera/3374,,"['aljazeera/3374/images/8.jpg', 'aljazeera/3374/images/4.jpg', 'aljazeera/3374/images/main_image.jpg', 'aljazeera/3374/images/5.jpg', 'aljazeera/3374/images/7.jpg', 'aljazeera/3374/images/6.jpg', 'aljazeera/3374/images/3.jpg', 'aljazeera/3374/images/1.jpg']",8
aljazeera/2094,,['aljazeera/2094/images/main_image.jpg'],1
aljazeera/3146,,"['aljazeera/3146/images/main_image.jpg', 'aljazeera/3146/images/2.jpg']",2
aljazeera/1611,,['aljazeera/1611/images/main_image.jpg'],1
aljazeera/329,,['aljazeera/329/images/main_image.jpg'],1
aljazeera/2252,,['aljazeera/2252/images/main_image.jpg'],1
aljazeera/3380,,"['aljazeera/3380/images/main_image.jpg', 'aljazeera/3380/images/1.jpg']",2
aljazeera/2060,,['aljazeera/2060/images/main_image.jpg'],1
aljazeera/927,,['aljazeera/927/images/main_image.jpg'],1
aljazeera/2404,,['aljazeera/2404/images/main_image.jpg'],1
aljazeera/84,,['aljazeera/84/images/main_image.jpg'],1
aljazeera/1281,,['aljazeera/1281/images/main_image.jpg'],1
aljazeera/2636,,"['aljazeera/2636/images/main_image.jpg', 'aljazeera/2636/images/1.jpg']",2
aljazeera/3179,,['aljazeera/3179/images/main_image.jpg'],1
aljazeera/2897,,['aljazeera/2897/images/main_image.jpg'],1
aljazeera/2299,,['aljazeera/2299/images/main_image.jpg'],1
aljazeera/786,,['aljazeera/786/images/main_image.jpg'],1
aljazeera/1844,,"['aljazeera/1844/images/8.jpg', 'aljazeera/1844/images/9.jpg', 'aljazeera/1844/images/11.jpg', 'aljazeera/1844/images/10.jpg', 'aljazeera/1844/images/4.jpg', 'aljazeera/1844/images/main_image.jpg', 'aljazeera/1844/images/5.jpg', 'aljazeera/1844/images/7.jpg', 'aljazeera/1844/images/6.jpg', 'aljazeera/1844/images/3.jpg', 'aljazeera/1844/images/1.jpg']",11
aljazeera/1078,,"['aljazeera/1078/images/main_image.jpg', 'aljazeera/1078/images/2.jpg']",2
aljazeera/772,,['aljazeera/772/images/main_image.jpg'],1
aljazeera/2609,,['aljazeera/2609/images/main_image.jpg'],1
aljazeera/540,,['aljazeera/540/images/main_image.jpg'],1
aljazeera/124,,"['aljazeera/124/images/main_image.jpg', 'aljazeera/124/images/3.jpg', 'aljazeera/124/images/1.jpg']",3
aljazeera/2863,,['aljazeera/2863/images/main_image.jpg'],1
aljazeera/918,,['aljazeera/918/images/main_image.jpg'],1
aljazeera/316,,"['aljazeera/316/images/4.jpg', 'aljazeera/316/images/main_image.jpg', 'aljazeera/316/images/3.jpg', 'aljazeera/316/images/1.jpg']",4
aljazeera/1448,,['aljazeera/1448/images/main_image.jpg'],1
aljazeera/184,,['aljazeera/184/images/main_image.jpg'],1
aljazeera/3549,,['aljazeera/3549/images/main_image.jpg'],1
aljazeera/1810,,['aljazeera/1810/images/main_image.jpg'],1
aljazeera/514,,['aljazeera/514/images/main_image.jpg'],1
aljazeera/726,,['aljazeera/726/images/main_image.jpg'],1
aljazeera/2239,,['aljazeera/2239/images/main_image.jpg'],1
aljazeera/342,,"['aljazeera/342/images/main_image.jpg', 'aljazeera/342/images/1.jpg']",2
aljazeera/2837,,"['aljazeera/2837/images/4.jpg', 'aljazeera/2837/images/main_image.jpg', 'aljazeera/2837/images/2.jpg', 'aljazeera/2837/images/3.jpg']",4
aljazeera/170,,['aljazeera/170/images/main_image.jpg'],1
aljazeera/2696,,['aljazeera/2696/images/main_image.jpg'],1
aljazeera/1013,,['aljazeera/1013/images/main_image.jpg'],1
aljazeera/1221,,['aljazeera/1221/images/main_image.jpg'],1
aljazeera/3576,,"['aljazeera/3576/images/main_image.jpg', 'aljazeera/3576/images/2.jpg', 'aljazeera/3576/images/3.jpg']",3
aljazeera/24,,['aljazeera/24/images/main_image.jpg'],1
aljazeera/1645,,['aljazeera/1645/images/main_image.jpg'],1
aljazeera/987,,"['aljazeera/987/images/main_image.jpg', 'aljazeera/987/images/2.jpg']",2
aljazeera/3112,,['aljazeera/3112/images/main_image.jpg'],1
aljazeera/389,,['aljazeera/389/images/main_image.jpg'],1
aljazeera/3320,,['aljazeera/3320/images/main_image.jpg'],1
aljazeera/1477,,['aljazeera/1477/images/main_image.jpg'],1
aljazeera/973,,['aljazeera/973/images/main_image.jpg'],1
aljazeera/2808,,['aljazeera/2808/images/main_image.jpg'],1
aljazeera/2034,,['aljazeera/2034/images/main_image.jpg'],1
aljazeera/2206,,['aljazeera/2206/images/main_image.jpg'],1
aljazeera/1483,,['aljazeera/1483/images/main_image.jpg'],1
aljazeera/2662,,"['aljazeera/2662/images/4.jpg', 'aljazeera/2662/images/main_image.jpg', 'aljazeera/2662/images/2.jpg', 'aljazeera/2662/images/3.jpg']",4
aljazeera/719,,"['aljazeera/719/images/main_image.jpg', 'aljazeera/719/images/1.jpg']",2
aljazeera/3582,,"['aljazeera/3582/images/4.jpg', 'aljazeera/3582/images/main_image.jpg', 'aljazeera/3582/images/2.jpg', 'aljazeera/3582/images/3.jpg']",4
aljazeera/2450,,"['aljazeera/2450/images/main_image.jpg', 'aljazeera/2450/images/2.jpg']",2
aljazeera/2830,,['aljazeera/2830/images/main_image.jpg'],1
aljazeera/177,,['aljazeera/177/images/main_image.jpg'],1
aljazeera/1689,,"['aljazeera/1689/images/4.jpg', 'aljazeera/1689/images/main_image.jpg', 'aljazeera/1689/images/5.jpg', 'aljazeera/1689/images/3.jpg', 'aljazeera/1689/images/1.jpg']",5
aljazeera/345,,"['aljazeera/345/images/main_image.jpg', 'aljazeera/345/images/2.jpg']",2
aljazeera/721,,['aljazeera/721/images/main_image.jpg'],1
aljazeera/2468,,"['aljazeera/2468/images/main_image.jpg', 'aljazeera/2468/images/3.jpg', 'aljazeera/2468/images/1.jpg']",3
aljazeera/513,,"['aljazeera/513/images/main_image.jpg', 'aljazeera/513/images/2.jpg']",2
aljazeera/1817,,"['aljazeera/1817/images/4.jpg', 'aljazeera/1817/images/main_image.jpg', 'aljazeera/1817/images/5.jpg', 'aljazeera/1817/images/6.jpg', 'aljazeera/1817/images/3.jpg', 'aljazeera/1817/images/1.jpg']",6
aljazeera/1219,,['aljazeera/1219/images/main_image.jpg'],1
aljazeera/183,,['aljazeera/183/images/main_image.jpg'],1
aljazeera/3318,,"['aljazeera/3318/images/main_image.jpg', 'aljazeera/3318/images/2.jpg']",2
aljazeera/3585,,"['aljazeera/3585/images/4.jpg', 'aljazeera/3585/images/main_image.jpg', 'aljazeera/3585/images/2.jpg', 'aljazeera/3585/images/3.jpg']",4
aljazeera/2457,,['aljazeera/2457/images/main_image.jpg'],1
aljazeera/2665,,"['aljazeera/2665/images/4.jpg', 'aljazeera/2665/images/main_image.jpg', 'aljazeera/2665/images/5.jpg', 'aljazeera/2665/images/2.jpg', 'aljazeera/2665/images/3.jpg']",5
aljazeera/2201,,['aljazeera/2201/images/main_image.jpg'],1
aljazeera/1484,,['aljazeera/1484/images/main_image.jpg'],1
aljazeera/974,,"['aljazeera/974/images/main_image.jpg', 'aljazeera/974/images/2.jpg', 'aljazeera/974/images/3.jpg']",3
aljazeera/2033,,['aljazeera/2033/images/main_image.jpg'],1
aljazeera/148,,['aljazeera/148/images/main_image.jpg'],1
aljazeera/3327,,['aljazeera/3327/images/main_image.jpg'],1
aljazeera/1470,,"['aljazeera/1470/images/main_image.jpg', 'aljazeera/1470/images/1.jpg']",2
aljazeera/1642,,"['aljazeera/1642/images/main_image.jpg', 'aljazeera/1642/images/2.jpg', 'aljazeera/1642/images/1.jpg']",3
aljazeera/980,,['aljazeera/980/images/main_image.jpg'],1
aljazeera/3115,,"['aljazeera/3115/images/main_image.jpg', 'aljazeera/3115/images/2.jpg']",2
aljazeera/1226,,['aljazeera/1226/images/main_image.jpg'],1
aljazeera/3571,,['aljazeera/3571/images/main_image.jpg'],1
aljazeera/23,,"['aljazeera/23/images/main_image.jpg', 'aljazeera/23/images/2.jpg']",2
aljazeera/2691,,"['aljazeera/2691/images/main_image.jpg', 'aljazeera/2691/images/2.jpg']",2
aljazeera/1014,,['aljazeera/1014/images/main_image.jpg'],1
aljazeera/1828,,['aljazeera/1828/images/main_image.jpg'],1
aljazeera/717,,['aljazeera/717/images/main_image.jpg'],1
aljazeera/525,,"['aljazeera/525/images/main_image.jpg', 'aljazeera/525/images/2.jpg']",2
aljazeera/2806,,['aljazeera/2806/images/main_image.jpg'],1
aljazeera/141,,['aljazeera/141/images/main_image.jpg'],1
aljazeera/373,,['aljazeera/373/images/main_image.jpg'],1
aljazeera/2208,,['aljazeera/2208/images/main_image.jpg'],1
aljazeera/4,,['aljazeera/4/images/main_image.jpg'],1
aljazeera/989,,"['aljazeera/989/images/4.jpg', 'aljazeera/989/images/main_image.jpg', 'aljazeera/989/images/5.jpg', 'aljazeera/989/images/3.jpg', 'aljazeera/989/images/1.jpg']",5
aljazeera/387,,['aljazeera/387/images/main_image.jpg'],1
aljazeera/1479,,"['aljazeera/1479/images/main_image.jpg', 'aljazeera/1479/images/2.jpg']",2
aljazeera/2698,,['aljazeera/2698/images/main_image.jpg'],1
aljazeera/1821,,"['aljazeera/1821/images/main_image.jpg', 'aljazeera/1821/images/2.jpg', 'aljazeera/1821/images/1.jpg']",3
aljazeera/3578,,['aljazeera/3578/images/main_image.jpg'],1
aljazeera/2237,,['aljazeera/2237/images/main_image.jpg'],1
aljazeera/2839,,"['aljazeera/2839/images/4.jpg', 'aljazeera/2839/images/main_image.jpg', 'aljazeera/2839/images/3.jpg', 'aljazeera/2839/images/1.jpg']",4
aljazeera/942,,['aljazeera/942/images/main_image.jpg'],1
aljazeera/2005,,['aljazeera/2005/images/main_image.jpg'],1
aljazeera/1680,,"['aljazeera/1680/images/main_image.jpg', 'aljazeera/1680/images/1.jpg']",2
aljazeera/2461,,"['aljazeera/2461/images/main_image.jpg', 'aljazeera/2461/images/2.jpg']",2
aljazeera/728,,"['aljazeera/728/images/main_image.jpg', 'aljazeera/728/images/2.jpg']",2
aljazeera/2653,,['aljazeera/2653/images/main_image.jpg'],1
aljazeera/2495,,"['aljazeera/2495/images/main_image.jpg', 'aljazeera/2495/images/1.jpg']",2
aljazeera/15,,['aljazeera/15/images/main_image.jpg'],1
aljazeera/3547,,['aljazeera/3547/images/main_image.jpg'],1
aljazeera/1210,,"['aljazeera/1210/images/8.jpg', 'aljazeera/1210/images/9.jpg', 'aljazeera/1210/images/10.jpg', 'aljazeera/1210/images/4.jpg', 'aljazeera/1210/images/main_image.jpg', 'aljazeera/1210/images/5.jpg', 'aljazeera/1210/images/6.jpg', 'aljazeera/1210/images/2.jpg', 'aljazeera/1210/images/3.jpg', 'aljazeera/1210/images/1.jpg']",10
aljazeera/1022,,"['aljazeera/1022/images/main_image.jpg', 'aljazeera/1022/images/2.jpg']",2
aljazeera/1446,,['aljazeera/1446/images/main_image.jpg'],1
aljazeera/3311,,['aljazeera/3311/images/main_image.jpg'],1
aljazeera/3123,,['aljazeera/3123/images/main_image.jpg'],1
aljazeera/1674,,['aljazeera/1674/images/main_image.jpg'],1
aljazeera/1228,,['aljazeera/1228/images/main_image.jpg'],1
aljazeera/1826,,['aljazeera/1826/images/main_image.jpg'],1
aljazeera/3329,,['aljazeera/3329/images/main_image.jpg'],1
aljazeera/380,,['aljazeera/380/images/main_image.jpg'],1
aljazeera/3,,['aljazeera/3/images/main_image.jpg'],1
aljazeera/374,,"['aljazeera/374/images/main_image.jpg', 'aljazeera/374/images/2.jpg', 'aljazeera/374/images/3.jpg']",3
aljazeera/2801,,['aljazeera/2801/images/main_image.jpg'],1
aljazeera/146,,['aljazeera/146/images/main_image.jpg'],1
aljazeera/522,,['aljazeera/522/images/main_image.jpg'],1
aljazeera/2459,,['aljazeera/2459/images/main_image.jpg'],1
aljazeera/710,,"['aljazeera/710/images/4.jpg', 'aljazeera/710/images/main_image.jpg', 'aljazeera/710/images/5.jpg', 'aljazeera/710/images/2.jpg', 'aljazeera/710/images/3.jpg']",5
aljazeera/3124,,['aljazeera/3124/images/main_image.jpg'],1
aljazeera/1673,,"['aljazeera/1673/images/main_image.jpg', 'aljazeera/1673/images/2.jpg']",2
aljazeera/1441,,"['aljazeera/1441/images/4.jpg', 'aljazeera/1441/images/main_image.jpg', 'aljazeera/1441/images/5.jpg', 'aljazeera/1441/images/2.jpg', 'aljazeera/1441/images/3.jpg']",5
aljazeera/3316,,['aljazeera/3316/images/main_image.jpg'],1
aljazeera/1025,,"['aljazeera/1025/images/4.jpg', 'aljazeera/1025/images/main_image.jpg', 'aljazeera/1025/images/5.jpg', 'aljazeera/1025/images/3.jpg', 'aljazeera/1025/images/1.jpg']",5
aljazeera/1819,,['aljazeera/1819/images/main_image.jpg'],1
aljazeera/12,,['aljazeera/12/images/main_image.jpg'],1
aljazeera/2492,,"['aljazeera/2492/images/main_image.jpg', 'aljazeera/2492/images/2.jpg']",2
aljazeera/3540,,"['aljazeera/3540/images/4.jpg', 'aljazeera/3540/images/main_image.jpg', 'aljazeera/3540/images/2.jpg', 'aljazeera/3540/images/3.jpg']",4
aljazeera/1217,,"['aljazeera/1217/images/main_image.jpg', 'aljazeera/1217/images/2.jpg']",2
aljazeera/2654,,"['aljazeera/2654/images/main_image.jpg', 'aljazeera/2654/images/2.jpg', 'aljazeera/2654/images/3.jpg']",3
aljazeera/2466,,['aljazeera/2466/images/main_image.jpg'],1
aljazeera/945,,['aljazeera/945/images/main_image.jpg'],1
aljazeera/179,,"['aljazeera/179/images/main_image.jpg', 'aljazeera/179/images/2.jpg', 'aljazeera/179/images/3.jpg']",3
aljazeera/2002,,['aljazeera/2002/images/main_image.jpg'],1
aljazeera/1687,,"['aljazeera/1687/images/main_image.jpg', 'aljazeera/1687/images/3.jpg', 'aljazeera/1687/images/1.jpg']",3
aljazeera/2230,,"['aljazeera/2230/images/4.jpg', 'aljazeera/2230/images/main_image.jpg', 'aljazeera/2230/images/5.jpg', 'aljazeera/2230/images/2.jpg', 'aljazeera/2230/images/3.jpg']",5
aljazeera/926,,"['aljazeera/926/images/4.jpg', 'aljazeera/926/images/main_image.jpg', 'aljazeera/926/images/5.jpg', 'aljazeera/926/images/6.jpg', 'aljazeera/926/images/2.jpg', 'aljazeera/926/images/3.jpg']",6
aljazeera/2061,,"['aljazeera/2061/images/4.jpg', 'aljazeera/2061/images/main_image.jpg', 'aljazeera/2061/images/3.jpg', 'aljazeera/2061/images/1.jpg']",4
aljazeera/2253,,['aljazeera/2253/images/main_image.jpg'],1
aljazeera/328,,"['aljazeera/328/images/main_image.jpg', 'aljazeera/328/images/1.jpg']",2
aljazeera/3381,,['aljazeera/3381/images/main_image.jpg'],1
aljazeera/2637,,"['aljazeera/2637/images/main_image.jpg', 'aljazeera/2637/images/2.jpg']",2
aljazeera/85,,['aljazeera/85/images/main_image.jpg'],1
aljazeera/2405,,"['aljazeera/2405/images/main_image.jpg', 'aljazeera/2405/images/2.jpg', 'aljazeera/2405/images/3.jpg']",3
aljazeera/1280,,"['aljazeera/1280/images/main_image.jpg', 'aljazeera/1280/images/3.jpg', 'aljazeera/1280/images/1.jpg']",3
aljazeera/1046,,['aljazeera/1046/images/main_image.jpg'],1
aljazeera/3523,,"['aljazeera/3523/images/main_image.jpg', 'aljazeera/3523/images/2.jpg']",2
aljazeera/71,,['aljazeera/71/images/main_image.jpg'],1
aljazeera/1274,,['aljazeera/1274/images/main_image.jpg'],1
aljazeera/2095,,"['aljazeera/2095/images/4.jpg', 'aljazeera/2095/images/main_image.jpg', 'aljazeera/2095/images/5.jpg', 'aljazeera/2095/images/2.jpg', 'aljazeera/2095/images/3.jpg']",5
aljazeera/3147,,['aljazeera/3147/images/main_image.jpg'],1
aljazeera/1610,,"['aljazeera/1610/images/4.jpg', 'aljazeera/1610/images/main_image.jpg', 'aljazeera/1610/images/2.jpg', 'aljazeera/1610/images/1.jpg']",4
aljazeera/1422,,['aljazeera/1422/images/main_image.jpg'],1
aljazeera/3375,,"['aljazeera/3375/images/main_image.jpg', 'aljazeera/3375/images/2.jpg']",2
aljazeera/541,,"['aljazeera/541/images/main_image.jpg', 'aljazeera/541/images/2.jpg']",2
aljazeera/2608,,['aljazeera/2608/images/main_image.jpg'],1
aljazeera/773,,"['aljazeera/773/images/main_image.jpg', 'aljazeera/773/images/2.jpg']",2
aljazeera/317,,['aljazeera/317/images/main_image.jpg'],1
aljazeera/919,,"['aljazeera/919/images/main_image.jpg', 'aljazeera/919/images/1.jpg']",2
aljazeera/2862,,"['aljazeera/2862/images/4.jpg', 'aljazeera/2862/images/main_image.jpg', 'aljazeera/2862/images/2.jpg', 'aljazeera/2862/images/3.jpg', 'aljazeera/2862/images/1.jpg']",5
aljazeera/125,,['aljazeera/125/images/main_image.jpg'],1
aljazeera/2298,,"['aljazeera/2298/images/4.jpg', 'aljazeera/2298/images/main_image.jpg', 'aljazeera/2298/images/5.jpg', 'aljazeera/2298/images/3.jpg', 'aljazeera/2298/images/1.jpg']",5
aljazeera/2896,,"['aljazeera/2896/images/4.jpg', 'aljazeera/2896/images/main_image.jpg', 'aljazeera/2896/images/2.jpg', 'aljazeera/2896/images/3.jpg']",4
aljazeera/3178,,"['aljazeera/3178/images/4.jpg', 'aljazeera/3178/images/main_image.jpg', 'aljazeera/3178/images/5.jpg', 'aljazeera/3178/images/3.jpg', 'aljazeera/3178/images/1.jpg']",5
aljazeera/787,,['aljazeera/787/images/main_image.jpg'],1
aljazeera/1079,,['aljazeera/1079/images/main_image.jpg'],1
aljazeera/1845,,['aljazeera/1845/images/main_image.jpg'],1
aljazeera/1425,,['aljazeera/1425/images/main_image.jpg'],1
aljazeera/3372,,"['aljazeera/3372/images/main_image.jpg', 'aljazeera/3372/images/2.jpg']",2
aljazeera/2092,,"['aljazeera/2092/images/main_image.jpg', 'aljazeera/2092/images/2.jpg', 'aljazeera/2092/images/3.jpg']",3
aljazeera/3140,,"['aljazeera/3140/images/main_image.jpg', 'aljazeera/3140/images/2.jpg', 'aljazeera/3140/images/3.jpg']",3
aljazeera/1617,,"['aljazeera/1617/images/4.jpg', 'aljazeera/1617/images/main_image.jpg', 'aljazeera/1617/images/2.jpg', 'aljazeera/1617/images/3.jpg']",4
aljazeera/3524,,['aljazeera/3524/images/main_image.jpg'],1
aljazeera/76,,"['aljazeera/76/images/main_image.jpg', 'aljazeera/76/images/2.jpg', 'aljazeera/76/images/3.jpg']",3
aljazeera/1273,,['aljazeera/1273/images/main_image.jpg'],1
aljazeera/1041,,['aljazeera/1041/images/main_image.jpg'],1
aljazeera/2402,,['aljazeera/2402/images/main_image.jpg'],1
aljazeera/579,,"['aljazeera/579/images/main_image.jpg', 'aljazeera/579/images/2.jpg', 'aljazeera/579/images/3.jpg']",3
aljazeera/82,,['aljazeera/82/images/main_image.jpg'],1
aljazeera/1287,,['aljazeera/1287/images/main_image.jpg'],1
aljazeera/1889,,['aljazeera/1889/images/main_image.jpg'],1
aljazeera/2630,,['aljazeera/2630/images/main_image.jpg'],1
aljazeera/2254,,['aljazeera/2254/images/main_image.jpg'],1
aljazeera/3386,,"['aljazeera/3386/images/4.jpg', 'aljazeera/3386/images/main_image.jpg', 'aljazeera/3386/images/2.jpg', 'aljazeera/3386/images/1.jpg']",4
aljazeera/921,,"['aljazeera/921/images/8.jpg', 'aljazeera/921/images/9.jpg', 'aljazeera/921/images/12.jpg', 'aljazeera/921/images/13.jpg', 'aljazeera/921/images/11.jpg', 'aljazeera/921/images/10.jpg', 'aljazeera/921/images/4.jpg', 'aljazeera/921/images/main_image.jpg', 'aljazeera/921/images/5.jpg', 'aljazeera/921/images/7.jpg', 'aljazeera/921/images/6.jpg', 'aljazeera/921/images/3.jpg', 'aljazeera/921/images/1.jpg']",13
aljazeera/2066,,['aljazeera/2066/images/main_image.jpg'],1
aljazeera/780,,['aljazeera/780/images/main_image.jpg'],1
aljazeera/1842,,['aljazeera/1842/images/main_image.jpg'],1
aljazeera/49,,"['aljazeera/49/images/main_image.jpg', 'aljazeera/49/images/2.jpg']",2
aljazeera/1628,,['aljazeera/1628/images/main_image.jpg'],1
aljazeera/2891,,['aljazeera/2891/images/main_image.jpg'],1
aljazeera/2865,,"['aljazeera/2865/images/4.jpg', 'aljazeera/2865/images/main_image.jpg', 'aljazeera/2865/images/2.jpg', 'aljazeera/2865/images/3.jpg']",4
aljazeera/2059,,['aljazeera/2059/images/main_image.jpg'],1
aljazeera/122,,['aljazeera/122/images/main_image.jpg'],1
aljazeera/310,,"['aljazeera/310/images/main_image.jpg', 'aljazeera/310/images/1.jpg']",2
aljazeera/774,,['aljazeera/774/images/main_image.jpg'],1
aljazeera/546,,"['aljazeera/546/images/main_image.jpg', 'aljazeera/546/images/1.jpg']",2
aljazeera/1245,,['aljazeera/1245/images/main_image.jpg'],1
aljazeera/40,,['aljazeera/40/images/main_image.jpg'],1
aljazeera/3512,,['aljazeera/3512/images/main_image.jpg'],1
aljazeera/789,,['aljazeera/789/images/main_image.jpg'],1
aljazeera/1077,,['aljazeera/1077/images/main_image.jpg'],1
aljazeera/3344,,"['aljazeera/3344/images/main_image.jpg', 'aljazeera/3344/images/1.jpg']",2
aljazeera/2296,,['aljazeera/2296/images/main_image.jpg'],1
aljazeera/1413,,['aljazeera/1413/images/main_image.jpg'],1
aljazeera/1621,,"['aljazeera/1621/images/main_image.jpg', 'aljazeera/1621/images/1.jpg']",2
aljazeera/2898,,['aljazeera/2898/images/main_image.jpg'],1
aljazeera/3176,,"['aljazeera/3176/images/main_image.jpg', 'aljazeera/3176/images/1.jpg']",2
aljazeera/319,,"['aljazeera/319/images/main_image.jpg', 'aljazeera/319/images/2.jpg', 'aljazeera/319/images/3.jpg']",3
aljazeera/2262,,['aljazeera/2262/images/main_image.jpg'],1
aljazeera/917,,"['aljazeera/917/images/main_image.jpg', 'aljazeera/917/images/2.jpg']",2
aljazeera/3182,,"['aljazeera/3182/images/main_image.jpg', 'aljazeera/3182/images/2.jpg']",2
aljazeera/2050,,['aljazeera/2050/images/main_image.jpg'],1
aljazeera/2434,,['aljazeera/2434/images/main_image.jpg'],1
aljazeera/2606,,['aljazeera/2606/images/main_image.jpg'],1
aljazeera/1083,,"['aljazeera/1083/images/main_image.jpg', 'aljazeera/1083/images/2.jpg']",2
aljazeera/3149,,"['aljazeera/3149/images/main_image.jpg', 'aljazeera/3149/images/2.jpg']",2
aljazeera/1048,,['aljazeera/1048/images/main_image.jpg'],1
aljazeera/1874,,['aljazeera/1874/images/main_image.jpg'],1
aljazeera/584,,['aljazeera/584/images/main_image.jpg'],1
aljazeera/1880,,['aljazeera/1880/images/main_image.jpg'],1
aljazeera/742,,"['aljazeera/742/images/main_image.jpg', 'aljazeera/742/images/2.jpg']",2
aljazeera/2639,,"['aljazeera/2639/images/main_image.jpg', 'aljazeera/2639/images/1.jpg']",2
aljazeera/570,,"['aljazeera/570/images/main_image.jpg', 'aljazeera/570/images/2.jpg', 'aljazeera/570/images/3.jpg']",3
aljazeera/2853,,"['aljazeera/2853/images/4.jpg', 'aljazeera/2853/images/main_image.jpg', 'aljazeera/2853/images/2.jpg', 'aljazeera/2853/images/3.jpg']",4
aljazeera/928,,"['aljazeera/928/images/main_image.jpg', 'aljazeera/928/images/2.jpg']",2
aljazeera/114,,['aljazeera/114/images/main_image.jpg'],1
aljazeera/326,,['aljazeera/326/images/main_image.jpg'],1
aljazeera/2601,,"['aljazeera/2601/images/main_image.jpg', 'aljazeera/2601/images/2.jpg']",2
aljazeera/1084,,['aljazeera/1084/images/main_image.jpg'],1
aljazeera/548,,"['aljazeera/548/images/4.jpg', 'aljazeera/548/images/main_image.jpg', 'aljazeera/548/images/2.jpg', 'aljazeera/548/images/3.jpg']",4
aljazeera/2433,,['aljazeera/2433/images/main_image.jpg'],1
aljazeera/910,,"['aljazeera/910/images/main_image.jpg', 'aljazeera/910/images/2.jpg', 'aljazeera/910/images/3.jpg']",3
aljazeera/3185,,['aljazeera/3185/images/main_image.jpg'],1
aljazeera/2057,,['aljazeera/2057/images/main_image.jpg'],1
aljazeera/2265,,"['aljazeera/2265/images/4.jpg', 'aljazeera/2265/images/main_image.jpg', 'aljazeera/2265/images/3.jpg', 'aljazeera/2265/images/1.jpg']",4
aljazeera/1626,,['aljazeera/1626/images/main_image.jpg'],1
aljazeera/3171,,['aljazeera/3171/images/main_image.jpg'],1
aljazeera/3343,,['aljazeera/3343/images/main_image.jpg'],1
aljazeera/2291,,"['aljazeera/2291/images/4.jpg', 'aljazeera/2291/images/main_image.jpg', 'aljazeera/2291/images/5.jpg', 'aljazeera/2291/images/7.jpg', 'aljazeera/2291/images/6.jpg', 'aljazeera/2291/images/3.jpg', 'aljazeera/2291/images/1.jpg']",7
aljazeera/1414,,['aljazeera/1414/images/main_image.jpg'],1
aljazeera/1070,,"['aljazeera/1070/images/main_image.jpg', 'aljazeera/1070/images/2.jpg']",2
aljazeera/1242,,"['aljazeera/1242/images/main_image.jpg', 'aljazeera/1242/images/2.jpg']",2
aljazeera/47,,"['aljazeera/47/images/main_image.jpg', 'aljazeera/47/images/1.jpg']",2
aljazeera/3515,,"['aljazeera/3515/images/4.jpg', 'aljazeera/3515/images/main_image.jpg', 'aljazeera/3515/images/2.jpg', 'aljazeera/3515/images/3.jpg']",4
aljazeera/3388,,['aljazeera/3388/images/main_image.jpg'],1
aljazeera/321,,['aljazeera/321/images/main_image.jpg'],1
aljazeera/2854,,"['aljazeera/2854/images/main_image.jpg', 'aljazeera/2854/images/2.jpg']",2
aljazeera/113,,['aljazeera/113/images/main_image.jpg'],1
aljazeera/2068,,['aljazeera/2068/images/main_image.jpg'],1
aljazeera/577,,"['aljazeera/577/images/main_image.jpg', 'aljazeera/577/images/2.jpg', 'aljazeera/577/images/3.jpg']",3
aljazeera/1289,,"['aljazeera/1289/images/4.jpg', 'aljazeera/1289/images/main_image.jpg', 'aljazeera/1289/images/5.jpg', 'aljazeera/1289/images/6.jpg', 'aljazeera/1289/images/3.jpg', 'aljazeera/1289/images/1.jpg']",6
aljazeera/1887,,['aljazeera/1887/images/main_image.jpg'],1
aljazeera/745,,['aljazeera/745/images/main_image.jpg'],1
aljazeera/78,,"['aljazeera/78/images/main_image.jpg', 'aljazeera/78/images/2.jpg', 'aljazeera/78/images/3.jpg']",3
aljazeera/583,,['aljazeera/583/images/main_image.jpg'],1
aljazeera/1873,,"['aljazeera/1873/images/main_image.jpg', 'aljazeera/1873/images/2.jpg', 'aljazeera/1873/images/1.jpg']",3
aljazeera/1619,,['aljazeera/1619/images/main_image.jpg'],1
aljazeera/147,,['aljazeera/147/images/main_image.jpg'],1
aljazeera/2800,,['aljazeera/2800/images/main_image.jpg'],1
aljazeera/375,,['aljazeera/375/images/main_image.jpg'],1
aljazeera/711,,['aljazeera/711/images/main_image.jpg'],1
aljazeera/2458,,"['aljazeera/2458/images/8.jpg', 'aljazeera/2458/images/main_image.jpg', 'aljazeera/2458/images/5.jpg', 'aljazeera/2458/images/7.jpg', 'aljazeera/2458/images/6.jpg', 'aljazeera/2458/images/2.jpg', 'aljazeera/2458/images/3.jpg', 'aljazeera/2458/images/1.jpg']",8
aljazeera/523,,"['aljazeera/523/images/main_image.jpg', 'aljazeera/523/images/1.jpg']",2
aljazeera/1827,,"['aljazeera/1827/images/4.jpg', 'aljazeera/1827/images/main_image.jpg', 'aljazeera/1827/images/5.jpg', 'aljazeera/1827/images/2.jpg', 'aljazeera/1827/images/3.jpg']",5
aljazeera/1229,,['aljazeera/1229/images/main_image.jpg'],1
aljazeera/2,,['aljazeera/2/images/main_image.jpg'],1
aljazeera/3328,,['aljazeera/3328/images/main_image.jpg'],1
aljazeera/381,,['aljazeera/381/images/main_image.jpg'],1
aljazeera/2467,,['aljazeera/2467/images/main_image.jpg'],1
aljazeera/2655,,"['aljazeera/2655/images/main_image.jpg', 'aljazeera/2655/images/3.jpg', 'aljazeera/2655/images/1.jpg']",3
aljazeera/2231,,['aljazeera/2231/images/main_image.jpg'],1
aljazeera/2003,,['aljazeera/2003/images/main_image.jpg'],1
aljazeera/178,,"['aljazeera/178/images/main_image.jpg', 'aljazeera/178/images/2.jpg', 'aljazeera/178/images/3.jpg']",3
aljazeera/944,,"['aljazeera/944/images/main_image.jpg', 'aljazeera/944/images/2.jpg']",2
aljazeera/1686,,['aljazeera/1686/images/main_image.jpg'],1
aljazeera/1440,,['aljazeera/1440/images/main_image.jpg'],1
aljazeera/3317,,"['aljazeera/3317/images/4.jpg', 'aljazeera/3317/images/main_image.jpg', 'aljazeera/3317/images/5.jpg', 'aljazeera/3317/images/3.jpg', 'aljazeera/3317/images/1.jpg']",5
aljazeera/3125,,['aljazeera/3125/images/main_image.jpg'],1
aljazeera/1672,,['aljazeera/1672/images/main_image.jpg'],1
aljazeera/2493,,['aljazeera/2493/images/main_image.jpg'],1
aljazeera/13,,['aljazeera/13/images/main_image.jpg'],1
aljazeera/3541,,['aljazeera/3541/images/main_image.jpg'],1
aljazeera/1216,,['aljazeera/1216/images/main_image.jpg'],1
aljazeera/1818,,"['aljazeera/1818/images/main_image.jpg', 'aljazeera/1818/images/2.jpg']",2
aljazeera/1024,,"['aljazeera/1024/images/main_image.jpg', 'aljazeera/1024/images/2.jpg', 'aljazeera/1024/images/1.jpg']",3
aljazeera/386,,"['aljazeera/386/images/main_image.jpg', 'aljazeera/386/images/2.jpg', 'aljazeera/386/images/3.jpg']",3
aljazeera/1478,,['aljazeera/1478/images/main_image.jpg'],1
aljazeera/5,,['aljazeera/5/images/main_image.jpg'],1
aljazeera/988,,"['aljazeera/988/images/main_image.jpg', 'aljazeera/988/images/2.jpg', 'aljazeera/988/images/3.jpg']",3
aljazeera/3579,,['aljazeera/3579/images/main_image.jpg'],1
aljazeera/2699,,"['aljazeera/2699/images/main_image.jpg', 'aljazeera/2699/images/2.jpg', 'aljazeera/2699/images/3.jpg']",3
aljazeera/1820,,"['aljazeera/1820/images/main_image.jpg', 'aljazeera/1820/images/2.jpg', 'aljazeera/1820/images/3.jpg']",3
aljazeera/524,,['aljazeera/524/images/main_image.jpg'],1
aljazeera/716,,['aljazeera/716/images/main_image.jpg'],1
aljazeera/2209,,"['aljazeera/2209/images/main_image.jpg', 'aljazeera/2209/images/2.jpg']",2
aljazeera/372,,"['aljazeera/372/images/main_image.jpg', 'aljazeera/372/images/1.jpg']",2
aljazeera/140,,['aljazeera/140/images/main_image.jpg'],1
aljazeera/2807,,"['aljazeera/2807/images/main_image.jpg', 'aljazeera/2807/images/2.jpg']",2
aljazeera/1023,,['aljazeera/1023/images/main_image.jpg'],1
aljazeera/14,,"['aljazeera/14/images/main_image.jpg', 'aljazeera/14/images/2.jpg', 'aljazeera/14/images/3.jpg']",3
aljazeera/2494,,['aljazeera/2494/images/main_image.jpg'],1
aljazeera/3546,,['aljazeera/3546/images/main_image.jpg'],1
aljazeera/1211,,['aljazeera/1211/images/main_image.jpg'],1
aljazeera/3122,,['aljazeera/3122/images/main_image.jpg'],1
aljazeera/1675,,"['aljazeera/1675/images/main_image.jpg', 'aljazeera/1675/images/2.jpg']",2
aljazeera/1447,,"['aljazeera/1447/images/main_image.jpg', 'aljazeera/1447/images/2.jpg', 'aljazeera/1447/images/3.jpg']",3
aljazeera/3310,,"['aljazeera/3310/images/main_image.jpg', 'aljazeera/3310/images/2.jpg', 'aljazeera/3310/images/3.jpg']",3
aljazeera/2004,,['aljazeera/2004/images/main_image.jpg'],1
aljazeera/943,,"['aljazeera/943/images/4.jpg', 'aljazeera/943/images/main_image.jpg', 'aljazeera/943/images/5.jpg', 'aljazeera/943/images/6.jpg', 'aljazeera/943/images/3.jpg', 'aljazeera/943/images/1.jpg']",6
aljazeera/2838,,['aljazeera/2838/images/main_image.jpg'],1
aljazeera/1681,,"['aljazeera/1681/images/4.jpg', 'aljazeera/1681/images/main_image.jpg', 'aljazeera/1681/images/3.jpg', 'aljazeera/1681/images/1.jpg']",4
aljazeera/2236,,"['aljazeera/2236/images/main_image.jpg', 'aljazeera/2236/images/1.jpg']",2
aljazeera/2652,,['aljazeera/2652/images/main_image.jpg'],1
aljazeera/729,,['aljazeera/729/images/main_image.jpg'],1
aljazeera/2460,,['aljazeera/2460/images/main_image.jpg'],1
aljazeera/1218,,['aljazeera/1218/images/main_image.jpg'],1
aljazeera/1816,,['aljazeera/1816/images/main_image.jpg'],1
aljazeera/3319,,"['aljazeera/3319/images/main_image.jpg', 'aljazeera/3319/images/1.jpg']",2
aljazeera/182,,"['aljazeera/182/images/main_image.jpg', 'aljazeera/182/images/3.jpg', 'aljazeera/182/images/1.jpg']",3
aljazeera/344,,['aljazeera/344/images/main_image.jpg'],1
aljazeera/176,,"['aljazeera/176/images/4.jpg', 'aljazeera/176/images/main_image.jpg', 'aljazeera/176/images/5.jpg', 'aljazeera/176/images/3.jpg', 'aljazeera/176/images/1.jpg']",5
aljazeera/2831,,['aljazeera/2831/images/main_image.jpg'],1
aljazeera/1688,,"['aljazeera/1688/images/4.jpg', 'aljazeera/1688/images/main_image.jpg', 'aljazeera/1688/images/2.jpg', 'aljazeera/1688/images/3.jpg']",4
aljazeera/512,,['aljazeera/512/images/main_image.jpg'],1
aljazeera/2469,,"['aljazeera/2469/images/main_image.jpg', 'aljazeera/2469/images/2.jpg']",2
aljazeera/720,,['aljazeera/720/images/main_image.jpg'],1
aljazeera/1643,,['aljazeera/1643/images/main_image.jpg'],1
aljazeera/3114,,"['aljazeera/3114/images/4.jpg', 'aljazeera/3114/images/main_image.jpg', 'aljazeera/3114/images/5.jpg', 'aljazeera/3114/images/2.jpg', 'aljazeera/3114/images/3.jpg']",5
aljazeera/981,,"['aljazeera/981/images/main_image.jpg', 'aljazeera/981/images/2.jpg']",2
aljazeera/3326,,['aljazeera/3326/images/main_image.jpg'],1
aljazeera/1471,,"['aljazeera/1471/images/main_image.jpg', 'aljazeera/1471/images/2.jpg']",2
aljazeera/2690,,"['aljazeera/2690/images/4.jpg', 'aljazeera/2690/images/main_image.jpg', 'aljazeera/2690/images/5.jpg', 'aljazeera/2690/images/2.jpg', 'aljazeera/2690/images/1.jpg']",5
aljazeera/1829,,"['aljazeera/1829/images/main_image.jpg', 'aljazeera/1829/images/3.jpg', 'aljazeera/1829/images/1.jpg']",3
aljazeera/1015,,['aljazeera/1015/images/main_image.jpg'],1
aljazeera/1227,,['aljazeera/1227/images/main_image.jpg'],1
aljazeera/3570,,['aljazeera/3570/images/main_image.jpg'],1
aljazeera/22,,['aljazeera/22/images/main_image.jpg'],1
aljazeera/2664,,"['aljazeera/2664/images/main_image.jpg', 'aljazeera/2664/images/1.jpg']",2
aljazeera/3584,,"['aljazeera/3584/images/main_image.jpg', 'aljazeera/3584/images/1.jpg']",2
aljazeera/2456,,['aljazeera/2456/images/main_image.jpg'],1
aljazeera/149,,['aljazeera/149/images/main_image.jpg'],1
aljazeera/2032,,"['aljazeera/2032/images/main_image.jpg', 'aljazeera/2032/images/1.jpg']",2
aljazeera/975,,['aljazeera/975/images/main_image.jpg'],1
aljazeera/2200,,['aljazeera/2200/images/main_image.jpg'],1
aljazeera/1485,,"['aljazeera/1485/images/main_image.jpg', 'aljazeera/1485/images/2.jpg']",2
aljazeera/727,,"['aljazeera/727/images/4.jpg', 'aljazeera/727/images/main_image.jpg', 'aljazeera/727/images/5.jpg', 'aljazeera/727/images/7.jpg', 'aljazeera/727/images/6.jpg', 'aljazeera/727/images/3.jpg', 'aljazeera/727/images/1.jpg']",7
aljazeera/515,,['aljazeera/515/images/main_image.jpg'],1
aljazeera/171,,"['aljazeera/171/images/main_image.jpg', 'aljazeera/171/images/2.jpg', 'aljazeera/171/images/3.jpg']",3
aljazeera/2836,,"['aljazeera/2836/images/main_image.jpg', 'aljazeera/2836/images/2.jpg']",2
aljazeera/343,,"['aljazeera/343/images/4.jpg', 'aljazeera/343/images/main_image.jpg', 'aljazeera/343/images/5.jpg', 'aljazeera/343/images/7.jpg', 'aljazeera/343/images/6.jpg', 'aljazeera/343/images/2.jpg', 'aljazeera/343/images/3.jpg']",7
aljazeera/2238,,['aljazeera/2238/images/main_image.jpg'],1
aljazeera/185,,['aljazeera/185/images/main_image.jpg'],1
aljazeera/1449,,"['aljazeera/1449/images/main_image.jpg', 'aljazeera/1449/images/2.jpg', 'aljazeera/1449/images/3.jpg']",3
aljazeera/1811,,['aljazeera/1811/images/main_image.jpg'],1
aljazeera/3548,,['aljazeera/3548/images/main_image.jpg'],1
aljazeera/2207,,['aljazeera/2207/images/main_image.jpg'],1
aljazeera/1482,,"['aljazeera/1482/images/main_image.jpg', 'aljazeera/1482/images/2.jpg', 'aljazeera/1482/images/3.jpg']",3
aljazeera/2035,,"['aljazeera/2035/images/main_image.jpg', 'aljazeera/2035/images/3.jpg', 'aljazeera/2035/images/1.jpg']",3
aljazeera/2809,,"['aljazeera/2809/images/main_image.jpg', 'aljazeera/2809/images/2.jpg']",2
aljazeera/972,,['aljazeera/972/images/main_image.jpg'],1
aljazeera/3583,,['aljazeera/3583/images/main_image.jpg'],1
aljazeera/2451,,"['aljazeera/2451/images/8.jpg', 'aljazeera/2451/images/9.jpg', 'aljazeera/2451/images/4.jpg', 'aljazeera/2451/images/main_image.jpg', 'aljazeera/2451/images/5.jpg', 'aljazeera/2451/images/7.jpg', 'aljazeera/2451/images/6.jpg', 'aljazeera/2451/images/2.jpg', 'aljazeera/2451/images/1.jpg']",9
aljazeera/718,,"['aljazeera/718/images/4.jpg', 'aljazeera/718/images/main_image.jpg', 'aljazeera/718/images/5.jpg', 'aljazeera/718/images/2.jpg', 'aljazeera/718/images/3.jpg']",5
aljazeera/2663,,['aljazeera/2663/images/main_image.jpg'],1
aljazeera/1220,,['aljazeera/1220/images/main_image.jpg'],1
aljazeera/3577,,"['aljazeera/3577/images/main_image.jpg', 'aljazeera/3577/images/1.jpg']",2
aljazeera/25,,"['aljazeera/25/images/main_image.jpg', 'aljazeera/25/images/3.jpg', 'aljazeera/25/images/1.jpg']",3
aljazeera/2697,,"['aljazeera/2697/images/main_image.jpg', 'aljazeera/2697/images/2.jpg']",2
aljazeera/1012,,['aljazeera/1012/images/main_image.jpg'],1
aljazeera/388,,['aljazeera/388/images/main_image.jpg'],1
aljazeera/3321,,"['aljazeera/3321/images/main_image.jpg', 'aljazeera/3321/images/1.jpg']",2
aljazeera/1476,,['aljazeera/1476/images/main_image.jpg'],1
aljazeera/1644,,['aljazeera/1644/images/main_image.jpg'],1
aljazeera/3113,,['aljazeera/3113/images/main_image.jpg'],1
aljazeera/986,,"['aljazeera/986/images/main_image.jpg', 'aljazeera/986/images/2.jpg', 'aljazeera/986/images/3.jpg', 'aljazeera/986/images/1.jpg']",4
