title,caption,topic,country
مقتل وإصابة ٦ مدنيين بينهم نساء وأطفال بانفجار عبوة ناسفة في تعز,سيارة متضررة جراء انفجار في منطقة ريفية بتعز، وشهود عيان يحيطون بالمكان (وكالة الأنباء اليمنية - سبأ),حوادث,اليمن
"البحرين تدشن المرحلة الثانية من ""مدينة الأعمال اللوجستية"" لتعزيز تنافسيتها الإقليمية",صورة جوية تظهر التوسع الجديد لمدينة الأعمال اللوجستية في البحرين وبنيتها التحتية المتطورة للخدمات اللوجستية والمستودعات الحديثة (وكالة أنباء البحرين).,اقتصاد,البحرين
البحرين تطلق التشغيل التجريبي لأكبر محطة طاقة شمسية عائمة بالمنطقة,لقطة جوية بانورامية تظهر امتداد الألواح الشمسية العائمة في مشروع محطة الطاقة الشمسية بمياه البحرين الإقليمية (رويترز),طاقة,البحرين
رغم شح الإمكانيات: نادي مخيم بلاطة يضيء شعلة الرياضة لمئات الشباب في نابلس,مجموعة من الشبان يتمرنون بحماس على ملعب ترابي مضاء بأضواء كاشفة بسيطة، داخل مخيم بلاطة للاجئين في نابلس، فلسطين. (مصدر محلي),رياضة,فلسطين
المغرب يدشن مركزاً وطنياً جديداً لألعاب القوى بتكلفة تتجاوز 150 مليون درهم,المركز الرياضي الجديد في ضواحي الرباط يمثل نقلة نوعية في دعم المواهب الشابة المغربية في ألعاب القوى (وكالة المغرب العربي للأنباء),رياضة,المغرب
"نواكشوط تُطلق مشروع ""التاجر الرقمي"" لتمكين الشركات الموريتانية من الانتقال للبيع عبر الإنترنت","وزير التجارة والصناعة التقليدية الموريتاني يُلقي كلمة خلال إطلاق منصة ""التاجر الرقمي"" في فعالية بالعاصمة نواكشوط، ويظهر خلفه شاشات تعرض واجهة المنصة الجديدة.",تقنية,موريتانيا
نداءات في البحرين لإنشاء منصة وطنية لدعم وتمكين الشباب المتطوع,شباب بحرينيون يشاركون في مبادرة مجتمعية لتنظيف السواحل، في لقطة تعكس حماسهم للعمل التطوعي (وكالة الأنباء البحرينية),قضايا اجتماعية,البحرين
الصحة النفسية للشباب بالبحرين.. تحديات متصاعدة تدفع لمبادرات مجتمعية جديدة,شابة بحرينية تتفاعل مع ورشة عمل حول الدعم النفسي في أحد المراكز الشبابية بالمنامة، في إطار مبادرات مجتمعية حديثة (وكالة أنباء البحرين).,قضايا اجتماعية,البحرين
الاتحاد الجزائري يطلق برنامجاً وطنياً لتأهيل المدربين الشباب ودعم أندية الهواة,مدربون شباب جزائريون يشاركون في ورشة عمل تدريبية ضمن البرنامج الجديد في المركز التقني بسيدي موسى (الجزيرة),رياضة,الجزائر
العراق: انطلاق المرحلة الثانية لمدينة الرافدين الصناعية في ذي قار لتعزيز التنوع الاقتصادي,عمال ومهندسون يشرفون على أعمال البناء ضمن المرحلة الأولى من مدينة الرافدين الصناعية في محافظة ذي قار، جنوبي العراق. (أ ف ب),اقتصاد,العراق
دراسة جديدة تدق ناقوس الخطر: تزايد أعداد الأسر التي ترأسها نساء في الضفة الغربية وتحديات معيشية غير مسبوقة,امرأة فلسطينية تحمل مستلزمات منزلية وهي تسير في أحد أزقة مدينة نابلس، في رمز لصمود الأسر التي تعيلها النساء (رويترز).,قضايا اجتماعية,فلسطين
جيبوتي تدشن منطقة حرة صناعية جديدة لتعزيز صادراتها وتحقيق التنويع الاقتصادي,مسؤولون جيبوتيون ومستثمرون أجانب يشاركون في مراسم قص الشريط لافتتاح إحدى الوحدات الصناعية المتطورة ضمن المنطقة الحرة الصناعية الجديدة في ضواحي مدينة جيبوتي، في خطوة تهدف لتعزيز القدرة التنافسية للدولة (وزارة الاقتصاد الجيبوتية).,اقتصاد,جيبوتي
غابات اللاذقية مهددة بالاندثار: قطع جائر يستنزف الرئة الخضراء لسوريا,أشجار مقطوعة حديثاً وجذوع متناثرة في إحدى غابات جبال اللاذقية، تعكس ظاهرة القطع الجائر التي تستنزف الثروة الحرجية في المنطقة. (وكالات),بيئة,سوريا
السعودية تطلق مبادرة وطنية لدمج مهارات التفكير النقدي في جميع مراحل التعليم العام,طلاب سعوديون من المرحلة المتوسطة يناقشون مشروعاً جماعياً يعتمد على التحليل المنطقي داخل أحد الفصول الدراسية الحديثة.,تعليم,السعودية
لبنان: مبادرات الطاقة المتجددة الخاصة تصطدم بحواجز الربط الشبكي,مهندس لبناني يتفقد لوحات طاقة شمسية مثبتة حديثاً على سطح مبنى في بيروت، بينما تظهر في الخلفية أسلاك شبكة الكهرباء العامة المتشابكة.,طاقة,لبنان
البحرين تدشن مجمعًا صناعيًا متطورًا لترسيخ مكانتها كمركز إقليمي للتصنيع الذكي,لقطة جوية لمجمع البحرين الصناعي الجديد، تظهر مرافقه الحديثة والمتكاملة التي تهدف لاحتضان شركات التقنيات المتقدمة ودعم الابتكار في القطاع الصناعي (وكالة أنباء البحرين).,اقتصاد,البحرين
توابع الجفاف: تراجع الغطاء الشجري يفاقم أزمة النزوح البيئي في غرب السودان,مساحات شاسعة كانت ذات يوم غطاءً شجرياً كثيفاً في ولاية غرب كردفان تتحول إلى أرض قاحلة، مما يدفع السكان للنزوح بحثاً عن موارد معيشية.,بيئة,السودان
مكبّات نفايات عشوائية تهدّد مصادر المياه والزراعة في ريف دمشق: دعوات لتدخل عاجل,مشهد لمكب نفايات عشوائي على أطراف إحدى القرى في ريف دمشق، تظهر فيه أكوام من المخلفات البلاستيكية والعضوية تتجمع بالقرب من مجرى مياه جافة جزئياً (مصدر محلي/ناشطون بيئيون).,بيئة,سوريا
جهود يمنية في حضرموت لإنقاذ كنوز المعرفة: مشروع طموح لرقمنة آلاف المخطوطات التراثية,باحث يمني يتفحص مخطوطة نادرة ضمن مشروع الرقمنة في مكتبة تاريخية بمدينة تريم، حضرموت (مؤسسة الحفاظ على التراث الحضرمي),ثقافة,اليمن
قفزة نوعية: المحافظ الرقمية تعيد تشكيل المشهد الاقتصادي الصومالي,يد تحمل هاتفاً محمولاً يعرض تطبيق محفظة رقمية أثناء عملية دفع في سوق شعبي بمقديشو، مما يسلط الضوء على الانتشار المتزايد للتقنيات المالية.,اقتصاد,الصومال
ليبيا تطلق مبادرة وطنية لتحديث المناهج الدراسية في المرحلة الثانوية لمواكبة التطورات العالمية,طلاب ليبيون يستخدمون أجهزة لوحية تفاعلية في أحد الفصول الدراسية الحديثة ضمن المرحلة التجريبية للمبادرة (وكالة الأنباء الليبية).,تعليم,ليبيا
الجزائر تطلق حملة وطنية موسعة للكشف المبكر عن أمراض القلب والشرايين,فريق طبي جزائري يجري فحوصات مجانية للمشاركين ضمن الحملة الوطنية للكشف المبكر عن أمراض القلب والشرايين في إحدى عيادات الجزائر العاصمة.,صحة,الجزائر
مبادرة سورية ضخمة تستهدف ترميم آلاف المخطوطات التاريخية بدار الوثائق بدمشق,خبراء سوريون يعملون على استعادة الألوان الأصلية لصفحة من مخطوطة نادرة تعود للعصر الأموي، داخل مختبر متخصص في دار الوثائق التاريخية بدمشق.,ثقافة,سوريا
مصر تطلق مبادرة إقليمية لتعزيز الاستقرار البحري بالبحر الأحمر,فرقاطة مصرية تبحر في مياه البحر الأحمر خلال مهمة روتينية (أ ف ب - أرشيف),سياسة,مصر
مبادرات تقنية شبابية تبصر النور في اليمن رغم تحديات البنية التحتية,مجموعة من الشباب اليمني يعملون على أجهزة حاسوب محمولة في إحدى الورش التقنية المؤقتة بالعاصمة صنعاء، في مسعى لتطويع التكنولوجيا لخدمة المجتمع (مبادرة شبابية محلية/رويترز),تقنية,اليمن
الصومال تطلق برنامجاً وطنياً لحماية وتوثيق فنونها الشفهية المهددة بالاندثار,شيخ صومالي يروي إحدى الحكايات الشعبية التقليدية لجيل الشباب في ورشة عمل ثقافية بمدينة هرجيسا (وكالة الأنباء الصومالية),ثقافة,الصومال
"جزر القمر تطلق مشروع ""الربط الرقمي الشامل"" لتعميم الإنترنت فائق السرعة في الأرخبيل",عمال تركيب يقومون بمد كابلات ألياف ضوئية في إحدى القرى الساحلية بجزر القمر، ضمن جهود تعميم الإنترنت فائق السرعة لمختلف أنحاء الأرخبيل. (وزارة الاتصالات القمرية),تقنية,جزر القمر
المغرب: مقتل وإصابة العشرات في انقلاب حافلة نقل مسافرين بطريق جبلي جنوبي البلاد,فرق الإنقاذ تباشر عمليات إجلاء المصابين من موقع حادث انقلاب الحافلة على طريق جبلي وعر جنوب المغرب (وكالة المغرب العربي للأنباء),حوادث,المغرب
"جزر القمر: مبادرات محلية لتأهيل الشباب تحد من ""هجرة العقول"" وتفتح آفاقاً جديدة",مجموعة من الشبان والشابات يشاركون في ورشة تدريب مهني بقطاع صيد الأسماك في موروني، ضمن برنامج لتمكين الكفاءات المحلية (وكالة موروني للأنباء),قضايا اجتماعية,جزر القمر
"صيادو قابس يحذرون من تزايد ""الشباك الشبحية"" وتأثيرها المدمر على التنوع البيولوجي البحري",صياد تونسي يعرض سمكة صغيرة نافقة علقت في بقايا شباك صيد بلاستيكية مهجورة، على شاطئ بمدينة قابس.,بيئة,تونس
صراع النفوذ الإقليمي يلقي بظلاله على تشكيل كابينة بغداد الجديدة,نواب عراقيون أثناء جلسة برلمانية في بغداد، في ظل ترقب دولي وإقليمي لمشهد تشكيل الحكومة المقبلة.,سياسة,العراق
"الكويت تدشن مبادرة ""مسار"" لربط مخرجات التعليم الثانوي بمتطلبات سوق العمل","مجموعة من طلاب المرحلة الثانوية يشاركون في ورشة عمل تدريبية متخصصة تهدف لتنمية المهارات العملية، ضمن مبادرة ""مسار"" التعليمية الجديدة في الكويت (وكالة الأنباء الكويتية).",تعليم,الكويت
كرة القدم النسائية في جيبوتي.. تحديات الحاضر وطموحات المستقبل لجيل جديد,لاعبات من منتخب جيبوتي لكرة القدم النسائية يؤدين تدريبات صباحية على أحد الملاعب المخصصة في مدينة جيبوتي (رويترز),رياضة,جيبوتي
شباب واحات زاكورة يقودون حملات لترميم القصور التاريخية المهددة بالاندثار,متطوعون من أبناء المنطقة يشاركون في جهود ترميم أحد القصور الطينية العريقة بواحات زاكورة، في محاولة للحفاظ على هذا الإرث الثقافي المهدد بالتآكل (صورة أرشيفية),مجتمع,المغرب
ارتفاع مقلق في حالات سوء التغذية الحاد يهدد أطفال مخيمات شمال شرق سوريا,طفلة سورية تعاني من علامات سوء التغذية الحاد تتلقى الفحص الطبي في مركز رعاية صحية بمخيم في ريف الحسكة.,صحة,سوريا
الكويت تعلن عن خطة وطنية شاملة لمكافحة التلوث البلاستيكي وحماية شعابها المرجانية,غواصون كويتيون يزيلون نفايات بلاستيكية من شعاب مرجانية متضررة قبالة سواحل الكويت (صحيفة كويتية محلية),بيئة,الكويت
الصومال تدشن مشروعاً ضخماً للطاقة الشمسية لتعزيز استقرار الشبكة الكهربائية وتقليل الاعتماد على الوقود الأحفوري,عاملون يقومون بتركيب ألواح شمسية ضمن محطة توليد كهرباء جديدة في ضواحي العاصمة الصومالية مقديشو (رويترز).,اقتصاد,الصومال
ارتفاع مقلق في وفيات الأمهات وحديثي الولادة بريف إدلب مع تردي الخدمات الصحية,ممرضة تقدم الرعاية الطارئة لامرأة حامل في أحد المراكز الطبية الريفية المكتظة بريف إدلب، في ظل تحذيرات من نقص حاد في الكوادر والمعدات الضرورية.,صحة,سوريا
مراكز علاج السرطان في سوريا.. صراع من أجل البقاء في ظل تحديات غير مسبوقة,طبيبة سورية تستعرض ملفات مرضى في أحد أروقة مركز للأورام بدمشق، تظهر خلفها أجهزة طبية متهالكة تتحدى نقص الكهرباء والمستلزمات.,صحة,سوريا
"الأردن يطلق مبادرة ""جسر المستقبل"" لسد الفجوة الرقمية وتأهيل 10 آلاف شاب لسوق العمل التقني","مجموعة من الشباب الأردنيين يشاركون بفاعلية في ورشة عمل تدريبية متخصصة ضمن مبادرة ""جسر المستقبل"" داخل أحد المراكز الرقمية الحديثة بالعاصمة عمّان (وكالة الأنباء الأردنية)",تقنية,الأردن
الإمارات تطلق مبادرة وطنية شاملة لمكافحة التلوث البلاستيكي وإنقاذ مياهها الإقليمية,متطوعون يجمعون النفايات البلاستيكية من أحد الشواطئ في إمارة أبوظبي (الجزيرة - أرشيف),بيئة,الإمارات
ارتفاع مقلق في عمالة الأطفال بسوريا يدق ناقوس الخطر بشأن جيل كامل,طفل يحمل صندوقاً ثقيلاً من الخضروات في سوق شعبي بضواحي دمشق، سوريا. (الصورة: ناشط حقوقي سوري),قضايا اجتماعية,سوريا
سوريا تكشف عن فسيفساء فريدة تعود للعصر البيزنطي قرب تدمر,لقطة مقربة تظهر جزءاً من الفسيفساء المكتشفة حديثًا، بألوانها الزاهية وتصاميمها المعقدة التي تحكي قصصاً دينية واجتماعية من العصر البيزنطي، في موقع تنقيب أثري لم يُعلن عنه بعد بالقرب من تدمر وسط سوريا.,ثقافة,سوريا
الدوري العراقي يشهد طفرة جماهيرية غير مسبوقة: الملاعب تستعيد نبضها بمشهد جديد,جماهير غفيرة تملأ مدرجات أحد الملاعب العراقية خلال مباراة في الدوري الممتاز، في مشهد يعكس حيوية جديدة للمسابقة.,رياضة,العراق
"مبادرة ""حدائقنا الخضراء"" تُطلق بمساعٍ مجتمعية لتجميل أحياء البحرين العتيقة","سكان محليون وشباب متطوعون يشاركون في أعمال زراعة وتنسيق حديقة مجتمعية جديدة في أحد الأحياء القديمة بمحافظة المحرق بالبحرين، ضمن مبادرة ""حدائقنا الخضراء"". (تصوير: وكالة الأنباء البحرينية)",مجتمع,البحرين
وزارة التربية الكويتية تطلق استراتيجية وطنية لتوسيع وتوحيد مناهج مرحلة رياض الأطفال,أطفال كويتيون في إحدى دور رياض الأطفال الحديثة، ضمن خطط الوزارة لتعزيز جودة التعليم المبكر (الأناضول).,تعليم,الكويت
متطوعون ليبيون يٌعيدون إحياء المكتبات العامة في درنة بعد سنوات من الإهمال,شباب ومتطوعون من أهالي مدينة درنة يشاركون في تجهيز ورفش الكتب داخل إحدى المكتبات العامة التي أعيد تأهيلها (الأناضول),مجتمع,ليبيا
"الكويت تدشن ""المبادرة الوطنية للمهارات المستقبلية"" لتعزيز جاهزية الخريجين لسوق العمل ورؤية 2035",طلاب كويتيون يشاركون بفاعلية في ورشة عمل تطبيقية ضمن برنامج تدريبي متخصص، يعكس التوجه الجديد لوزارة التربية نحو دمج المهارات التكنولوجية والمهنية المطلوبة (وزارة التربية).,تعليم,الكويت
دمشق تستضيف مهرجان الخط العربي لتعزيز الهوية الثقافية بين الأجيال,لوحات خطية تزين أروقة المركز الثقافي بدمشق خلال افتتاح الدورة السادسة لمهرجان الخط العربي. (وزارة الثقافة السورية),ثقافة,سوريا
مصرع وإصابة العشرات في انقلاب حافلة نقل ركاب بضواحي أزيلال,فرق الإنقاذ والإسعاف تباشر عملها في موقع حادث انقلاب حافلة لنقل الركاب خلف عشرات الضحايا بإقليم أزيلال (الجزيرة),حوادث,المغرب
مبادرات مجتمعية سعودية: تحصين الشباب والأسر ضد تحديات الديون الاستهلاكية,شباب سعوديون يناقشون استراتيجيات الادخار وإدارة الميزانية الشخصية خلال ورشة عمل بالرياض (رويترز),قضايا اجتماعية,السعودية
تصاعد التوترات شمال شرق سوريا يهدد بانهيار اتفاقيات خفض التصعيد,قوات من فصائل محلية مدعومة تركياً تنتشر على طول خطوط التماس في ريف الرقة الشمالي، 15 مايو/أيار 2025 (أسوشيتد برس),سياسة,سوريا
تحذيرات طبية: تلوث المياه يفاقم أزمة الصحة العامة في الشمال اللبناني,طفل يتلقى الفحص الطبي في إحدى عيادات مدينة طرابلس، شمال لبنان، وسط تزايد حالات الإصابة بأمراض الجهاز الهضمي المرتبطة بتدهور جودة مياه الشرب.,صحة,لبنان
"تونس تدشن ""دار المالوف"" في مشروع وطني لإنقاذ وتجديد الموسيقى الأندلسية العريقة","فرقة تونسية تقليدية تعزف مقطوعات من فن المالوف الأندلسي خلال حفل افتتاح ""دار المالوف"" بالعاصمة.",ثقافة,تونس
"الجزائر تطلق مشروع ""القطب الصناعي المستغانمي"" بمليار دولار لتعزيز الصادرات",وزير الصناعة الجزائري يشرف على توقيع اتفاقيات الشراكة لإطلاق مشروع القطب الصناعي الجديد في مستغانم، مع خريطة للمشروع على الشاشة (الوكالة الجزائرية لتطوير الاستثمار).,اقتصاد,الجزائر
"الإمارات تطلق ""واحة الابتكار الأخضر"" لتعزيز ريادتها في الاقتصاد المستدام","صورة جوية لمجمع ""واحة الابتكار الأخضر"" الجديد في الشارقة، يظهر مبانٍ حديثة بتصميم معماري مستوحى من الاستدامة ومساحات خضراء، تعكس التزام الإمارة بتعزيز قطاعات الطاقة النظيفة والتكنولوجيا البيئية.",اقتصاد,الإمارات
المغرب يعزز شبكة الألياف البصرية لخفض الفجوة الرقمية في المناطق القروية,عامل من شركة اتصالات مغربية يقوم بمد كابلات الألياف البصرية عبر تضاريس وعرة بالقرب من إحدى القرى في الأطلس المتوسط (المغرب)، ضمن جهود ربط المناطق النائية بالإنترنت عالي السرعة (رويترز).,تقنية,المغرب
جيبوتي تطلق مشروعاً وطنياً طموحاً لتطوير كرة القدم الشبابية وتأهيل البنية التحتية,فرق من الشباب الجيبوتي تتنافس بحماس في إحدى مباريات دوري الناشئين بالعاصمة جيبوتي (صور خاصة).,رياضة,جيبوتي
المقاهي الشعبية في حلب القديمة: نكهة الماضي تعود لتُلملم شتات الحاضر,تجمع كبار السن في أحد المقاهي الشعبية التي أعيد افتتاحها بحلب القديمة، في مشهد يعكس تمسك الأهالي بلمّ الشمل وصون الموروث الاجتماعي (مصور مستقل).,مجتمع,سوريا
السودان: مدارس بلا جدران.. جهود شعبية لإنقاذ جيل من الضياع التعليمي,أطفال سودانيون يتلقون دروساً في مدرسة مؤقتة تحت مظلة قماشية بمخيم للنازحين قرب بورتسودان (رويترز),قضايا اجتماعية,السودان
الأسواق اليمنية تستغيث: تجار السلع الأساسية يئنون تحت وطأة انهيار العملة وقيود الاستيراد,أحد تجار المواد الغذائية الأساسية في سوق شعبي بالعاصمة صنعاء يترقب بصمت حركة البيع والشراء المتأثرة بتدهور قيمة الريال (الفرنسية - خاص).,اقتصاد,اليمن
البنك المركزي العراقي يطلق برنامجاً وطنياً لدعم قطاع التكنولوجيا المالية,شباب عراقيون يناقشون مشاريعهم في مركز للابتكار المالي بالعاصمة بغداد.,اقتصاد,العراق
"السعودية تدشن ""أكاديمية الفرسان"" لتعزيز رياضة الفروسية وتأهيل أبطال المستقبل",خيّالة يتدربون على قفز الحواجز في مضمار حديث ضمن مرافق أكاديمية الفرسان الجديدة بمدينة الرياض، التي تهدف لدعم رياضة الفروسية في المملكة. (وكالة الأنباء السعودية),رياضة,السعودية
الصومال: تفشي الكوليرا يهدد آلاف الأطفال في مناطق نائية,فريق طبي تابع لمنظمة إنسانية يقدم لقاحات للأطفال في قرية متأثرة بوباء الكوليرا وسط الصومال (رويترز),صحة,الصومال
عقبات الوصول: حراك مجتمعي بالقاهرة لمواجهة تحديات دمج ذوي الهمم,متطوعون يساعدون شخصاً من ذوي الهمم على تجاوز عقبات الرصيف في حي شعبي بالقاهرة خلال إحدى المبادرات المجتمعية (صورة تعبيرية).,قضايا اجتماعية,مصر
البحرين تسجل قفزة قياسية في الاستثمار الأجنبي المباشر بقطاع الصناعات الخضراء,مسؤولون حكوميون وممثلون عن مستثمرين أجانب خلال توقيع اتفاقية استثمارية في قطاع الصناعات الخضراء بالمنامة (الصحافة البحرينية),اقتصاد,البحرين
تفاقم تآكل السواحل يهدد مواقع أثرية وموانئ حيوية في ليبيا,صورة لموقع أثري ساحلي في مدينة لبدة الكبرى يواجه خطر الانهيار بسبب تفاقم تآكل التربة وزحف البحر.,بيئة,ليبيا
تطور نوعي: الدوري الموريتاني لكرة القدم يشهد قفزة في قيمته التسويقية وجاذبيته للاعبين الإقليميين,لقطة جماعية للاعبي أحد الفرق في الدوري الموريتاني الممتاز خلال مباراة حماسية على أرضية ملعب الشيخ ولد بيديه في نواكشوط، مما يعكس الأجواء التنافسية المتزايدة للبطولة.,رياضة,موريتانيا
"جهود مكثفة لمكافحة ""الآكلة"" شمال غرب سوريا: تفشي ""اللاشمانيا"" يثير المخاوف الصحية","فريق طبي ميداني يعاين طفلاً في أحد مخيمات النزوح بريف إدلب شمال غرب سوريا، في إطار حملة للكشف عن حالات ""اللاشمانيا"" وعلاجها. (منظمة أطباء بلا حدود)",صحة,سوريا
"السودان: ""ندوب غير مرئية"".. أعباء الصدمة النفسية تثقل كاهل النازحين في المخيمات المكتظة",طفلة نازحة تجلس وحيدة بين خيام متلاصقة في أحد مخيمات دارفور، تعكس نظراتها عمق المعاناة النفسية والقلق الذي يخيّم على حياة آلاف الأطفال المتأثرين بالنزاع في السودان (وكالات),قضايا اجتماعية,السودان
ضحايا وجرحى جراء انهيار مبنى سكني في حلب شمالي سوريا,فرق الدفاع المدني وأهالٍ يحاولون انتشال الضحايا من تحت أنقاض مبنى سكني منهار في منطقة السكري بحلب (رويترز),حوادث,سوريا
جزر القمر تطلق خطة استراتيجية لتنمية قطاع الصيد البحري وتعزيز مساهمته في الناتج المحلي,قوارب صيد تقليدية ترسو في أحد موانئ جزر القمر الصغيرة مع شروق الشمس (رويترز),اقتصاد,جزر القمر
المغرب يواجه أزمة مائية حرجة: السدود الكبرى تسجل أدنى مستوياتها والجفاف يهدد الموسم الفلاحي,أحد السدود الرئيسية بجهة بني ملال - خنيفرة يظهر وقد انخفض منسوب المياه فيه بشكل كبير، كاشفاً عن قاع متصدع لأول مرة منذ سنوات (وكالة المغرب العربي للأنباء),بيئة,المغرب
"""جيل الشاشات"": دراسة قطرية تدق ناقوس الخطر بشأن تزايد الانعزال الاجتماعي للأطفال",أطفال قطريون يجلسون في صالة منزل حديثة، كل منهم منهمك في جهاز لوحي أو هاتف ذكي، وأشعة الشمس الخفيفة تتسلل من نافذة كبيرة في الخلفية.,قضايا اجتماعية,قطر
استثمارات بمليارات الدولارات: موريتانيا تتأهب لتحويل صحرائها إلى مركز عالمي للهيدروجين الأخضر,تصميم تصوري لمجمع ضخم لإنتاج الهيدروجين الأخضر في منطقة صحراوية موريتانية، يظهر فيه عدد كبير من الألواح الشمسية وتوربينات الرياح العملاقة.,طاقة,موريتانيا
مبادرة وطنية رائدة تستهدف استعادة غابات المانجروف الساحلية المهددة في البحر الأحمر السعودي,متطوعون سعوديون يشاركون في استزراع شتلات المانجروف على أحد الشواطئ ضمن مشروع بيئي في المنطقة الغربية (وكالة الأنباء السعودية),بيئة,السعودية
التعليم في اليمن على المحك: مبادرة مجتمعية لتدريس الأطفال النازحين تُحيي الأمل,فصل دراسي مؤقت يضم أطفالاً نازحين في منطقة ريفية بمأرب، حيث يقوم متطوعون بتدريسهم بجهود ذاتية.,تعليم,اليمن
الدوري السعودي للسيدات يحطم أرقاماً قياسية في عدد الأندية المشاركة والمشاهدات التلفزيونية,لقطة من إحدى المباريات القوية في الدوري السعودي الممتاز للسيدات، حيث يتزايد الاهتمام الجماهيري والإعلامي (الاتحاد السعودي لكرة القدم),رياضة,السعودية
البحرين تطلق حملة وطنية موسعة للكشف المبكر عن أمراض القلب والأوعية الدموية,متطوعة تقوم بفحص ضغط الدم لمواطن ضمن فعاليات حملة توعوية صحية في أحد المراكز المجتمعية بالمنامة (الفرنسية),صحة,البحرين
الدوري اللبناني الممتاز لكرة القدم: دعوات متزايدة لإصلاحات هيكلية لمواجهة تحديات الاستدامة,مشهد من مباراة سابقة في الدوري اللبناني لكرة القدم، حيث تتزايد المطالبات بإصلاحات مالية وإدارية لضمان استمرارية الأندية (رويترز),رياضة,لبنان
بمبادرة محلية.. تونس تتجه لتعميم تقنيات إنترنت الأشياء لترشيد استهلاك المياه,مهندسون تونسيون يعاينون نموذجاً أولياً لأجهزة استشعار ذكية لإنترنت الأشياء مخصصة لمراقبة شبكات المياه في إحدى المدن التونسية.,تقنية,تونس
جيبوتي: تحذيرات من تفاقم التلوث البلاستيكي يهدد الثروة السمكية في خليج تاجورا,صيادون جيبوتيون يقومون بإزالة المخلفات البلاستيكية من شباك الصيد الخاصة بهم على شاطئ في خليج تاجورا، مما يؤثر على سبل عيشهم (الفرنسية),بيئة,جيبوتي
جيبوتي تطلق برنامجاً وطنياً طموحاً لتحديث البنية التحتية التعليمية وتعزيز الشمولية,جانب من المجمع المدرسي الحديث الذي افتتح مؤخراً في منطقة علي صبيح بجيبوتي، وقد تم تجهيزه بفصول دراسية متطورة ومرافق رياضية (الأناضول).,تعليم,جيبوتي
ليبيا تطلق مبادرة وطنية لمد آلاف الكيلومترات من الألياف البصرية لتعزيز الاتصال,فريق هندسي ليبي يشرف على مد خطوط الألياف البصرية في إحدى المناطق النائية جنوب البلاد، في إطار مشروع يهدف لتعزيز البنية التحتية للاتصالات (وكالة الأنباء الليبية).,تقنية,ليبيا
المغرب: تقرير أممي يحذر من تزايد ظاهرة عمالة الأطفال بالقطاع الفلاحي,طفل مغربي يعمل في حقل زراعي بإحدى القرى، في مشهد يعكس التحديات الاجتماعية والاقتصادية (منظمة العمل الدولية),قضايا اجتماعية,المغرب
الجزائر تدشن أكبر مجمع صناعي للأسمدة والمدخلات الزراعية لتعزيز الأمن الغذائي وتصدير الفائض,لقطة جوية لمجمع بلارة الصناعي الجديد بولاية جيجل يضم وحدات إنتاج الأسمدة والمواد الكيماوية الزراعية المتطورة. (وكالة الأنباء الجزائرية),اقتصاد,الجزائر
"العراق: خطة استراتيجية ثلاثية لبناء 2500 مدرسة جديدة لمواجهة ""تحدي الاكتظاظ الطلابي""",فصل دراسي مكتظ بالطلاب في إحدى المدارس الحكومية بمدينة الناصرية، يعكس التحديات التي تواجهها البنية التحتية التعليمية في البلاد (أسوشيتد برس).,تعليم,العراق
سوريا تتوسع في مشاريع الطاقة الشمسية لتلبية احتياجات القطاعين العام والخاص,عمال يضعون اللمسات الأخيرة على مجموعة من الألواح الشمسية المثبتة فوق سطح أحد المباني السكنية الجديدة في اللاذقية، ضمن مشروع دعم الطاقة المتجددة في المدن الساحلية.,طاقة,سوريا
الجزائر تضع خطة طموحة لتغطية 85% من احتياجاتها الدوائية محلياً بحلول 2026,خطوط إنتاج حديثة داخل أحد المصانع الصيدلانية الجزائرية الجديدة التي تساهم في تحقيق الاكتفاء الذاتي (وزارة الصناعة والإنتاج الصيدلاني),اقتصاد,الجزائر
قطر تفتح تحقيقاً عاجلاً في حادث انهيار جزء من جسر قيد الإنشاء شمال الدوحة,فرق الإنقاذ والدفاع المدني منتشرة في موقع انهيار جزء من جسر قيد الإنشاء شمال الدوحة، وسط وجود آليات ثقيلة وسيارات إسعاف (وكالة الأنباء القطرية).,حوادث,قطر
الرياض تدشن حواراً إستراتيجياً لتعزيز الاستقرار والتكامل مع دول القرن الأفريقي,لقطة جماعية لوزراء خارجية من السعودية ودول القرن الأفريقي خلال جلسة افتتاح الحوار الإستراتيجي في الرياض (واس),سياسة,السعودية
تحدي الكلاب الضالة يفاقم المخاوف الصحية والأمنية في أحياء طرابلس,مجموعة من الكلاب الضالة تتجمع بالقرب من حاويات القمامة المفتوحة في أحد الأحياء السكنية بطرابلس، بينما يحاول المارة تجنبها.,قضايا اجتماعية,ليبيا
الصومال يُطلق مبادرات لتعزيز قطاع الثروة السمكية وجذب الاستثمارات الأجنبية,صيادون صوماليون يعرضون صيدهم اليومي من الأسماك الطازجة في سوق بمدينة مقديشو، مما يسلط الضوء على الإمكانات الكبيرة لتنمية القطاع البحري.,اقتصاد,الصومال
الأردن يرفع مستوى التأهب لحماية واحة الأزرق من زحف التصحر وتغير المناخ,لقطة جوية لواحة الأزرق تُظهر المساحات المائية المتبقية ومناطق القصب، مع علامات جفاف واضحة في الأراضي المحيطة (رويترز).,بيئة,الأردن
الصومال تدشن كابلاً بحرياً جديداً لقفزة غير مسبوقة في سرعة الإنترنت بالقرن الأفريقي,فريق من المهندسين والفنيين الصوماليين يشرفون على عملية إنزال الكابل البحري الجديد في نقطة الإنزال الرئيسية على الساحل الصومالي بمناسبة الانتهاء من المشروع (الوكالة الوطنية الصومالية للإعلام),تقنية,الصومال
تحديات مضاعفة: نقص الأدوية والكوادر يعمق الأزمة الصحية بالجنوب الليبي,طبيبة ليبية تفحص مريضة في مركز صحي متواضع بإحدى قرى الصحراء الجنوبية الليبية، حيث تفتقر المنطقة لأبسط الخدمات الطبية (رويترز),قضايا اجتماعية,ليبيا
"""مستقبلنا بأيدينا"": جيبوتي تطلق مبادرة لتعزيز التدريب المهني بالريف",شبان جيبوتيون يشاركون في ورشة عمل تطبيقية لمهارات النجارة ضمن مركز تدريب مهني جديد في منطقة ريفية (رويترز),تعليم,جيبوتي
فلسطين: إصابات جراء انهيار مبنى سكني في البلدة القديمة بالخليل والدفاع المدني يواصل البحث,فرق الدفاع المدني الفلسطينية تستخدم معدات خاصة للبحث عن عالقين تحت أنقاض مبنى سكني منهار في البلدة القديمة بالخليل (الأناضول),حوادث,فلسطين
ليبيا تُراهن على ميناء مصراتة: خطط توسعية بمليارات الدولارات لتحويله لقطب تجاري إقليمي,صورة جوية تُظهر جزءاً من ميناء مصراتة الليبي المكتظ بسفن الشحن والحاويات، مع معدات ثقيلة وهياكل قيد الإنشاء في الخلفية، تعكس أعمال التوسع الجارية. (وكالة الأنباء الليبية),اقتصاد,ليبيا
الموصل تستقبل مبادرة فريدة لإحياء فنون المخطوطات والخط العربي الأصيل,متدربون شباب يشاركون في ورشة لترميم المخطوطات القديمة وفنون الخط العربي بمدينة الموصل (وكالة الأنباء العراقية).,ثقافة,العراق
مبادرة مجتمعية في جنين تطلق مشروعاً للتدوير لمكافحة النفايات البلاستيكية,متطوعون من المجتمع المحلي يفصلون النفايات البلاستيكية المجمعة في مركز فرز بمدينة جنين، تمهيداً لإعادة تدويرها.,بيئة,فلسطين
مبادرة وطنية في قطر لمواجهة تحديات الصحة النفسية لدى الشباب,طلاب يشاركون بنشاط في جلسة حوارية حول الصحة النفسية ضمن مبادرة مدرسية بالدوحة.,قضايا اجتماعية,قطر
الكويت تحقق في ملابسات حريق ضخم التهم مخازن تجارية بالشويخ الصناعية وأسفر عن خسائر فادحة,أعمدة الدخان تتصاعد من موقع حريق المخازن التجارية في منطقة الشويخ الصناعية بالكويت (وكالة الأنباء الكويتية - كونا),حوادث,الكويت
جيبوتي تطلق مبادرة وطنية لمكافحة زواج القاصرات في المناطق الريفية,مجموعة من الفتيات الصغيرات يتلقين دروساً تعليمية في إحدى مدارس القرى بمحافظة عرتا بجيبوتي (وكالات).,قضايا اجتماعية,جيبوتي
تونس: مجمع رياضي تاريخي يستعيد بريقه.. رهان على الأجيال الصاعدة,أطفال يتدربون في أحد الملاعب التي تم تجديدها حديثاً ضمن المجمع الرياضي، في مشهد يعكس الآمال المعلقة على مستقبل الرياضة التونسية (الصحافة التونسية).,رياضة,تونس
تصادم مروع على أوتوستراد ضهر البيدر يودي بحياة خمسة ويصيب العشرات,فرق الدفاع المدني والإسعاف تعمل على إجلاء المصابين من ركاب حافلة صغيرة وشاحنة في موقع حادث التصادم المروع على أوتوستراد ضهر البيدر، وسط حطام المركبات المتناثرة على طول الطريق الجبلي. (الدفاع المدني اللبناني),حوادث,لبنان
الإمارات تطلق مبادرة وطنية ضخمة للكشف المبكر عن أمراض القلب والأوعية الدموية,طبيب إماراتي يشرح خطوات الفحص الطبي لمواطن في مركز صحي بدبي، في إطار برنامج الكشف المبكر لأمراض القلب والأوعية الدموية الذي أطلقته الدولة مؤخرًا (الخليج تايمز).,صحة,الإمارات
نادي أرتا سولار 7 يحصد لقب الدوري الجيبوتي للمرة الخامسة على التوالي,جماهير نادي أرتا سولار 7 تحتفل مع اللاعبين بفوزهم بلقب الدوري الجيبوتي لكرة القدم في الملعب الوطني بالعاصمة (وكالة الأنباء الجيبوتية),رياضة,جيبوتي
جمود يخيّم على مبادرة التسوية الرئاسية في لبنان رغم مساعٍ إقليمية,نواب ومسؤولون لبنانيون خلال جلسة برلمانية سابقة في بيروت لمناقشة الأوضاع السياسية (الأناضول- أرشيف),سياسة,لبنان
"الرياض تطلق مبادرة ""درع البحر"" لتعزيز الاستقرار الإقليمي والأمن البحري في الممرات المائية الحيوية","مسؤولون سعوديون وقادة دول إقليمية خلال قمة إطلاق مبادرة ""درع البحر"" في العاصمة الرياض لبحث تحديات الأمن البحري (وكالات).",سياسة,السعودية
مصرف قطر المركزي يُعلن عن إطلاق استراتيجية وطنية للتقنيات المالية (فينتك),شعار مصرف قطر المركزي الظاهر على واجهة مبنى حديث في منطقة الأبراج بالدوحة، بانعكاسات لمشهد المدينة النابض بالحياة (الشرق الأوسط),اقتصاد,قطر
ورشة محلية في ذمار تكافح لإنقاذ فن النقش على الأحجار البيضاء,حرفي يمني مسنّ يركز على إنجاز قطعة فنية منقوشة على الحجر الأبيض داخل ورشته المتواضعة في مدينة ذمار.,ثقافة,اليمن
موريتانيا: تفاقم بطالة الشباب يدفع الحكومة لمراجعة استراتيجيات التنمية والتدريب المهني,شباب موريتانيون يتجمعون أمام أحد مراكز التكوين المهني في العاصمة نواكشوط بانتظار فرص تدريب وعمل (الفرنسية),قضايا اجتماعية,موريتانيا
المتسابق البحريني الصاعد يتوج بلقب تحدي كاديلاك على حلبة الصخير,السائق البحريني الشاب خالد المحمود يحتفل على منصة التتويج بالكأس بعد فوزه في تحدي كاديلاك CT4 للسرعة على حلبة البحرين الدولية.,رياضة,البحرين
تونس: كارثة بيئية تتهدد سواحل قرقنة جراء زحف النفايات البلاستيكية,كميات هائلة من النفايات البلاستيكية تغطي شاطئاً في جزر قرقنة التونسية، ما يهدد الثروة السمكية وسبل عيش السكان (رويترز),بيئة,تونس
الجزائر تكشف عن استراتيجية وطنية لتعزيز المواءمة بين التكوين المهني ومتطلبات سوق الشغل,شباب جزائريون يتدربون داخل ورشة متخصصة في ميكانيكا السيارات الحديثة ضمن مركز للتكوين المهني بولاية وهران (وكالة الأنباء الجزائرية),تعليم,الجزائر
السودان: خسائر بشرية جراء انهيار منجم للتنقيب التقليدي عن الذهب شرقي البلاد,فرق إنقاذ تفتش عن ناجين في موقع منجم تقليدي للذهب (رويترز - أرشيف).,حوادث,السودان
"الكويت تفتتح ""بيت الواجهة"" الثقافي بعد مشروع ترميم تاريخي للمبنى","الواجهة الخارجية لمركز ""بيت الواجهة"" الثقافي في مدينة الكويت، والذي أعيد افتتاحه بعد مشروع ترميم شامل (كونا)",ثقافة,الكويت
السعودية تطلق استراتيجية شاملة لحماية الأنواع المهددة بالانقراض في البحر الأحمر,فريق من الباحثين البحريين يوثقون كائناً بحرياً نادراً اكتشف حديثاً ضمن منطقة مقترحة كمحمية جديدة قبالة سواحل نيوم (غيتي).,بيئة,السعودية
نضوب الآبار وتأخر الأمطار: أزمة مياه صامتة تضرب مجتمعات الرعاة في كردفان,امرأة من مجتمعات الرعاة في شمال كردفان تحمل دلواً فارغاً عائدة من بئر جفّت مياهها، وتظهر خلفها أراضٍ زراعية متصحرة (أسوشيتد برس).,بيئة,السودان
"قطر تطلق برنامجاً وطنياً لدمج ""التعلم القائم على المشاريع"" في مدارسها الإعدادية لتعزيز الابتكار",جانب من ورشة عمل طلابية في إحدى المدارس الإعدادية القطرية، حيث يتعاون الطلاب على إنجاز مشروع ضمن المبادرة الجديدة لتعزيز التعلم القائم على المشاريع.,تعليم,قطر
جيبوتي تطلق برنامجاً وطنياً طموحاً لتدريب المعلمين على التقنيات الرقمية الحديثة,معلم جيبوتي يشرح درساً باستخدام جهاز لوحي خلال دورة تدريبية حديثة (أرشيف وكالة الأنباء الجيبوتية).,تعليم,جيبوتي
سلسلة تصادمات مروعة على الطريق الصحراوي في الأردن تخلف أكثر من 30 إصابة,فرق الدفاع المدني تتعامل مع موقع حادث تصادم لعدة مركبات على الطريق الصحراوي جنوبي العاصمة عمّان، حيث تظهر سيارات متضررة بشدة وعدد من رجال الإنقاذ (الدفاع المدني),حوادث,الأردن
"برنامج ""أبطال قطر"" للمبارزة يعلن نتائج مرحلته الأولى ويسعى لرفد المنتخبات الوطنية","مجموعة من المبارزين القطريين الشبان يتدربون في أحد مراكز التدريب التابعة لبرنامج ""أبطال قطر"" للمبارزة في الدوحة (اللجنة الأولمبية القطرية).",رياضة,قطر
تقريرٌ جديد يحذّر من نقصٍ حاد في تجهيزات المدارس الرسمية اللبنانية للعام الدراسي المقبل,قاعة صفية قديمة في إحدى المدارس الحكومية اللبنانية، تظهر فيها مقاعد متهالكة ونقص في المستلزمات الأساسية استعداداً للعام الدراسي الجديد (الفرنسية),تعليم,لبنان
عراقيل لوجستية تعرقل استكمال محطة طاقة شمسية حيوية بريف دمشق,عمال يقومون بتركيب ألواح شمسية في موقع لم يكتمل بناءه بعد، محاط بمبانٍ سكنية في ريف دمشق (وكالة سانا/حكومية),طاقة,سوريا
من قلب فاس: شباب مغربي يحيي فنون الصناعة التقليدية المهددة بالاندثار,شاب مغربي يعمل بتركيز على قطعة فخار تقليدية داخل ورشة حِرف بمدينة فاس العتيقة، محاطاً بأدوات يدوية.,مجتمع,المغرب
"المنتخب العماني يشد الرحال لمعسكر خارجي حاسم تحضيراً لـ ""خليجي 26"" وسط طموحات جماهيرية بلقب ثالث",لاعبو المنتخب العماني لكرة القدم خلال حصة تدريبية مكثفة ضمن معسكرهم التحضيري الأخير في مسقط (وكالة الأنباء العمانية),رياضة,عُمان
غرق قارب صيد قبالة سواحل جيبوتي يترك مفقودين وعمليات بحث متواصلة,فرق الإنقاذ التابعة لخفر السواحل الجيبوتي تباشر عمليات البحث عن مفقودين جراء حادث غرق قارب صيد في مياه خليج تاجورا (رويترز),حوادث,جيبوتي
جيبوتي تدشن مشروعاً وطنياً لتعزيز التعليم الرقمي في المدارس بالمناطق النائية,طلاب في إحدى المدارس بمنطقة دخيل في جيبوتي يستخدمون أجهزة كمبيوتر لوحية جديدة ضمن مبادرة تعزيز التعليم الرقمي.,تعليم,جيبوتي
البرلمان الكويتي يطلب استجواباً لوزير المالية بشأن شبهات هدر للمال العام,قاعة مجلس الأمة الكويتي خلال جلسة سابقة، حيث تُعقد مناقشات مهمة حول المساءلة الحكومية (مجلس الأمة).,سياسة,الكويت
"شباب الكويت يطلقون حملة وطنية لتعزيز ""ثقافة التطوع"" بين الأجيال",متطوعون كويتيون يقومون بتوزيع وجبات إفطار صائم على العمالة الوافدة في أحد أحياء مدينة الكويت ضمن مبادرة مجتمعية (الجزيرة),مجتمع,الكويت
الرياض تستقبل قادة عرب وأفارقة في قمة لمواجهة تهديدات الملاحة بالبحر الأحمر,جانب من الجلسة الافتتاحية للقمة التي تستضيفها الرياض لمناقشة أمن الملاحة البحرية.,سياسة,السعودية
الفجوة الرقمية تعمق عزلة القرى الجزائرية.. والحكومة تكشف عن استراتيجية جديدة,سيدة تستخدم هاتفاً تقليدياً في قرية نائية بمنطقة الهقار جنوب الجزائر، ترمز للتحديات التي تفرضها الفجوة الرقمية على المجتمعات المعزولة (مصدر محلي),قضايا اجتماعية,الجزائر
"""بوابة الجيران"": الإمارات تطلق منصات تفاعلية لتعزيز التلاحم المجتمعي في الأحياء السكنية","عائلات ومتطوعون يتفاعلون في إحدى الفعاليات المجتمعية ضمن مبادرة ""بوابة الجيران"" في حديقة عامة حديثة بإمارة دبي (شترستوك)",مجتمع,الإمارات
"تونس: مبادرات شبابية لمواجهة ""آفة"" الهجرة غير النظامية بالمناطق الداخلية",شباب تونسيون يشاركون في ورشة عمل لتأهيل مهني بمركز للتدريب في إحدى القرى بولاية القصرين، ضمن جهود حكومية ومجتمعية لمكافحة البطالة والهجرة (وكالة الأنباء التونسية).,قضايا اجتماعية,تونس
موريتانيا تطلق مشاورات وطنية حول إصلاح الحوكمة وسط ترقب لتوصياتها,جانب من الجلسة الافتتاحية للمشاورات الوطنية حول إصلاح الحوكمة في قصر المؤتمرات بنواكشوط (وكالة الأنباء الموريتانية),سياسة,موريتانيا
سوريا تسرع وتيرة الاعتماد على الطاقة الشمسية لمواجهة تحديات الإمداد وانقطاع الكهرباء,عمال يقومون بتركيب ألواح طاقة شمسية على سطح مبنى سكني في ريف دمشق، في إطار المبادرات المتزايدة لتوليد الكهرباء (الجزيرة),طاقة,سوريا
إضراب المعلمين يُعلق الدراسة بمدارس تعز.. ومخاوف على مصير العام الدراسي لأكثر من 50 ألف طالب,أطفال يمنيون يلعبون أمام بوابة مدرسة مغلقة تحمل لافتة تشير إلى تعليق الدراسة في أحد أحياء مدينة تعز (يونيسف),تعليم,اليمن
الكويت تفتتح مركزاً وطنياً متطوراً لإدارة الأمراض المزمنة,وزير الصحة الكويتي يصافح طبيباً متخصصاً خلال جولة تفقدية في الأقسام العلاجية للمركز الوطني الجديد لإدارة الأمراض المزمنة في العاصمة.,صحة,الكويت
الإمارات تطلق استراتيجية وطنية شاملة لتعزيز الصحة النفسية وجودة الحياة,وزير الصحة ووقاية المجتمع خلال مؤتمر صحفي للإعلان عن المبادرة الوطنية للصحة النفسية في أبوظبي (وام),صحة,الإمارات
تحديات التمويل تعرقل طموحات لبنان لتوسيع مصادر الطاقة المتجددة,مزرعة ألواح شمسية ضخمة في منطقة البقاع اللبنانية، تجسد الأمل المعلق في قطاع الطاقة المتجددة بسبب قلة التمويل اللازم.,طاقة,لبنان
سلطنة عُمان تدشن مشروعاً وطنياً لتعزيز ربط القرى النائية بالإنترنت فائق السرعة,مهندس عماني يراقب مؤشرات تشغيل محطة اتصالات جديدة في منطقة جبلية بولاية الرستاق، في إطار المبادرة الحكومية لتوسيع نطاق التغطية الرقمية للمناطق النائية.,تقنية,عُمان
لبنان يطلق مشروعاً تجريبياً لتعميم الإنترنت فائق السرعة في القرى النائية,مهندسون لبنانيون يشرفون على تركيب هوائيات متطورة ضمن مشروع ربط قرية جبلية بشبكة الإنترنت (الوكالة الوطنية للإعلام),تقنية,لبنان
"الأردن يطلق ""بوابة المستقبل الرقمية"" لتدريب 10 آلاف شاب على مهارات التكنولوجيا المتقدمة",شباب أردنيون يشاركون في ورشة عمل مكثفة لبرمجة تطبيقات الويب ضمن إحدى مبادرات التدريب الرقمي في عمّان (صورة تعبيرية).,تقنية,الأردن
تكتل إقليمي يدعو لتعزيز آليات مراقبة وقف إطلاق النار في السودان,مبعوثون دوليون خلال اجتماع في أديس أبابا لبحث سبل تنفيذ اتفاق وقف العدائيات الأخير في السودان (الأفريقية للأنباء),سياسة,السودان
الأردن يطلق خطة وطنية لتعزيز التعليم المهني وتأهيل الشباب لسوق العمل,شباب وشابات أردنيون يتلقون تدريباً عملياً في أحد المعاهد المهنية ضمن المبادرات الجديدة لربط التعليم بسوق العمل (البترا),تعليم,الأردن
جزر القمر تُعزز جهودها لمكافحة انتشار حمى الضنك بمشاركة مجتمعية واسعة,طلاب متطوعون يشاركون في حملة تنظيف واسعة للمستنقعات ومصادر المياه الراكدة في ضواحي موروني، ضمن جهود مكافحة يرقات البعوض الناقل لحمى الضنك (وزارة الصحة القمرية).,صحة,جزر القمر
جزر القمر تُطلق مشروعاً وطنياً ضخماً لربط الجزر بشبكة ألياف ضوئية وتعزيز الشمول الرقمي,خريطة تفاعلية تعرض مسارات كابلات الألياف الضوئية البحرية والبرية المخطط لها لربط جزر القمر الرئيسية، خلال مؤتمر صحفي لإطلاق المشروع بالعاصمة موروني (مصدر محلي).,تقنية,جزر القمر
عُمان تطلق مشروعاً استراتيجياً لبناء أضخم مجمع لإنتاج الهيدروجين الأخضر في المنطقة,لقطة جوية لموقع مقترح لمجمع الهيدروجين الأخضر في منطقة الدقم الصناعية بسلطنة عُمان، تبرز حجم البنية التحتية المتوقعة للمشروع الحيوي (صورة تخيلية).,طاقة,عُمان
مقديشو تسعى لتعزيز المركزية الأمنية وسط تحذيرات من تصعيد الخلافات مع الولايات,قادة أمنيون من الحكومة الفيدرالية وممثلون عن ولايات صومالية خلال اجتماع تنسيقي سابق في العاصمة مقديشو. (وكالة الأنباء الوطنية الصومالية),سياسة,الصومال
17 قتيلاً في تصادم مروع بين حافلة وشاحنة على طريق التحدي جنوبي السودان,عناصر من الدفاع المدني وسكان محليون يحاولون إنقاذ المصابين وإخماد النيران في موقع حادث تصادم حافلة ركاب وشاحنة نقل على طريق التحدي بولاية الجزيرة (وكالة الأنباء السودانية - سونا),حوادث,السودان
"تهديد لـ ""جنة الغواصين"": جيبوتي تستنفر لمواجهة خطر البلاستيك على شعابها المرجانية الفريدة",لقطة مقربة لشعاب مرجانية حيوية في خليج تاجورة بجيبوتي، وتظهر أكياس بلاستيكية عالقة بين تشكيلاتها، مهددة التنوع البيولوجي البحري (وكالة الأنباء الجيبوتية).,بيئة,جيبوتي
البرلمان التونسي يناقش تعديلات مثيرة للجدل على قانون الاستثمار الجديد,نواب يتداولون خلال جلسة عامة داخل مجلس نواب الشعب التونسي لمناقشة مشروع قانون جديد (الفرنسية),سياسة,تونس
دعوات متصاعدة لتوحيد الجبهة المدنية السودانية لمواجهة تداعيات النزاع,تجمع لرموز سياسية ومدنية سودانية يناقشون سبل تشكيل حكومة انتقالية موحدة في إحدى عواصم المنطقة (وكالات),سياسة,السودان
"الكويت تدشن منصة ""إنجاز"" الرقمية الشاملة لتبسيط الخدمات الحكومية وتعميق الشفافية","واجهة عرض للمنصة الرقمية ""إنجاز"" خلال حفل التدشين الكويتي في العاصمة، 14 فبراير/شباط 2025. (مكتب الإعلام الحكومي الكويتي)",تقنية,الكويت
ورشة حرفية ضخمة تنطلق بقصبة الجزائر لإحياء فن العمارة التقليدية,حرفيون جزائريون يركزون في عمل دقيق على ترميم جزء من واجهة منزل عتيق بأزقة قصبة الجزائر، مستخدمين أدوات ومواد تقليدية لحفظ طابعها المعماري الأصيل. (وكالة الأنباء الجزائرية),ثقافة,الجزائر
طريق حوارة يشهد فاجعة جديدة.. ثلاثة قتلى وعشرة إصابات في تصادم مروع,فرق الإنقاذ تتعامل مع موقع حادث سير مروع شمل عدة مركبات قرب بلدة حوارة جنوب نابلس، حيث تبدو آثار الدمار على السيارات المتصادمة (وكالة الأنباء الفلسطينية - وفا).,حوادث,فلسطين
مجلس النواب البحريني يقر قانوناً جديداً لتعزيز الرقابة المالية على المشاريع التنموية,لقطة من داخل قاعة مجلس النواب البحريني، تظهر أعضاء البرلمان وهم يشاركون في جلسة تصويت حاسمة على مشروع قانون. (بنا),سياسة,البحرين
مبادرات أهلية تواجه شبح ضياع عام دراسي على 3 ملايين طالب سوداني,معلم متطوع يشرح درساً لمجموعة من الأطفال النازحين داخل فصل دراسي مؤقت بمدينة بورتسودان.,تعليم,السودان
الجنوب العراقي: الملوحة تلتهم آلاف الدونمات الزراعية وتهدد الأمن الغذائي,مشهد لأرض زراعية متشققة ومغطاة بالطبقة الملحية البيضاء في إحدى مناطق محافظة ذي قار، فيما يظهر مزارع عراقي بملابس تقليدية يقف حائراً أمام محاصيله المتضررة (رويترز).,بيئة,العراق
**المغرب يخطو خطوات واسعة لتعزيز ربط شبكته الكهربائية بشمال أوروبا عبر الطاقة المتجددة**,عدد من توربينات الرياح العملاقة في حقول الرياح بمنطقة طنجة المغربية، مع خطوط نقل الطاقة تمتد في الأفق (رويترز).,طاقة,المغرب
"الإمارات تطلق ""واحة الأمل"" لزراعة مليون شجرة مقاومة للجفاف: خطوة بيئية لمكافحة التصحر وتعزيز التنوع الحيوي","صورة جوية واسعة لمشروع ""واحة الأمل"" يظهر فيها مهندسون وفنيون يشرفون على زراعة آلاف الشتلات الخضراء الصغيرة ضمن صفوف منتظمة في منطقة صحراوية شاسعة بالإمارات، مع ظهور واضح لنظام ري بالتنقيط يعمل بالطاقة الشمسية.",بيئة,الإمارات
"مبادرة شبابية في تونس تطلق مشروع ""مكتبتك المتنقلة"" لتعزيز القراءة في المناطق النائية","شباب متطوعون يقومون بترتيب الكتب داخل حافلة صغيرة مُعاد تجهيزها، تحمل لافتة ""مكتبتك المتنقلة"" في إحدى القرى التونسية (الأناضول)",مجتمع,تونس
السعودية تطلق أضخم مجمع لإنتاج الهيدروجين الأخضر في منطقة نيوم باستثمارات ضخمة,تصميم متوقع للمنشآت الصناعية في مجمع نيوم للهيدروجين الأخضر (سبلاي تشين ميديا),اقتصاد,السعودية
مستشفى في نابلس يفتتح وحدة متخصصة لأمراض الكلى,طاقم طبي يستعرض أحدث أجهزة غسيل الكلى خلال فعاليات افتتاح الوحدة التخصصية الجديدة في نابلس.,صحة,فلسطين
السعودية تطلق مبادرة وطنية لتعزيز المهارات العملية في المناهج الدراسية,طلاب سعوديون يطبقون مهارات عملية في إحدى الورش التعليمية ضمن المبادرة الجديدة (وزارة التعليم السعودية),تعليم,السعودية
اكتشاف أثري مذهل في شمال السعودية يزيح الستار عن حضارة قديمة غير معروفة,علماء آثار سعوديون خلال أعمال التنقيب في الموقع الأثري الجديد بمنطقة الجوف، حيث عثر على بقايا مدينة قديمة ومجموعة من التحف النادرة (وكالة الأنباء السعودية - واس).,ثقافة,السعودية
"**مصر تُطلق ""رؤية 2030 التعليمية"" لتعزيز التعليم المهني وربطه باحتياجات الصناعة**",**طلاب مصريون في ورشة تدريب مهني حديثة، يطبقون مهاراتهم العملية ضمن أحد المعاهد الفنية الحكومية التي تشهد تحديثاً.**,تعليم,مصر
"موريتانيا تطلق ""مبادرة حكايات الصحراء"" لإنقاذ التراث الشفهي من الاندثار","راوية قصص موريتانية مسنة، ترتدي ""الملحفة"" التقليدية، تحكي بحماس مجموعة من الحكايات الشعبية لجمهور من الشباب خلال حفل إطلاق المبادرة في قصر المؤتمرات بنواكشوط.",ثقافة,موريتانيا
الجزائر تطلق خطة وطنية لتعميم الدفع الإلكتروني وتعزيز الشمول المالي الرقمي,مواطنون جزائريون يُجرون معاملات دفع إلكتروني عبر هواتفهم الذكية في أحد المراكز التجارية بالعاصمة (رويترز),تقنية,الجزائر
الكويت تكشف عن استراتيجية وطنية رائدة لتسريع إنتاج الهيدروجين الأخضر بحلول 2040,رسم توضيحي لمجمع صناعي مستقبلي يضم حقولاً شمسية ضخمة ومحطة متطورة لتحليل المياه، مصمم لإنتاج الهيدروجين الأخضر في صحراء الكويت.,طاقة,الكويت
عمليات بحث مكثفة عن مفقودين إثر غرق قارب صيد قبالة سواحل موهيلي بجزر القمر,قوارب صيد محلية وقوات خفر السواحل تشارك في عمليات البحث قبالة سواحل موهيلي بجزر القمر (وكالة الأنباء القمرية),حوادث,جزر القمر
ورش عمل مبتكرة في القدس تهدف إلى إحياء فن الرواية الشفوية بين الأطفال,أطفال فلسطينيون يستمعون بإمعان إلى حكواتي يؤدي إحدى القصص التراثية ضمن ورشة عمل لتعزيز فن الرواية الشفوية في البلدة القديمة بالقدس، إبريل 2024 (وكالة الأنباء الفلسطينية/صورة أرشيفية).,مجتمع,فلسطين
القاهرة تفتتح مركزاً رياضياً دولياً جديداً لتعزيز استضافة البطولات العالمية لكرة اليد,لقطة علوية تظهر الصالة المغطاة الرئيسية ضمن المركز الرياضي الدولي الجديد الذي افتتحته مصر، مع تجهيزات حديثة ومقاعد الجمهور (وكالة الأنباء المصرية),رياضة,مصر
مصر تطلق منصة إلكترونية موحدة لتسهيل إصدار تراخيص البناء,شاشة حاسوب تعرض واجهة المنصة الرقمية الجديدة لتراخيص البناء في مصر.,تقنية,مصر
وفاة سبعة أشخاص وإصابة 30 آخرين في تصادم حافلة وشاحنة على طريق سريع بتونس,عناصر من الحماية المدنية وسيارات الإسعاف في موقع حادث التصادم المروع بين حافلة وشاحنة على الطريق السريع الرابط بين العاصمة تونس ومدينة صفاقس، حيث تتناثر بقايا الحطام على أسفلت الطريق. (وكالات),حوادث,تونس
جيبوتي تطلق برنامجاً وطنياً لجمع وتوثيق أساطيرها وقصصها الشعبية العريقة,مجموعة من الباحثين يستمعون باهتمام إلى رواية إحدى سيدات المجتمع المسنات في قرية بمنطقة علي صبيح، في إطار مشروع توثيق التراث الشفهي. (مكتب الثقافة الجيبوتي),ثقافة,جيبوتي
انهيار ميزانيات الأندية يُنذر بتغيير جذري في خارطة الكرة اللبنانية: نجوم أندية تاريخية مرشحون للرحيل,لاعبون من أحد أندية كرة القدم اللبنانية العريقة أثناء تمرين صباحي على ملعبهم في بيروت، في ظل حالة من عدم اليقين حول مستقبل بعض الأسماء البارزة مع تفاقم الأزمة المالية التي تضرب القطاع الرياضي. (صورة أرشيفية بتاريخ 2024),رياضة,لبنان
تصادم مروع يتسبب بإغلاق جزئي لطريق الشمال في قطر وإصابة سبعة أشخاص,فرق الإنقاذ والدفاع المدني بصدد التعامل مع آثار حادث تصادم لعدة مركبات على طريق الشمال السريع شمال الدوحة. (رويترز),حوادث,قطر
مبادرة فلسطينية تكنولوجية لسد الفجوة الرقمية في القرى المعزولة بالضفة الغربية,شبان فلسطينيون يعملون على أجهزة حاسوب محمولة داخل مركز مجتمعي رقمي في قرية بالضفة الغربية.,تقنية,فلسطين
فصول فارغة ومستقبل معلق: أطفال السودان ينتظرون عودة كراساتهم وأقلامهم,أطفال سودانيون يجلسون في فصل دراسي بإحدى المدن التي شهدت نزاعات، ويظهر النقص الحاد في المقاعد والمستلزمات التعليمية الأساسية (صورة تعبيرية/مواقع التواصل).,تعليم,السودان
السودان يُطلق مبادرة وطنية طموحة لتوسيع نطاق الإنترنت فائق السرعة عبر الألياف البصرية,فريق من المهندسين والفنيين السودانيين يعملون على مد كابلات الألياف البصرية في منطقة ريفية بالقرب من مدينة ود مدني، مع إظهار معدات حفر متخصصة وعمال يرتدون خوذات السلامة، في إطار جهود تحسين الاتصال الرقمي وتغطية المناطق النائية. (وكالة السودان للأنباء),تقنية,السودان
عُمان تعزز مكانتها كمركز إقليمي للطاقة النظيفة بمشروع الهيدروجين الأخضر المتكامل,عرض مرسوم لمجمع الهيدروجين الأخضر المقترح في منطقة الدقم الاقتصادية، يُظهر دمجًا لمزارع الطاقة الشمسية ومحطات تحلية المياه ووحدات التحليل الكهربائي.,طاقة,عُمان
الساحة السياسية الموريتانية تترقب حزمة إصلاحات دستورية مرتقبة,مقر الجمعية الوطنية الموريتانية في نواكشوط، حيث من المتوقع أن تشهد أروقته نقاشات مكثفة حول التعديلات الدستورية المنتظرة.,سياسة,موريتانيا
ناقوس خطر يدق بالقطاع التعليمي اللبناني: هجرة الأساتذة تهدد مستقبل الأجيال,معلمة لبنانية تتحدث مع طلابها داخل فصل دراسي بإحدى المدارس الحكومية في ضاحية بيروت الجنوبية ( Getty Images),تعليم,لبنان
مقاهي بغداد تعيد إحياء فن الحكاية الشعبية لاستعادة إرث الأجداد,حكواتي يروي قصصاً شعبية أمام جمهور متفاعل في أحد مقاهي بغداد العريقة (الأناضول),ثقافة,العراق
قطاع غزة يُطلق مبادرة لربط محطات تحلية المياه بالطاقة الشمسية لمواجهة شح الموارد,مهندس فلسطيني يتفقد ألواحاً شمسية مثبتة حديثاً بالقرب من محطة لتحلية المياه في دير البلح بقطاع غزة. (رويترز),طاقة,فلسطين
العراق يطلق حزمة مشاريع بمليارات الدولارات لإنهاء حرق الغاز المصاحب في حقوله الجنوبية,مشهد ليلى يظهر لهيب حرق الغاز المصاحب يتصاعد من إحدى محطات التجميع النفطية في البصرة جنوب العراق، قبل بدء تنفيذ مشاريع الاستثمار الجديدة.,طاقة,العراق
جيبوتي تطلق برنامجاً وطنياً للتحصينات الموسعة ضد أمراض الطفولة,عاملة صحية تجري تطعيماً لطفل في مركز صحي بجيبوتي ضمن حملة وطنية (يونيسف).,صحة,جيبوتي
المغرب يعزز ريادته الإقليمية بإطلاق مجمع ضخم لإنتاج الهيدروجين الأخضر قرب طرفاية,لقطة جوية لموقع مشروع مجمع إنتاج الهيدروجين الأخضر المتكامل في سهل طرفاية الساحلي جنوب المغرب، حيث تبرز حقول الألواح الشمسية والمولدات الريحية كركائز أساسية للمشروع. REUTERS/Ahmed Benali,طاقة,المغرب
مبادرة يمنية ناشئة تطلق شبكات إنترنت مجتمعية بالطاقة الشمسية لكسر عزلة القرى,مهندسون شباب يتفقدون محطة طاقة شمسية صغيرة متصلة بجهاز إرسال لاسلكي، ضمن مشروع لتوفير خدمة الإنترنت للمناطق الريفية في محافظة يمنية نائية.,تقنية,اليمن
"الجزائر تطلق ""برنامج قرى الصحة"" لمعالجة تحديات الرعاية الأولية بالمناطق المعزولة",طبيب جزائري يفحص طفلاً خلال حملة طبية في منطقة معزولة بولاية تمنراست، جنوبي البلاد، ضمن جهود تعزيز الرعاية الصحية الأولية (الأناضول).,قضايا اجتماعية,الجزائر
الجزائر تدشن برنامجاً وطنياً طموحاً لدعم الابتكار والنهوض بالشركات التكنولوجية الناشئة,مجموعة من رواد الأعمال الشباب يعرضون مشاريعهم الرقمية المبتكرة أمام مستثمرين ومسؤولين خلال ملتقى للشركات الناشئة بمركز المؤتمرات في قسنطينة.,تقنية,الجزائر
تصادم متسلسل لمركبات على طريق رئيسي شمال جنين يودي بحياة شخصين ويصيب آخرين بجروح,فرق الإسعاف والطوارئ تتعامل مع موقع حادث التصادم الذي تسبب بأضرار بالغة للمركبات شمال جنين. (وفا),حوادث,فلسطين
"العراق يطلق ""مشروع العراق الرقمي"" لتسريع التحول الإلكتروني في الخدمات الحكومية",مسؤولون حكوميون عراقيون يعرضون شاشات توضح واجهة إحدى المنصات الرقمية الجديدة خلال مؤتمر صحفي في بغداد (وكالة الأنباء العراقية).,تقنية,العراق
"مبادرة ""إرث الأجداد"" تستقطب شباب الأردن لإحياء الحرف التقليدية بجرش",شباب أردنيون يتعلمون فن صناعة الفُسيفساء التقليدية في ورشة عمل ضمن مبادرة ثقافية بمدينة جرش الأثرية.,ثقافة,الأردن
البحرين: تصادم متتالي يُشلّ حركة السير على شارع الشيخ خليفة بن سلمان ويُخلّف مصابين,فرق الإسعاف والدفاع المدني في موقع حادث تصادم لعدة مركبات على شارع الشيخ خليفة بن سلمان بالبحرين، حيث بدت أجزاء من الطريق مغلقة جزئياً وسط حطام السيارات المتضررة.,حوادث,البحرين
بشغف العطاء.. مبادرة شبابية في بنغازي تعيد الحياة للمساحات الخضراء,مجموعة من المتطوعين الشباب يشاركون في جهود لتنظيف وتشجير ضمن مبادرة مجتمعية لإعادة تأهيل حديقة عامة بمدينة بنغازي.,مجتمع,ليبيا
الأردن يطلق إستراتيجية وطنية شاملة لمواجهة تحدي مقاومة المضادات الحيوية,وزير الصحة الأردني يشرف على اجتماع لفريق العمل الوطني المعني بتعزيز استخدام المضادات الحيوية الرشيد في أحد المختبرات الطبية (بترا).,صحة,الأردن
"تونس تُطلق منصة ""مواطن 360"" لتوحيد وتسهيل الخدمات الإدارية الرقمية","شاشة عرض تظهر واجهة المستخدم لمنصة ""مواطن 360"" الرقمية الجديدة، مصممة لتبسيط الخدمات الإدارية (وزارة التكنولوجيات والاتصال/ تونس).",تقنية,تونس
ليبيا تعلن عن مبادرة كبرى لحفظ الموروث الشفهي والحكايات الشعبية,امرأة ليبية مسنة (يسار) تروي إحدى الحكايات الشعبية التراثية لمجموعة من الأطفال خلال فعالية ثقافية على هامش المبادرة بمدينة غدامس (الأناضول),ثقافة,ليبيا
تحذيرات أممية من تفاقم أزمة نقص أدوية السرطان في سوريا,ممرضة سورية تتفقد رفوف أدوية شبه فارغة في صيدلية مستشفى بدمشق، في إشارة إلى الأزمة المستمرة في توفر اللوازم الطبية.,صحة,سوريا
"الجزائر تطلق ""مشروع الأهللة"" لإنقاذ فن ""الأهليل"" الغنائي من الاندثار","فنانون شعبيون من منطقة قورارة بالجنوب الجزائري يؤدون ""فن الأهليل"" خلال فعالية ثقافية سابقة تهدف إلى إبراز هذا التراث الأمازيغي العريق.",ثقافة,الجزائر
مبادرة عربية جديدة تصطدم بتعنت الأطراف اللبنانية في ملف الاستحقاق الرئاسي,مبنى البرلمان اللبناني في ساحة النجمة ببيروت، حيث تتعثر جهود انتخاب رئيس جديد للبلاد وسط انقسامات سياسية حادة (صورة أرشيفية).,سياسة,لبنان
الجفاف يهدد أهوار العراق الجنوبية.. وخبراء يحذرون من فقدان التنوع البيولوجي الفريد,قوارب متوقفة على أرض جافة ومتشققة في منطقة الأهوار الوسطى جنوب العراق، بعد التراجع الحاد في مناسيب المياه (أ ف ب).,بيئة,العراق
الأردن يعزز مكانته الإقليمية بتدشين أكبر مجمع للمراكز السحابية بقيمة 300 مليون دولار,مسؤولون أردنيون وأجانب يصافحون بعضهم البعض خلال حفل توقيع اتفاقية إنشاء مجمع المراكز السحابية الجديد في العاصمة عمّان (رويترز).,تقنية,الأردن
"""صور"" تنتظر مركزاً رياضياً متعدد الأغراض بتمويل أوروبي لدعم المواهب الشابة",تصميم متوقع للمركز الرياضي الجديد في مدينة صور جنوب لبنان، يظهر ملاعب ومرافق حديثة (صورة افتراضية من الجهة الممولة),رياضة,لبنان
موريتانيا تستضيف قمة إقليمية عاجلة لبحث التحديات الأمنية في منطقة الساحل الكبير,قادة دول الساحل الخمس خلال اجتماع سابق لمناقشة التنسيق الأمني (رويترز-أرشيفية),سياسة,موريتانيا
تونس تدشن إطاراً تنظيمياً مرناً لدعم الابتكار في قطاع التكنولوجيا المالية,جانب من مؤتمر سابق حول التحول الرقمي في تونس (أرشيفية، وكالة تونس أفريقيا للأنباء).,تقنية,تونس
نجمة جزائرية صاعدة تحطم الرقم القياسي الوطني للقفز بالزانة,الرياضية الجزائرية الشابة، نور السعيد، تحتفل بعد نجاحها في تحقيق قفزة قياسية خلال البطولة الوطنية لألعاب القوى بالبليدة. (أ ف ب),رياضة,الجزائر
"مبادرة فلسطينية شبابية لجمع الحكايات الشعبية: ""صوت الماضي يحيا للحاضر""",شابة فلسطينية تسجل شهادة سيدة مسنة في منزلها بمدينة الخليل، ضمن مشروع توثيق التراث الشفوي المهدد بالاندثار. (وفا),ثقافة,فلسطين
تهديد صامت: نفايات البلاستيك المتراكمة تغزو شواطئ الصومال التاريخية,أكياس ومخلفات بلاستيكية تغطي مساحات واسعة على شاطئ ليدو التاريخي في العاصمة مقديشو، في مشهد يعكس أزمة تلوث بيئي متفاقمة يواجهها الساحل الصومالي. (وكالة الأنباء الصومالية),بيئة,الصومال
أهالي الداخلية يتعاونون لإحياء الأسواق التقليدية ودعم الحرفيين في مبادرة مجتمعية فريدة,لقطة لمجموعة من الحرفيين العُمانيين يعرضون منتجاتهم التقليدية داخل سوق تاريخي تم تجديده، مع حضور واسع للزوار (وكالة الأنباء العمانية).,مجتمع,عُمان
ليبيا تكشف عن خطة استراتيجية لتعزيز قدرتها في الطاقة الشمسية لتأمين إمدادات الكهرباء,مهندس ليبي يشرح مشروع محطة طاقة شمسية واسعة النطاق في منطقة صحراوية جنوب البلاد، تظهر في الخلفية صفوف طويلة من الألواح الشمسية المثبتة حديثًا (رويترز).,طاقة,ليبيا
تحديات غير مسبوقة تواجه زراعة البن اليمني وسط شح المياه وتغير المناخ,مزارع يمني يتفقد شجيرات البن المتضررة في إحدى المدرجات الزراعية بمديرية حراز، حيث تزداد مخاوف المزارعين من تدهور المحصول التاريخي بسبب نقص الأمطار (رويترز),اقتصاد,اليمن
"السعودية تطلق صندوق ""بوابة الشرق للوجستيات"" بـ15 مليار دولار لدعم القطاع الخاص وتحويل المملكة لمركز عالمي",عرض لمجسمات حديثة لمراكز توزيع ضخمة ومستودعات آلية خلال مؤتمر اقتصادي في الرياض، تعكس رؤية السعودية لقطاع اللوجستيات (وكالة الأنبباء السعودية).,اقتصاد,السعودية
مصرع وإصابة 35 شخصاً في حادث تصادم مروع لحافلة ركاب بطريق الساحل الليبي,فرق الإنقاذ والدفاع المدني تباشر عملها في موقع حادث تصادم مروع لحافلة ركاب على طريق رئيسي غربي ليبيا (مصادر محلية),حوادث,ليبيا
أزمة تراكم النفايات في بنغازي تهدد الصحة العامة وتشوّه وجه المدينة,أكوام من النفايات المنزلية متراكمة في أحد الأحياء السكنية بمدينة بنغازي، فيما يسير المارة بالقرب منها وسط تزايد المخاوف من انتشار الأمراض والأوبئة.,مجتمع,ليبيا
مأساة نهرية في البصرة.. غرق عبّارة يخلّف عشرات الضحايا والمفقودين,فرق الإنقاذ والدفاع المدني تواصل البحث عن مفقودين في مياه شط العرب بالبصرة بعد حادث غرق عبّارة كانت تقل عمالاً (الدفاع المدني العراقي),حوادث,العراق
قطر تدشن برنامجاً وطنياً لتعزيز الاستثمار في قطاعات الاقتصاد الأخضر,وزير التجارة والصناعة القطري يلقي كلمة خلال مؤتمر اقتصادي جديد في الدوحة (قنا),اقتصاد,قطر
انهيار مبنى سكني تاريخي شرقي حلب يُوقع قتلى وجرحى,فرق الإنقاذ التابعة للدفاع المدني تستخدم معدات يدوية لإزالة الأنقاض والبحث عن ناجين في حي جب القبة بحلب (وكالات),حوادث,سوريا
"قطر تطلق مبادرة ""جسور الأجيال"" لتعزيز الترابط المجتمعي من خلال المهارات التقليدية",مجموعة من الشباب القطري يشاركون في ورشة لتعلم فن السدو التقليدي بإشراف حرفي كبير السن في الدوحة.,مجتمع,قطر
"مبادرة ""سند"" في الشارقة.. كبار السن يلتحقون بالثورة الرقمية لكسر العزلة","سيدة إماراتية مسنة تستخدم حاسوباً لوحياً بمساعدة متطوعة شابة في أحد المراكز المجتمعية بالشارقة، ضمن فعاليات مبادرة ""سند"" (وام)",قضايا اجتماعية,الإمارات
الصومال تطلق مشروعاً قومياً واسعاً لحماية كنوزها من النقوش الصخرية الأثرية,نقش صخري قديم يصور مشاهد من الحياة البرية في أحد الكهوف التاريخية بالصومال ضمن إطار الجهود الجديدة للحفاظ على التراث الثقافي للبلاد. (رويترز),ثقافة,الصومال
جيبوتي تدشن مرحلة جديدة في مشروعها الحراري الأرضي لخفض الاعتماد على الوقود الأحفوري,"مهندسون وفنيون يشرفون على أعمال الحفر في موقع مشروع ""غوبيت"" للطاقة الحرارية الأرضية بجيبوتي، مع تصاعد أعمدة البخار من إحدى الآبار الجديدة (الفرنسية)",اقتصاد,جيبوتي
"جيبوتي تطلق مهرجاناً دولياً لإحياء فنون السرد الشعبي ""الحسانية""",روائي سوداني يشارك في جلسة حكي شعبي ضمن فعاليات مهرجان ثقافي سابق بجيبوتي (الأناضول),ثقافة,جيبوتي
الجفاف بالمغرب يدفع عائلات ريفية للهجرة الداخلية بحثاً عن الماء والرزق,طفلة مغربية تحمل وعاء ماء فارغاً وتسير بجانب والدتها في منطقة قروية جافة بالمغرب (وكالات),قضايا اجتماعية,المغرب
مبادرة شبابية في اللاذقية لتعزيز الأمن السيبراني في ظل تنامي التهديدات الرقمية,مجموعة من الشباب السوريين يشاركون في ورشة عمل حول أساسيات الأمن السيبراني في أحد المراكز المجتمعية بمدينة اللاذقية (خاص بوكالة الأناضول),تقنية,سوريا
موريتانيا تدفع عجلة التحول الرقمي: مشروع ضخم لربط ألف قرية بالإنترنت عالي السرعة,مهندسون موريتانيون يشرفون على مد كابلات الألياف البصرية في إحدى المناطق النائية ضمن مشروع الربط الرقمي الشامل. (صورة توضيحية),تقنية,موريتانيا
برامج تدريب مهني مكثفة تفتح آفاقاً جديدة لشباب ليبيا في سوق العمل,شابات وشبان ليبيون يشاركون في ورشة عمل لتعلم مهارات تقنية ضمن مبادرة لدعم التوظيف في العاصمة طرابلس (وكالة الأنباء الليبية),قضايا اجتماعية,ليبيا
طرقات وعرة ومخاطر متزايدة: نساء المناطق النائية بالمغرب يدفعن ثمن نقص الرعاية الصحية,امرأة حامل تُنقل على متن مركبة غير مخصصة للإسعاف عبر طريق جبلي وعر في منطقة نائية بإقليم أزيلال، المغرب، في رحلة محفوفة بالمخاطر للحصول على الرعاية الصحية (وكالة الأنباء المغربية),قضايا اجتماعية,المغرب
لبنان يُدشّن محطة شمسية عملاقة بقدرة 100 ميغاواط: خطوة حاسمة نحو استقرار شبكة الكهرباء,الآلاف من الألواح الشمسية تمتد على مساحات واسعة في محطة للطاقة الشمسية جرى تدشينها حديثاً في منطقة البقاع اللبناني (رويترز/أرشيف).,طاقة,لبنان
مسقط تستضيف جولة مباحثات إقليمية سرية لتهدئة التوترات بين دول متجاورة,موكب سيارات دبلوماسية يغادر أحد فنادق العاصمة مسقط الفاخرة بعد اجتماع مغلق لم تُكشف تفاصيله (وكالات),سياسة,عُمان
"""أزمة التسرب المدرسي تتفاقم في شمال سوريا.. آلاف الأطفال خارج مقاعد الدراسة""",طفل يحمل كمية من الحطب الجاف على ظهره بالقرب من منزله، بينما كان يفترض أن يكون في المدرسة، في إحدى القرى بريف إدلب الجنوبي. (صحفيون بلا حدود),قضايا اجتماعية,سوريا
المنامة تقود حراكاً خليجياً لبلورة إستراتيجية موحدة لتأمين الممرات التجارية البحرية,وزراء النقل والتجارة بدول مجلس التعاون الخليجي في اجتماع مشترك بالمنامة لبحث المشروع المقترح (رويترز),سياسة,البحرين
جهود مجتمعية في الصومال: برامج تدريب مهني تضيء مستقبل آلاف الشباب في بيدوا,شاب صومالي يتعلم أساسيات النجارة في ورشة تدريب مهني بمدينة بيدوا، ضمن مبادرة مجتمعية لتمكين الشباب من المهارات الحرفية. (مصدر محلي),مجتمع,الصومال
"الحكومة العراقية تطلق مبادرة ""صناعة المستقبل"" لجذب مليار دولار استثمارات في القطاعات غير النفطية","مهندسون وفنيون عراقيون يتفقدون معدات حديثة في مجمع صناعي جديد أطلقته الحكومة ضمن مبادرة ""صناعة المستقبل"" (الوكالة الوطنية العراقية)",اقتصاد,العراق
"مبادرة ""أجاويد"" تحقق نجاحاً باهراً في تعزيز العمل التطوعي المجتمعي بالسعودية","شباب سعوديون يشاركون بحماس في فعالية لتنظيف أحد الشواطئ ضمن مبادرة ""أجاويد"" (واس)",مجتمع,السعودية
وفاة وإصابات إثر انهيار سقف مبنى قيد الإنشاء بمنطقة لوسيل في قطر,فرق الدفاع المدني القطرية تباشر عمليات إجلاء وإنقاذ في موقع انهيار سقف مبنى بمدينة لوسيل (وكالة الأنباء القطرية),حوادث,قطر
"المغرب يطلق مشروع ""أكاديمية المواهب الذهبية"" بتكلفة ضخمة لتعزيز ريادته الكروية نحو مونديال 2030","صورة جوية لنموذج معماري ضخم يبرز التصميم المستقبلي لأكاديمية ""المواهب الذهبية"" في إحدى ضواحي الرباط، وتظهر فيها ملاعب تدريب عصرية خضراء، ومباني سكنية وتعليمية متطورة، مع إضاءة خافتة توحي ببعد المشروع الاستراتيجي (وكالة المغرب العربي للأنباء).",رياضة,المغرب
"الإمارات تدشن ""تحالف الازدهار"" لدعم الاستقرار الاقتصادي في شرق أفريقيا",وزير الدولة الإماراتي للشؤون الخارجية يتحدث خلال جلسة افتتاحية لقمة شراكة اقتصادية في أبوظبي (وكالة الأنباء الإماراتية),سياسة,الإمارات
سلطنة عُمان تفتتح مركزاً وطنياً متطوراً لأمراض الدم الوراثية,فريق طبي متخصص داخل مختبرات مركز أمراض الدم الوراثية الجديد في مسقط.,صحة,عُمان
"الكويت تطلق ""مشروع بصمة"" لحفظ الذاكرة المعمارية لبيوت ""العدسانية"" التاريخية","صورة جوية تظهر التخطيط العمراني الفريد لحي العدسانية التاريخي في مدينة الكويت، مع التركيز على ساحات المنازل الداخلية المميزة والأسطح الطينية التقليدية التي يسعى ""مشروع بصمة"" للحفاظ عليها.",ثقافة,الكويت
الأمم المتحدة تحذر من انهيار قطاع الكهرباء في تعز جراء نقص الوقود وتدهور المحطات,مولدات كهرباء تعمل في أحد الأحياء السكنية بمدينة تعز اليمنية، وسط أزمة طاقة خانقة (أسوشيتد برس),طاقة,اليمن
"مبادرة ""شعلة الأمل"" تضيء دروب التعليم لآلاف الأطفال في المناطق الريفية الصومالية",أطفال صوماليون يشاركون بحماس في حصة دراسية داخل إحدى المدارس المجتمعية التي أُنشئت حديثاً بإقليم غدو جنوب غرب الصومال (الأسوشيتد برس).,تعليم,الصومال
مقتل وإصابة العشرات في حادث خروج قطار عن سكته بوقفصة التونسية,فرق الإنقاذ والإسعاف تباشر عملها في موقع حادث خروج القطار عن سكته بوقفصة التونسية.,حوادث,تونس
منظمات مجتمع مدني في جزر القمر تدعو لتشديد الرقابة على زواج القاصرات,مجموعة من الفتيات والنساء الكوموريات يشاركن في جلسة توعية مجتمعية بإحدى القرى (رويترز/الأناضول).,قضايا اجتماعية,جزر القمر
البرلمان العراقي يُقر قانوناً جديداً لإعادة هيكلة المجالس المحلية وسط ترقب شعبي,منظر عام لقاعة مجلس النواب العراقي في بغداد أثناء جلسة تصويت حاسمة على قانون صلاحيات المجالس المحلية، 27 مايو/أيار الجاري (رويترز),سياسة,العراق
بلدة في شمال لبنان تطلق مشروعا رائدا لتحويل النفايات إلى فرص عمل وتمكين مجتمعي,متطوعون، بينهم نساء وشباب، يشاركون في فرز المواد البلاستيكية ضمن مركز إعادة التدوير الجديد في إحدى بلدات قضاء عكار شمال لبنان (مصور محلي).,مجتمع,لبنان
التصحر يزحف ويهدد سبل عيش الآلاف في ريف البصرة,مزارع عراقي يقف على أرضه الزراعية الجافة والمتشققة في إحدى قرى ريف البصرة، متأثراً بتداعيات التصحر (رويترز).,مجتمع,العراق
العراق يطلق خطة طموحة لتوطين مراكز البيانات وتعزيز السيادة الرقمية,فنيون يعملون داخل أحد مراكز البيانات الحديثة في العاصمة بغداد (رويترز),تقنية,العراق
البرلمان التونسي يشهد نقاشاً حاداً حول تعديلات مقترحة لقانون الانتخابات المحلية,نواب البرلمان التونسي خلال جلسة عامة لمناقشة مشاريع قوانين في مبنى مجلس نواب الشعب بالعاصمة تونس (أ.ف.ب.),سياسة,تونس
مبادرات مجتمعية في تعز تسعى لإنقاذ صناعة الخزف التقليدية من الاندثار,حرفي يمني يقوم بتشكيل قطعة فخارية يدوياً في أحد المحاجر التقليدية بمدينة تعز، اليمن.,مجتمع,اليمن
نزيف الكفاءات الطبية يُنذر بانهيار وشيك للرعاية الصحية في لبنان,ممرضة لبنانية منهكة تعمل في قسم الطوارئ بأحد المستشفيات في بيروت، في ظل النقص الحاد في الكوادر الطبية والموارد.,صحة,لبنان
الأردن يطلق حزمة حوافز استثمارية ضخمة لدعم قطاع الصناعات الخضراء,منظر بانورامي لمشروع محطة للطاقة الشمسية قيد الإنشاء في منطقة الأزرق بالأردن، ضمن استراتيجية المملكة نحو الاقتصاد الأخضر.,اقتصاد,الأردن
"العراق يطلق المرحلة الثانية من مشروع ""ناقل بيانات العراق"" لتعزيز البنية التحتية الرقمية",مهندس عراقي يشرف على فريق من الفنيين خلال أعمال مد كابلات الألياف الضوئية في إطار مشروع تطوير الشبكة الوطنية للإنترنت بأحد أحياء بغداد.,تقنية,العراق
الجزائر تدشن مركزًا متخصصًا لعلاج الأورام النادرة في وهران,واجهة المركز الجزائري لعلاج الأورام النادرة في مدينة وهران، مع حضور مسؤولين محليين وطاقم طبي خلال الافتتاح. (وكالة الأنباء الجزائرية),صحة,الجزائر
"قطر تطلق ""مبادرة نبض الحياة"" للكشف المبكر عن أمراض القلب والسكري على مستوى الدولة","طبيبة تشرح لمواطنة أهمية الفحص الدوري لأمراض القلب والسكري ضمن فعاليات ""مبادرة نبض الحياة"" في أحد المراكز الصحية بالدوحة. (وزارة الصحة العامة - قطر)",صحة,قطر
تقارير بيئية تحذر: تزايد ملوحة التربة يهدد الإنتاج الزراعي بدلتا النيل في مصر,مزارع مصري يتفقد حقلًا متضررًا من ارتفاع ملوحة المياه الجوفية في منطقة شمال الدلتا (صورة خاصة).,بيئة,مصر
تآكل الشواطئ الليبية يُنذر بكارثة بيئية وثقافية: دعوات لخطط استجابة عاجلة,أمواج البحر تضرب بقوة أساسات قلاع تاريخية متآكلة على الساحل الشرقي لليبيا، مما يبرز خطر الانهيار الوشيك.,بيئة,ليبيا
تحديات ومبادرات: شباب ليبيون يتصدون لإهمال التراث العمراني في قلب طرابلس القديمة,مجموعة من المتطوعين الشباب وهم يعملون على تنظيف وترميم واجهة مبنى تاريخي متضرر في أحد أزقة البلدة القديمة بطرابلس، في إشارة إلى جهودهم المستمرة للحفاظ على الطابع المعماري للمدينة.,مجتمع,ليبيا
"سلطنة عُمان تدشن برنامج ""جيل المبدعين"" لتعزيز الابتكار والمهارات المستقبلية في المدارس","مجموعة من الطلاب العُمانيين يعملون على مشروع ابتكاري ضمن فعاليات برنامج ""جيل المبدعين"" في إحدى المدارس الحكومية (وزارة التربية والتعليم)",تعليم,عُمان
"جزر القمر تطلق مبادرة ""صحة المستقبل"" لتعزيز مكافحة سوء التغذية لدى الأطفال",أمهات ينتظرن مع أطفالهن دورهم في مركز صحي بمدينة موروني، جزر القمر، ضمن مبادرة وطنية لتحسين صحة الأطفال (رويترز),صحة,جزر القمر
تصادم تسلسلي مروع يغلق طريق عمان - إربد ويخلف إصابات متفاوتة,فرق الدفاع المدني تتعامل مع موقع حادث التصادم التسلسلي الذي أغلق طريق عمان - إربد، وتظهر المركبات المتضررة متناثرة على طول المسرب (الدفاع المدني).,حوادث,الأردن
جزر القمر تنجح في تأمين استثمارات ضخمة لتحديث بنيتها التحتية السمكية,قوارب صيد تقليدية ترسو في أحد موانئ جزر القمر، بينما تستعد لتبني تقنيات صيد وتخزين حديثة.,اقتصاد,جزر القمر
حوارات مكثفة بين الفصائل الفلسطينية لبناء استراتيجية موحدة للمرحلة المقبلة,جانب من اجتماع سابق يجمع ممثلين عن الفصائل الفلسطينية لمناقشة قضايا الوحدة الوطنية في أحدى العواصم العربية (الأرشيف),سياسة,فلسطين
رغم الطموح.. شابات جزر القمر يواجهن عقبات تقليدية واقتصادية لدخول سوق العمل الحر,شابة قمرية تعمل بجد في ورشتها الحرفية الصغيرة، وسط تحديات تباطؤ الاقتصاد المحلي وقلة فرص الدعم الموجه للنساء رائدات الأعمال (مصدر محلي).,قضايا اجتماعية,جزر القمر
العراق يطلق منطقة صناعية حرة واسعة في البصرة لجذب استثمارات بمليارات الدولارات,مسؤولون عراقيون يتقدمون الوفود الأجنبية خلال جولة تفقدية لموقع المنطقة الصناعية الحرة الجديدة في البصرة (رويترز),اقتصاد,العراق
منتخب سوريا للشباب يحسم تأهله لنهائيات كأس آسيا بعد انتصار دراماتيكي,لاعبو المنتخب السوري للشباب يحتفلون بحماس كبير على أرض الملعب بعد تحقيق الفوز والتأهل، بينما تلوح الأعلام السورية في أيدي الجماهير المتحمسة خلفهم (وكالات),رياضة,سوريا
وفاة وإصابة 15 شخصاً في حادث تصادم مروع شمالي نواكشوط,سيارات إسعاف ورجال أمن في موقع حادث سير بين شاحنة وحافلة صغيرة على طريق الأمل شمال العاصمة الموريتانية (الأخبار الموريتانية),حوادث,موريتانيا
حرفة النحاس في حلب تواجه الاندثار وسط مساعٍ مجتمعية لإنقاذها,حرفي سوري يطرق قطعة نحاسية في ورشة تقليدية داخل سوق حلب القديم، في ظل تحديات اقتصادية وتهجير تواجه هذه الصناعة العريقة (رويترز),مجتمع,سوريا
ينابيع لبنان الجبلية تحت تهديد النفايات ومخلفات البناء: كارثة بيئية تلوح بالآفاق,أكوام من النفايات المنزلية ومخلفات البناء ملقاة على ضفة أحد الأنهار الجبلية في قضاء البترون اللبناني، مما يهدد بتلوث مصادر المياه العذبة (صورة تعبيرية).,بيئة,لبنان
الجزائر تعتمد نظام إنذار مبكر لمواجهة تصاعد حرائق الغابات الصيفية,طائرة كشف ومراقبة تابعة للحماية المدنية الجزائرية تحلق فوق غابة كثيفة في منطقة تيزي وزو، ضمن جهود الإنذار المبكر لمواجهة الحرائق المتوقعة (وكالة الأنباء الجزائرية).,بيئة,الجزائر
"ليبيا تسعى لجذب استثمارات دولية لتدشين ""منطقة الخضراء"" للطاقة المتجددة جنوب البلاد",بانوراما واسعة لألواح شمسية ضخمة تمتد على مساحات شاسعة في بيئة صحراوية قاحلة على غرار المواقع المقترحة للمشروع الليبي (صورة أرشيفية توضيحية).,طاقة,ليبيا
الرياضة الجزائرية: أندية عريقة تواجه شبح الإفلاس رغم خزائن المواهب الشابة,لاعبون شباب من أحد الأندية الجزائرية يتدربون في ملعب بسيط، في ظل التحديات المالية التي تعصف بمسيرتهم الكروية. (غيتي/الجزيرة),رياضة,الجزائر
جيبوتي تطلق حملة وطنية واسعة لمكافحة نقص فيتامين (أ) بين الأطفال,طفل يتلقى جرعة فموية من فيتامين (أ) في مركز صحي بمدينة جيبوتي ضمن فعاليات الحملة الوطنية لمكافحة النقص.,صحة,جيبوتي
خبراء يحذرون من تدهور الصحة النفسية للشباب الفلسطيني في ظل الأوضاع الراهنة,شاب فلسطيني يجلس وحيداً في أحد أزقة مدينة الخليل القديمة، يظهر عليه التفكير العميق والحيرة وسط التحديات اليومية.,قضايا اجتماعية,فلسطين
تحديات البنية التحتية تحاصر عودة النازحين شمالي العراق,عائلة عراقية نازحة عائدة تقف أمام منزلها المتضرر في إحدى البلدات المحررة بمحافظة نينوى، في ظل نقص حاد في خدمات البنية التحتية الأساسية.,قضايا اجتماعية,العراق
جمود الودائع المصرفية يدفع عشرات الشركات الصغيرة والمتوسطة في لبنان نحو الإفلاس,"مالك أحد المحال التجارية المغلقة في وسط بيروت يعلق لافتة ""للإيجار""، بعد تعثره في الوصول إلى أمواله المحتجزة في البنوك وعجزه عن سداد التزاماته (الفرنسية).",اقتصاد,لبنان
الجزائر تدشن أضخم مركز بيانات وطني لتعزيز السيادة الرقمية,لقطة من داخل أحد ممرات مركز البيانات الوطني الجديد في الجزائر، تظهر صفوفًا من الخوادم الحديثة (وكالة الأنباء الجزائرية).,تقنية,الجزائر
بنك فلسطين يُطلق برنامج تمويل جديد لتعزيز قطاع الثروة الحيوانية في المحافظات الجنوبية,رؤوس ماشية في مزرعة بجنوب الضفة الغربية (الأناضول),اقتصاد,فلسطين
صندوق مصر السيادي ينجح في جذب تحالف عالمي لتطوير أول منطقة صناعية خضراء بالعين السخنة,تصميم متخيل لمدينة صناعية مستقبلية متكاملة تعتمد على الطاقة النظيفة والتكنولوجيا الخضراء في منطقة العين السخنة الاقتصادية.,اقتصاد,مصر
البحرين تعلن عن خطة استراتيجية لتحديث شامل لشبكة الكهرباء الوطنية وتكامل الطاقة المتجددة,مهندسون بحرينيون يستعرضون خرائط رقمية لشبكة الكهرباء المستقبلية في أحد مراكز التحكم بالمنامة.,طاقة,البحرين
"مصر تدشن برنامجاً وطنياً لتدريس ""مهارات المستقبل"" بالتعليم ما قبل الجامعي",طلاب مصريون يشاركون في ورشة عمل تطبيقية بمدينة المنصورة (رويترز),تعليم,مصر
الجفاف والأنشطة البشرية يهددان غابات الأرز الأطلسي بالمغرب بالزوال,مشهد لغابة من أشجار الأرز الأطلسي المعمرة في جبال الأطلس المتوسط بالمغرب، تظهر عليها علامات الجفاف وبعض المناطق المتدهورة.,بيئة,المغرب
الجزائر: دعوات متزايدة لتكييف المناهج لدعم دمج أطفال طيف التوحد في المدارس العمومية,طفل من ذوي طيف التوحد يشارك في نشاط تعليمي تفاعلي داخل فصل دراسي بمدينة وهران، ضمن مبادرة محلية لدعم الدمج المدرسي (الجزيرة).,قضايا اجتماعية,الجزائر
مدن الموصل تنتفض.. العراق يطلق خطة لبعث المصانع المعطلة وخلق فرص عمل جديدة,مهندسون وعمال عراقيون يتفقدون خط إنتاج حديث داخل أحد المصانع التي أعيد تأهيلها في سهل نينوى شمالي العراق (الجزيرة),اقتصاد,العراق
"المنظمات المدنية في العراق تحذر من تصاعد ""عمالة الأطفال الخطرة"" في ورش البناء والحدادة",طفل يناهز العاشرة يعمل في ورشة حدادة قرب بغداد، العراق (وكالة الصحافة الفرنسية),قضايا اجتماعية,العراق
أبواب الورش تتصدع: فنانو الفخار في الجزائر يواجهون شبح الاندثار,حرفي عجوز يعمل بدقة على تشكيل قطعة فخارية في ورشته بمدينة تيزي وزو، وسط مخاوف من تراجع الأجيال الشابة عن هذه المهنة العريقة.,مجتمع,الجزائر
مستشفيات لبنان تحذر: نقص الكوادر والأدوية يرفع معدلات وفيات الرضع,ممرضات يقدمن الرعاية لحديثي الولادة في وحدة العناية المركزة بإحدى مستشفيات بيروت (صورة تعبيرية/الوكالة الوطنية للإعلام),صحة,لبنان
قرية صومالية نائية تصمد أمام التحديات: جهود مجتمعية لضمان حق الأطفال في التعليم,مشهد لأطفال يتابعون درساً في فصل دراسي مفتوح، تم إنشاؤه بمواد محلية بسيطة في إحدى القرى النائية بالصومال.,مجتمع,الصومال
خبراء يحذرون من تآكل الشواطئ الليبية وتأثير التغير المناخي على المدن الساحلية,أمواج البحر تضرب بقوة منطقة ساحلية متآكلة بالقرب من مدينة طبرق شرق ليبيا، تظهر آثار التغيرات المناخية على البنية التحتية الشاطئية (رويترز),بيئة,ليبيا
تحذيرات بيئية: ارتفاع حرارة المياه يهدد الشعاب المرجانية بسواحل عُمان,غواص بيئي يوثق تدهور صحة الشعاب المرجانية قبالة سواحل مسندم العُمانية (منظمة البيئة البحرية العُمانية),بيئة,عُمان
المغرب يسرع وتيرة تعميم التعليم الأولي بمناطق الواحات والقرى الجبلية,أطفال مغاربة صغار يلعبون ويتعلمون في فصل دراسي مجهز حديثاً بإحدى رياض الأطفال الجديدة بمنطقة أيت بوكماز الجبلية.,تعليم,المغرب
"القادسية الكويتي يراهن على ""الجيل الذهبي"" الجديد عبر أكاديمية المواهب",مدير أكاديمية نادي القادسية يتحدث مع مجموعة من اللاعبين الشباب خلال حصة تدريبية مخصصة لتطوير المهارات الفردية (وسائل إعلام محلية),رياضة,الكويت
وفد برلماني ليبي يغادر جولة القاهرة دون توافق حول قاعدة دستورية للانتخابات,أعضاء في مجلس النواب الليبي أثناء جلسة سابقة لمناقشة تعديلات قوانين الانتخابات (الفرنسية),سياسة,ليبيا
قطر تدشن أكبر مركز بيانات سحابي مؤمن في المنطقة لتعزيز التحول الرقمي,لقطة حديثة لمركز البيانات السحابية الضخم، يظهر تصميمه المستقبلي، الذي افتتحته قطر مؤخراً (وكالة الأنباء القطرية),تقنية,قطر
رغم التقدم.. تحديات تواجه رعاية كبار السن في عُمان وتدفع لتعزيز الدعم المجتمعي,مجموعة من المتطوعين الشباب يقدمون المساعدة لكبار السن في إحدى القرى العمانية، في إطار حملة توعية ودعم مجتمعي.,قضايا اجتماعية,عُمان
"البحرين تتقدم بملف لليونسكو: فن ""الفجري"" البحري يتأهب للعالمية","أعضاء فرقة بحرينية متخصصة في فن ""الفجري"" يؤدون طقوس الأداء التقليدية التي تجسد حياة الغواصين في مدينة المحرق (رويترز)",ثقافة,البحرين
"في ظل تحديات السوق.. شباب جيبوتي يتجهون لـ""اقتصاد الأرصفة"" بحثاً عن لقمة العيش",شباب جيبوتي يعرضون بضائع متواضعة على عربات يدوية في أحد شوارع العاصمة، في محاولة لتوفير دخل يومي (رويترز),قضايا اجتماعية,جيبوتي
"الأردن يطلق حملة ""قلبك وصحتك أولاً"" للكشف المبكر عن السكري وأمراض القلب",ممرضة أردنية تجري فحصاً أولياً للضغط لمواطن في مركز صحي بعمان، ضمن فعاليات الحملة الوطنية (رويترز),صحة,الأردن
عُمان تجدد دعوتها للحوار الإقليمي الشامل في مواجهة التوترات المتصاعدة,صورة لقاعة مؤتمرات في وزارة الخارجية العُمانية، والتي احتضنت مبادرات دبلوماسية سابقة (وكالة الأنباء العُمانية).,سياسة,عُمان
افتتاح أول ملعب رياضي معشّب في صعدة اليمنية بعد سنوات من التوقف والدمار,"لقطة جوية تظهر الملعب الرياضي ""الشهيد"" في مدينة صعدة، وقد اكتسى باللون الأخضر استعدادًا لحفل الافتتاح، محاطًا بمبانٍ سكنية تشير إلى الأمل المتجدد (وكالة الأنباء اليمنية).",رياضة,اليمن
ليبيا تُدشّن منصة إلكترونية وطنية موحدة للخدمات الصحية لتحسين إدارة البيانات,مسؤولون ليبيون يتابعون عرضاً حياً لعمل المنصة الرقمية الجديدة للخدمات الصحية خلال حفل التدشين في العاصمة طرابلس (المحلية),تقنية,ليبيا
صندوق إعادة الإعمار الليبي يطلق المرحلة الأولى لتأهيل عشرات المدارس المتضررة بالجنوب الغربي,عمال يقومون بأعمال ترميم وإنشاء في إحدى الفصول الدراسية بمدينة غات، ضمن مشروع إعادة تأهيل المدارس المتضررة في المنطقة الجنوبية الغربية من ليبيا.,تعليم,ليبيا
السعودية تطلق برنامجاً وطنياً لدمج تقنيات إنترنت الأشياء في مدنها الذكية,مهندسون سعوديون يعملون على تركيب أجهزة استشعار ذكية ضمن مشروع تطوير حضري في إحدى المدن الناشئة (واس),تقنية,السعودية
عُمان تدشن المرحلة التشغيلية لمشروعها الرائد للهيدروجين الأخضر كخطوة استراتيجية نحو التحول الطاقي,محطة لإنتاج الهيدروجين الأخضر في منطقة الدقم الاقتصادية الخاصة بسلطنة عُمان (وكالة الأنباء العمانية),طاقة,عُمان
"قطر تعلن عن مبادرة ""مسار الأبطال"" للدراجات الهوائية.. رهان جديد على اكتشاف المواهب الشابة",صورة جوية لمجموعة من الدراجين الشباب يشاركون في سباق على طريق سريع مصمم خصيصاً للدراجات الهوائية في منطقة صحراوية بقطر، مع أبراج الدوحة في الأفق (الجزيرة),رياضة,قطر
البحرين: مبادرات نوعية لتعزيز الترابط الأسري ورعاية كبار السن,لمسة حانية: شاب بحريني يتحدث مع سيدة مسنة في فعاليات يوم الأجداد بالمنامة.,قضايا اجتماعية,البحرين
الإمارات تطلق مبادرة تعليمية رائدة لغرس قيم الاستدامة في الأجيال الناشئة,طلاب ومعلمون يشاركون في ورشة عمل بيئية تفاعلية بإحدى المدارس الحكومية ضمن المبادرة الوطنية لتعزيز الوعي البيئي (وام).,تعليم,الإمارات
"الادعاء العام التونسي يحيل قيادياً معارضاً للمحاكمة بتهمة ""التآمر على أمن الدولة""",محامية تتحدث للصحفيين بحضور نشطاء مدنيين أمام قصر العدالة في تونس العاصمة بعد جلسة استماع (رويترز),سياسة,تونس
جزر القمر تدشن منصة رقمية موحدة للخدمات الحكومية لتعزيز الشفافية والكفاءة,مسؤولون حكوميون في جزر القمر يتابعون عرضاً تقديمياً للمنصة الرقمية الموحدة للخدمات العامة خلال حفل الإطلاق في موروني (خاص),تقنية,جزر القمر
الجزائر تطلق حملة وطنية كبرى لإعادة تشجير مليون هكتار من الغابات المتضررة والمعرضة للتصحر,عمال غابات ومتطوعون يزرعون شتلات صغيرة في منطقة جبلية شمال الجزائر في إطار مشروع وطني لاستعادة الغطاء النباتي (وكالة الأنباء الجزائرية).,بيئة,الجزائر
مبادرات مجتمعية في العراق تطلق برامج لتعليم الحرف التقليدية للشباب,شباب عراقيون يتعلمون فن صناعة الفخار في ورشة ضمن إحدى المبادرات الأهلية لتعزيز التراث المحلي في النجف.,مجتمع,العراق
لبنان: آلاف المعلمين يغادرون المدارس الحكومية.. جرس إنذار لتدهور جودة التعليم العام,طلاب في إحدى قاعات الدراسة المكتظة بإحدى المدارس الحكومية اللبنانية، في ظل النقص المتزايد في الكادر التدريسي بسبب الظروف الاقتصادية الصعبة.,تعليم,لبنان
"الجزائر تدشن المرحلة الكبرى لمشروع ""السد الأخضر"" لمواجهة زحف الرمال وحماية التنوع البيولوجي",لقطة جوية لمناطق شاسعة تغطيها آلاف الشتلات المزروعة حديثاً على أطراف الصحراء الجزائرية، ضمن جهود توسيع مشروع السد الأخضر (وكالة الأنباء الجزائرية).,بيئة,الجزائر
"تونس تطلق ""خارطة طريق"" جديدة لتأهيل خريجي التكوين المهني لسوق العمل المتغير",طلاب تونسيون يتدربون على آلات متخصصة في ورشة تقنية بأحد مراكز التكوين المهني الحكومية في العاصمة (أ ف ب).,تعليم,تونس
السعودية تدشن أكبر مركز بيانات فائق النطاق في المنطقة لدعم التحول الرقمي,صورة جوية لمركز بيانات حديث يضم عدة مبانٍ ضخمة، يرمز للاستثمار السعودي في البنية التحتية الرقمية وتعزيز قدرات الحوسبة السحابية (واس).,تقنية,السعودية
مأساة جديدة في اليمن: لغم أرضي يودي بحياة أسرة من خمسة أفراد في ريف حجة,عاملون في فرق نزع الألغام يقومون بتمشيط منطقة ريفية ملوثة في إحدى المحافظات اليمنية، وسط تحذيرات متجددة من خطورة مخلفات الحرب.,حوادث,اليمن
المنتخب الجزائري لكرة اليد للسيدات يختتم معسكراً تدريبياً مكثفاً استعداداً لتحديات قارية,لاعبات المنتخب الوطني يتدربن بجدية وتركيز في إحدى الصالات الرياضية المتطورة بالجزائر (الجزيرة).,رياضة,الجزائر
السودان: منصات محلية للدفع الرقمي تكتسب زخماً في ظل تحديات البنية المصرفية,مواطن سوداني يُجري معاملة دفع رقمي عبر هاتفه الذكي في سوق محلي بالخرطوم (رويترز),تقنية,السودان
انفجار غاز مدمر يهز قسنطينة.. 5 قتلى وعشرات الجرحى وانهيار مبنى سكني,فرق الحماية المدنية الجزائرية تزيل الركام بحثاً عن ناجين في موقع انفجار للغاز أدى إلى انهيار مبنى سكني بمدينة قسنطينة (الجزيرة/25 أبريل 2024),حوادث,الجزائر
ليبيا تطلق مبادرة وطنية لإحياء المناطق الصناعية المهملة كرافعة للتنوع الاقتصادي,أعمال صيانة وتطوير تجري في أحد المصانع المتوقفة بمدينة مصراتة الصناعية، كجزء من خطة حكومية لدعم القطاع الإنتاجي.,اقتصاد,ليبيا
انهيار هيكل إنشائي بمشروع ضخم غرب الكويت يسفر عن وفيات وإصابات خطيرة,تظهر الصورة فرق الدفاع المدني والإسعاف الكويتي وهي تباشر عمليات إجلاء المصابين والبحث عن محتجزين تحت أنقاض الهيكل المنهار لأحد المشاريع قيد الإنشاء غرب مدينة الكويت.,حوادث,الكويت
حادث اصطدام تسلسلي مروع على الطريق السيارة الرابطة بين تونس وسوسة يودي بحياة 4 أشخاص ويصيب 15 آخرين,فرق الإنقاذ وسيارات الإسعاف في موقع حادث اصطدام تسلسلي لعدة سيارات على طريق سريع، حيث تظهر بعض المركبات المتضررة فيما يُجرى التعامل مع المصابين.,حوادث,تونس
"مبادرة ""الأيادي الخضراء"": جامعات لبنان تتجه نحو تأهيل الشباب لمتطلبات الاقتصاد المستدام","مجموعة من طلاب الجامعة اللبنانية خلال ورشة عمل تطبيقية حول تقنيات الطاقة المتجددة ضمن برنامج ""الأيادي الخضراء"" لتأهيل الشباب لسوق العمل المستدام. (صور خاصة)",تعليم,لبنان
نقص أطباء الأطفال.. تحدٍّ يواجه صحة فلذات أكباد موريتانيا بالبوادي,أم تحمل طفلها داخل عيادة صحية بسيطة في منطقة ريفية نائية بموريتانيا، في ظل نقص الأطباء المتخصصين.,صحة,موريتانيا
الرباط تستضيف مؤتمراً إقليمياً رفيع المستوى لمناقشة آليات التكامل الأمني,المشاركون في المؤتمر الإقليمي خلال الجلسة الافتتاحية بالرباط، بحضور مسؤولين مغاربة ودوليين. (وكالة المغرب العربي للأنباء),سياسة,المغرب
ورش عمل للحرفيين: السودان يسابق الزمن لصون فنون النسيج النوبي الأصيل,حرفية نوبية شابة تعمل على نول يدوي، مزينة بخيوط وملونة تُبرز تعقيد النسيج النوبي التقليدي (خاص بالجزيرة).,ثقافة,السودان
المصرف المركزي الليبي يكشف عن آلية جديدة لتوحيد سعر الصرف وتعزيز الاستقرار المالي,محافظ المصرف المركزي الليبي خلال مؤتمر صحفي في طرابلس يناقش مستجدات السياسة النقدية (رويترز),اقتصاد,ليبيا
مبادرات أهلية في سنار تفتح أبواب التعليم لآلاف الأطفال النازحين,"مجموعة من الأطفال النازحين يشاركون في حصة دراسية داخل مركز تعليمي مؤقت في ولاية سنار، ضمن جهود المجتمع المدني لدعم التعليم (مؤسسة ""المستقبل"" المحلية).",تعليم,السودان
جيبوتي تدشن المرحلة الثانية من مشروع عسال للطاقة الحرارية الجوفية لتحقيق الاكتفاء الذاتي,"أبراج حفر تعمل على التنقيب عن مصادر الطاقة الحرارية الجوفية في منطقة ""غوبيت"" قرب بحيرة عسال بجيبوتي، حيث تتصاعد أعمدة البخار من باطن الأرض. (وكالة الأنباء الجيبوتية)",طاقة,جيبوتي
مبادرة شبابية لبنانية تسعى لإنقاذ مباني طرابلس التاريخية من الاندثار,متطوعون شباب يعملون بحماس على ترميم واجهة أحد المنازل التراثية في حي القبة القديم بمدينة طرابلس اللبنانية، في إطار مشروع يهدف للحفاظ على الطابع المعماري الفريد للمدينة.,ثقافة,لبنان
كارثة طرق.. عشرات القتلى والجرحى في حادث تصادم مروع جنوب الخرطوم,فرق الدفاع المدني وجمع من الأهالي يتفقدون حطام حافلة ركاب متصادمة على طريق ترابي، تزامناً مع جهود إجلاء المصابين.,حوادث,السودان
التعليم في سوريا: جدران مهدمة وأحلام معلقة لآلاف الأطفال,طلاب سوريون يتلقون دروسهم داخل فصل دراسي متضرر جزئياً جراء النزاع، في إحدى المناطق الريفية بسوريا (منظمات إغاثية).,قضايا اجتماعية,سوريا
الصومال يشرق بالطاقة الشمسية: خطة وطنية لإنارة المدن وتخفيض تكاليف الكهرباء,أحد مشاريع الطاقة الشمسية قيد التنفيذ في العاصمة الصومالية مقديشو، يهدف لتوسيع شبكة الكهرباء (الصورة: وكالة الأنباء الصومالية),طاقة,الصومال
"""حكايات الشارع"" بتونس... مبادرة شبابية تنفض الغبار عن فن ""القوالة"" التراثي وتحمله للفضائات الرقمية","أحد رواة الحكايات التقليدية (القوالة) يشد انتباه جمهور من الشباب على إحدى الساحات العمومية بالمدينة العتيقة بتونس، خلال فعالية تنظمها مبادرة ""حكايات الشارع"". (صورة تعبيرية)",ثقافة,تونس
"شباب عمان يعيدون إحياء ""بيوت التبريد"" التقليدية: مبادرات مجتمعية للحفاظ على إرث الجبل الأخضر","مجموعة من الشبان العمانيين يعملون على ترميم جدران طينية لـ""بيت تبريد"" تقليدي في إحدى قرى الجبل الأخضر، وهم ينقلون الأحجار ومواد البناء المحلية. تظهر خلفهم التضاريس الجبلية الوعرة، مما يعكس جهودهم في الحفاظ على التقنيات المعمارية القديمة وتكييفها مع متطلبات الحاضر.",مجتمع,عُمان
جيبوتي تدشن منطقة تجارة حرة متخصصة لاستقطاب الصناعات اللوجستية الإقليمية,عرض تخطيطي لمركز توزيع بضائع حديث ضمن المنطقة التجارية الحرة الجديدة المزمع إنشاؤها قرب ميناء جيبوتي (رويترز),اقتصاد,جيبوتي
لجنة التنسيق السورية-اللبنانية تبحث آفاق التعاون الأمني على الحدود المشتركة,لقطة أرشيفية تظهر مسؤولين من الجانبين السوري واللبناني خلال جولة سابقة على منفذ حدودي مشترك بين البلدين (وكالة الأنباء السورية - سانا),سياسة,سوريا
صراع البراءة والرزق: أطفال ليبيا يواجهون تحديات التعليم ومخاطر سوق العمل,طفل ليبي يستريح لفترة وجيزة وهو يحمل كيساً ثقيلاً من البضائع في سوق شعبية مكتظة، في وقت كان يفترض أن يكون في المدرسة (رويترز).,قضايا اجتماعية,ليبيا
"""معاناة مضاعفة"".. قرى السودان النائية تواجه نقصاً حاداً في الدواء والكوادر الطبية",طبيب يفحص مريضاً في عيادة مؤقتة وسط قرية نائية بولاية النيل الأزرق السودانية (الجزيرة - أرشيف),قضايا اجتماعية,السودان
حملة وطنية جديدة في الكويت تسعى لكسر وصمة العار المرتبطة بالصحة النفسية,مشاركون في ورشة عمل توعوية حول الصحة النفسية ضمن حملة مجتمعية أُطلقت مؤخراً في العاصمة الكويتية.,قضايا اجتماعية,الكويت
وزارة التعليم القطرية تطلق استراتيجية وطنية شاملة لتطوير مهارات المستقبل في المناهج,طلاب قطريون يشاركون في مشروع جماعي لتنمية مهارات التفكير الابتكاري ضمن فعاليات إطلاق الاستراتيجية الجديدة. (قنا),تعليم,قطر
صيدليات تونس تواجه شبح نقص الأدوية المزمنة.. مناشدات شعبية للتدخل الحكومي,رفوف صيدلية شبه خاوية في العاصمة تونس تعكس أزمة نقص الأدوية المزمنة التي تؤرق المرضى وأسرهم (رويترز),صحة,تونس
"الجزائر تطلق ""مشروع الألف هكتار"" لتعزيز الاكتفاء الذاتي من الزيوت النباتية",مزارعون جزائريون يتفقدون حقول بذور اللفت في سهل متيجة، ضمن خطة حكومية لتوسيع زراعة المحاصيل الزيتية. (الأسوشيتد برس),اقتصاد,الجزائر
الكويت: مبادرة تشريعية جديدة لتعزيز الرقابة البرلمانية على المشاريع الحكومية الكبرى,رئيس لجنة الشؤون المالية والاقتصادية بمجلس الأمة الكويتي يترأس اجتماعاً لمناقشة مقترح قانون بشأن آليات الرقابة على تنفيذ المشاريع الإنمائية (الفرنسية),سياسة,الكويت
شباب بلوزداد يصنع التاريخ بتأهله الأول لنصف نهائي دوري أبطال أفريقيا,جماهير نادي شباب بلوزداد تلوح بالأعلام الجزائرية في مدرجات ملعب 5 جويلية الأولمبي بالجزائر العاصمة (رويترز),رياضة,الجزائر
"** الغابات السورية تستغيث: قطع جائر يهدد التنوع البيولوجي في جبال اللاذقية

**",** أشجار صنوبر وسنديان مقطوعة حديثاً ملقاة على منحدر جبلي، مع ظهور مساحات واسعة من الغابات المتضررة خلفها في ريف اللاذقية الشمالي.,بيئة,سوريا
مدارس مهجورة ومستقبل مجهول: الجفاف يجبر مئات الآلاف من أطفال الصومال على ترك مقاعد الدراسة,أطفال صوماليون يتجمعون أمام خيمة دراسية مؤقتة في مخيم للنازحين بالقرب من بيدوا، حيث تعطل موجات الجفاف المتتالية ونزوحهم آفاقهم التعليمية. (الأمم المتحدة),قضايا اجتماعية,الصومال
"برامج ""جسور المستقبل"" في قطر تطلق مرحلتها الجديدة لتدريب الشباب على مهن العصر الرقمي","شباب قطريون يشاركون بورشة عمل تفاعلية ضمن مبادرة ""جسور المستقبل"" لتعزيز مهاراتهم الرقمية في الدوحة. (رويترز)",قضايا اجتماعية,قطر
"المغرب: الحكومة تعرض ""ميثاق اللامركزية"" الجديد وسط انقسام برلماني",وزير الداخلية المغربي يقدم عرضاً أمام لجنة برلمانية مختصة بمجلس النواب في الرباط، أمس، في إطار مناقشة الإصلاحات الحكومية (الفرنسية).,سياسة,المغرب
مبادرة شبابية في جزر القمر لإحياء الحرف التقليدية المهددة بالاندثار,حرفي شاب يعرض قطعاً من الحلي الفضية المصنوعة يدوياً بتقنيات تقليدية في سوق موروني (الجزيرة).,ثقافة,جزر القمر
"البحرين تكشف عن خطط طموحة لتطوير ""مدينة خليفة الرياضية"" كمحور رياضي إقليمي",صورة تخيلية لملعب كرة القدم الرئيسي ضمن مشروع تطوير مدينة خليفة الرياضية في المنامة، البحرين.,رياضة,البحرين
نزوح الكفاءات التعليمية يعرقل استئناف الدراسة بالمناطق الآمنة في السودان,طلاب يجلسون في فصل دراسي شبه فارغ بإحدى المدارس التي أعيد فتحها جزئياً في ولاية الجزيرة، تظهر مقاعد فارغة ترمز لنقص الكوادر التدريسية (رويترز).,تعليم,السودان
لبنان يضيء نفسه ذاتياً.. هل تُنهي الطاقة الشمسية أزمة الظلام أم تزيدها تعقيداً؟,ألواح شمسية تغطي أسطح المنازل في إحدى ضواحي بيروت (رويترز),طاقة,لبنان
ليبيا تدشن مشروعاً استراتيجياً للطاقة الشمسية لدعم استقرار الشبكة الكهربائية في المناطق الجنوبية,عمال يراجعون ألواحاً شمسية حديثة ضمن محطة لتوليد الكهرباء في الصحراء الليبية (رويترز - أرشيف),طاقة,ليبيا
عرقلة برلمانية لمشروع إصلاح وزاري مفصلي تدفع الكويت نحو أزمة سياسية جديدة,جلسة برلمانية متوترة داخل مجلس الأمة الكويتي تتخللها نقاشات حادة حول مشروع قانون إعادة هيكلة الوزارات، وسط مخاوف من تداعيات تعطيله على الاستقرار الحكومي (غيتي).,سياسة,الكويت
الكويت: أكثر من 15 مركبة في تصادم تسلسلي.. وإصابات متعددة تُغلق طريق الفحيحيل,جهود فرق الطوارئ ورجال الأمن في التعامل مع حادث تصادم تسلسلي ضخم شمل أكثر من 15 مركبة على طريق الفحيحيل السريع في الكويت، حيث تظهر سيارات الإسعاف والمركبات المتضررة (رويترز).,حوادث,الكويت
جيبوتي تدشن أكبر مركز بيانات إقليمي لتعزيز محوريتها الرقمية في شرق أفريقيا,خوادم متطورة داخل أحد أقسام مركز البيانات الجديد الذي تم افتتاحه في جيبوتي، والذي سيساهم في استضافة البيانات وتقديم خدمات سحابية متقدمة للمنطقة.,تقنية,جيبوتي
الأردن يطلق برنامجاً وطنياً لتقليص الاكتظاظ الصفي وتحسين البيئة التعليمية,طلاب يغادرون مبنى مدرسياً جديداً تم تشييده ضمن المرحلة الأولى من برنامج التوسعة الحكومي في إحدى مناطق شرق عمان (تصوير: الأناضول),تعليم,الأردن
الحكومة العراقية تطلق خطة استراتيجية لإنهاء حرق الغاز المصاحب بحلول 2028 وتوفير وقود للمحطات الكهربائية,ألسنة لهب تشتعل من أحد حقول النفط في البصرة، جنوب العراق، حيث يُحرق الغاز المصاحب لإنتاج النفط.,طاقة,العراق
"البحرين تطلق ""جسر الحكايات"": مبادرة لتوثيق السرد الشعبي الشفهي","مجموعة من كبار السن البحرينيين يشاركون في جلسة سرد قصصي ضمن مبادرة ""جسر الحكايات"" (هيئة البحرين للثقافة والآثار)",ثقافة,البحرين
بجهود شبابية تطوعية.. شواطئ تيبازة الجزائرية تستعيد بريقها الأخضر استعداداً لموسم الاصطياف,متطوعون شبان يجمعون النفايات وينظفون أحد شواطئ تيبازة ضمن حملة بيئية كبرى أطلقتها جمعيات محلية (وكالة الأنباء الجزائرية).,مجتمع,الجزائر
أزمة سوء التغذية تتفاقم بين الأطفال في تعز مع تدهور الوضع الصحي,طفل يمني يبدو عليه الهزال الشديد ووزنه أقل من الطبيعي، يتلقى رعاية صحية في إحدى المراكز العلاجية بمدينة تعز (رويترز),قضايا اجتماعية,اليمن
سهول الغاب بسوريا تحت تهديد بيئي: تلوث المجاري المائية يهدد الثروة السمكية والزراعة,صياد يفحص شباكه الفارغة قرب مجرى مائي ملوث في سهل الغاب، محاطاً بقوارير بلاستيكية وقمامة طافية (وكالة فرانس برس),بيئة,سوريا
جيبوتي تطلق مشروعاً وطنياً طموحاً لحفظ وإحياء الشعر الشفوي الأفاري والصومالي,شيخ جيبوتي يؤدي قصيدة شفوية تقليدية أمام جمهور من الشباب في إحدى المناسبات الثقافية بالعاصمة جيبوتي (الفرنسية).,ثقافة,جيبوتي
حادث تصادم مروع يودي بحياة أربعة وإصابة آخرين على طريق الشمال في قطر,فرق الإنقاذ تعمل على إزالة حطام حادث تصادم بين عدة مركبات على طريق الشمال في الدوحة (الصحافة القطرية),حوادث,قطر
جيبوتي تدشن مركزاً جديداً للبيانات يعزز مكانتها كبوابة إفريقية للربط الرقمي,خوادم بيانات متطورة داخل المركز الجديد في جيبوتي، محور لتدفق المعلومات عبر القارة السمراء (رويترز),تقنية,جيبوتي
مبادرة مجتمعية في جزر القمر تُحيي الحرف التقليدية وتوفر فرص عمل للشباب,مجموعة من الشبان والشابات في جزر القمر يتعلمون فن صناعة الفخار التقليدي ضمن ورشة عمل محلية (شترستوك),مجتمع,جزر القمر
جزر القمر: جدل حاد يحيط بمشروع قانون يوسع صلاحيات الرئيس في قضايا الأمن,نواب برلمانيون من جزر القمر يشاركون في جلسة تشريعية محتدمة بالعاصمة موروني (الفرنسية),سياسة,جزر القمر
"جيبوتي تدشن ""أكاديمية الأمل"" لرفد كرة القدم بمواهب شابة",أطفال يرتدون زي التدريب أثناء حصة كروية على أرضية عشب صناعي حديثة ضمن أكاديمية الأمل في جيبوتي العاصمة (وكالة الأنباء الجيبوتية),رياضة,جيبوتي
مبادرة إقليمية جديدة تواجه عقبات في مساعيها لفك جمود الملف اليمني,وفود دبلوماسية خلال اجتماع سابق لمناقشة سبل السلام في اليمن (رويترز),سياسة,اليمن
جزر القمر توقع اتفاقية استثمار ضخمة لتحديث ميناء موروني وتعزيز مكانتها الاقتصادية الإقليمية,وفود رسمية من جزر القمر وشركاء دوليون يتبادلون وثائق الاتفاقية في حفل التوقيع بمبنى حكومي في موروني، العاصمة القمرية (رويترز),اقتصاد,جزر القمر
تونس تسرّع خططها الشمسية لمواجهة تحديات فاتورة الطاقة وتكثف الشراكات الخاصة,عمال في موقع تركيب ألواح شمسية ضمن مشروع جديد للطاقة المتجددة جنوب البلاد.,طاقة,تونس
مدارس السودان: صمود التعليم الأهلي في وجه الدمار وتحديات النزوح,أطفال سودانيون يتلقون دروسهم في فصل مؤقت أقامته مبادرات أهلية بإحدى المناطق التي تستضيف نازحين (وكالات),مجتمع,السودان
"ليبيا: مبادرة ""أجيال المستقبل"" تعيد الأمل بـ 7 مدارس مُتضررة في فزان","طلاب يدرسون في فصل دراسي جرى تأهيله مؤخراً ضمن مشروع ""أجيال المستقبل"" بإحدى مدارس منطقة فزان جنوبي ليبيا (أ ف ب).",تعليم,ليبيا
"موريتانيا تترقب لحظة تاريخية.. بدء العد التنازلي لأولى صادرات الغاز من حقل ""السلحفاة الكبرى-أحميم""",منصة عائمة ضخمة لاستخراج الغاز الطبيعي في عرض المحيط الأطلسي قبالة السواحل الموريتانية (رويترز),طاقة,موريتانيا
الصومال يطلق خطة وطنية لتعزيز الاستثمار في الطاقة الشمسية لمواجهة تحديات الكهرباء,مجموعة من الألواح الشمسية المثبتة على أسطح المنازل في إحدى المدن الصومالية الناشئة، كجزء من مبادرات تطوير البنية التحتية للطاقة النظيفة. (شترستوك),طاقة,الصومال
العراق يطلق برنامجاً وطنياً لربط مخرجات التعليم المهني باحتياجات سوق العمل,مجموعة من الشباب العراقي يتلقون تدريباً عملياً على آلات ومعدات حديثة ضمن أحد مراكز التدريب المهني في العاصمة بغداد (وكالة الأنباء العراقية – واع),تعليم,العراق
"مبادرة ""نعم للصحة النفسية"" بالإمارات تكسر حواجز اللجوء للعلاج وتعزز الوعي","تجمع مجتمعي متنوع يشارك في فعالية توعوية ضمن مبادرة ""نعم للصحة النفسية"" في مركز ثقافي بدبي.",صحة,الإمارات
ورشة عمل نوعية بدمشق تحيي فن الموزاييك الخشبي وتجذب جيل الشباب,شاب سوري يتدرب على فن تركيب قطع الموزاييك الخشبي الدقيقة في ورشة لإحياء الحرفة بحي العمارة الدمشقي (الفرنسية),ثقافة,سوريا
"العراق يطلق استراتيجية عشرية لتطوير المواهب الكروية وتأمين مستقبل ""أسود الرافدين""",مدرب عراقي يشرف على تدريبات مجموعة من اللاعبين الناشئين في مركز حديث لتطوير المواهب بمدينة البصرة، ضمن الرؤية الجديدة للكرة العراقية.,رياضة,العراق
"نادي الشارقة الرياضي يطلق مبادرة ""المشجع الرقمي"" لتعزيز تجربة الجماهير وتوسيع قاعدة المتابعين","رئيس مجلس إدارة نادي الشارقة الرياضي يقدم عرضاً توضيحياً لمشروع ""المشجع الرقمي"" خلال مؤتمر صحفي (شركة الشارقة لكرة القدم)",رياضة,الإمارات
"من قلب عسير: مبادرة ""نسيج الأصالة"" تُحيي الحِرف التقليدية وتُعزز تمكين المرأة الريفية",حرفية سعودية تعمل على نول يدوي تقليدي، تُظهر دقة وجمال النسيج في إحدى ورش العمل بقرى عسير التراثية.,مجتمع,السعودية
قطر تقود جهوداً أممية لإطلاق ميثاق دولي جديد لحوكمة التقنيات الناشئة,وزير الخارجية القطري (يسار) خلال مؤتمر دولي يناقش التشريعات التقنية في نيويورك (رويترز - 2024),سياسة,قطر
قطر تدشن برنامجاً وطنياً شاملاً لتعزيز الرعاية التلطيفية المتكاملة,فريق طبي متعدد التخصصات يقدم رعاية متكاملة لمريض في بيئة هادئة ومريحة ضمن أحد مراكز الرعاية التلطيفية بالدوحة (الجزيرة),صحة,قطر
القرى المعزولة تواجه شبح الإقصاء: نقص الأطباء المتخصصين يرهن حياة سكان الأطلس الكبير,مواطنون مغاربة ينتظرون الحصول على الخدمات الطبية بمركز صحي قروي في إحدى مناطق الأطلس، في ظل تحديات الوصول للأخصائيين (رويترز),قضايا اجتماعية,المغرب
فاجعة بحرية قرب نواذيبو: غرق مركب صيد يخلف ضحايا ومفقودين,صيادون موريتانيون في عرض البحر قرب ميناء نواذيبو (صورة تعبيرية).,حوادث,موريتانيا
كارثة صامتة في وادي عين السامرة: النفايات تحول شريان الحياة إلى بؤرة للتلوث تهدد القرى الفلسطينية,أكوام من النفايات المنزلية والصلبة تتراكم بشكل عشوائي على ضفاف وادي عين السامرة شمال الضفة الغربية، مهددة بتلوث المياه الجوفية والأراضي الزراعية المحاذية.,بيئة,فلسطين
اكتشاف أثري بارز في حمص: الكشف عن فسيفساء رومانية ضخمة ونادرة,جانب من الفسيفساء الرومانية المكتشفة حديثاً في ريف حمص، وتظهر تفاصيل فنية دقيقة لمشاهد أسطورية ورموز قديمة (وزارة الثقافة السورية).,ثقافة,سوريا
قطر تدشن مراكز متخصصة لدعم الصحة النفسية للشباب في خطوة رائدة بالخليج,شبان وفتيات خلال جلسة استشارية ضمن أحد المراكز الصحية الجديدة بالدوحة، التي تركز على تعزيز وعي الصحة النفسية لديهم.,صحة,قطر
إطلاق مبادرة نوعية في فلسطين لتدريب الشابات على البرمجة المتقدمة لولوج الأسواق العالمية,شابات فلسطينيات يتابعن محاضرة متخصصة في لغات البرمجة خلال ورشة عمل في مركز تدريبي حديث بمدينة رام الله، ضمن فعاليات المبادرة الجديدة.,تقنية,فلسطين
القوة الجوية يظفر بلقب دوري نجوم العراق بعد نهائي ملحمي أمام الزوراء,جماهير نادي القوة الجوية تحتفل بفوز فريقها بلقب دوري نجوم العراق في المدرجات الصاخبة لملعب الشعب الدولي في بغداد (الفرنسية),رياضة,العراق
مجتمعات صومالية تكافح زحف الصحراء بمشاريع تشجير مبتكرة,أهالي قرية بمنطقة شبيلى الوسطى يشاركون في زراعة أشجار مقاومة للجفاف ضمن مبادرة لمكافحة التصحر (شينخوا),بيئة,الصومال
"الجزائر تطلق ""منصة حوار الساحل"" لتعزيز الأمن والتنمية الإقليمية بمشاركة فاعلة",وزير الخارجية الجزائري يصافح أحد الوفود المشاركة في اجتماع تحضيري لمنصة حوار الساحل (الوكالة الجزائرية للأنباء),سياسة,الجزائر
توازن دقيق بين التحديث الحضري وحفظ الذاكرة الجماعية في أحياء تونس العتيقة,مشهد من أحد أزقة المدينة العتيقة بتونس، حيث تتجاور البيوت التقليدية المطلية باللونين الأبيض والأزرق مع لافتات صغيرة يدويّة الصنع تدعو للحفاظ على الطابع الأصيل للمنطقة، بينما تظهر في الخلفية علامات لمشاريع تحديث أو ترميم قيد الإعداد (الصحافة التونسية).,قضايا اجتماعية,تونس
عُمان تدشن مجمعاً صناعياً متطوراً لمكونات الطاقة الخضراء في الدقم,مشهد جوي للمجمع الصناعي الجديد المخصص لتصنيع مكونات الطاقة الخضراء في مدينة الدقم الاقتصادية، يعكس النهج العُماني نحو التوطين الصناعي. (وكالة الأنب,اقتصاد,عُمان
شركة سورية ناشئة تطلق نظاماً لحساسات ذكية لتعزيز كفاءة الإنتاج الزراعي,مزارع سوري يتفحص شاشة عرض البيانات من أجهزة استشعار التربة الذكية التي طورتها شركة محلية في مزرعته قرب حماه.,تقنية,سوريا
المغرب يسرّع وتيرة تعميم التعليم الأولي بالمناطق القروية بخطة خمسية طموحة,أطفال مغاربة من إحدى القرى الجبلية في الأطلس يشاركون في نشاط تعليمي داخل روضة أطفال حديثة افتُتحت ضمن برنامج تعميم التعليم الأولي بالمناطق النائية (المكتب الوطني للتعليم الأولي).,تعليم,المغرب
"وفد صنعاء يرفض مقترحاً أممياً لآلية صرف الرواتب ويتمسك بـ""شروطها السيادية""",المبعوث الأممي الخاص لليمن خلال اجتماع سابق مع ممثلين عن الأطراف اليمنية (رويترز),سياسة,اليمن
مسقط تحتضن حواراً استراتيجياً حول مستقبل الأمن المائي في المنطقة,"رؤساء وفود عربية خلال افتتاح الجلسة الرئيسية لـ ""منتدى مسقط للأمن المائي"" في العاصمة العمانية (وكالة الأنباء العمانية)",سياسة,عُمان
الرياض تستضيف جولة حاسمة من محادثات السلام اليمنية برعاية سعودية أممية,وزير الخارجية السعودي الأمير فيصل بن فرحان خلال لقائه المبعوث الأممي إلى اليمن هانس غروندبرغ في الرياض (واس),سياسة,السعودية
أرقام قياسية لطلبات الإسكان: عقود انتظار تثقل كاهل الأسر الكويتية المتعطشة للمنزل الحكومي,صفوف طويلة من المراجعين أمام المدخل الرئيسي للمؤسسة العامة للرعاية السكنية في دولة الكويت تعكس الضغط المتزايد على الخدمات الإسكانية (وكالة الأنباء الكويتية - كونا).,قضايا اجتماعية,الكويت
"في قلب التحديات.. جهود سودانية لصون ""الدوبيت"" وحفظ إرث الشعر الشفوي","شاعر سوداني مسن يرتدي الجلباب التقليدي ويحمل عصا، يلقي قصيدة ""دوبيت"" بحماس أمام تجمع من المستمعين في إحدى القرى النوبية.",ثقافة,السودان
البرلمان التونسي يشهد انقساماً حاداً حول قانون التحول الرقمي للإدارة العامة,نواب تونسيون خلال جلسة برلمانية لمناقشة مشروع قانون التحول الرقمي للإدارة العمومية (وكالة الأنباء التونسية - وات),سياسة,تونس
القطاع الخاص في قطر يسجل نمواً لافتاً ويساهم بنسبة تجاوزت الـ 60% في الناتج المحلي الإجمالي غير النفطي,منظر حديث لأحد الأحياء التجارية النشطة في الدوحة، يظهر مبانٍ شاهقة ومركبات حديثة، ليعكس الديناميكية الاقتصادية بالبلاد (الجزيرة),اقتصاد,قطر
"قوى سياسية سودانية تقترح ""ميثاق وطني"" لإنهاء الحرب وتأسيس مرحلة انتقالية",تجمع لممثلين عن قوى مدنية سودانية خلال نقاشات سابقة حول مستقبل البلاد (الفرنسية),سياسة,السودان
"""أكثر من 3 ملايين طفل عامل في مصر.. تحديات التعليم والحماية الاجتماعية تتفاقم""",طفلان يجهزان خضروات في سوق شعبي بالقاهرة الكبرى في ساعات الصباح الباكر (رويترز),قضايا اجتماعية,مصر
قطر تطلق مبادرة وطنية لتعزيز الاستجابة السريعة للهجمات السيبرانية المعقدة,خبراء أمن سيبراني يراقبون شبكات رقمية معقدة في مركز عمليات حديث بالدوحة، خلال تدريبات مكثفة على الاستجابة للطوارئ السيبرانية (الجزيرة),تقنية,قطر
البرلمان المغربي يشرع في مناقشة مشروع قانون الإصلاح الإداري لتعزيز الحكامة المحلية,واجهة مبنى البرلمان المغربي في الرباط قبيل بدء جلسة تشريعية مهمة (وكالة الأنباء المغربية).,سياسة,المغرب
"قطر تدشن ""مجمع الأجيال الرياضي"" بطاقة استيعابية غير مسبوقة لتدريب 500 موهبة سنوياً","لقطة جوية بانورامية تُظهر ""مجمع الأجيال الرياضي"" الفسيح بقطر، والذي يضم عدة ملاعب كرة قدم بالحجم الكامل وقاعات تدريب مغطاة حديثة، مع ظهور مجموعات من الرياضيين الشباب يمارسون التدريبات في إحدى الساحات المفتوحة.",رياضة,قطر
الأردن يطلق استراتيجية متوسطة المدى لتعزيز الاستثمار في الصناعات التحويلية,صورة لمدير هيئة الاستثمار الأردنية ورئيس غرفة صناعة الأردن خلال مؤتمر صحفي في عمان، يستعرضان أبرز محاور الاستراتيجية الجديدة.,اقتصاد,الأردن
الصومال: مبادرات أهلية تسعى لترميم الصحة النفسية في مجتمعات منكوبة,متطوعون يقدمون الدعم النفسي لسيدات وأطفال في مركز مجتمعي بإحدى القرى المتأثرة بالصراعات والجفاف جنوب الصومال.,صحة,الصومال
قطر تدشن مشروعاً وطنياً طموحاً لتوسيع غابات القرم بملايين الشتلات,مشهد جوي خلاب لغابات القرم المزدهرة على السواحل الشمالية لقطر (وكالة الأنباء القطرية),بيئة,قطر
قفزة تاريخية في صادرات زيت الزيتون المغربي تعزز مداخيل الفلاحين,مزارع يجمع محصول الزيتون في إحدى الضيعات بمنطقة سايس، مع أوعية ممتلئة بالثمار الذهبية في المقدمة.,اقتصاد,المغرب
مكبّات عشوائية تبتلع مدن ليبيا.. أزمة بيئية وصحية في تصاعد,أدخنة متصاعدة من مكب نفايات عشوائي ضخم على أطراف مدينة طرابلس (رويترز),بيئة,ليبيا
الكويت تكشف عن خطة طموحة لتعزيز مرافقها السحابية الوطنية,مركز بيانات حديث يضم خوادم متطورة، في إطار رؤية الكويت لترسيخ بنيتها التحتية الرقمية.,تقنية,الكويت
مستشفيات لبنان الحكومية تحذر من توقف خدمات القلب المفتوح مع تفاقم هجرة الأطباء ونقص التمويل,طبيب جراح لبناني يقف في غرفة عمليات للقلب المفتوح في أحد المستشفيات الحكومية بالعاصمة بيروت، بينما تبدو بعض الأجهزة الطبية الحديثة معطلة أو غير مكتملة، في مشهد يعكس التحديات الهائلة التي يواجهها القطاع الصحي.,صحة,لبنان
نفايات صناعية سامة تهدد نهر الفرات في سوريا.. دعوات عاجلة للتحرك لإنقاذ مصادر المياه,تغير لون مياه نهر الفرات وتراكم الرواسب الكيميائية قرب منشآت صناعية في ريف الرقة الشرقي، مما يهدد صحة السكان (ناشطون بيئيون محليون),بيئة,سوريا
نداء فلسطيني عاجل: أزمة مستلزمات السكري تهدد حياة الآلاف بالضفة الغربية,مواطن فلسطيني مسن يفحص مستوى السكر في دمه بمنزله بمساعدة أحد أقاربه، في ظل نقص حاد في أجهزة وشرائط الفحص وأدوية الأنسولين بمحافظات الضفة الغربية. (تصوير: متطوعون طبيون),صحة,فلسطين
تونس: جدل برلماني حاد حول حزمة الإصلاحات الاقتصادية الجديدة للحكومة,أعضاء في مجلس نواب الشعب التونسي خلال جلسة لمناقشة مشروع قانون الإصلاحات الاقتصادية المقترحة (الفرنسية),سياسة,تونس
مبادرة نسائية بقلب الصومال توفر المياه النظيفة لعشرات الأسر بعد سنوات من المعاناة,نساء صوماليات يملأن أوعية المياه من بئر تم تدشينه حديثاً في قرية نائية بمحافظة هيران، بعد جهود مجتمعية قادتها سيدات المنطقة للتغلب على شح المياه (رويترز),مجتمع,الصومال
البحرين: انتشال جثتين ومواصلة البحث عن مفقودين إثر حادث انقلاب قارب صيد قبالة منطقة الحد,زورق تابع لخفر السواحل البحريني يجري عمليات مسح في المنطقة البحرية قبالة الحد حيث وقع حادث انقلاب القارب.,حوادث,البحرين
مأساة سير جنوب المغرب: 7 وفيات وإصابات خطيرة في انقلاب حافلة ركاب,مشهد من موقع حادث انقلاب حافلة ركاب على الطريق الوطنية رقم 12 جنوب المغرب، حيث تعمل فرق الإغاثة على إسعاف المصابين (أرشيف).,حوادث,المغرب
برامج تدريب مهني بمقديشو تمنح آلاف الشباب الصومالي فرصاً جديدة للحياة,مجموعة من الشباب الصومالي منهمكون في تعلم مهارات الخياطة والنسيج بمركز تدريب مهني في العاصمة مقديشو.,مجتمع,الصومال
تونس تعزز التكوين المهني: شراكات استراتيجية لسد فجوة سوق الشغل,طلاب تونسيون في ورشة تدريب فني حديثة ضمن أحد مراكز التكوين المهني بالعاصمة تونس (أرشيف وكالة تونس أفريقيا للأنباء),تعليم,تونس
اليونيسف تدعم إدماج أكثر من 15 ألف طفل نازح بالمدارس في ولايات جنوب غرب الصومال,أطفال نازحون يجلسون على مقاعد دراسية داخل فصل مؤقت في مخيم للنازحين بضواحي مدينة بيدوا، ولاية جنوب غرب الصومال، ضمن جهود ضمان حقهم في التعليم (صورة أرشيفية/اليونيسف).,تعليم,الصومال
"مسقط تدشن مشروع ""بوابة عُمان الرقمية"" لربط 90% من الأسر بشبكة الألياف البصرية بحلول 2027","جانب من مراسم تدشين مشروع ""بوابة عُمان الرقمية"" في مسقط بحضور مسؤولين حكوميين (وكالة الأنباء العمانية)",تقنية,عُمان
الأردن يخطو نحو لامركزية أوسع: خطة حكومية لتعزيز صلاحيات المجالس المحلية,وزير الإدارة المحلية الأردني يترأس اجتماعاً مع رؤساء بلديات لمناقشة تفعيل الخطط الجديدة لتعزيز الحكم المحلي.,سياسة,الأردن
موريتانيا تدشن مشروعاً صناعياً ضخماً لتصنيع الأسمدة الفوسفاتية بقيمة مليار دولار,وزير الصناعة الموريتاني يوقع مذكرة تفاهم مع ممثل الشركة الأجنبية خلال حفل تدشين المشروع في نواكشوط (الوكالة الموريتانية للأنباء).,اقتصاد,موريتانيا
وفود ليبية تختتم جولة مباحثات مكثفة في الرباط دون توافق على التشكيلة الحكومية,مسؤولون ليبيون يتبادلون الحديث في كواليس اجتماع سابق في العاصمة المغربية الرباط (رويترز - أرشيف),سياسة,ليبيا
الأهلي البحريني يتوج بلقب دوري السلة للمرة الأولى منذ 15 عاماً بعد نهائي مثير,لاعبو نادي الأهلي البحريني يحتفلون بكأس دوري زين لكرة السلة في صالة الاتحاد البحريني لكرة السلة بالمنامة.,رياضة,البحرين
جهود مضنية لحفظ كنوز اليمن المعرفية: مخطوطات نادرة في مواجهة التحديات,باحث يمني يقوم بفحص وترميم مخطوط قديم يعود لمئات السنين، في محاولة للحفاظ عليه من عوامل التلف والاحتفاظ به للأجيال القادمة (مكتبة وطنية),ثقافة,اليمن
كرة القدم النسائية في موريتانيا.. من الهامش إلى التألق الإقليمي رغم شح الإمكانيات,لاعبات المنتخب الموريتاني لكرة القدم للسيدات يحتفلن بتأهل تاريخي لبطولة إقليمية، مؤكدات قدرتهن على تجاوز التحديات.,رياضة,موريتانيا
مصرف لبنان يشدد قيود تمويل المستوردات، وشركات تخشى انهيار سلاسل الإمداد,رافعات شحن عملاقة شبه متوقفة في ميناء بيروت، مع تراجع ملحوظ في حركة الحاويات بسبب صعوبات تمويل عمليات الاستيراد (غيتي).,اقتصاد,لبنان
عُمان تُطلق مبادرات مجتمعية لمواجهة التحديات النفسية وتعزيز الدعم الأسري,مشاركون في ورشة عمل توعوية حول الصحة النفسية ودور الأسرة في الدعم، ضمن مبادرة مجتمعية في محافظة الداخلية (وكالة الأنباء العمانية),قضايا اجتماعية,عُمان
البحرين تطلق مبادرات مجتمعية لتعزيز جودة حياة كبار السن وحمايتهم من التهميش,كبار السن يشاركون في فعالية ثقافية بأحد المراكز الاجتماعية في المنامة، ديسمبر 2023 (وكالة أنباء البحرين),قضايا اجتماعية,البحرين
"السعودية تطلق برنامج ""جيل الأبطال"" لتعزيز الرياضة المجتمعية وتنمية المواهب الشابة",أطفال وشباب يمارسون أنشطة رياضية متنوعة في أحد المراكز الرياضية المجتمعية الحديثة بالرياض (واس),رياضة,السعودية
تآكل الشواطئ يهدد قرى الدلتا المصرية ويزيد من تحديات الأمن الغذائي,مشهد يوضح تغلغل مياه البحر المتوسط في الأراضي الزراعية والمنازل القريبة من الساحل بإحدى قرى شمال الدلتا، مع تآكل واضح لخط الشاطئ.,بيئة,مصر
مبادرات مجتمعية جديدة تواجه تحدي أطفال الشوارع في الأحياء الهامشية بالدار البيضاء,أطفال يتلقون وجبة طعام في مركز رعاية مؤقت ضمن مبادرة مجتمعية بالدار البيضاء (وكالة المغرب العربي للأنباء),قضايا اجتماعية,المغرب
ليبيا: الإعلان عن خارطة طريق جديدة لتوحيد المؤسسات السيادية المتنافسة,مسؤولون ليبيون وخبراء يطالعون وثائق خلال اجتماع لبحث توحيد المؤسسات السيادية في إحدى القاعات الرسمية بطرابلس (وكالة الأنباء الليبية),سياسة,ليبيا
غاز العراق حبيس الأرض.. مليارات الدولارات سنوياً تعرقل مسعى بغداد للاكتفاء الذاتي الصناعي,عمال عراقيون في مصنع لإنتاج الحديد بمنطقة البصرة، يعتمد على إمدادات الطاقة المستوردة، بينما ترزح البلاد فوق مخزون ضخم من الغاز الطبيعي غير المستغل (رويترز).,اقتصاد,العراق
سلطنة عُمان تطلق مبادرة وطنية كبرى لتعزيز الصحة النفسية وتفكيك وصمة العار المجتمعية,شباب عمانيون يشاركون بفاعلية في جلسة حوار مفتوحة حول الصحة النفسية ضمن فعاليات المبادرة بمسقط (منظمة أهلية),قضايا اجتماعية,عُمان
"مبادرة روسية جديدة لـ ""الإدارة الذاتية"" بشمال شرق سوريا تثير جدلاً محلياً",تجمع لفعاليات مدنية وممثلين عن العشائر في مدينة الحسكة يناقشون تداعيات المقترحات السياسية الأخيرة.,سياسة,سوريا
"مبادرة ""أفق جديد"" في الخليل تطلق برامج تدريب لتمكين الشباب مهنياً","شباب وفتيات فلسطينيون يشاركون بورشة عمل حول برمجة وتطوير الويب، ضمن برامج مبادرة ""أفق جديد"" في الخليل (منظمة أهلية محلية).",مجتمع,فلسطين
مقتل وإصابة العشرات إثر تصادم مروع بين حافلة وشاحنة قرب سرت الليبية,فرق الدفاع المدني وسيارات الإسعاف في موقع حادث السير المروع قرب سرت، فيما تتصاعد ألسنة الدخان من حطام المركبات المتفحمة. (مواقع التواصل),حوادث,ليبيا
الأردن يدشن أكبر محطة رياح: قفزة نوعية نحو استقلال الطاقة بمنطقة معان,صورة مقربة لمجموعة من التوربينات الهوائية الشاهقة تدور بانسجام في سهل معان، مع ظهور الأفق الصحراوي في الخلفية، تعكس جهود الأردن لتعزيز مصادر الطاقة المتجددة.,طاقة,الأردن
جروح غير مرئية: أزمة الصحة النفسية تتفاقم بين الأطفال والشباب في السودان,طفلان سودانيان يرتسم الحزن على وجهيهما داخل خيمة في أحد مراكز إيواء النازحين بضواحي بورتسودان، وسط دعوات لتوفير دعم نفسي عاجل (رويترز).,قضايا اجتماعية,السودان
جزر القمر تكشف عن خطة وطنية شاملة لمكافحة التلوث البلاستيكي وحماية شعب مرجانها الفريدة,متطوعون محليون يجمعون المخلفات البلاستيكية على أحد شواطئ جزر القمر في إطار مبادرة بيئية (رويترز),بيئة,جزر القمر
حادث مأساوي في جنين: وفاة عامل وإصابة ٤ آخرين جراء انهيار سقالة بناء,فرق الدفاع المدني والطوارئ في موقع انهيار سقالة بناء بمشروع سكني جديد بمدينة جنين، حيث تظهر أعمال البحث والتحقيق.,حوادث,فلسطين
نساء جبال جرجرة يتحدين التهميش الاقتصادي ويحيين حرفة النسيج التقليدي,حرفيات جزائريات ينسجن زرابي وأغطية صوفية بأناملهن داخل ورشة تقليدية في منطقة تيزي وزو، 15 نوفمبر/تشرين الثاني 2024 (الجمعية المحلية لتنمية الحرف),قضايا اجتماعية,الجزائر
العراق يطلق مشروعًا رقميًا ضخمًا لتعزيز الوصول للخدمات في الأرياف,وزير الاتصالات العراقي يشرف على تدشين منصة رقمية جديدة في قاعة بمحافظة ذي قار، بحضور عدد من المواطنين وممثلي المجتمع المحلي (وكالة الأنباء العراقية).,تقنية,العراق
تحدّيات فنية تُعيق تشغيل وحدة تكرير رئيسية بمصفاة الزاوية الليبية,عمال صيانة يفحصون إحدى الوحدات الفنية داخل مصفاة الزاوية النفطية غرب العاصمة طرابلس (الأناضول),طاقة,ليبيا
جزر القمر تسعى لتعزيز خدمات غسيل الكلى وسط تزايد الإصابات,ممرضة كومورية تراقب إحدى آلات غسيل الكلى في مركز صحي بمدينة موروني (الفرنسية),صحة,جزر القمر
جيبوتي ترسخ مكانتها كبوابة رقمية لأفريقيا بكابل بحري جديد يعزز الاتصال الإقليمي,سفينة متخصصة لمد الكابلات البحرية قبالة سواحل جيبوتي، الدولة التي تعد عقدة رئيسية لشبكة الإنترنت العالمية (رويترز).,تقنية,جيبوتي
"إطلاق مشروع ""نصوغ التراث"": السعودية تحتضن أكبر مبادرة للحفاظ على صناعة ""الخناجر النجدية"" التقليدية",حرفي سعودي ماهر يعرض خنجراً نجدياً تقليدياً مزخرفاً، يعكس دقة التصميم وجودة المواد المستخدمة في صناعة هذه التحف التراثية (غيتي),ثقافة,السعودية
ارتفاع مقلق في معدلات السكري بالمغرب يدفع خبراء للصيحة بتطوير استراتيجيات وطنية جديدة,طبيبة مغربية تشرح لمريضة أهمية الفحص الدوري والأنماط الغذائية الصحية للوقاية من داء السكري خلال حملة توعوية بأحد المراكز الصحية بالرباط.,صحة,المغرب
"جيبوتي تدشن المرحلة الثانية من مشروع ""غغادي"" للطاقة الحرارية الأرضية لتعزيز استقلاليتها الطاقوية","معدات حفر جيولوجي متطورة تعمل في حقل ""غغادي"" للطاقة الحرارية الأرضية في جيبوتي، ضمن مساعي البلاد لتحويل إمكاناتها الباطنية إلى مصدر دائم للطاقة النظيفة (وكالة الأنباء الجيبوتية).",طاقة,جيبوتي
موريتانيا: إطلاق خطة استراتيجية لتعزيز الرعاية الصحية الأولية في المناطق الريفية,طبيب يفحص طفلاً في عيادة صحية متنقلة بإحدى القرى بولاية تكانت الموريتانية (منظمة الصحة العالمية),صحة,موريتانيا
"قطر تدشن ""معهد البيت الخليجي"" للحفاظ على فنون العمارة التقليدية وتعزيز هويتها المعمارية الحديثة","مهندسون معماريون قطريون شباب يتفحصون نماذج لمبانٍ تراثية داخل ""معهد البيت الخليجي"" الجديد في الدوحة، الذي يسعى للحفاظ على فنون العمارة المحلية وتعزيزها.",ثقافة,قطر
تصاعد مقلق لظاهرة أطفال الشوارع في السودان مع تفاقم الأزمات الإنسانية,مجموعة من الأطفال يتجمعون عند تقاطع طرق رئيسي في إحدى مدن السودان، بعضهم يحاول بيع بضائع بسيطة بينما آخرون يتوقون للمساعدة (منظمات إنسانية محلية).,قضايا اجتماعية,السودان
"مصر تطلق مبادرة ""صناع التراث"" لإنقاذ الحرف اليدوية في القاهرة التاريخية","أحد الحرفيين المهرة يعمل على ترميم قطعة أثرية خشبية داخل ورشته بحي الجمالية، ضمن مبادرة ""صناع التراث"" في القاهرة. (وكالة الأنباء المصرية)",مجتمع,مصر
تحديات متزايدة: أكثر من 60 ألف طفل نازح في ليبيا يواجهون خطر الحرمان من التعليم الأساسي,أطفال ليبيون نازحون يجلسون خارج خيمة مؤقتة في أحد المخيمات، حيث يعاني الآلاف من صعوبة الوصول إلى الفصول الدراسية في المناطق المتأثرة بالنزاع.,قضايا اجتماعية,ليبيا
جيل ضائع في السودان: النزاع يهدد مستقبل آلاف الأطفال بتعطيل التعليم,أطفال نازحون يتلقون دروساً تحت خيمة مؤقتة في أحد مخيمات النازحين بولاية النيل الأبيض، السودان. (مفوضية اللاجئين),قضايا اجتماعية,السودان
مبادرات جريئة تصمد أمام شح المياه: تقنيات الري الذكي تدعم صمود الزراعة الفلسطينية,نظام ري حديث يروي حقولاً زراعية في المناطق الريفية بفلسطين، في سعي لمواجهة تحديات شح المياه (الأناضول),اقتصاد,فلسطين
منطقة درعة تافيلالت.. مبادرات أهلية تنعش تراث القصور والقصبات المهدد بالزوال,إحدى القصور الطينية التاريخية في واحة زيز بمنطقة درعة تافيلالت، حيث يكافح السكان المحليون للحفاظ على طرازها المعماري الفريد (رويترز).,مجتمع,المغرب
جزر القمر تدشن أول محطة طاقة هجينة لتعزيز الاكتفاء الذاتي من الكهرباء,لقطة علوية تظهر الألواح الشمسية الضخمة ومجموعة توربينات رياح متصلة بمحطة لتخزين الطاقة في جزيرة موهيلي، 27 نوفمبر/تشرين الثاني 2024 (الوكالة القمرية للطاقة).,طاقة,جزر القمر
ملاعب ترابية ببورتسودان.. مبادرة شبابية تبعث الأمل في نفوس أطفال السودان عبر كرة القدم,أطفال سودانيون يتنافسون بحماس على ملعب ترابي في بورتسودان، ضمن فعاليات دوري كرة القدم الذي أطلقته مبادرة شبابية لدعم الرياضة المجتمعية ورسم البسمة على وجوههم.,رياضة,السودان
نقص حاد في الكادر التعليمي يؤجل انطلاقة العام الدراسي في عدد من المدارس اللبنانية,تلميذة تحمل حقيبتها المدرسية تقف أمام بوابة إحدى المدارس الرسمية في طرابلس، والتي لا تزال مغلقة في موعد بدء العام الدراسي المتوقع (الأناضول).,تعليم,لبنان
"قطر تطلق المرحلة الأولى من مشروع ""واحة الدوحة الخضراء"" لتعزيز التنوع البيئي الحضري","تصور فني لمشروع ""واحة الدوحة الخضراء"" يوضح المساحات الخضراء المخطط لها ومسارات المشاة وسط المدينة (وزارة البلدية القطرية)",بيئة,قطر
البرلمان المصري يشهد جدلاً واسعاً حول تعديلات قانون تنظيم مؤسسات المجتمع المدني,‎⁨أحد النواب يلقي كلمة أثناء جلسة لمجلس النواب المصري لمناقشة التعديلات القانونية المقترحة⁩ (وكالات),سياسة,مصر
"السعودية تطلق مشروع ""الصحراء الرقمية"" لربط القارات عبر الكابلات البحرية",فرق هندسية تعمل في موقع إرساء كابل بحري جديد على شواطئ المملكة العربية السعودية (واس).,تقنية,السعودية
منظمات إغاثية تدق ناقوس الخطر: عمالة الأطفال تتسع في سوريا بفعل الأزمة الاقتصادية,طفل سوري يحمل كيساً بداخله مواد قابلة لإعادة التدوير، يجمعها من أحد أحياء ريف دمشق، في مشهد متكرر يعكس تفاقم أزمة عمالة الأطفال.,قضايا اجتماعية,سوريا
"جيبوتي تدشن ""أكاديمية الأمل"" لتطوير المواهب الكروية الصاعدة",مجموعة من اللاعبين الشباب يتدربون بحماس في ملعب حديث بالعاصمة جيبوتي، ضمن فعاليات الأكاديمية الوطنية الجديدة لكرة القدم.,رياضة,جيبوتي
تداعيات أزمة الأدوية المزمنة في لبنان: مستشفيات تكافح ومرضى يدفعون الثمن,أحد المرضى في صيدلية ببيروت يبحث عن أدوية ضرورية وسط نقص حاد في الإمدادات. (رويترز),صحة,لبنان
الجزائر تقود مبادرة إقليمية لتعزيز الاستقرار الأمني ومكافحة الجريمة المنظمة في الساحل,وزير الخارجية الجزائري يستقبل وفوداً دبلوماسية من دول الساحل في قصر المؤتمرات بالجزائر العاصمة لبحث آليات التعاون الأمني المشترك (الوكالة الجزائرية للأنباء),سياسة,الجزائر
مبادرات أهلية في ريف حماة.. الأهالي يتصدون لنقص الموارد بزراعة جماعية,مزارعون سوريون يعملون في حقل زراعي جماعي ضمن مبادرة لدعم الاكتفاء الذاتي الغذائي في إحدى قرى ريف حماة (صورة تعبيرية/ Getty Images),مجتمع,سوريا
التسرب المدرسي بالأردن: مبادرات مجتمعية تسعى لإنقاذ مستقبل آلاف الطلاب في المناطق النائية,متطوعون يقدمون حصصاً تعليمية إضافية لطلاب في إحدى القرى التابعة لمحافظة معان، في إطار مبادرة مجتمعية لمكافحة التسرب المدرسي (الصحافة الأردنية).,قضايا اجتماعية,الأردن
الحكومة المغربية تواجه تحديات لفرض مشروع القانون المتعلق بالخدمة العسكرية الإجبارية,جنود مغاربة خلال عرض عسكري سابق، في ظل استعدادات لفتح باب التجنيد الإجباري للدفعة الجديدة.,سياسة,المغرب
السويحلي يحكم قبضته على وصافة الدوري الليبي ويحجز مقعداً قارياً تاريخياً,لاعبو نادي السويحلي يحتفلون بفوزهم الذي ضمن لهم المركز الثاني والتأهل للمنافسات الأفريقية، على أرضية ملعب مصراتة الأولمبي. (صورة للنادي),رياضة,ليبيا
دمشق وبغداد تطلقان مبادرة أمنية اقتصادية مشتركة على الحدود,مسؤولون سوريون وعراقيون خلال توقيع اتفاقية تعاون مشترك عند أحد المعابر الحدودية الرئيسية، تمهيدًا لتفعيل المبادرة الأمنية الاقتصادية المشتركة (شترستوك),سياسة,سوريا
جيبوتي تدشن توسعة جديدة لميناء دوراليه لزيادة طاقته الاستيعابية 30% ودعم التجارة الإقليمية,لقطة جوية بانورامية لميناء دوراليه للحاويات في جيبوتي، تُظهر صفوفًا طويلة من الحاويات المكدسة وعددًا من الرافعات العملاقة المستخدمة في عمليات التفريغ والتحميل، مع سفينة حاويات راسية على أحد أرصفة الميناء الحديثة.,اقتصاد,جيبوتي
خسائر بيئية فادحة: الجزائر تستنفر لمواجهة موسم حرائق قياسي محتمل,مساحات شاسعة من الأشجار المتفحمة في غابات منطقة القبائل بالجزائر، تظهر آثار الدمار البيئي جراء حرائق سابقة (الأناضول),بيئة,الجزائر
مجمع الدقم يستقطب استثمارات صينية كبرى في تصنيع مكونات الطاقة المتجددة,صورة جوية لمرافق متطورة في المنطقة الاقتصادية الخاصة بالدقم، تبرز التوسعات المخصصة لمصانع مكونات الطاقة المتجددة.,اقتصاد,عُمان
ضباب كثيف يتسبب بتصادم مروع على طريق كركوك – بغداد يودي بحياة وإصابة العشرات,جانب من موقع التصادم المروع على الطريق الرابط بين كركوك وبغداد، حيث تعمل فرق الإنقاذ وسط انتشار ركام السيارات والضباب الخفيف (وكالات).,حوادث,العراق
جيبوتي: مصرع وإصابة عدد من الأشخاص جراء حادث تصادم بحري قبالة السواحل,فرق الإنقاذ الجيبوتية تباشر عمليات البحث عن ناجين وضحايا في موقع الحادث البحري قبالة العاصمة (الأناضول),حوادث,جيبوتي
أطفال الشوارع في جيبوتي: مبادرات مجتمعية لمواجهة ظاهرة متفاقمة,أطفال يتلقون وجبات غذائية في مركز لرعاية الأطفال بالعاصمة جيبوتي، ضمن مبادرات مجتمعية لمكافحة ظاهرة أطفال الشوارع (صورة خاصة).,قضايا اجتماعية,جيبوتي
العراق: تصاعد مقلق لأعداد المدمنين الشباب يدفع مراكز التأهيل للاستغاثة,شباب عراقيون يشاركون في جلسة توعية حول مخاطر تعاطي المخدرات في مركز مجتمعي بمدينة الموصل، في ظل الضغوط المتزايدة على مراكز العلاج والتأهيل التي تناضل لتلبية الاحتياجات المتزايدة. (رويترز),قضايا اجتماعية,العراق
تصادم عنيف يودي بحياة وإصابة العشرات على طريق جنين - نابلس,فرق الإنقاذ والدفاع المدني تتعامل مع آثار تصادم عنيف بين عدة مركبات على طريق جنين-نابلس، وسط حالة من الاستنفار.,حوادث,فلسطين
مبادرة مدنية سودانية جديدة.. هل تنجح في تضييق هوة الانقسام؟,لقاءات مكثفة بين قوى مدنية سودانية في أديس أبابا لبحث رؤية موحدة لمستقبل البلاد (رويترز),سياسة,السودان
السقايات التاريخية تعود للحياة: شباب مغربي يطلق مبادرة لإنقاذ كنوز المدن العتيقة,شباب متطوعون يعملون بجد على ترميم ونقش تفاصيل سقاية تاريخية بأحد الأزقة الضيقة في المدينة القديمة بمراكش. (المصدر: وكالة المغرب العربي للأنباء),مجتمع,المغرب
فواتير باهظة وشلل صناعي: أزمة الكهرباء المزمنة تخنق الاقتصاد العراقي,صاحب ورشة صغيرة في بغداد يقف عاجزاً أمام فواتير الكهرباء المرتفعة وفاتورة صيانة مولد الكهرباء الخاص به، الذي يعمل لساعات طويلة يومياً لتعويض النقص الحاد في الشبكة الوطنية.,اقتصاد,العراق
عُمان تدشن برنامجاً وطنياً للكشف المبكر عن هشاشة العظام لتعزيز صحة المجتمع,طبيب يشرح نتائج فحص كثافة العظام لمواطنة عُمانية ضمن حملة توعوية في أحد المراكز الصحية بالسلطنة (وكالة الأنباء العُمانية).,صحة,عُمان
تونس: مشروع قانون جديد للجمعيات يثير مخاوف منظمات المجتمع المدني,نشطاء المجتمع المدني في تونس خلال وقفة احتجاجية أمام مقر البرلمان (رويترز),سياسة,تونس
"فلسطين تدشن ""أكاديمية الأمل"" في بيت لحم ل nurturing المواهب الكروية الشابة",لقطة واسعة من الأعلى تظهر الملاعب الخضراء الحديثة والمرافق المتكاملة لأكاديمية كرة القدم الجديدة في بيت لحم، مع مجموعة من اللاعبين الشباب يرتدون الزي الرياضي ويقومون بتدريبات خفيفة (وكالة الأنباء الفلسطينية).,رياضة,فلسطين
منظمات مجتمع مدني تحذر من تفاقم ظاهرة عمالة الأطفال في اليمن,طفل يمني يحاول بيع عبوات المياه في تقاطع مروري بالعاصمة صنعاء، في مشهد بات مألوفاً يعكس حجم الأزمة الإنسانية (رويترز).,قضايا اجتماعية,اليمن
مخلفات الحروب تهدد حياة الفلاحين والأطفال في الأرياف العراقية,مواطن عراقي يشير إلى علامة تحذير من الألغام في أرض زراعية بمنطقة جنوب العراق.,قضايا اجتماعية,العراق
"نادي الوحدة يزيح الستار عن ""برنامج النجوم الواعدة"" لتطوير المواهب الشابة",مدربون يقدمون توجيهات للاعبين صغار داخل أحد ملاعب أكاديمية الوحدة الجديدة والمتطورة في أبوظبي.,رياضة,الإمارات
إصابة 15 راكباً إثر خروج قطار عن مساره في المنوفية,فرق الإنقاذ والإسعاف في موقع حادث خروج القطار عن مساره بمحافظة المنوفية، حيث يجري نقل المصابين. (وكالات),حوادث,مصر
صادرات المنتجات الفلاحية المغربية تسجل طفرة غير مسبوقة رغم تحديات الجفاف,عمال يشرفون على تعبئة صناديق الخضروات والفواكه الطازجة الموجهة للتصدير في مركز فرز بجهة سوس ماسة (الجزيرة),اقتصاد,المغرب
الشارقة تطلق مشروعاً وطنياً لتوثيق فنون الأداء الشعبي وتوريثها للأجيال,"مشرفون على المشروع يستعرضون حركات رقصة ""اليولة"" التقليدية مع مجموعة من الشباب المشاركين في ورش العمل التراثية بالشارقة.",ثقافة,الإمارات
مصرع ثمانية وإصابة العشرات في انقلاب حافلة بطريق جبلي وعر قرب أزيلال,فرق الإنقاذ والإسعاف في موقع حادث انقلاب الحافلة على الطريق الجبلي الوعر قرب أزيلال بالمغرب (خاص),حوادث,المغرب
**الجفاف يفاقم أزمة معيشة المزارعين بالهضاب العليا الجزائرية ويُنذر بهجرة ريفية**,**صورة لمزارع جزائري يتفقد محصولاً متضرراً من نقص المياه في إحدى بلدات ولاية المسيلة، وسط مخاوف من الفقدان الكامل للموسم الزراعي. (وكالة الأنباء الجزائرية)**,قضايا اجتماعية,الجزائر
تقرير حقوقي يدق ناقوس الخطر: قصور في تهيئة المؤسسات التعليمية الأردنية لذوي الإعاقة,طالب على كرسي متحرك يواجه صعوبة في الوصول إلى مدخل أحد المباني التعليمية في الأردن، في مشهد يبرز تحديات دمج هذه الفئة.(رويترز),قضايا اجتماعية,الأردن
مبادرة شبابية لبنانية تطلق مشروعاً لتوثيق الأغاني الفولكلورية المهددة بالاندثار,فريق من الباحثين الشباب يوثقون أغنية تراثية من إحدى السيدات المسنات في قرية بجبل لبنان، ضمن جهود لإنقاذ الموروث الفني من النسيان (صورة خاصة),ثقافة,لبنان
لبنان يُطلق مرحلة توسعية جديدة لشبكة الألياف البصرية لتعزيز الاتصال ودعم الاقتصاد الرقمي,فنيون متخصصون يعملون على مد وتركيب كابلات الألياف البصرية ضمن مشروع التحديث في أحد الأحياء اللبنانية.,تقنية,لبنان
شباك خاوية ومحركات صامتة.. صيادو تونس يصارعون لقمة العيش في بحر متقلب,صياد تونسي مسن يتفحص شباكه الفارغة على متن قاربه التقليدي في ميناء بنزرت، معبراً عن القلق العميق بشأن مستقبل مهنة الأجداد في ظل تدهور الثروة السمكية وارتفاع تكاليف التشغيل. (رويترز),اقتصاد,تونس
"مرض ""الغرغرينا المائية"" يهدد آلاف الطيور في محمية ""حوض أرغين"" بموريتانيا",طيور النورس والخطاف تتجمع على سواحل محمية حوض أرغين الوطنية، التي تواجه تحدياً بيئياً خطيراً يهدد التنوع البيولوجي الفريد للمنطقة.,بيئة,موريتانيا
البرلمان الجزائري يصادق على مشروع قانون لتعزيز صلاحيات المجالس البلدية,أعضاء المجلس الشعبي الوطني الجزائري يرفعون أيديهم خلال جلسة تصويت على مشروع قانون في مقر البرلمان بالعاصمة (وكالة الأنباء الجزائرية),سياسة,الجزائر
الأردن يطلق خطة استراتيجية لتعزيز مرونة الشبكة الكهربائية في مواجهة تحديات الطاقة المتجددة,مهندسون أردنيون يتابعون بيانات تدفق الطاقة من لوحة تحكم متطورة بمركز عمليات الشبكة في عمان (رويترز).,طاقة,الأردن
"""حزمة دعم"" طارئة تخفف الأعباء عن آلاف الأسر اللبنانية لتأمين عودة الطلاب للمدارس الرسمية",طفلان لبنانيان يستعرضان كتبهما المدرسية الجديدة داخل غرفة صفية في إحدى المدارس الرسمية بلبنان.,تعليم,لبنان
سوريا تتقدم بطلب رسمي لاستضافة بطولة آسيا للشباب وسط تحديثات واسعة لمرافقها الرياضية,لقطة بانورامية من ملعب الفيحاء في دمشق تُظهر أعمال التجديد في المدرجات وأرضية الملعب استعداداً لاستضافة الفعاليات الدولية (وكالات).,رياضة,سوريا
الرباط تستضيف مؤتمراً إقليمياً رفيع المستوى حول تحديات الأمن المائي في منطقة الساحل,وفود من دول الساحل وشمال أفريقيا خلال الجلسة الافتتاحية للمؤتمر الإقليمي حول الأمن المائي في العاصمة المغربية الرباط (وكالة الأنباء المغربية),سياسة,المغرب
معالجة عاجلة لأزمة الكهرباء: السودان يطلق مشروعاً ضخماً للطاقة الشمسية بقدرة 300 ميجاوات,صورة جوية تُظهر امتداد الألواح الشمسية ضمن مشروع محطة طاقة شمسية جديدة في ولاية النيل الأبيض، تهدف إلى دعم الشبكة الوطنية للكهرباء في السودان.,طاقة,السودان
فلسطين: جهود مضاعفة لتوفير التعليم المبكر لأطفال التجمعات البدوية في الضفة الغربية,أطفال من تجمع بدوي في الضفة الغربية يتلقون دروسًا أولية ضمن مبادرات مجتمعية لسد فجوة التعليم المبكر (وكالة الأنباء الفلسطينية),تعليم,فلسطين
"جيبوتي تعلن عن ""استراتيجية رقمية 2030"" لتحويلها لمركز إقليمي للبيانات والترابط",خريطة توضيحية لمسارات الكابلات البحرية التي تمر عبر جيبوتي، تبرز موقعها الاستراتيجي كبوابة رقمية (إيه إف بي).,تقنية,جيبوتي
دراسة كويتية حديثة تحذر من تزايد اضطرابات القلق والاكتئاب لدى المراهقين بسبب وسائل التواصل الاجتماعي,مجموعة من الشباب الكويتيين ينشغلون بهواتفهم الذكية في مركز تجاري بمدينة الكويت (وكالة الأنباء الكويتية - أرشيف),قضايا اجتماعية,الكويت
المغرب يطلق برنامجاً وطنياً للهيدروجين الأخضر بمليارات الدولارات لدعم تنافسيته العالمية,خارطة طريق الهيدروجين الأخضر التي أطلقتها الحكومة المغربية، تُظهر المناطق الواعدة للمشاريع الكبرى وفرص الاستثمار في البنيات التحتية (الوكالة المغربية للطاقة المستدامة).,طاقة,المغرب
"تكتل نيابي لبناني يطلق ""نداء بيروت"" لحلحلة العقدة الرئاسية",نواب لبنانيون يغادرون جلسة برلمانية سابقة في ساحة النجمة ببيروت، التي تشهد حراكاً سياسياً مكثفاً حول الاستحقاق الرئاسي (رويترز).,سياسة,لبنان
اكتشاف أثري يكشف عن عمق الحضارة القديمة في صحراء تبوك السعودية,صورة مقربة لنقوش صخرية قديمة تصور حيوانات برية وكائنات بشرية، محفورة بدقة على صخرة رملية في موقع أثري بمنطقة تبوك.,ثقافة,السعودية
الجفاف يفتك بالمساحات الزراعية شمال شرق سوريا ويهدد الأمن الغذائي,مزارع سوري يتفقد حقلاً متصدعاً في ريف الحسكة الشمالي، بعد موسم زراعي تضرر بشدة من نقص الأمطار (رويترز).,بيئة,سوريا
الكويت تدشن منطقة اقتصادية حرة جديدة بمليارات الدنانير لتحفيز القطاع اللوجستي وريادة الأعمال,عرض ثلاثي الأبعاد للمخطط الرئيسي للمنطقة الاقتصادية الحرة الجديدة شمال الكويت، يبرز تصميماً حديثاً للبنية التحتية وشبكة الطرق والمرافق اللوجستية المتكاملة، مع مساحات مخصصة للموانئ الجافة والمستودعات الذكية.,اقتصاد,الكويت
الجزائر تفعل خطة وطنية شاملة لمواجهة تحدي حرائق الغابات,طائرة إطفاء مائية تُلقي حمولتها على بؤرة حريق في غابات شمال الجزائر، ضمن جهود مكافحة الحرائق الموسمية. (وكالة الأنباء الجزائرية),بيئة,الجزائر
تأجيل دوري كرة السلة السوداني للمرة الثالثة بسبب صيانة غير مكتملة للقاعات الرئيسية,عمال يقومون بأعمال إصلاحات بسيطة في سقف صالة رياضية تبدو قديمة ومتهالكة، بينما مقاعد المتفرجين في الأسفل خالية من الجمهور (وكالة الأنباء السودانية),رياضة,السودان
اكتشاف علمي جديد يعزز آمال صمود الشعاب المرجانية في البحر الأحمر المصري,غواصون يوثّقون عينة من الشعاب المرجانية المكتشفة حديثًا قبالة سواحل مرسى علم (معهد علوم البحار والمصايد),بيئة,مصر
جزر القمر تدشن أول مركز متخصص للعلاج الطبيعي وإعادة التأهيل بدعم دولي,صورة تظهر مريضاً يتلقى جلسة علاج طبيعي في المركز الجديد بالعاصمة موروني، بحضور مسؤولين محليين ودوليين (تصوير: وكالة الأنباء القمرية).,صحة,جزر القمر
وفاة عامل وإصابة 4 آخرين إثر انهيار رافعة في موقع إنشاءات بالوكرة,فرق الدفاع المدني والإسعاف تهرع إلى موقع حادث انهيار الرافعة في مشروع قيد الإنشاء بمدينة الوكرة، وسط جهود لإجلاء المصابين (مصدر محلي).,حوادث,قطر
"بعد تألق ""الكواهير"".. جزر القمر تبحث عن استراتيجية لتطوير المواهب الكروية الشابة",لاعبون صغار يتدربون على كرة القدم بملعب ترابي في قرية بجزر القمر، أملًا في محاكاة نجوم منتخبهم الوطني.,رياضة,جزر القمر
قمة الدوحة: قطر تطلق مبادرة دولية لتعزيز أمن الملاحة بالبحر الأحمر,"وزير الخارجية القطري، الشيخ سلطان بن خالد، يصافح نظيره الياباني خلال الجلسة الافتتاحية لـ""قمة الدوحة للأمن البحري"" بحضور ممثلي دول ومنظمات دولية (وكالة الأنباء القطرية).",سياسة,قطر
الكويت تدشن مركزاً وطنياً للكشف المبكر عن الأمراض المزمنة ضمن خطتها لتعزيز الصحة الوقائية,جانب من الفحوصات الطبية في المركز الوطني الجديد للكشف المبكر عن الأمراض المزمنة (وزارة الصحة الكويتية),صحة,الكويت
لبنان: نقص حاد في أدوية السرطان يفاقم معاناة المرضى وخطر إيقاف العلاج,شاب يتلقى العلاج الكيميائي في أحد المستشفيات اللبنانية في ظل مخاوف من توقف الإمدادات (رويترز),صحة,لبنان
"السعودية تُطلق مركز ""إلهام"" الوطني لعلوم الرياضة وتطوير المواهب","صورة توضيحية لتصميم مركز ""إلهام"" الرياضي الجديد الذي سيضم أحدث المختبرات والتقنيات لخدمة الرياضيين السعوديين (واس)",رياضة,السعودية
"قطر تطلق ""الإطار الوطني للاقتصاد الدائري"" لتعزيز تنافسية الصناعات المستدامة",جانب من مركز قطر للابتكار والتكنولوجيا في واحة العلوم والتكنولوجيا بالدوحة، حيث يتوقع أن تحتضن مشاريع الاقتصاد الدائري الجديدة.,اقتصاد,قطر
قطر تدشن مركزها السيادي للبيانات بتكنولوجيا متقدمة لدعم التحول الرقمي,صفوف من الخوادم المضيئة والمتطورة داخل أحد أقسام المركز السيادي للبيانات الجديد في الدوحة، يعكس الاستثمار القطري في تكنولوجيا البنية التحتية.,تقنية,قطر
تحذيرات أممية من تفشي حمى الضنك في السودان مع تدهور البنى التحتية الصحية وتشتت السكان,فرق طبية متنقلة تجري فحوصات في أحد مخيمات النزوح بولاية الجزيرة، وسط تحديات كبيرة للسيطرة على بؤر انتشار حمى الضنك (رويترز).,صحة,السودان
الأردن يطلق حزمة حوافز غير مسبوقة لتعزيز صادرات الصناعات التحويلية وتوقعات بضخ استثمارات قياسية,عمال في إحدى مصانع منطقة القويرة الاقتصادية بالأردن، حيث تسعى المملكة لتعزيز الاستثمار في القطاعات الصناعية الواعدة.,اقتصاد,الأردن
الكويت تعلن عن خطة شاملة لتعزيز مساهمة القطاع الخاص في الناتج المحلي الإجمالي,أبراج مدينة الكويت الحديثة ترمز للتطلعات الاقتصادية المستقبلية للدولة (رويترز),اقتصاد,الكويت
أطفال مبروكي في جيبوتي.. هل ينهي البحث عن الماء رحلتهم التعليمية؟,أطفال يحملون أوعية الماء على طول طريق ترابي قاحل بالقرب من قرية مبروكي، في طريقهم من وإلى المدرسة في منطقة تاجورا (الفرنسية).,قضايا اجتماعية,جيبوتي
جيبوتي: البرلمان يقر حزمة إصلاحات انتخابية تمهيداً للاستحقاقات القادمة,رئيس البرلمان الجيبوتي يترأس الجلسة العامة للتصويت على مشروع قانون الإصلاحات الانتخابية بحضور عدد من النواب (وكالة أنباء جيبوتي),سياسة,جيبوتي
الكويت تدشن التشغيل الكامل لمشروع الوقود البيئي في مصفاة ميناء الأحمدي,لقطة جوية لمجمع مصفاة ميناء الأحمدي الصناعي الحديث بعد اكتمال مشروع الوقود البيئي، تظهر الأبراج والمرافق المتطورة (مؤسسة البترول الكويتية),طاقة,الكويت
تقرير يرصد ارتفاعاً ملحوظاً في إقبال الشباب الإماراتي على المبادرات المجتمعية,شباب وشابات إماراتيون يشاركون بفعالية في تنظيم حدث ثقافي مجتمعي، مما يعكس تزايد الوعي بأهمية المساهمة المدنية. (جهات منظمة),قضايا اجتماعية,الإمارات
"في تلال القدس: مبادرة ""شجر الصمود"" تكافح شح المياه وتغير المناخ بزراعة المحاصيل المقاومة",متطوعون يعملون على زراعة أشجار مقاومة للجفاف في منطقة مكشوفة بتلال القدس مع ظهور المنازل الفلسطينية في الخلفية (وكالة وفا),مجتمع,فلسطين
اكتشاف مقبرة أثرية نوبية فريدة تلقي ضوءاً جديداً على الفن الجنائزي في مملكة مروي,فريق تنقيب سوداني ألماني يكشف عن جداريات ملونة ومقتنيات ذهبية داخل حجرة دفن لم تُمس منذ آلاف السنين في منطقة البجراوية (المركز القومي للآثار والمتاحف، السودان),ثقافة,السودان
ارتفاع أسعار المحروقات يضاعف الأعباء المعيشية في سوريا وسط شح الموارد,مواطنون سوريون يتفقدون أسعار الوقود على لوحة إعلانية لمحطة محروقات في دمشق، تظهر ارتفاعاً جديداً (رويترز),اقتصاد,سوريا
البحرين تدشن مبادرة وطنية ضخمة لتعزيز كفاءة الطاقة في مرافقها العامة,واجهة مبنى حكومي حديث في المنامة تظهر عليه ألواح طاقة شمسية ومستشعرات ذكية ترشيداً للاستهلاك (وكالة الأنباء البحرينية),طاقة,البحرين
كارثة بحرية تهز جزر القمر: غرق عبارة ركاب يودي بحياة 23 شخصاً و15 في عداد المفقودين,"فرق البحث والإنقاذ تجلي ناجين وتواصل عمليات التمشيط في موقع غرق عبارة ""الأمل"" قبالة السواحل الشمالية لجزيرة القمر الكبرى، 25 مارس/آذار 2024 (الوكالة الوطنية للإغاثة)",حوادث,جزر القمر
"موريتانيا تطلق ""مبادرة حماية التراث"" لإنعاش الحرف اليدوية المهددة بالاندثار",إحدى الحرفيات الموريتانيات تعرض منتجاً يدوياً تقليدياً، مصنوعاً من الجلود ومزيناً بالخرز، خلال ورشة عمل ضمن فعاليات المبادرة الجديدة لحماية التراث.,ثقافة,موريتانيا
البحرين تدشن استراتيجية جديدة لجذب الاستثمارات في قطاعات الاقتصاد المستقبلي,عرض مرئي لمشروع تنموي جديد في العاصمة المنامة يرمز للنمو الاقتصادي والتطور التكنولوجي، في إطار رؤية البحرين الاقتصادية 2030 (وكالة الأنباء البحرينية),اقتصاد,البحرين
موانئ ليبيا: تحديثات طموحة لإنعاش حركة التجارة الدولية,رافعة حاويات حديثة في ميناء الخمس، شرق طرابلس، كجزء من خطة التحديث الرامية لزيادة الكفاءة التشغيلية (محلية/AP),اقتصاد,ليبيا
الكويت تسرع خطى التحول الأخضر بمشروع محطة الشقايا للطاقة المتجددة,لمحة جوية تظهر امتداد حقول الألواح الشمسية في مجمع الشقايا بالكويت، كجزء من خطة البلاد الطموحة للتحول نحو الطاقة النظيفة.,طاقة,الكويت
ليبيا تطلق مشروعاً وطنياً لتأهيل آلاف الشباب مهنياً في المناطق الجنوبية,شباب ليبيون يتدربون على مهارات كهرباء السيارات في أحد مراكز التدريب المهني في أوباري، جنوب ليبيا، ضمن المشروع الوطني لتطوير التعليم المهني (وكالة الأنباء الليبية).,تعليم,ليبيا
الصومال تطلق برنامجاً وطنياً لدمج أطفال المجتمعات الرعوية في منظومة التعليم,أطفال من المجتمعات الرعوية يحضرون درساً في خيمة مدرسية متنقلة بإحدى المناطق النائية بالصومال.,تعليم,الصومال
الجزائر تدشن مجمعاً ضخماً لمراكز البيانات لتعزيز السيادة الرقمية وتوطين الخدمات,مهندسون جزائريون يعاينون لوحات تحكم حديثة داخل إحدى الوحدات الفنية بمجمع مراكز البيانات الجديد الذي تم افتتاحه، في إطار مساعي البلاد لتأمين بنيتها الرقمية (و.أ.ج),تقنية,الجزائر
"السعودية تراهن على ""الخُضرة الزرقاء"": ملايين المانجروف لتعزيز مرونة سواحل البحر الأحمر",عمال يقومون بزراعة شتلات المانجروف في المياه الضحلة بالبحر الأحمر، ضمن مبادرة المملكة لتوسيع الغابات الساحلية (واس).,بيئة,السعودية
مستشفيات غزة تحذر من كارثة صحية وشيكة تهدد مرضى الكلى جراء نقص الوقود والأدوية,مريض يتلقى جلسة غسيل كلوي في أحد مستشفيات قطاع غزة، في ظل تحذيرات طبية من توقف الخدمات الحيوية بسبب النقص الحاد في المستلزمات الأساسية (وزارة الصحة الفلسطينية).,صحة,فلسطين
دمشق تكافح: خطط جديدة لترشيد الوقود والأزمة تضرب قطاعات رئيسية,طابور طويل من سيارات الأجرة والحافلات بانتظار التزود بالوقود في إحدى محطات العاصمة دمشق، مع انعكاسات الأزمة على حركة النقل (وكالات),طاقة,سوريا
"بالتأهيل والتمكين.. نساء سيدي بوزيد يبعثن الحياة في حرفة ""المرقوم"" التونسي الأصيل","نساء من ولاية سيدي بوزيد يشاركن بجد في ورشة لنسج ""المرقوم"" التونسي، في إطار مشروع مجتمعي يهدف لتدريب الأجيال الجديدة والحفاظ على الموروث الثقافي للمنطقة.",مجتمع,تونس
قطر تدشن بوابة الخليج اللوجستية الجديدة بتكلفة 15 مليار ريال لتعزيز مكانتها التجارية,وزير التجارة والصناعة القطري يشرف على إطلاق المرحلة الأولى من مشروع البوابة اللوجستية العملاقة الهادفة لربط قطر بالأسواق الإقليمية والدولية (قنا),اقتصاد,قطر
تساؤلات حول مستقبل الأجيال الشابة في ليبيا مع تزايد تحديات التعليم والبطالة,شباب ليبيون يبحثون عن فرص عمل في مدينة مصراتة، وسط تزايد معدلات البطالة (أسوشيتد برس),قضايا اجتماعية,ليبيا
"قطر تدشن ""لؤلؤة الخليج"": مركز عالمي لحفظ التراث البحري وتوثيق قصص الغواصين الأوائل","زوار يتفاعلون مع شاشة عرض ثلاثية الأبعاد داخل مركز ""لؤلؤة الخليج"" تعرض محاكاة لرحلة غوص تقليدية (الجزيرة)",ثقافة,قطر
"العراق يواجه موجة غبار ""تاريخية"": عشرات الإصابات وتحذيرات صحية عاجلة",مدينة الموصل تغرق في سحابة كثيفة من الغبار البرتقالي، سيارات تسير ببطء شديد وأنوارها مضاءة بالكاد تخترق الرؤية شبه المعدومة.,بيئة,العراق
ليبيا تطلق مشروعاً وطنياً لتعزيز إمدادات الغاز لمحطات توليد الكهرباء,فنيون يراقبون سير العمل في محطة لمعالجة الغاز شرق طرابلس (رويترز),طاقة,ليبيا
الإمارات تدشن منطقة اقتصادية متخصصة لدعم صناعات الدواء وتصنيع اللقاحات,مجسم لمخطط المنطقة الاقتصادية الجديدة المخصصة للصناعات الدوائية في إمارة الشارقة.,اقتصاد,الإمارات
مبادرات مجتمعية أردنية تُنعش الحرف التراثية في الأرياف لتمكين الشباب,شابة أردنية تتقن فن صناعة الفخار التقليدي في ورشة تدريبية ضمن مبادرة لدعم الحرفيين في إحدى قرى جرش شمال الأردن.,مجتمع,الأردن
جزر القمر تطلق حملة وطنية واسعة لمكافحة التلوث البلاستيكي البحري,متطوعون من المجتمع المحلي يجمعون النفايات البلاستيكية على أحد شواطئ جزيرة أنجوان، جزر القمر، في مبادرة بيئية لمكافحة المخلفات البحرية (منظمة حماية البيئة المحلية).,بيئة,جزر القمر
زحف الرمال يهدد سلة خبز العراق.. آلاف الدونمات الزراعية تتحول إلى صحراء,تلال رملية تزحف على أراضٍ زراعية بوار في محافظة المثنى جنوبي العراق (رويترز),بيئة,العراق
نقاشات حادة بالبرلمان الموريتاني: جدل حول تعديلات قانون المصائد السمكية,صورة عامة لقبة البرلمان الموريتاني خلال جلسة نقاش صاخبة حول مشروع قانون جديد (وكالة الأنباء الموريتانية).,سياسة,موريتانيا
ذخيرة غير منفجرة تودي بحياة طفلين وتصيب آخرين بريف حماة,فرق الهندسة العسكرية تبحث عن ذخائر غير منفجرة في منطقة سكنية بسوريا (رويترز - أرشيف),حوادث,سوريا
الجفاف يضرب سهول حوران للموسم الثالث ويضع الأمن الغذائي السوري على المحك,مزارع سوري يتفحص حقلاً قاحلاً من القمح، تظهر عليه آثار الجفاف الشديد في سهل حوران جنوب سوريا (رويترز).,بيئة,سوريا
نادي الحسين إربد يُتوّج بلقب الدوري الأردني لأول مرة في تاريخه بعد مشوار درامي,لاعبو نادي الحسين إربد يرفعون كأس درع الدوري وسط احتفالات جماهيرية صاخبة في مدينة إربد (رويترز),رياضة,الأردن
"قطر تدشن مجمع ""الواحة المستدامة"" لتعزيز الابتكار في الاقتصاد الأخضر","عرض ثلاثي الأبعاد لمجمع ""الواحة المستدامة"" الصناعي الجديد في الدوحة، يظهر وحدات تكنولوجية متطورة ومساحات خضراء شاسعة تعتمد على الطاقة الشمسية (وكالة الأنباء القطرية)",اقتصاد,قطر
ليبيا تفتتح 5 مراكز تدريب مهني جديدة لتعزيز قدرات الشباب بسوق العمل,طلاب ليبيون يتدربون على مهارات تقنية حديثة داخل أحد مراكز التدريب المهني التي تم افتتاحها مؤخراً في بنغازي، في إطار خطة وطنية لتعزيز التعليم الفني.,تعليم,ليبيا
تداعيات كارثية لنقص المياه النظيفة: منظمات إغاثية تحذر من تفشي أمراض الأمعاء شمال غرب سوريا,أطفال سوريون يملأون عبوات مياه من نقطة توزيع، في ظل تحديات توفير المياه الصالحة للشرب شمال غرب البلاد (صورة أرشيفية).,صحة,سوريا
العراق يُطلق مرحلة متقدمة في مشروع استغلال الغاز المصاحب لتعزيز الطاقة وتقليل الانبعاثات,أبراج تكرير الغاز ومعدات ثقيلة في موقع مشروع معالجة الغاز المصاحب في حقل الزبير النفطي بالبصرة، ضمن جهود العراق لزيادة إنتاج الكهرباء وخفض التلوث.,طاقة,العراق
تحذيرات بيئية مكثفة من تسارع تدهور غابات السنط في الصومال بسبب تنامي الطلب على الفحم,مشهد لأشجار مقطوعة وأكوام من الفحم النباتي في منطقة ريفية جنوب الصومال (أسوشيتد برس).,بيئة,الصومال
موريتانيا: مبادرة مجتمعية في أطار تقود جهود التحريج لمواجهة زحف الرمال,نساء وشباب من المجتمع المحلي في أطار، بمنطقة آدرار، يشاركون في غرس شتلات مقاومة للجفاف ضمن حملة بيئية واسعة؛ تهدف إلى حماية الواحات وتعزيز التنوع البيولوجي. (الصحراء ميديا),مجتمع,موريتانيا
الكويت تطلق استراتيجية وطنية شاملة لدعم الصحة النفسية للشباب والمراهقين,لقطة لمجموعة من الشباب الكويتيين يتفاعلون في جلسة حوار مفتوحة ضمن فعاليات توعوية عن الصحة النفسية (وزارة الصحة).,صحة,الكويت
نقص حاد في المياه وتكاليف الإنتاج المرتفعة تضرب القطاع الزراعي السوري: مخاوف من تفاقم أزمة الغذاء,مزارع سوري يقف على أرض قاحلة في حقل متأثر بالجفاف في ريف الحسكة شمال شرق سوريا، يعكس التحديات المتزايدة التي تواجه الزراعة المحلية.,اقتصاد,سوريا
مخاوف من تفشي الكوليرا بشمال الصومال.. الأمم المتحدة تحذر من كارثة وشيكة بسبب الجفاف,أطفال صوماليون يتلقون العلاج في مركز صحي مؤقت بمدينة بوساسو شمال الصومال، في ظل تزايد حالات الإسهال الحاد والأمراض المنقولة بالمياه (مفوضية اللاجئين).,صحة,الصومال
تونس تُعزز موقعها الرقمي بافتتاح مركز بيانات فائق التطور,جانب من المعدات المتطورة داخل مركز بيانات حديث في العاصمة التونسية (رويترز/أرشيفية),تقنية,تونس
البحرين تُطلق مبادرة وطنية لربط التعليم المهني باحتياجات سوق العمل المستقبلية,طلاب بحرينيون يعملون في ورشة تدريبية حديثة، يطبقون مهارات تقنية متقدمة تحت إشراف متخصص، ضمن جهود تحديث التعليم المهني في المملكة.,تعليم,البحرين
البحر غني والجيوب خاوية.. أزمة وقود خانقة تشل قطاع الصيد في اليمن وتفاقم المعاناة المعيشية,صياد يمني يجلس في إحباط بجانب قاربه الصغير الراسي في ميناء المخا، بينما تعاني عشرات القوارب الأخرى من الشلل التام جراء النقص الحاد في الوقود. (رويترز),اقتصاد,اليمن
البحرين تعلن عن استثمارات خليجية بمليارات الدولارات لتطوير منطقة الساحل الجنوبي,مجسم تصوري لمشروع تطوير ساحلي ضخم يتضمن منتجعات وفنادق في منطقة الساحل الجنوبي للبحرين (صورة من وكالة أنباء الخليج),اقتصاد,البحرين
"""تأهيل المستقبل"": السعودية تطلق منهاجاً وطنياً جديداً لتعزيز المهارات العملية في التعليم الثانوي",طلاب سعوديون من المرحلة الثانوية يشاركون في ورشة عمل تفاعلية ضمن بيئة تعليمية حديثة، في إطار تطبيق المناهج الجديدة التي تركز على المهارات التطبيقية والتفكير النقدي.,تعليم,السعودية
"أطفال الزرقاء يتحولون إلى ""حماة أشجار"": مبادرة مجتمعية لتعزيز الوعي البيئي","مجموعة من الأطفال يحملون شتلات صغيرة ويستعدون لزراعتها ضمن مبادرة ""حماة أشجار"" في إحدى حدائق مدينة الزرقاء (مواقع التواصل الاجتماعي)",مجتمع,الأردن
مزارع الطاقة الشمسية تزدهر بالضفة الغربية كخطوة نحو الاستقلالية الطاقوية,عاملون فلسطينيون يقومون بصيانة الألواح الشمسية في محطة توليد حديثة قرب أريحا، ضمن خطة التنمية المستدامة (وكالة الأنباء الفلسطينية),طاقة,فلسطين
"مسقط تقود جهوداً إقليمية لمواجهة تحديات الأمن المائي: قمة مرتقبة لمشروع ""حوض الخليج المشترك""",وزراء ومسؤولون خليجيون وعرب خلال اجتماع تشاوري حول الأمن المائي في مسقط. (الجزيرة),سياسة,عُمان
مبادرة أهلية في الصومال تطلق برنامجاً لدعم استدامة التعليم في المناطق النائية,أطفال صوماليون في فصل دراسي داخل مدرسة شيدت حديثاً بجهود مجتمعية، تجسيداً لدور الأهالي في توفير فرص التعليم (وكالات).,مجتمع,الصومال
وفاة خمسة أشخاص وإصابة آخرين في حادث تصادم مروع شمال أطار,فرق الإنقاذ والدفاع المدني تعمل على إخراج الضحايا والمصابين من حطام سيارتين بعد تصادمهما على الطريق الصحراوي شمال مدينة أطار.,حوادث,موريتانيا
السعودية تدشن أولى مراحل مشروعها الضخم للهيدروجين الأخضر بالمنطقة الشرقية,مهندسون يشرفون على تركيب وحدات تحليل كهربائي متطورة في موقع مشروع للهيدروجين الأخضر بالمملكة (رويترز).,طاقة,السعودية
براحة الفهد تستعيد ألقها: مبادرة شبابية كويتية تعيد الروح إلى الأحياء القديمة بالفن والتعاون,"شباب وفتيات كويتيون يشاركون بفعالية في تزيين جدارية فنية ضخمة بألوان زاهية في أحد أزقة ""براحة الفهد"" التاريخية، تعكس ملامح من التراث الكويتي، وسط أجواء من الحماس والتعاون.",مجتمع,الكويت
"الحكومة العراقية تطلق منصة ""بوابة المواطن"" لرقمنة الخدمات الحكومية","شاشة تعرض واجهة منصة ""بوابة المواطن"" الرقمية خلال حفل الإطلاق في بغداد (الأمانة العامة لمجلس الوزراء العراقي)",تقنية,العراق
المغرب: جمعيات مدنية تدق ناقوس الخطر بشأن تفاقم التسرب المدرسي في المناطق الجبلية,صورة لأطفال يحملون حقائب مدرسية صغيرة، يسيرون على طريق ترابي وعر نحو مبنى مدرسة متواضع في قرية نائية بإحدى المناطق الجبلية بالمغرب.,قضايا اجتماعية,المغرب
شح المياه يهدد حياة عشرات الآلاف في مخيمات النازحين بالصومال,امرأة تحمل وعاءً فارغاً للسحب المياه في مخيم للنازحين داخلياً جنوب العاصمة مقديشو (الأمم المتحدة),قضايا اجتماعية,الصومال
تونس تتبنى حلاً مبتكراً: محطة طاقة شمسية عائمة على سد سيدي سالم تطلعات نحو الاستدامة,مشهد جوي بانورامي لسد سيدي سالم شمال تونس، تظهر فيه مئات الألواح الشمسية العائمة حديثة التركيب على سطح الماء، ما يعكس التزام البلاد بتعزيز قدراتها في الطاقة المتجددة.,طاقة,تونس
محطة تشرين الحرارية تواجه أعطالًا متزايدة وتفاقم أزمة الكهرباء في دمشق وريفها,مهندسون سوريون يفحصون أحد أجزاء التوربينات الكبيرة داخل محطة تشرين لتوليد الطاقة الحرارية جنوب العاصمة دمشق، في محاولة للحفاظ على استمرارية عملها وسط تحديات فنية كبيرة ونقص قطع الغيار.,طاقة,سوريا
مقتل وإصابة مدنيين بانفجار لغم قرب مارب اليمنية,مواطنون يمنيون يتفقدون آثار انفجار لغم سابق في منطقة ريفية يمنية.,حوادث,اليمن
المغرب يصادق على اتفاقية لتعزيز التعاون الأمني مع دول غرب أفريقيا,****داخلية**** أعضاء بمجلس النواب المغربي خلال جلسة لمناقشة الاتفاقيات الدولية ذات الطابع الأمني (وكالة المغرب العربي للأنباء - أرشيف),سياسة,المغرب
كارثة معمارية في بيروت: انهيار طوابق علوية لمبنى قديم يحبس عائلات,فرق الإنقاذ والدفاع المدني اللبناني خلال محاولات البحث عن ناجين تحت أنقاض المبنى المنهار في منطقة الأشرفية ببيروت.,حوادث,لبنان
"الإمارات تطلق مبادرة ""نساجون الأمل"" لتعزيز حرفة السدو وتوريثها للأجيال الشابة",شابة إماراتية تتعلم فن نسج السدو التقليدي، تحت إشراف حرفية مخضرمة، في إطار مبادرة ثقافية بأبوظبي.,ثقافة,الإمارات
مبادرة أوروبية جديدة تستهدف رصد توسع المستوطنات في شمال الضفة الغربية,نشطاء فلسطينيون يوثقون أعمال تجريف أراضي زراعية قرب إحدى المستوطنات شمال رام الله.,سياسة,فلسطين
تحذيرات أممية: تدهور برامج التطعيم يهدد بكارثة صحية بين أطفال السودان,طفلة سودانية تتلقى تطعيماً روتينياً في مركز صحي مؤقت بمدخل مدينة الأبيض (أرشيفية، الهلال الأحمر),صحة,السودان
دبلوماسيون غربيون يشككون في جدوى استمرار اللجنة الدستورية السورية,أعضاء اللجنة الدستورية السورية خلال إحدى جلساتها السابقة في جنيف، وسط تصاعد الشكوك حول استمراريتها (الفرنسية),سياسة,سوريا
"العراق يطلق ""مشروع سهول الأنبار الخضراء"" لتعزيز الأمن الغذائي وخلق آلاف الوظائف","صورة جوية لمساحات شاسعة من الأراضي الصحراوية في الأنبار، تظهر فيها آليات حفر وشق قنوات للري ضمن مراحل البداية لمشروع ""سهول الأنبار الخضراء"" الزراعي الضخم.",اقتصاد,العراق
فصيل يمني سياسي بارز يقدم رؤية جديدة لتوحيد الصف الحكومي وتفعيل أداء الدولة,لقاء لمسؤولين يمنيين يمثلون التيار السياسي المعني، أثناء عرضهم لمسودة المبادرة في العاصمة المؤقتة.,سياسة,اليمن
الدفاع المدني ينقذ 15 شخصاً حاصرتهم السيول في وادي سمائل بعُمان,عناصر من فريق الإنقاذ التابع للدفاع المدني العُماني يُجْرون عملية إجلاء لأفراد عالقين في وادٍ غمرته المياه بعد هطول أمطار غزيرة. (الهيئة العامة للدفاع المدني والإسعاف),حوادث,عُمان
البحرين تدشن مركزًا وطنيًا متطورًا لتشخيص وعلاج الأمراض الوراثية,واجهة المركز الوطني الجديد للأمراض الوراثية بالبحرين، والذي يضم أحدث التقنيات الطبية المخصصة للتشخيص والعلاج (وكالة الأنباء البحرينية),صحة,البحرين
اليمن: تفاقم أزمة المياه يدفع آلاف الأسر للتخلي عن الزراعة في سهل تهامة,مزارعون يمنيون يقفون في حقل جاف ومتصدع في سهل تهامة، توقفت فيه زراعة المحاصيل بسبب ندرة المياه (وكالات),مجتمع,اليمن
"طلاب ليبيا يعودون إلى فصول دراسية مُجددة بفضل مشروع ""إعادة تأهيل المدارس""",مجموعة من الطلاب يجلسون في فصول دراسية واسعة ومجهزة حديثاً، تظهر عليها علامات الترميم والتجديد، وذلك في إحدى المدارس بمنطقة بنغازي.,تعليم,ليبيا
نقص حاد بالكوادر التعليمية يهدد مستقبل آلاف الطلاب في ريف إدلب شمال سوريا,معلم يحاول شرح درس لعدد قليل من الطلاب داخل فصل دراسي بسيط ومكتظ، يعكس تحديات العملية التعليمية في إحدى مدارس ريف إدلب.,تعليم,سوريا
تراجع حاد في الإنتاج الصناعي اللبناني يهدد استمرارية مئات الشركات الصغيرة والمتوسطة,عمال يغادرون أحد المصانع في منطقة البقاع الصناعية بعد تقليص ساعات العمل نتيجة ارتفاع تكاليف التشغيل (رويترز).,اقتصاد,لبنان
"""ارتفاع مقلق في حالات الليشمانيا الجلدية بمناطق ليبية.. نداءات عاجلة لدعم القطاع الصحي""",طبيب ليبي يفحص بقعة جلدية على يد طفل في مركز صحي بمدينة بنغازي، حيث تزايدت حالات الإصابة بمرض الليشمانيا مؤخراً بسبب نقص الإمكانات وصعوبة الوصول للرعاية. (أ ف ب),صحة,ليبيا
"تونس تطلق المرحلة التشغيلية لمجمع ""النورس"" للطاقة الشمسية بقدرة 100 ميغاواط لتعزيز استقلالها الطاقي","ألواح شمسية تمتد على مساحات واسعة بمجمع ""النورس"" للطاقة الكهروضوئية في محافظة تطاوين جنوب تونس، خلال حفل إطلاق المرحلة التشغيلية للمشروع بحضور مسؤولين (الوكالة التونسية للأنباء).",طاقة,تونس
الجزائر تفتتح مجمعاً صناعياً متكاملاً لتعزيز تنافسية الصادرات غير النفطية,وزير الصناعة الجزائري يشرف على تدشين أحد المصانع التابعة للمجمع الصناعي الجديد بولاية سطيف، في إطار خطة الحكومة لدعم الإنتاج المحلي (أ ف ب),اقتصاد,الجزائر
المغرب يسرع خطط مواجهة شح المياه مع تراجع قياسي لمنسوب السدود الكبرى,طائرة بدون طيار تلتقط مشهداً بانورامياً لأحد السدود الرئيسية في المغرب، تظهر بوضوح المساحات الشاسعة من قاع السد الجاف والمكشوف جراء التراجع الكبير في منسوب المياه (وكالة الأنباء المغربية).,بيئة,المغرب
مبادرات مجتمعية لتمكين شباب الجزائر في المناطق الوعرة تصطدم بواقع التحديات,شباب جزائري في ورشة لتعليم الحرف التقليدية ببلدة عين الحمام الجبلية بولاية تيزي وزو، ضمن مشروع تنموي محلي يواجه صعوبات تمويلية.,مجتمع,الجزائر
ملايين الأطفال في مهب الصراع: مستقبل التعليم بالسودان على حافة الانهيار,مجموعة من الأطفال النازحين يجلسون على الأرض داخل خيمة تعليمية مؤقتة في مخيم جنوب كردفان، في محاولة لمواصلة الدراسة بعد توقف المدارس النظامية.,قضايا اجتماعية,السودان
"جمعية ""كنوز البحرين"" تُطلق مشروع ""صناع المستقبل"" لتمكين الشباب بالحرف اليدوية","شباب بحرينيون يشاركون في ورشة لتعليم صناعة الفخار التقليدي ضمن مشروع ""صناع المستقبل"" (جمعية كنوز البحرين).",مجتمع,البحرين
قطر تطلق مشروعاً وطنياً ضخماً لتوسيع وحماية غابات القرم الساحلية,فرق بيئية متخصصة تزرع شتلات أشجار القرم على السواحل القطرية ضمن جهود تعزيز التنوع البيولوجي ومواجهة التغير المناخي. (وكالة الأنباء القطرية - قنا),بيئة,قطر
"""كوم ديجيتال 2025"": جزر القمر تطلق استراتيجية طموحة لرقمنة الخدمات الحكومية",مواطنون يتفاعلون مع منصة إلكترونية جديدة لاستخراج الوثائق الحكومية في مكتب خدمات رقمي بالعاصمة موروني.,تقنية,جزر القمر
جيبوتي تعزز جهودها لتوسيع نطاق الرعاية الصحية الأولية في المناطق النائية,ممرضة جيبوتية تستقبل سيدة وطفلها في مركز صحي أولي تم افتتاحه حديثاً في منطقة دِخيل، ضمن مساعي الحكومة لتحسين الوصول للخدمات الطبية الأساسية.,صحة,جيبوتي
"موريتانيا تراهن على ""الدرع الأخضر"" لحماية سواحلها وتنشيط التنوع البيولوجي",متطوعون محليون يزرعون شتلات المانغروف على طول أحد الشواطئ الموريتانية ضمن مبادرة وطنية لحماية البيئة البحرية.,بيئة,موريتانيا
جيبوتي.. بئر ارتوازي جديد ينهي معاناة قرية نائية من شح المياه,نساء وأطفال يملؤون أوعيتهم بماء الشرب من بئر ارتوازي جديد افتتح بدعم مجتمعي في إحدى القرى الجيبوتية النائية (مواقع التواصل),مجتمع,جيبوتي
"السعودية تستكمل المرحلة الأولى لترميم ""وادي القصور"": إحياء للتراث المعماري الأصيل","عمال يضعون اللمسات الأخيرة على أحد المباني الأثرية في ""وادي القصور"" ضمن مشروع الترميم (واس)",ثقافة,السعودية
"""أرض المليون شاعر"": هل لا تزال القصيدة الشنقيطية نبض الروح الثقافية بموريتانيا؟",شعراء موريتانيون يتلون قصائد حسانية تقليدية في أمسية أدبية بمدينة شنقيط التاريخية، حيث تتناقل الأجيال إرث الشعر الشفوي والمكتوب.,ثقافة,موريتانيا
مخاوف من تفاقم كارثة بيئية بوادٍ تاريخي في الضفة الغربية بسبب الصرف الصحي,مياه الصرف الصحي تلوث مجرى وادٍ في الضفة الغربية (رويترز),بيئة,فلسطين
السعودية تدشن إطاراً وطنياً شاملاً لربط التعليم العالي باحتياجات سوق العمل المتجددة,طلاب جامعيون سعوديون يناقشون مشروعاً تطبيقياً في بيئة تعليمية حديثة، في إطار المبادرات الجديدة لتطوير المهارات المستقبلية.,تعليم,السعودية
تونس: إطلاق مشروع وطني لتعميم التعليم الرقمي في المدارس الابتدائية بالمناطق الداخلية,طلاب تونسيون في إحدى المدارس الابتدائية بولاية القصرين يتلقون أجهزة لوحية إلكترونية في إطار مبادرة تعميم التعليم الرقمي (وزارة التربية التونسية).,تعليم,تونس
جيبوتي تدشن حملة وطنية لتوثيق وإحياء كنوزها الفنية الشفوية,مجموعة من الفنانين الجيبوتيين يؤدون رقصة أفارية تقليدية خلال حفل إطلاق المبادرة الوطنية لتوثيق الفنون الشفوية في المتحف الوطني (وزارة الثقافة),ثقافة,جيبوتي
"الجزائر تدشن ""وادي الابتكار"" لدعم 500 شركة ناشئة سنوياً","شباب جزائريون يعرضون أفكارهم لمشاريع تقنية مبتكرة أمام لجنة تحكيم في حفل تدشين ""وادي الابتكار"" بالعاصمة الجزائرية.",تقنية,الجزائر
انقسام حاد في برلمان جزر القمر حول مشروع قانون استثماري لتوسعة ميناء رئيسي,نواب البرلمان القمري خلال جلسة ساخنة لمناقشة مشروع قانون الاستثمار الأجنبي في ميناء موالي، بالعاصمة موروني (الفرنسية),سياسة,جزر القمر
لبنان يكافح الظلام: مبادرات مجتمعية رائدة تدفع عجلة الطاقة الشمسية في قرى الشمال,أحد السكان يقوم بفحص نظام ألواح شمسية حديث على سطح منزله في بلدة بشري بلبنان، في مؤشر على تنامي الاعتماد على البدائل المستقلة لتوليد الكهرباء (رويترز).,طاقة,لبنان
"""بناة المستقبل"": قطر تدشن برنامجاً وطنياً لتعزيز التفكير النقدي والإبداعي في المدارس","طلاب قطريون يشاركون بنشاط في ورشة عمل لتعزيز مهارات التفكير الإبداعي ضمن فعاليات إطلاق مبادرة ""بناة المستقبل"" في إحدى المدارس الابتدائية بالدوحة. (وزارة التربية والتعليم والتعليم العالي القطرية)",تعليم,قطر
مشروع جديد للطاقة الشمسية يعزز الأمن المائي والغذائي في قرى الضفة الغربية,مزارعون فلسطينيون يتفقدون حقولهم التي تروى بواسطة منظومة حديثة لمضخات تعمل بالطاقة الشمسية، وسط إحدى القرى في الضفة الغربية.,طاقة,فلسطين
خبراء بيئيون يحذرون: تلوث البلاستيك الدقيق يهدد الأمن الغذائي البحري في لبنان,صياد لبناني يفرغ شباكه المليئة بالأسماك وبقايا بلاستيكية دقيقة على أحد شواطئ منطقة صور الساحلية.,بيئة,لبنان
البحرين تطلق حملة وطنية شاملة للكشف المبكر عن الأمراض المزمنة,طاقم طبي في أحد المراكز الصحية بالبحرين يجري فحوصات لمواطنين ضمن حملة توعية بالكشف المبكر عن الأمراض.,صحة,البحرين
"الحكومة اللبنانية تعلن عن خطة لإطلاق ""بوابة لبنان الرقمية"" الموحدة للخدمات العامة",وزير الاتصالات اللبناني يقدم عرضاً توضيحياً خلال المؤتمر الصحفي للإعلان عن البوابة الرقمية الموحدة.,تقنية,لبنان
قطر تدشن أضخم مجمع للحوسبة السحابية لدعم مبادرات المدن الذكية,لقطة واسعة تظهر واجهة مجمع الحوسبة السحابية الجديد في قطر، مع تصميم معماري حديث يعكس التطور التكنولوجي، وكابلات ألياف ضوئية عملاقة تمتد عبر الأرضية باتجاه المبنى.,تقنية,قطر
نادي الرفاع الشرقي يُطلق برنامجاً طموحاً لتعزيز المواهب النسائية في كرة السلة البحرينية,لاعبات يتلقين تدريبات مكثفة على مهارات كرة السلة داخل صالة مغلقة تابعة لنادي الرفاع الشرقي في البحرين.,رياضة,البحرين
الأمم المتحدة تحذر: أمراض الطفولة الفتاكة تتربص بأطفال السودان مع تعثر حملات التطعيم,طفل سوداني يبدو عليه الإعياء في أحد مخيمات النزوح، وسط مخاوف من تفشي الأمراض التي يمكن الوقاية منها باللقاحات (يونيسيف).,صحة,السودان
تفاقم أزمة الأمراض المزمنة في سوريا: نقص الأدوية والمستلزمات يهدد حياة الملايين,صيدلية في مدينة حماه تعرض عدداً محدوداً من أدوية السكري والضغط، مؤشرة على النقص الحاد في الإمدادات الدوائية (Getty Images),صحة,سوريا
الإمارات تدشن مرحلة متقدمة من منطقة الشارقة اللوجستية لتعزيز التجارة الإلكترونية,لقطة جوية لمستودعات ومراكز توزيع حديثة ضمن منطقة الشارقة اللوجستية، تظهر البنية التحتية المتطورة للمنطقة.,اقتصاد,الإمارات
السعودية تدشن أضخم مجمع بيانات سحابي بالشرق الأوسط باستثمارات تتجاوز الـ12 مليار ريال,مهندسون سعوديون يتابعون سير العمل في قاعة الخوادم الرئيسية بمجمع البيانات السحابي الجديد بالرياض. (وكالة الأنباء السعودية),تقنية,السعودية
البحرين تُطلق برنامجاً وطنياً للكشف المبكر عن هشاشة العظام لتعزيز صحة المجتمع,طبيب يشرح نتائج فحص كثافة العظام لمريضة في أحد المراكز الصحية بالبحرين، ضمن فعاليات الحملة الوطنية الجديدة (وزارة الصحة البحرينية).,صحة,البحرين
البحرين تطلق استراتيجية وطنية لتعزيز صمود الشعاب المرجانية في مياهها الإقليمية,غواصون يوثقون جهود ترميم الشعاب المرجانية المتضررة في إحدى المحميات البحرية بالبحرين، ضمن المبادرات البيئية المستدامة.,بيئة,البحرين
فلسطين تدشن محطة طاقة شمسية كبرى شمال الضفة الغربية لتعزيز الاستقلال الطاقوي,عمال فلسطينيون يضعون اللمسات الأخيرة على ألواح شمسية ضخمة في مشروع جديد لتوليد الكهرباء قرب جنين (غيتي إيميجز),طاقة,فلسطين
"السعودية تستنفر لإنقاذ ""النمر العربي"": برامج إكثار طموحة تعيد الأمل لصحراء العلا",نمر عربي يتجول بحذر بين التشكيلات الصخرية في محمية طبيعية، ضمن برامج إعادة التوطين في العلا. (الهيئة الملكية لمحافظة العلا),بيئة,السعودية
"المغرب يطلق ""بوابة الخدمات الموحدة"": قفزة نوعية في رقمنة الإدارة العمومية",شاشة عملاقة تعرض واجهة منصة إلكترونية حكومية جديدة مزينة بشعار وزارة الانتقال الرقمي وإصلاح الإدارة المغربية، وذلك خلال حفل الإطلاق الرسمي في العاصمة الرباط (الوكالة المغربية للأنباء الرسمية),تقنية,المغرب
جزر القمر: حادث غرق قارب صيد يودي بحياة خمسة صيادين قبالة أنجوان,سفينة دورية تابعة لخفر السواحل في جزر القمر تبحر خلال عمليات البحث عن المفقودين قبالة السواحل (رويترز),حوادث,جزر القمر
موريتانيا تطلق برنامجاً وطنياً لتمكين الشباب من المهارات الحرفية لمواجهة تحديات سوق العمل,مجموعة من الشابات الموريتانيات يتدربن على حرفة النسيج التقليدي ضمن مبادرة تنموية في ورشة بضواحي نواكشوط (الوكالة الموريتانية للأنباء),قضايا اجتماعية,موريتانيا
فاجعة الزرقاء الصناعية.. انفجار ضخم يهز مصنع كيماويات ويخلف عشرات الضحايا,تصاعد كثيف لأعمدة الدخان الأسود وألسنة اللهب من بقايا مصنع كيماويات مدمر في مدينة الزرقاء الأردنية، بينما تتجمع فرق الدفاع المدني وسيارات الإسعاف في محيط الموقع المتضرر.,حوادث,الأردن
"جيبوتي تستثمر في ""شريانها الرقمي"": مشروع جديد للألياف البصرية يربط العاصمة بالمناطق الريفية والحدودية",مهندسون جيبوتيون يشرفون على مد كابلات الألياف البصرية في منطقة صحراوية نائية بجيبوتي، ضمن المشروع الجديد لتوسيع التغطية الوطنية (رويترز).,تقنية,جيبوتي
زحف الرمال والعواصف الترابية يهدد سبل العيش ويدفع بتهجير جديد في الصومال,مزارع صومالي يتفحص حقلًا زراعيًا غطته طبقة سميكة من الرمال المتراكمة بفعل العواصف الترابية، في إحدى القرى المتضررة بمنطقة جلجدود وسط الصومال.,بيئة,الصومال
وفاة شخص وفقدان 3 آخرين إثر انجراف مركبتهم في وادي القرم بعُمان,فرق الإنقاذ تبحث عن مفقودين في وادي القرم بعد انجراف مركبة بفعل السيول الجارفة (شرطة عُمان السلطانية),حوادث,عُمان
الأردن يطلق استراتيجية وطنية لتعزيز مرونة شبكته الكهربائية في ظل تزايد الاعتماد على المتجددة,موظف فني يراقب لوحة تحكم في محطة فرعية ضمن الشبكة الكهربائية الأردنية (الأناضول),طاقة,الأردن
الصويرة تتأهب لاحتضان بطولة عالمية لركوب الأمواج: دفعة قوية للسياحة والرياضة المحلية,مشهد لراكب أمواج محترف يتحدى الأمواج العاتية قبالة أسوار مدينة الصويرة التاريخية، مع اقتراب موعد البطولة العالمية.,رياضة,المغرب
الصومال يطلق خطة خمسية طموحة لتعزيز التعليم المهني وتأهيل الشباب لسوق العمل,شباب صوماليون يتدربون على مهارات كهربائية وميكانيكية في أحد مراكز التعليم المهني بمدينة هرجيسا شمال الصومال (الجزيرة).,تعليم,الصومال
الشتاء القارس يهدد العام الدراسي في ريف اليمن: فصول خاوية ونقص حاد بالمواد الأساسية,تلاميذ في إحدى المدارس الريفية بمحافظة إب اليمنية يحاولون الدراسة داخل فصل دراسي قارس البرودة، بينما تغيب أعداد كبيرة من زملائهم بسبب صعوبة الظروف المعيشية ونقص التدفئة (رويترز).,تعليم,اليمن
خبراء بيئة يحذرون: تونس تواجه تسارعًا في تآكل سواحلها وتهديدًا لمواردها الاقتصادية,مياه البحر تلتهم أجزاء من طريق ساحلي متضرر في منطقة قمرت شمال العاصمة التونسية، في مشهد يعكس التهديد المتنامي لتآكل السواحل التونسية. (تونس برس),بيئة,تونس
توتر في أروقة مجلس الأمة الكويتي قبيل جلسة حاسمة للتصويت على حزمة إصلاحات مالية,نواب مجلس الأمة الكويتي يتابعون النقاشات خلال جلسة سابقة مخصصة لمناقشة التعديلات المقترحة على قانون الميزانية العامة (الجزيرة).,سياسة,الكويت
الإمارات تعلن عن خطة استراتيجية لتعزيز أمن بنيتها التحتية الرقمية الحيوية,شاشات مراقبة متطورة في مركز عمليات أمن سيبراني بأبوظبي (رويترز),تقنية,الإمارات
صحة أطفال فلسطين في خطر: ارتفاع مقلق لمعدلات السكري بين اليافعين,ممرضة فلسطينية تجري فحص سكر الدم لطفل في عيادة صحية بالضفة الغربية، في ظل تصاعد المخاوف من ارتفاع معدلات المرض (وكالة الأناضول).,صحة,فلسطين
الصومال: نساء يُعدن للحرف اليدوية مجدها.. نسج السلال التقليدية شريان حياة للقرى,نسوة صوماليات يعملن باهتمام على نسج السلال الملونة والمتينة في ورشة جماعية بإحدى القرى، تجسيداً لمبادرة مجتمعية تهدف لتمكينهن اقتصادياً (وكالة الأنباء الصومالية),مجتمع,الصومال
الإمارات تطلق برنامجا وطنيا لتتبع وحماية السلاحف الخضراء المهددة في الخليج العربي,فريق من خبراء الحياة البحرية يجهزون سلحفاة خضراء لتركيب جهاز تتبع بالأقمار الصناعية قبالة سواحل أبوظبي ضمن مشروع الحفاظ على الأنواع المهددة. (وام),بيئة,الإمارات
اليمن: مبادرة محلية لتوسيع نطاق الإنترنت عبر تقنيات الموجات الدقيقة في المناطق الجبلية,فريق تقني يمني يقوم بتركيب جهاز إرسال واستقبال لاسلكي بالموجات الدقيقة على قمة جبل في محافظة إب، لربط مجتمعات ريفية بالشبكة العنكبوتية (وكالة سبأ),تقنية,اليمن
"ليبيا تطلق مشروع ""بوابتي الرقمية"" لتوحيد الخدمات الحكومية وتحسين الوصول","موظف ليبي يشرح آليات عمل المنصة الإلكترونية الجديدة للمواطنين خلال حفل إطلاق مشروع ""بوابتي الرقمية"" في طرابلس.",تقنية,ليبيا
جزر القمر تطلق برنامجاً وطنياً لتعزيز تعليم المهارات الرقمية في المدارس الثانوية,طلاب يتفاعلون مع أجهزة حاسوب في معمل حاسوب حديث بإحدى المدارس الثانوية في العاصمة موروني (وكالة الأنباء القمرية),تعليم,جزر القمر
"الكويت تعزز رؤية 2035 بـ""الشقايا 3"": قفزة نوعية نحو استدامة الطاقة الشمسية",منظر جوي مهيب لألواح الطاقة الشمسية في محطة الشقايا 3 المترامية الأطراف، تحت سماء الكويت الصافية وهي تزود الشبكة الوطنية بالكهرباء (وكالة الأنباء الكويتية - كونا),طاقة,الكويت
الدوري السعودي للسيدات: تنافس محتدم يرفع مستوى اللعبة مع اقتراب الحسم,لقطة حماسية من إحدى مباريات الدوري السعودي الممتاز للسيدات تظهر تنافس اللاعبات (الاتحاد السعودي لكرة القدم),رياضة,السعودية
سوريا: ظاهرة تسرب الطلاب من المدارس تتفاقم إثر الضغوط المعيشية,أطفال يبيعون الخضروات في سوق شعبي بمدينة حلب وسط انقطاعهم عن الدراسة لمساعدة أسرهم (وكالة الأناضول),قضايا اجتماعية,سوريا
شركة عالمية رائدة تدشن مجمعاً لإنتاج حلول الطاقة المتجددة في المنطقة الحرة بصحار,وزير التجارة والصناعة وترويج الاستثمار العُماني (وسط) يرافقه وفد من الشركة العالمية خلال جولة في داخل المجمع الصناعي الجديد بصحار (وكالة الأنباء العُمانية),اقتصاد,عُمان
عُمان تطلق مبادرة وطنية لحفظ القرى التراثية بتقنيات البناء الأصيلة,جزء من قرية عُمانية تراثية مبنية بالطين، تعكس أصالة فن البناء المحلي.,ثقافة,عُمان
السودان: دعوات مدنية لتوحيد الرؤى حول مستقبل ما بعد الحرب.. هل تنجح في ظل الانقسامات؟,مجموعة من الشخصيات السياسية والنشطاء المدنيين السودانيين أثناء مشاركتهم في اجتماع تشاوري حول مستقبل الحكم المدني في البلاد (رويترز),سياسة,السودان
تحذيرات بيئية من توسع الردم البحري وتأثيره على الثروة السمكية في البحرين,غواصون يوثّقون تراجع أعداد الأسماك والشعاب المرجانية في المياه البحرينية القريبة من مشاريع الردم الساحلي.,بيئة,البحرين
مبادرة إنقاذ تاريخي.. فرق ليبية إيطالية تبدأ ترميم مسرح صبراتة الأثري,عناصر من الفريق المشترك الليبي الإيطالي تعمل على ترميم أجزاء من مسرح صبراتة الأثري غرب طرابلس، مع إطلالة على البحر المتوسط.,ثقافة,ليبيا
الأردن يستهدف أسواقاً أفريقية جديدة لمنتجاته الدوائية بعد نمو قياسي في الصادرات,شاحنات تحمل منتجات دوائية أردنية معدة للتصدير من مجمع صناعي في العاصمة عمان (صورة أرشيفية - وكالة الأنباء الأردنية).,اقتصاد,الأردن
الجمعيات الأسرية الكويتية تدق ناقوس الخطر: ارتفاع الطلاق بين الشباب يهدد النسيج الاجتماعي,أكاديميون وناشطون كويتيون يشاركون في ندوة حوارية عامة لمناقشة التحديات الأسرية في البلاد (الجزيرة).,قضايا اجتماعية,الكويت
من بنغازي.. مبادرة شبابية تعيد للمكتبات العامة دورها كحاضنات للمعرفة في ليبيا,"متطوعون من حملة ""نور العقول"" في بنغازي يرتبون رفوف الكتب في مكتبة عامة أعيد افتتاحها حديثاً، ضمن جهود إحياء المرافق الثقافية بالمدينة.",مجتمع,ليبيا
سلطنة عُمان تكشف عن حزمة حوافز جديدة لدعم الاستثمار في قطاع الصناعات الخضراء,مدينة صحار الصناعية في سلطنة عُمان التي تعد إحدى أبرز المناطق الواعدة لاحتضان المشاريع الصناعية المستدامة (وكالة الأنباء العُمانية),اقتصاد,عُمان
"البحرين تطلق مبادرة ""نواخذة اللؤلؤ"" لتوثيق كنوز الذاكرة الشفهية لرواد المهنة","أحد كبار ""النواخذة"" البحرينيين، يشارك قصصاً وحكايات من زمن الغوص على اللؤلؤ، داخل بيت بحريني تقليدي مزين بالأخشاب المنقوشة (مواقع التواصل)",ثقافة,البحرين
"المغرب يطلق ""كنوز الأرض"": مشروع وطني لحماية الفخار الأمازيغي وتوثيقه للأجيال القادمة","أيادٍ شابة تعرض قطعاً فخارية أمازيغية مزينة بنقوش تقليدية فريدة، ضمن فعاليات ورشة عمل افتتحت مؤخراً في مدينة آسفي المغربية كجزء من مشروع ""كنوز الأرض"" (الصحافة المغربية - أرشيف).",ثقافة,المغرب
الاتحاد الجزائري لكرة القدم يعلن عن مراجعة شاملة للوائح الأندية المحترفة,شعار الاتحاد الجزائري لكرة القدم خلال إعلان رسمي (وكالة الأنباء الجزائرية),رياضة,الجزائر
بطولة جزر القمر للواعدين تُضيء سماء الكرة المحلية بمواهب صاعدة,لاعبون شباب يتنافسون بحماس على ملعب ترابي خلال نهائي بطولة جزر القمر للواعدين في موروني (الفرنسية),رياضة,جزر القمر
حراك إقليمي مكثف لبلورة خارطة طريق جديدة للملف السوري,اجتماع لوزراء خارجية دول جوار سوريا في العاصمة الأردنية لمناقشة التطورات الأخيرة (رويترز).,سياسة,سوريا
قيود التصدير وتراجع الأسعار يهددان مستقبل منتجي زيت الزيتون الفلسطينيين,مزارع فلسطيني يحصد ثمار الزيتون في إحدى كروم الخليل، بينما تواجه الصناعة تحديات اقتصادية متزايدة (أسوشيتد برس),اقتصاد,فلسطين
اصطدام تسلسلي مروع في القيروان يخلف قتلى وجرحى وسط ظروف جوية صعبة,فرق الإنقاذ تتدخل في موقع حادث سير مروع على طريق رئيسية وسط ظروف جوية ضبابية (شترستوك),حوادث,تونس
بعثة أثرية عراقية-فرنسية تكشف عن فسيفساء نادرة تعود للعصر البارثي قرب الناصرية,خبراء آثار يوثقون بعناية قطعة فسيفساء ملونة ضخمة تم اكتشافها حديثًا في موقع أثري قرب مدينة الناصرية جنوب العراق، وهي تظهر نقوشًا هندسية وزخارف نباتية.,ثقافة,العراق
تونس: البرلمان يشرع في مناقشة مشروع قانون مثير للجدل حول صلاحيات المجالس المحلية,نواب تونسيون يشاركون في جلسة عامة للبرلمان لمناقشة مشاريع قوانين جديدة، وسط ترقب شعبي لنتائج المداولات، في العاصمة تونس (رويترز).,سياسة,تونس
نادي الطليعة يعود بقوة للمنافسة على صدارة الدوري السوري بعد غياب,لاعبو نادي الطليعة يحتفلون بفوز مهم في إحدى مباريات الدوري السوري الممتاز لكرة القدم (أ ف ب),رياضة,سوريا
"حرفيو جمر القمر يُصارعون الزمن لإحياء صناعة ""القوارب الشراعية"" التراثية","صناع تقليديون يستعينون بالشباب لتعلم فن بناء القوارب الشراعية في أحد ورش ""موروني"" (وكالة فرانس برس)",مجتمع,جزر القمر
تآكل السواحل يهدد آلاف الأفدنة الزراعية والدلتا المصرية تتأهب لسيناريوهات محتملة لتغير المناخ,مزارع في الدلتا المصرية يكافح لمنع مياه البحر من غمر حقله بعد تضرر حاجز رملي واقٍ جراء ارتفاع الأمواج. (صورة: وكالة الأنباء المصرية - أ ش أ),بيئة,مصر
مبادرة ميسانية لإعادة إحياء فن الخط العربي الأصيل تواجه تحديات التمويل,خطاط عراقي شاب يرتدي الزي التقليدي وهو يخط لوحة فنية معقدة بالحبر الأسود على ورق مقوى، محاولاً إبراز جماليات فن الخط الديواني داخل ورشة بسيطة في إحدى مدن محافظة ميسان جنوبي العراق (وكالة الأنباء العراقية).,ثقافة,العراق
مهرجان تيميمون الثقافي يضيء واحة قورارة بفقرات فنية تراثية أصيلة,تُظهر الصورة فنانين شعبيين يرتدون أزياء بربرية تقليدية، يؤدون رقصات جماعية أمام حشد من الجمهور، خلال إحدى فعاليات مهرجان تيميمون الثقافي في الصحراء الجزائرية.,ثقافة,الجزائر
تونس تطلق برنامجاً وطنياً لتوسيع الكشف المبكر عن سرطان الثدي في المناطق الداخلية,طبيبة تشرح لمواطنة أهمية الفحص الذاتي للثدي داخل أحد المراكز الصحية بولاية القيروان (وزارة الصحة التونسية - أرشيف),صحة,تونس
"مبادرة ""إشراق"": عُمان تعزز المهارات الرقمية والتفكير النقدي لطلاب المدارس","طلاب عمانيون يشاركون في ورشة عمل تفاعلية باستخدام أجهزة لوحية، ضمن برنامج ""إشراق"" لتعزيز المهارات الرقمية (وزارة التربية والتعليم العمانية)",تعليم,عُمان
افتتاح أكاديمية لفنون الرقص الكوموري الأصيل يعزز الهوية الثقافية في جزر القمر,راقصون يرتدون أزياء تقليدية كومورية يقدمون عرضاً فنياً حيوياً خلال حفل افتتاح في العاصمة موروني.,ثقافة,جزر القمر
البحرين تطلق برنامجاً وطنياً متكاملاً لدمج الخبرات العملية في المناهج الثانوية,طلاب بحرينيون يشاركون في ورشة عمل تدريبية متخصصة ضمن برنامج تعزيز المهارات العملية الجديد بإحدى المدارس الثانوية في المحرق. (وزارة التربية والتعليم),تعليم,البحرين
دفعة قوية للرياضة الصومالية: افتتاح أول ملعب كرة قدم معشب بالكامل بتمويل شعبي في مقديشو,لاعبون صوماليون شباب يصافحون بعضهم البعض على أرضية الملعب العشبي الجديد في مقديشو، خلال حفل الافتتاح الذي حضرته شخصيات مجتمعية ورياضية.,رياضة,الصومال
الغطاء النباتي يتراجع: التغير المناخي يفاقم أزمة التصحر بالسودان,ماشية ترعى في منطقة شحيحة النباتات بالسهول السودانية، في مشهد يعكس تدهور المراعي الطبيعية جراء الجفاف والتصحر.,بيئة,السودان
الأردن يطلق مبادرة وطنية لتعزيز جودة التعليم المبكر في المناطق النائية,أطفال يشاركون في أنشطة تعليمية تفاعلية داخل روضة أطفال حديثة في إحدى القرى الأردنية ضمن المبادرة الجديدة.,تعليم,الأردن
"البحرين تطلق مبادرة ""حوار المنامة"" لتعزيز التوافق الوطني على أولويات المرحلة القادمة","وزراء ومسؤولون حكوميون خلال الجلسة الافتتاحية لمبادرة ""حوار المنامة"" الهادفة لجمع الأطراف الوطنية على طاولة واحدة (واس)",سياسة,البحرين
أزمة دستورية جديدة تلوح في الصومال مع تعليق 3 ولايات رئيسية لمشاركتها في حوار مقترح,مقر الرئاسة الصومالية في العاصمة مقديشو، في ظل تصاعد التوترات السياسية المتعلقة بالإصلاحات الدستورية (الفرنسية),سياسة,الصومال
"""تقرير أممي: بطء إعادة الإعمار يترك مئات آلاف العراقيين في مخيمات النزوح""",خيام النازحين داخل أحد المخيمات شمالي العراق، حيث يواجه الآلاف ظروفاً إنسانية صعبة جراء تأخر جهود العودة الطوعية (الأمم المتحدة),قضايا اجتماعية,العراق
خبراء دوليون ومحليون يطلقون مبادرة عاجلة لترميم فسيفساء رومانية نادرة في صبراتة الليبية,فريق من المرمِّمين يُجري مسحاً دقيقاً لفسيفساء رومانية متضررة في أحد معابد صبراتة الأثرية، استعداداً لعملية الترميم (أسوشيتد برس),ثقافة,ليبيا
مساعٍ ليبية لتوحيد المؤسسات الأمنية تواجه عقبة التباينات الإقليمية والدولية,جنود يرتدون زيًا عسكريًا موحدًا يحملون أسلحة خفيفة خلال تدريب عسكري في إحدى الثكنات بضواحي بنغازي، في سياق الجهود الوطنية المبذولة لدمج الفصائل المسلحة المتنافسة ضمن إطار هيكلي موحد، وسط تحديات سياسية ولوجستية معقدة.,سياسة,ليبيا
نفايات البلاستيك تهدد التنوع البيولوجي في محمية وادي القلط بالضفة الغربية,متطوعون فلسطينيون يجمعون أطناناً من المخلفات البلاستيكية المتراكمة على ضفاف وادي القلط التاريخي خلال حملة تنظيف بيئية (وكالة الأنباء الفلسطينية),بيئة,فلسطين
"الإمارات تدشن ""مهرجان كنوز البحر"" الدولي.. احتفاءً بالإرث الثقافي البحري العميق",صورة عامة تظهر سفناً خشبية تقليدية (محامل) راسية على الشاطئ، بينما يقوم حرفيون بعرض منتجاتهم اليدوية المستوحاة من البحر أمام حشد من الزوار في أول أيام المهرجان الثقافي في إحدى مدن الإمارات الساحلية.,ثقافة,الإمارات
جيبوتي تدشن استراتيجية وطنية لتعزيز مكانتها كمركز إقليمي رائد للبيانات الرقمية,أحد مراكز استقبال الكابلات البحرية في العاصمة جيبوتي، حيث تلتقي خطوط الإنترنت العالمية (غيتي إيميجز).,تقنية,جيبوتي
جدل أردني حول قانون الانتخابات الجديد: هل يوسع قاعدة المشاركة السياسية أم يكرس مقاعد النخب؟,مواطنون أردنيون يصطفون للإدلاء بأصواتهم في أحد مراكز الاقتراع خلال انتخابات سابقة (الأناضول),سياسة,الأردن
تدشين مشروع وطني لرقمنة المخطوطات العُمانية النادرة لحفظ كنوز التاريخ العُماني,فريق من الخبراء العُمانيين يعملون على أرشفة وتصوير مخطوطات قديمة في مركز الوثائق والمخطوطات العُماني بمسقط (وكالة الأنباء العُمانية),ثقافة,عُمان
من قلب أحياء جيبوتي: مبادرة شبابية تحوّل الهوايات الفنية إلى فرص اقتصادية مستدامة,"شاب جيبوتي يعرض منتجاً فنياً يدوياً صنعه في ورشة تدريب ""بصمة المستقبل""، الهادفة لتمكين الشباب المحلي.",مجتمع,جيبوتي
شركة اتصالات لبنانية رائدة تنجز المرحلة الأولى من مشروع تحديث شبكة الإنترنت الريفية,مهندسون يختبرون معدات اتصالات حديثة في محطة تقوية جديدة بمنطقة البقاع اللبنانية.,تقنية,لبنان
مأساة طرقية كبرى تهز الصومال: عشرات القتلى والجرحى في انقلاب حافلة ركاب,فرق الدفاع المدني ومتطوعون يباشرون انتشال الضحايا من حطام حافلة ركاب انقلبت على طريق يربط بين مدينتي بلدوين وجالكعيو وسط الصومال (رويترز).,حوادث,الصومال
الحرف التقليدية بالمغرب تكافح من أجل البقاء: دعوات عاجلة لدعم الصناع وحماية التراث الهوياتي,"صانع تقليدي يطرز الجلد بمهارة في ورشته بالمدينة القديمة بمراكش، مؤكداً أن ""المهنة تتطلب صبراً لا يملكه جيل اليوم"". (الجزيرة)",قضايا اجتماعية,المغرب
"اتحاد الكرة الكويتي يدشن أكاديمية ""الأزرق الواعد"" لتأهيل جيل جديد من النجوم","لقطة جوية تظهر مجمع أكاديمية ""الأزرق الواعد"" الجديدة في الكويت، حيث يتدرب مجموعة من اللاعبين الشباب على ملاعب عشبية حديثة، بحضور عدد من مسؤولي الاتحاد الكويتي لكرة القدم والإدارة الفنية.",رياضة,الكويت
التمويل الأصغر يُضخ الحياة في شرايين الاقتصاد الفلسطيني عبر مبادرات نسائية,سيدة فلسطينية تعرض منتجاتها اليدوية في سوق محلي بمدينة رام الله، بعد أن نجحت في تطوير مشروعها الصغير بفضل دعم برامج التمويل الأصغر.,اقتصاد,فلسطين
شخصيات سياسية وقبلية بارزة تبدأ حواراً وطنياً موسعاً في مأرب,وفود من مختلف الأطياف السياسية والقبلية خلال الجلسة الافتتاحية للحوار الوطني في مدينة مأرب اليمنية.,سياسة,اليمن
جزر القمر تدعو لقمة إقليمية حول الأمن البحري ومستقبل الاقتصاد الأزرق,الرئيس الغزالي عثماني يستقبل وفوداً دبلوماسية في القصر الرئاسي بموروني لمناقشة أجندة القمة المرتقبة.,سياسة,جزر القمر
البحرين تطلق استثمارات كبرى لتحديث شبكة الكهرباء استعداداً لدمج أوسع للطاقة المتجددة,أبراج نقل الطاقة الحديثة في البحرين تتقاطع مع أفق يظهر جزءاً من مشروع للطاقة الشمسية، في إشارة لجهود الدمج (صورة تعبيرية).,طاقة,البحرين
جزر القمر: مبادرات نسائية رائدة لتعزيز الأمن الغذائي في القرى النائية,مجموعة من النساء القُمريّات يقمن بحصاد الخضروات العضوية في حقل زراعي صغير ضمن مشروع تعاوني يهدف لتحقيق الاكتفاء الذاتي لسكان إحدى القرى الساحلية بجزيرة أنجوان.,قضايا اجتماعية,جزر القمر
جزر القمر تُطلق خطة استراتيجية شاملة لتطوير التعليم المهني والتقني,طلاب في إحدى ورش العمل التدريبية بمعهد مهني في موروني، ضمن الخطة الوطنية الجديدة لتعزيز التعليم التقني بجزر القمر (وكالة الأنباء القمرية),تعليم,جزر القمر
"""معاً للمستقبل"": قطر تطلق مبادرة وطنية لتعزيز دور الشباب في التراث والسياحة المستدامة",مجموعة من الشباب القطري، يرتدون قمصاناً عليها شعار المبادرة، يشاركون بنشاط في ورشة عمل تفاعلية داخل أحد المتاحف التراثية في الدوحة، يناقشون خرائط ومخططات لمواقع سياحية بيئية محتملة، بينما يتقدمهم مرشد محلي يشرح لهم أهمية الحفاظ على التراث الثقافي والطبيعي.,مجتمع,قطر
تحذير بيئي: دراسة تكشف مستويات مثيرة للقلق لتلوث المياه الجوفية بالمعادن الثقيلة في سهل البقاع اللبناني,مزارعون يعتمدون على الآبار الجوفية لري محاصيلهم في سهل البقاع، بينما تشير دراسة حديثة إلى تلوث محتمل (صورة أرشيفية).,بيئة,لبنان
"قطر تطلق ""برنامج الجيل الواعد"" لدعم المواهب الشابة في العلوم والتكنولوجيا","مجموعة من الطلاب القطريين يشاركون في ورشة عمل تفاعلية متقدمة بمختبر حديث، ضمن فعاليات برنامج ""الجيل الواعد"" لدعم الابتكار في إحدى المدارس الثانوية بالدوحة. (قنا - وكالة الأنباء القطرية)",تعليم,قطر
البحرين تفتتح مركزاً وطنياً رائداً لدعم الصحة النفسية للأطفال والمراهقين,أطفال يشاركون في جلسة علاج جماعية بإحدى الغرف المجهزة بمركز متخصص للصحة النفسية في المنامة، بهدف تعزيز الوعي والدعم المبكر.,صحة,البحرين
بعد سنوات من الترقب، لبنان يطلق خطة استراتيجية لتوسيع شبكة الألياف الضوئية,فنيون يعملون على مد كابلات الألياف الضوئية الجديدة في منطقة بيروت الغربية، ضمن المشروع الوطني لتطوير البنية التحتية الرقمية. (وكالة الأنباء اللبنانية),تقنية,لبنان
تونس: مشروع قانون جديد للفضاء الرقمي يثير مخاوف حقوقية وسياسية واسعة,صورة من اجتماع للجنة التشريع العام في مجلس نواب الشعب التونسي أثناء مراجعة أحد مشاريع القوانين (تلفزيون تونس),سياسة,تونس
بعثة يمنية تكتشف نقوشاً صخرية نادرة في وادي حضرموت تكشف عن حضارة بائدة,فريق من علماء الآثار اليمنيين يوثق ويكشف عن نقوش صخرية قديمة في موقع جديد مكتشف بوادي حضرموت.,ثقافة,اليمن
تونس: خلافات حول توزيع الموارد تعرقل تفعيل قانون اللامركزية,أعضاء مجلس بلدي في العاصمة تونس خلال اجتماع لمناقشة تحديات تطبيق الهيكل اللامركزي الجديد (رويترز),سياسة,تونس
"نادي المحرق يكشف عن ""رؤية 2030"" لتطوير المواهب وتوسيع قاعدته الجماهيرية","الرئيس الفخري لنادي المحرق يقف إلى جانب عدد من لاعبي أكاديمية النادي خلال المؤتمر الصحفي للإعلان عن استراتيجية ""رؤية 2030"" (نادي المحرق)",رياضة,البحرين
مكتبة قطر الوطنية تُطلق مبادرة لحفظ وترميم المجموعات الموسيقية العربية النادرة,خبير في الأرشيف الموسيقي يضع بعناية أسطوانة فونوغرافية نادرة داخل حافظة خاصة للحفظ، ضمن ورشة عمل بمكتبة قطر الوطنية (وكالة الأنباء القطرية),ثقافة,قطر
مقتل وإصابة سبعة مدنيين بانفجار لغم أرضي في ريف الرقة الشرقي,سيارة إسعاف تنقل مصابين من موقع انفجار يعتقد أنه ناجم عن لغم أرضي في منطقة زراعية بريف الرقة (وكالات),حوادث,سوريا
فلسطين تخطط لمضاعفة مساهمة الطاقة الشمسية في شبكة الكهرباء الوطنية بحلول 2030,عمال فلسطينيون يركبون ألواحاً شمسية على أسطح مبانٍ سكنية في مدينة رام الله، ضمن مشاريع تهدف لتعزيز الاعتماد على مصادر الطاقة المتجددة. (وكالة الأنباء الفلسطينية - أرشيفية),طاقة,فلسطين
الأردن يطلق خطة لتحديث شبكته الكهربائية بأنظمة تحكم متطورة لمواجهة ذروة الطلب الصيفي,فنيون في مركز التحكم الوطني للكهرباء بالأردن يقومون بمراقبة الشاشات الرقمية خلال تجربة لنظام إدارة حمل جديد، مايو 2024 (وكالة بترا),طاقة,الأردن
تونس تطلق مشروعاً وطنياً لتحديث المناهج التربوية في التعليم الأساسي,طلاب مرحلة التعليم الابتدائي يشاركون في نشاط تفاعلي داخل قاعة درس بتونس العاصمة (وكالة الأنباء التونسية),تعليم,تونس
المرابطون يدعمون مستقبل الكرة: الاتحاد الموريتاني يطلق برنامج تدريب مكثف للمدربين والحكام,مجموعة من المدربين والحكام الموريتانيين يشاركون في جلسة تدريب عملية ضمن البرنامج الجديد، على أحد ملاعب العاصمة نواكشوط، 20 يونيو/حزيران 2024. (الاتحاد الموريتاني لكرة القدم),رياضة,موريتانيا
الأردن والعراق يوقعان اتفاقية لإنشاء منطقة اقتصادية مشتركة على الحدود,وزير الصناعة والتجارة الأردني ونظيره العراقي يتبادلان وثائق البروتوكول في مراسم التوقيع بعمان مؤخراً، بحضور مسؤولين من البلدين.,سياسة,الأردن
الكويت تدشن مشروعاً وطنياً لتعزيز حصانة شبكاتها الرقمية الحيوية,مهندسون كويتيون يشرفون على تحديث خوادم الاتصالات في أحد مراكز البيانات الجديدة ضمن مبادرة الأمن السيبراني الوطنية.,تقنية,الكويت
بمشاريع متجددة.. الصومال يسعى لإنهاء عزلة مناطقه النائية عن الكهرباء,ألواح شمسية تم تركيبها حديثاً في قرية ريفية صومالية، ضمن جهود توسيع شبكة الكهرباء النظيفة للمناطق النائية (وكالات).,طاقة,الصومال
مشاريع طاقة شمسية طموحة تضيء قرى نائية في الصومال: نهاية لعقود من الاعتماد على وقود الديزل,فنيون صوماليون يعملون على تركيب ألواح شمسية لتشغيل شبكة مصغرة في قرية الشبيلي السفلى، ضمن مبادرة تعميم الكهرباء النظيفة (وكالة الأناضول),طاقة,الصومال
تفاقم العواصف الترابية في العراق يثير مخاوف من تدهور غير مسبوق في جودة الحياة,مواطن عراقي يحاول شق طريقه وسط عاصفة ترابية كثيفة غطت سماء بغداد، في مشهد بات يتكرر بوتيرة مقلقة ويهدد الصحة العامة.,بيئة,العراق
جيبوتي تدشن مشروعاً للحفاظ على فنون الحكي الشعبي ودعم الرواة المحليين,"راوية جيبوتية مسنة ترتدي زياً تقليدياً وهي تحكي قصة للأطفال خلال فعالية افتتاح مشروع ""كنوز الحكي"" في العاصمة جيبوتي.",ثقافة,جيبوتي
"مصر تعزز ""الحكومة الذكية"" بإطلاق حزمة خدمات رقمية متكاملة على منصة موحدة",يد تستخدم جهازاً لوحياً (تابلت) لتصفح واجهة منصة حكومية رقمية تعرض أيقونات لخدمات متنوعة مثل تسجيل السيارات، دفع الفواتير، وخدمات الأحوال المدنية.,تقنية,مصر
"تتويج تاريخي لفريق ""الأمل الرياضي"" بلقب الدوري الصومالي يعزز الشغف بكرة القدم",لاعبو فريق الأمل الرياضي يرفعون كأس الدوري الصومالي وسط احتفالات حاشدة للجماهير في ملعب مقديشو الدولي. (الفرنسية),رياضة,الصومال
توتر في مقديشو: بونت لاند تعلّق مشاركتها في مجلس الأمن القومي وتعقد المشهد السياسي,مسؤولون من الحكومة الفيدرالية الصومالية وممثلون عن ولايات إقليمية خلال اجتماع سابق في مقديشو (أرشيف وكالة رويترز),سياسة,الصومال
الكويت تطلق خطة وطنية عاجلة لمواجهة تآكل الشواطئ وتهديد البنى التحتية الساحلية,جزء من شاطئ كويتي تظهر عليه بوضوح آثار التآكل الشديد مع اقتراب مياه البحر من منشآت ساحلية (رويترز),بيئة,الكويت
"موسم الزيتون في فلسطين: تحديات الجني والتسويق تهدد ""ذهب"" المزارعين الأخضر",مزارعون فلسطينيون يجمعون محصول الزيتون يدويًا في أحد حقول الضفة الغربية، في ظل مخاوف من ضعف تصريف الإنتاج محلياً ودولياً. (الجزيرة),اقتصاد,فلسطين
مصر تطلق استراتيجية طموحة لتوطين صناعة اللوحات الإلكترونية وتقليص الاعتماد على الاستيراد,مهندس مصري يتفحص لوحات إلكترونية دقيقة داخل خط إنتاج حديث، في إطار خطة مصرية لتعزيز التصنيع المحلي للمكونات التكنولوجية (صورة تعبيرية).,تقنية,مصر
البرلمان الأردني يبدأ مناقشة تعديلات قانون الانتخابات وسط ترقب شعبي,جلسة لمجلس النواب الأردني يناقش فيها نواب مشروع قانون جديد (بترا - وكالة الأنباء الأردنية),سياسة,الأردن
"""حماة الذاكرة"": مبادرة شبابية تونسية لتأهيل الأحياء العتيقة وحفظ التراث",مجموعة من الشباب التونسي المتطوع يعملون على تنظيف وتزيين أحد الأزقة الضيقة في المدينة العتيقة بتونس العاصمة، ضمن حملة وطنية للحفاظ على التراث العمراني.,مجتمع,تونس
الاتحاد البحريني يكشف عن خطة استراتيجية شاملة لتطوير كرة القدم النسائية على مدار خمس سنوات,المنامة - لاعبات من المنتخب البحريني لكرة القدم النسائية يشاركن في تدريب صباحي مكثف على أحد الملاعب المخصصة، ضمن برامج الإعداد الجديدة (الجزيرة نت / تصوير: محمد الزايد).,رياضة,البحرين
قرى الأوراس تواجه شبح الخواء: هجرة الشباب تهدد التراث ومعيشة الكبار,كبار السن في قرية جبلية بمنطقة الأوراس يتبادلون الحديث أمام منزل مهجور، بينما تظهر ملامح الإهمال على بعض المباني المحيطة، في مشهد يعكس تحديات الهجرة الريفية وتأثيرها على النسيج الاجتماعي للمنطقة.,قضايا اجتماعية,الجزائر
فرق بحثية عمانية تكشف عن تحديات جديدة في مساعي حماية الوعل العربي بجبال الحجر,صورة نادرة التقطتها كاميرا مراقبة لوعل عربي في بيئته الطبيعية بجبال الحجر الشرقية بسلطنة عمان. (وزارة البيئة والشؤون المناخية),بيئة,عُمان
مستقبل الكرة السودانية في خطر: الأندية العريقة تكافح للبقاء وسط ظروف النزاع,صورة عامة لأحد الملاعب الرئيسية في السودان تظهر تضرره الجزئي وهجره بسبب النزاع الدائر (وكالة الأنباء السودانية).,رياضة,السودان
"جيبوتي تدشن ""مركز الأمل"": مبادرة مجتمعية لتمكين الشباب عبر التدريب المهني والحرفي","شباب جيبوتي يلتحقون بورشة تدريب على صيانة الأجهزة الإلكترونية ضمن البرامج الجديدة لمركز ""الأمل"" في العاصمة الجيبوتية (وكالة الأنباء الجيبوتية).",مجتمع,جيبوتي
قطر تفتتح مركزاً وطنياً متقدماً لتعزيز الأمن السيبراني للبنى التحتية الحيوية,غرفة تحكم حديثة داخل المركز القطري الجديد للأمن السيبراني، تعرض شاشات مراقبة للتهديدات الرقمية.,تقنية,قطر
"جيبوتي تدشن المرحلة الثانية من مشروع ""أسال-غوبيه"" للطاقة الحرارية الأرضية لتعزيز استقلالها الطاقوي",مهندسون وعمال جيبوتيون يفحصون معدات الحفر المتقدمة في موقع مشروع الطاقة الحرارية الأرضية بمنطقة أسال-غوبيه، إيذاناً ببدء المرحلة الثانية من تطوير المحطة.,طاقة,جيبوتي
دراسة تحذر من تزايد نفوق الكائنات البحرية بخليج الكويت جراء التخلص غير المشروع من النفايات,صياد كويتي يتفحص أسماكاً نافقة على أحد شواطئ خليج الكويت، فيما تظهر مياه الخليج بلون غير طبيعي (رويترز),بيئة,الكويت
الانقسام المصرفي يعيق التعافي: طوابير السيولة تُجمد مشاريع ليبيا,مواطنون ليبيون يصطفون في طابور طويل أمام مركز مصرفي للحصول على السيولة النقدية في بنغازي (رويترز),اقتصاد,ليبيا
تجديد النشامى: المدرب يوازن بين الخبرة والطموح الشبابي قبل تصفيات المونديال,لاعبو المنتخب الأردني لكرة القدم أثناء حصة تدريبية مكثفة في أحد الملاعب، وذلك في إطار التحضيرات للمرحلة المقبلة من التصفيات الآسيوية المؤهلة لكأس العالم (الاتحاد الأردني لكرة القدم).,رياضة,الأردن
شبح التصحر يزحف: مواسم القمح في شمال شرق سوريا على المحك,مزارع سوري يقف في حقله المتصدع من الجفاف، محاطاً بسنابل القمح الذابلة في ريف الحسكة شمال شرق سوريا، في موسم أوشك أن يكون الثاني على التوالي من شح الأمطار (وكالة الصحافة السورية),بيئة,سوريا
المغرب يعزز تدابير الصحة العامة لمواجهة التحديات الجديدة للأمراض غير السارية,طبيب يراجع ملفات مرضى في عيادة للرعاية الأولية بمدينة مغربية (الجزيرة-أرشيف),صحة,المغرب
تحذيرات من تفاقم أزمة الصحة النفسية بين الشباب السوريين وسط شح الموارد المتخصصة,مجموعة من الشباب السوريين يشاركون في ورشة عمل للتوعية بالصحة النفسية بمدينة اللاذقية، في ظل نقص المرافق المتخصصة (أ ف ب),قضايا اجتماعية,سوريا
"شباب سعودي يطلق ""واحات الحي"" لتجميل المرافق العامة ورفع مستوى الوعي البيئي","مجموعة من المتطوعين الشباب يضيفون لمسات فنية وتشجيراً لساحة عامة في حي سكني بمدينة جدة، المملكة العربية السعودية، ضمن مبادرة ""واحات الحي"".",مجتمع,السعودية
أزمة مياه حادة تهدد أحياء في الخرطوم بتفشي الأوبئة,سكان يصطفون للحصول على مياه الشرب من صنبور عام في إحدى المناطق المتضررة بمدينة الخرطوم، وسط انقطاع واسع لخدمات المياه (رويترز),قضايا اجتماعية,السودان
المغرب يدشن مجمعاً شمسياً ضخماً شمال البلاد لدعم تنافسية الصناعة الوطنية,صورة جوية تظهر امتداد الألواح الشمسية في أحد المجمعات الجديدة شمال البلاد (الجزيرة).,اقتصاد,المغرب
حريق هائل يلتهم مركزاً تجارياً كبيراً في السالمية وإصابات بالغة,تصاعد كثيف لأعمدة الدخان الأسود من واجهة مركز تجاري متعدد الطوابق في منطقة السالمية، بينما تبدو فرق الإطفاء وهي تحاول السيطرة على ألسنة اللهب.,حوادث,الكويت
مهارات بلا فرص: شباب سوريا يواجه تحديات الاندماج بسوق عمل متقلب,شباب سوريون يتلقون تدريباً مهنياً في ورشة بأحد المعاهد بدمشق، وسط ترقب لمستقبل غامض في سوق العمل.,مجتمع,سوريا
الحكومة المصرية تدشن حزمة استثمارية ضخمة لدعم قطاع الصناعات الدوائية الوطنية,عمال في أحد مصانع الأدوية الحديثة بالمنطقة الصناعية بمدينة العاشر من رمضان، مصر (رويترز),اقتصاد,مصر
"قطر تعزز ""الرئة الخضراء"" لتصمد أمام تحديات تغيُّر المناخ",أشجار المانجروف الناشئة تمتد على طول أحد السواحل القطرية الشمالية، في مشهد يعكس الجهود المستمرة لتوسيع هذه النظم البيئية الحيوية.,بيئة,قطر
أزمة النفايات تحاصر قرى شمال الضفة الغربية.. دعوات لتفعيل خطط الاستدامة المحلية,نفايات متراكمة على أطراف إحدى القرى الفلسطينية شمال الضفة الغربية (وكالات صحفية),بيئة,فلسطين
ارتفاع إيجارات السكن يهدد استقرار الأسر الشابة في البحرين,زوجان بحرينيان شابان يتصفحان إعلانات الإيجار بملامح قلق تعكس صعوبة العثور على سكن مناسب وميسور التكلفة في المنامة.,قضايا اجتماعية,البحرين
جيبوتي تطلق مبادرة وطنية واسعة لتعزيز خدمات الصحة النفسية,ورشة عمل توعوية حول الصحة النفسية ضمن المبادرة الوطنية الجديدة في إحدى ضواحي جيبوتي.,صحة,جيبوتي
تقنين قاسٍ يدفع السوريين لاعتماد الطاقة الشمسية كشريان حياة في ظل أزمة الوقود,ألواح طاقة شمسية تغطي أسطح المنازل في أحد أحياء مدينة حلب، في محاولة لتوفير الكهرباء الأساسية وسط الانقطاع المتكرر للتيار (الفرنسية),طاقة,سوريا
الهجرة الداخلية تضغط على البنية التحتية الاجتماعية... دعوات مغربية لتسريع وتيرة إدماج سكان الأحياء الهامشية,منازل غير مكتملة وأزقة ترابية بإحدى الأحياء الهامشية بضواحي الدار البيضاء، تُظهر التحديات المعيشية التي تواجه ساكنيها الوافدين من الأرياف.,قضايا اجتماعية,المغرب
تونس: مشروع قانون إصلاح القضاء يواجه معارضة واسعة من الهياكل المهنية,محامون وقضاة تونسيون يرفعون لافتات خلال وقفة احتجاجية سلمية أمام قصر العدالة بالعاصمة، تعبيراً عن رفضهم لبنود مقترح إصلاح الجهاز القضائي (رويترز),سياسة,تونس
"الكويت تطلق مشروع ""كنوز المخطوطات"" الرائد لحفظ التراث الفكري للأمة",فريق من الخبراء يعمل على رقمنة مخطوطة تاريخية قديمة في أحد المراكز الثقافية بالكويت، ضمن جهود صون الإرث المعرفي للبلاد وتسهيل الوصول إليه.,ثقافة,الكويت
الجزائر تطلق برنامجاً وطنياً لربط التكوين المهني بمتطلبات السوق الاقتصادية,طلاب جزائريون يتدربون على تشغيل آلات متطورة داخل ورشة تابعة لمركز تكوين مهني حكومي بالعاصمة الجزائرية.,تعليم,الجزائر
مبادرة شبابية في اليمن تتحدى صعوبات الإنترنت بتطوير شبكات لاسلكية محلية,شباب يمنيون يقومون بتركيب وتجربة مكونات شبكة إنترنت لاسلكية مبتكرة مصممة لخدمة قرى نائية تعاني من ضعف الاتصال في محافظة إب (مواقع التواصل).,تقنية,اليمن
الرئيس الصومالي: لن نقبل بانتهاك سيادتنا ومستعدون للدفاع عن كل شبر من أراضينا,الرئيس الصومالي حسن شيخ محمود خلال كلمة ألقاها في قمة إقليمية سابقة بمقديشو (رويترز),سياسة,الصومال
"جزر القمر تطلق ""مبادرة الاتصال الرقمي"" لتعميم الإنترنت فائق السرعة عبر الأرخبيل",مسؤولون وممثلون عن شركات تقنية يعرضون خطط البنية التحتية الرقمية لجزر القمر خلال مؤتمر صحفي (وكالة الأنباء القمرية),تقنية,جزر القمر
مبادرة شبابية سورية تطلق مشروعاً لتعزيز خدمة الإنترنت عبر الألياف الضوئية في الأحياء المتضررة بحمص,فريق من المهندسين الشباب السوريين يثبتون كابلات الألياف الضوئية على أعمدة إنارة في أحد الأحياء التي شهدت دماراً بمدينة حمص.,تقنية,سوريا
اكتشاف نقوش صخرية نادرة في جيبوتي تسلط الضوء على حضارات ما قبل التاريخ,فريق من الباحثين الجيبوتيين والفرنسيين يوثق نقوشاً حيوانية وبشرية على صخور وادي وادي في منطقة دخيل، يعود تاريخها لآلاف السنين (وزارة الثقافة الجيبوتية).,ثقافة,جيبوتي
البحرين تدشن مشروعاً استراتيجياً لتعزيز استقرار الشبكة الكهربائية بدمج مصادر الطاقة المتجددة,لقطة علوية لمشروع محطة للطاقة الشمسية في البحرين، تظهر الألواح الشمسية الممتدة مع أبراج نقل الطاقة في الخلفية، في إشارة لجهود دمج الطاقة النظيفة بالشبكة الوطنية.,طاقة,البحرين
"السلط تحتفي بافتتاح مركز ""إرث الفنون"" الثقافي بمبنى عثماني مرمم","جانب من حفل افتتاح مركز ""إرث الفنون"" الثقافي بمدينة السلط الأردنية، والذي أقيم في مبنى تاريخي يعود للعهد العثماني، تم ترميمه حديثاً ليضطلع بدور حاضنة للفنون والتراث المحلي (الجزيرة)",ثقافة,الأردن
"السعودية تدشن مبادرة ""صحة المستقبل"" لتعزيز الوقاية من الأمراض المزمنة","فريق طبي سعودي يقدم استشارات ويفحص مشاركين ضمن فعاليات مبادرة ""صحة المستقبل"" في أحد المراكز المجتمعية بالرياض (واس).",صحة,السعودية
نجمة صاعدة في رفع الأثقال: شابة مغربية تحطم الرقم القياسي الوطني وتلهم جيلاً جديداً,اللاعبة المغربية الواعدة، سارة العلوي (20 عامًا)، خلال محاولتها الناجحة لرفع الأثقال في البطولة الوطنية بمدينة أكادير، محققةً رقمًا قياسيًا جديدًا في وزنها (وكالة المغرب العربي للأنباء).,رياضة,المغرب
تقرير أممي يحذر من تزايد التسرب المدرسي بسوريا لأسباب اقتصادية,أطفال يجمعون مواد قابلة للتدوير في أحد الأحياء السكنية بمدينة حماة السورية (رويترز),قضايا اجتماعية,سوريا
"مبادرة ""تمكين"" في عُمان تطلق برامج تدريب نوعية لدمج الشباب ذوي الإعاقة","شباب عمانيون من ذوي الإعاقة يشاركون بفاعلية في ورشة عمل تدريب مهني على المهارات الرقمية ضمن مبادرة ""تمكين"" في العاصمة مسقط.",قضايا اجتماعية,عُمان
الجامعات السودانية: معركة استئناف التعليم بين النزوح ونقص الموارد,طلاب سودانيون يتجمعون أمام مبنى جامعي مؤقت في إحدى الولايات الآمنة، في انتظار إعلان خطة استئناف الدراسة (رويترز),تعليم,السودان
الكشف عن فسيفساء رومانية نادرة في صبراتة تعكس الحياة اليومية القديمة,فريق من علماء الآثار يكشفون عن جزء من فسيفساء رومانية نادرة أثناء أعمال التنقيب في مدينة صبراتة الأثرية بليبيا.,ثقافة,ليبيا
الأردن يفتتح أول مركز رقمي لحفظ وتوثيق السرديات البدوية في معان,مسن أردني يروي إحدى القصص الشعبية البدوية في جلسة تقليدية بمدينة معان.,ثقافة,الأردن
"العراق يخطو خطوة عملاقة نحو تصفير حرق الغاز بحقل ""الحلفاية"" النفطي",صورة جوية لأحد حقول النفط في جنوب العراق، تظهر أبراج معالجة الغاز الحديثة وألسنة لهب صغيرة تتقلص تدريجياً، في إشارة إلى جهود الحد من الحرق (وكالات).,طاقة,العراق
"""درع الأردن الرقمي"": المملكة تطلق إستراتيجية وطنية لتعزيز صمودها السيبراني",مهندسون أردنيون يتابعون شاشات مراقبة تعرض تحليلات للتهديدات السيبرانية المحتملة داخل مركز عمليات أمن الشبكات الجديد في عمّان.,تقنية,الأردن
"شباب الخليل يطلقون ""خيوط الأصالة"": مبادرة لإحياء فن التطريز الفلسطيني العريق","شابات فلسطينيات في ورشة عمل لتعلم فن التطريز التقليدي ضمن مبادرة ""خيوط الأصالة"" في مدينة الخليل (الأناضول)",ثقافة,فلسطين
"سلطنة عُمان تفتتح أكاديمية ""الشذى"" الكروية لتعزيز المواهب الصاعدة بمقاييس عالمية","لقطة علوية للأكاديمية العمانية الجديدة ""الشذى"" لكرة القدم تظهر الملاعب الخضراء ومرافق التدريب المتكاملة قبل الافتتاح الرسمي (وكالة الأنباء العمانية).",رياضة,عُمان
"الإمارات تدفع بمبادرة ""درع البحر الأبيض"" شرق المتوسط.. تساؤلات إقليمية حول التوجّهات الاستراتيجية",[صورة: وزراء خارجية وممثلون عن دول عربية وأوروبية يجلسون إلى طاولة مستديرة في مؤتمر حول الأمن البحري عُقد في أبوظبي، 25 مارس/آذار 2024. (وكالة الأنباء الإماراتية)],سياسة,الإمارات
الرياضة تجمع الأمل.. افتتاح مركز تدريب رياضي متكامل للشباب في الصومال لدعم المواهب المحلية,"شباب صوماليون يتدربون بحماس على أحد ملاعب العشب الصناعي داخل ""المركز الوطني لتنمية المواهب الرياضية"" في مقديشو، والذي يمثل بصيص أمل لمستقبل رياضي واعد في البلاد.",رياضة,الصومال
انقسام الفصائل يهدد مؤتمر المصالحة المرتقب في رام الله,زعماء فصائل فلسطينية خلال اجتماع سابق في مدينة رام الله لمناقشة القضايا الوطنية (رويترز),سياسة,فلسطين
انهيار صخري ضخم يقطع طريقاً رئيسياً في شمال لبنان ويخلف محتجزين,جرافات وآليات ثقيلة تعمل على إزالة الانهيار الصخري الذي قطع طريقاً جبلياً في شمال لبنان (وكالة الأنباء اللبنانية),حوادث,لبنان
قطر تدشن استراتيجية وطنية شاملة لتعزيز الصحة النفسية المجتمعية,مسؤولون من وزارة الصحة العامة ومؤسسة الرعاية الصحية الأولية خلال مؤتمر صحفي للإعلان عن الاستراتيجية الوطنية للصحة النفسية في الدوحة (قنا),صحة,قطر
الكويت تطلق منصة رقمية مركزية لتوحيد خدمات النفط والغاز ورفع الكفاءة التشغيلية,مهندس كويتي يشير إلى شاشة عرض كبيرة تظهر بيانات تحليلية لحظية لمنصة رقمية متقدمة تُستخدم لمراقبة وإدارة عمليات حقول النفط والغاز في الكويت (شترستوك).,تقنية,الكويت
الأردن والعراق يطلقان مبادرة مشتركة لتعزيز التكامل الاقتصادي ومواجهة التحديات الإقليمية,وزيرا خارجية الأردن والعراق يصافحان بعضهما البعض بعد توقيع وثيقة المبادرة المشتركة في العاصمة الأردنية عمان (الجمهورية برس),سياسة,الأردن
علماء آثار يكشفون عن نقوش صخرية نادرة في صحراء النوبة السودانية تعود لآلاف السنين,صورة جوية تظهر فريقاً من علماء الآثار والمختصين يوثقون موقع النقوش الصخرية المكتشفة حديثاً في إحدى الوديان النائئة بصحراء النوبة شمال السودان (وكالة السودان للأنباء/سونا).,ثقافة,السودان
الفجوة الرقمية تعمق عزلة أجيال في الجزائر.. طلاب المناطق النائية يواجهون شبح التهميش التعليمي,طفل يحاول التقاط إشارة إنترنت ضعيفة من أعلى تلة في قرية نائية بولاية إليزي بالجزائر (الجزيرة),قضايا اجتماعية,الجزائر
الجزائر تعلن خطة استعجالية لمواجهة شبح ندرة المياه قبيل صيف حار,منظر لجزء من سد كبير بالجزائر يظهر تراجعاً ملفتاً في منسوب المياه، في ظل الاستعدادات لموسم الصيف الجاف.,بيئة,الجزائر
الجزائر تعتمد مساراً جديداً للتعليم الابتدائي ببرنامج وطني لتعميم الورشات التطبيقية,أطفال جزائريون يشاركون بتركيز في ورشة للأنشطة التطبيقية داخل إحدى المدراس الابتدائية في إطار البرنامج الوطني الجديد (رويترز),تعليم,الجزائر
ندرة المياه الصالحة للشرب تعيق جهود التنمية الريفية في جزر القمر,نساء وأطفال في إحدى القرى الكومورية النائية ينتظرون دورهم لملء أوعية المياه من نقطة تجميع تبعد عدة كيلومترات عن منازلهم، مما يبرز التحديات اليومية (وكالة أنباء محلية).,قضايا اجتماعية,جزر القمر
جهود أهلية تبث الأمل في قرى موريتانيا الشرقية لمواجهة شح المياه,أطفال ونساء يتجمعون حول نقطة توزيع مياه نقية تم انشاؤها بمبادرة مجتمعية في إحدى قرى ولاية الحوض الشرقي بموريتانيا، تعبيراً عن التغلب على تحديات شح المياه.,مجتمع,موريتانيا
الصومال يطلق جولة تراخيص جديدة للتنقيب عن النفط والغاز البحري لجذب الاستثمارات,خريطة توضيحية للمناطق البحرية الاقتصادية الخالصة للصومال مع تحديد مناطق التنقيب المقترحة (الوكالة الصومالية للنفط والغاز OOGS),طاقة,الصومال
عملاق الكرة الجزائرية مولودية الجزائر يكشف عن خطة طموحة للعودة إلى منصات التتويج القارية,صورة جماعية للاعبي نادي مولودية الجزائر والجهاز الفني خلال معسكر تدريبي أخير قبل انطلاق الموسم (وكالة الأنباء الجزائرية),رياضة,الجزائر
"انطلاق ""بطولة الأطلس الدولية للفروسية"" في دورتها الخامسة بمدينة الجديدة",خيول وفرسان يستعدون للمنافسة في قفز الحواجز بمركز المعرض الدولي بالجديدة (رويترز),رياضة,المغرب
الإمارات تطلق خطة استراتيجية لزراعة 100 مليون شجرة قرم بحلول 2030,متطوعون يشاركون في زراعة شتلات القرم على السواحل الشمالية لدولة الإمارات، في إطار المبادرة الوطنية لتعزيز التنوع البيولوجي.,بيئة,الإمارات
"لبنان يواجه ""نزيفاً ديموغرافياً"": هجرة الشباب تفرغ الكفاءات وتعمق الأزمة الاجتماعية",مجموعة من الشباب اللبنانيين ينتظرون في صالة مطار رفيق الحريري الدولي، استعداداً لمغادرة البلاد بحثاً عن فرص عمل وحياة أفضل. (الفرنسية),قضايا اجتماعية,لبنان
خبراء بيئيون يحذرون من تزايد زحف الرمال على الواحات العُمانية ويدعون لتدخلات عاجلة,فرق من وزارة البيئة والشؤون المناخية تقيم حواجز طبيعية لمقاومة زحف الرمال في إحدى واحات محافظة الظاهرة (وزارة البيئة العُمانية),بيئة,عُمان
موريتانيا: تآكل السواحل يهدد مدن وقرى الصيادين بارتفاع منسوب المحيط الأطلسي,صيادون محليون يتفقدون آثار تآكل التربة على شاطئ إحدى القرى الساحلية في موريتانيا (الوكالة الموريتانية للأنباء),بيئة,موريتانيا
مبادرات مجتمعية بعُمان تكافح عزلة كبار السن وتعزز رفاههم الاجتماعي,متطوعة شابة تستمع بانتباه لسيدة مسنة خلال زيارة منزلية ضمن أحد برامج الدعم النفسي والاجتماعي في ولاية صحار (جمعية المرأة العمانية),قضايا اجتماعية,عُمان
الإمارات تدشن المرحلة التشغيلية لمشروع حتا لتخزين الطاقة الكهرومائية بقدرة 250 ميغاواط,لقطة جوية بانورامية تُظهر حوض التخزين العلوي لمشروع حتا للطاقة الكهرومائية، محاطاً بالجبال الوعرة في دبي، مع بداية أعمال الضخ التجريبية. (مصدر خاص),طاقة,الإمارات
دمشق ترحب بمقترح عربي لآلية إقليمية لمتابعة ملفات اللجان الدستورية,وزير الخارجية السوري، فيصل المقداد (يمين)، خلال لقاء مع نظيره الأمين العام للجامعة العربية، أحمد أبو الغيط، على هامش اجتماع عربي سابق (الفرنسية),سياسة,سوريا
"الجزائر تدشن مرحلة جديدة لتعزيز ""السد الأخضر"" في مواجهة التصحر وتغير المناخ","⁨عاملون ومتطوعون يزرعون شتلات الصنوبر والأرز في إطار مشروع ""السد الأخضر"" بمنطقة عين الابل بولاية الجلفة (وكالة الأنباء الجزائرية)⁩",بيئة,الجزائر
عُمان تدفع باتجاه تعزيز الحكم المحلي وتوسيع صلاحيات مجالس المحافظات,مبنى حديث لمجلس بلدية إحدى ولايات سلطنة عُمان، يرمز لتوجهات تعزيز التنمية اللامركزية (الفرنسية),سياسة,عُمان
الكويت تطلق برنامجاً وطنياً لدمج المهارات الرقمية في المناهج الأساسية,مجموعة من الطلاب الكويتيين يشاركون في ورشة عمل تفاعلية باستخدام أجهزة لوحية حديثة داخل فصل دراسي مجهّز، تظهر على الشاشة شروحات برمجية بسيطة. (تصوير: وكالة الأنباء الكويتية/كونا),تعليم,الكويت
مواطنون يتأهبون: مبادرات أهلية تُنقذ الحدائق العامة في لبنان من الإهمال بفعل الأزمة,متطوعون من أبناء بلدة حمانا في جبل لبنان يشاركون في حملة تنظيف واسعة لإحدى الحدائق العامة، في مشهد يعكس تضافر الجهود الأهلية للحفاظ على المرافق الحيوية في ظل التحديات الاقتصادية.,مجتمع,لبنان
الكويت تطلق مبادرة وطنية طموحة لمضاعفة مساهمة القطاع التقني في الناتج المحلي الإجمالي,مسؤولون كويتيون خلال مؤتمر صحفي يعلنون عن تفاصيل المبادرة الهادفة لدعم الابتكار والتحول الرقمي في البلاد (وكالة الأنباء الكويتية - كونا).,تقنية,الكويت
تونس تطلق خطة لدعم المؤسسات الصغرى والمتوسطة وتخفيف أعباء التضخم,عمال في ورشة صناعية صغيرة بمدينة سوسة التونسية، حيث تسعى الحكومة لدعم هذه المؤسسات في مواجهة التحديات الاقتصادية الراهنة (وكالة الأنباء التونسية).,اقتصاد,تونس
البحرين تُطلق مشروعًا وطنيًا لتعزيز التنوع البيولوجي البحري وحماية الشعاب المرجانية,غواصون متطوعون يثبتون شتلات مرجانية صغيرة على هياكل مخصصة في قاع البحر ضمن المرحلة الأولى من مشروع ترميم بيئي قبالة السواحل البحرينية.,بيئة,البحرين
الجزائر تطلق أكبر مشروع ترميم لموقع جميلة الأثري منذ عقود,منظر عام لموقع جميلة الأثري يظهر الأعمال الجارية لترميم المدرج الروماني (وكالة الأنباء الجزائرية),ثقافة,الجزائر
شباب تيزي وزو يُجدد شغفه بالحرف التقليدية: هل تُنقذ الأيدي الشابة الفخار الأمازيغي من الاندثار؟,شابة جزائرية ترتدي لباساً تقليدياً تبتسم وهي تشكل الطين على عجلة فخار، بجانبها حرفي مسن يوجهها في ورشة ببلدة آيت يحيى بولاية تيزي وزو.,مجتمع,الجزائر
"منظمات إغاثية تحذر: تفشي ""حمى الضنك"" يهدد مخيمات النازحين بولاية الجزيرة السودانية",طفل مصاب بالحمى يتلقى رعاية أولية في عيادة ميدانية مكتظة داخل أحد مخيمات النزوح بولاية الجزيرة، وسط تحذيرات من تفاقم الوضع الصحي بسبب نقص الإمدادات الطبية وشح المياه النظيفة.,صحة,السودان
"الجزائر تطلق ""جيل المهنة"": 50 مركزاً تكنولوجياً جديداً لدعم التكوين المهني","شباب جزائريون يتدربون على آلات حديثة في ورشة تكوين مهني متقدمة، ضمن مبادرة ""جيل المهنة"".",تعليم,الجزائر
البحرين تطلق برنامجاً وطنياً شاملاً لدعم الصحة النفسية للأطفال والمراهقين,أطفال يتفاعلون مع أخصائيين نفسيين في بيئة داعمة ضمن برنامج يهدف لتعزيز الوعي بالصحة النفسية لدى النشء (شترستوك),صحة,البحرين
"جزر القمر تطلق مشروعاً وطنياً لترميم ""المسجد القديم"" في موروني لحفظ تراثها الروحي","واجهة ""المسجد القديم"" التاريخي في العاصمة موروني بجزر القمر، الذي يُعد رمزاً للعمارة الإسلامية في الأرخبيل (رويترز).",ثقافة,جزر القمر
تعاون مكافحة المخدرات يكسر الجمود: مساعٍ إقليمية لإعادة دمج سوريا سياسياً,اجتماع أمني إقليمي يناقش سبل تعزيز التعاون المشترك لمكافحة تهريب المخدرات عبر الحدود السورية.,سياسة,سوريا
"موريتانيا تطلق مبادرة وطنية لحفظ ""كنوز المحاظر"" الشعرية الشفهية من الاندثار",شيخ موريتاني يروي قصائده الشفهية أمام فريق من الشباب الموثقين في إحدى المحاظر التقليدية بنواكشوط، في مشهد يعكس جهود حفظ الموروث الثقافي غير المادي (رويترز).,ثقافة,موريتانيا
"الجزائر: إطلاق ""مخطط الألف مدرسة خضراء"" لتعزيز جودة التعليم وتحقيق الاستدامة الوطنية",صورة جوية لمجمع مدرسي حديث الإنشاء في ضواحي مدينة قسنطينة، يظهر أسطحاً مزودة بألواح شمسية ومساحات خضراء واسعة، كنموذج للمدارس المستقبلية ضمن المبادرة الوطنية.,تعليم,الجزائر
الصومال تدشن مركز بيانات وطني حديث لتعزيز السيادة الرقمية والنمو الاقتصادي,مسؤولون حكوميون صوماليون يتابعون عرضاً تقديمياً داخل أروقة مركز البيانات الوطني الجديد في العاصمة مقديشو أثناء حفل الافتتاح الرسمي.,تقنية,الصومال
تصادم تسلسلي مروع يودي بحياة شخصين ويصيب 11 آخرين على طريق الإمارات بالشارقة,فرق الدفاع المدني والإسعاف الإماراتية تتعامل مع موقع حادث تصادم تسلسلي نجم عن تدهور الرؤية على طريق الإمارات في الشارقة فجر اليوم، حيث تظهر الأضرار البالغة على عدد من المركبات المتورطة.,حوادث,الإمارات
الأردن يطلق المرحلة الأولى من برنامج وطني للكشف المبكر عن أمراض القلب والسكري,طبيب يشرح لمتطوع إجراءات الفحص خلال حملة توعية صحية سابقة في مركز طبي بالعاصمة الأردنية عمّان.,صحة,الأردن
موريتانيا توقع صفقة تاريخية لإنشاء مجمع للهيدروجين الأخضر بقيمة 4 مليارات دولار,تظهر في الصورة لقطة جوية واسعة لموقع صحراوي شاسع في موريتانيا، مع رسوم بيانية توضيحية تظهر التصور المستقبلي لمجمع صناعي ضخم لإنتاج الهيدروجين الأخضر، يبرز فيها استخدام الألواح الشمسية ومراوح الرياح كمصادر للطاقة المتجددة.,اقتصاد,موريتانيا
"البحرين تطلق ""روايات الجزيرة"" لدعم التراث الشفهي والروائي الشبابي","حكواتي بحريني يروي قصة لمجموعة من الأطفال والشبان خلال ورشة عمل تحضيرية ضمن فعاليات إطلاق مهرجان ""روايات الجزيرة"" الثقافي في المنامة (وكالة الأنباء البحرينية).",ثقافة,البحرين
مصر تطلق أكاديميات متخصصة لتنمية المواهب في الرياضات المائية,قوارب تجديف تتهادى في مياه نهر النيل بالقاهرة، بينما يتدرب عليها مجموعة من الشباب المصريين ضمن برنامج وطني لتطوير رياضات التجديف والكانوي.,رياضة,مصر
البحرين تستقطب استثمارات بمليار دولار عبر صندوق جديد لتمويل المشاريع الخضراء,منظر لأفق المنامة يبرز الأبراج المالية الحديثة في العاصمة البحرينية (رويترز),اقتصاد,البحرين
فلسطين تعزز أمنها الغذائي بمزارع عمودية: مبادرة جديدة لمواجهة شح المياه بالضفة الغربية,مهندسون وفنيون فلسطينيون يتفقدون محاصيل خضراوات ورقية تزرع بطريقة الزراعة العمودية داخل أحد البيوت البلاستيكية الحديثة في ريف بيت لحم، ضمن مشاريع لتعزيز الاكتفاء الذاتي.,اقتصاد,فلسطين
تونس تسرّع في تبني التقنيات الزراعية الذكية لمواجهة تحديات الأمن الغذائي,مهندس زراعي يستعرض تطبيقات مراقبة المحاصيل باستخدام أجهزة لوحية في مزرعة حديثة بولاية بنزرت (وكالة تونس أفريقيا للأنباء),تقنية,تونس
سيول جارفة تباغت متنزّهين في وادي بمحافظة شمال الباطنة.. حصيلة أولية لضحايا ومفقودين,فرق الإنقاذ تباشر عمليات البحث عن مفقودين في مجرى وادٍ غمرته السيول شمال الباطنة (الشرطة السلطانية العمانية),حوادث,عُمان
قطر تدشن برنامجاً وطنياً طموحاً للكشف المبكر عن السرطان بتقنيات متطورة,طبيب يعرض شاشة جهاز تصوير طبي متقدم خلال فعالية إطلاق برنامج الكشف المبكر عن السرطان في الدوحة (مؤسسة حمد الطبية).,صحة,قطر
قانون استعادة الأموال المنهوبة: جدل يهدد بتعميق الشرخ السياسي في لبنان,نواب لبنانيون خلال جلسة سابقة في مجلس النواب ببيروت (رويترز),سياسة,لبنان
موريتانيا تتجه لتحديث أسطول الصيد بملايين الدولارات لمواجهة تحديات الأمن الغذائي وتعزيز الصادرات,صيادون موريتانيون يفرغون شباكهم من الأسماك الطازجة على رصيف ميناء نواكشوط، مع خلفية لسفن صيد تقليدية (رويترز).,اقتصاد,موريتانيا
"السعودية تدشن برنامج ""قلبك أولاً"" للكشف المبكر عن قصور القلب المزمن",فريق طبي متخصص يقدم استشارات وفحوصات مجانية للكشف عن أمراض القلب في إحدى المراكز الصحية ضمن فعاليات برنامج وطني (شترستوك),صحة,السعودية
تقرير أممي يحذر: عشرات المدارس الرسمية في لبنان على شفا الانهيار وتفتقر لأدنى معايير السلامة,طلاب يتلقون دروسهم داخل فصول دراسية متهالكة في إحدى المدارس الرسمية شمال لبنان تفتقر لأعمال الصيانة (الفرنسية),تعليم,لبنان
الإمارات تطلق خطة استراتيجية طموحة لرعاية المواهب الرياضية الواعدة عالمياً,رياضيون إماراتيون ناشئون يتدربون في أحد المراكز الرياضية المتطورة، تجسيداً لأهداف الخطة الاستراتيجية الجديدة الرامية لصقل المواهب الواعدة. (وام),رياضة,الإمارات
"""بوابة الشرق الأوسط"": السعودية تطلق مبادرة طموحة لتعزيز منظومتها اللوجستية وتيسير التجارة الإقليمية",لقطة جوية حديثة لأحد المجمعات اللوجستية المتطورة في السعودية، تظهر مساحات واسعة لتخزين البضائع وشبكة طرق ربط سلسة، في إشارة إلى الاستثمارات الضخمة في البنية التحتية.,اقتصاد,السعودية
البحرين تكشف عن خطة عمل حكومية لدمج الشباب في صنع القرار وتعزيز الحوكمة,وزير شؤون الشباب البحريني يتحدث خلال مؤتمر صحفي للإعلان عن المبادرة الجديدة في المنامة (وكالة أنباء البحرين),سياسة,البحرين
تلمسان تستقبل ورش عمل مكثفة لإحياء فن الزليج الأندلسي وتأهيل جيل جديد من الحرفيين,صورة مقربة تُظهر أيادي حرفي جزائري شاب وهو يثبت بدقة قطعة زليج ملونة في لوحة فنية جدارية خلال إحدى الورش بمدينة تلمسان.,ثقافة,الجزائر
السعودية تدشن حملة وطنية واسعة لتعزيز الوعي بالصحة النفسية ومواجهة وصمة العار,لوحة إعلانية ضخمة تعرض شعار الحملة الوطنية لتعزيز الوعي بالصحة النفسية في أحد شوارع الرياض، تزامناً مع تدشينها (واس),قضايا اجتماعية,السعودية
تجاذبات المشهد السياسي المصري: دعوات لتوسيع قاعدة المشاركة قبيل استئناف الحوار الوطني,مشاركون من مختلف الأطياف السياسية في مؤتمر تشاوري بالقاهرة، في إطار التحضيرات لجولات الحوار الوطني المقبلة (مكتب الرئاسة المصرية).,سياسة,مصر
نادي جمهورية يحسم لقب الدوري الجيبوتي في مواجهة حامية الوطيس,لاعبو نادي جمهورية يحتفلون بلقب الدوري الجيبوتي وسط حشود جماهيرية في ملعب مدينة جيبوتي (الاتحاد الجيبوتي لكرة القدم),رياضة,جيبوتي
جيل بلا صفوف دراسية: أطفال السودان النازحون يواجهون أزمة تعليم وصحة نفسية متفاقمة,مجموعة من الأطفال النازحين يجلسون أمام خيمة مؤقتة في إحدى ضواحي ود مدني، يفتقدون مقاعد الدراسة ومرافق الرعاية (الأمم المتحدة),قضايا اجتماعية,السودان
"تدهور نتائج القادسية يثير غضب الجماهير ويزيد الضغط على إدارة ""القلعة الصفراء""",جماهير نادي القادسية تعرب عن استيائها خلال مباراة أخيرة شهدت خسارة فريقها ضمن منافسات الدوري الكويتي الممتاز (رويترز),رياضة,الكويت
عُمان تدشّن منصة سحابية وطنية ضخمة لتعزيز التحول الرقمي والتنوع الاقتصادي,وزير النقل والاتصالات وتقنية المعلومات العماني، م. سعيد البلوشي، يتفقد وحدات الخوادم الحديثة داخل مركز البيانات الوطني الجديد خلال حفل الافتتاح الرسمي في مسقط (وكالة الأنباء العمانية),تقنية,عُمان
المغرب يطلق مشروعاً ضخماً لرقمنة وترميم آلاف المخطوطات اليهودية العتيقة بفاس,لقطة مقربة لمخطوط يهودي قديم مفتوح، تظهر فيه الكتابة العبرية، مع أيادٍ ترتدي قفازات واقية تعمل على ترميم إحدى صفحاته داخل مختبر متخصص بمدينة فاس (وكالة الأنباء المغربية),ثقافة,المغرب
الريان يعزز صدارته لدوري نجوم قطر بفارق تاريخي ويقترب من اللقب الغائب,لاعب من نادي الريان يحتفل بتسجيل هدف في إحدى مباريات دوري نجوم قطر على استاد أحمد بن علي (الجزيرة),رياضة,قطر
تفاقم تلوث المياه الجوفية يهدد الأمن الغذائي في سهل البقيعة بالضفة الغربية,مزارع فلسطيني يتفقد محصولاً متضرراً جراء تلوث المياه في سهل البقيعة بالضفة الغربية.,بيئة,فلسطين
البرلمان الموريتاني يشرع في مناقشة تفصيلية لمشروع قانون إصلاح النظام الانتخابي,جانب من القاعة الرئيسية للجمعية الوطنية الموريتانية خلال إحدى الجلسات التشريعية الأخيرة في نواكشوط (وكالة الأنباء الموريتانية),سياسة,موريتانيا
البحرين تدشن مركز بيانات سحابي ضخم لتعزيز تنافسيتها الإقليمية,واجهة مركز بيانات سحابي حديث في العاصمة البحرينية المنامة (رويترز),تقنية,البحرين
مدارس الضفة الغربية تدمج المهارات الرقمية والمهنية في مناهجها لتعزيز فرص الشباب,طلاب فلسطينيون يعملون على مشاريع تطبيقية في مختبر تقني بإحدى مدارس رام الله، ضمن المبادرة الجديدة لتعزيز المهارات (رويترز),تعليم,فلسطين
"""لمحة صومالية"" يفتتح أبوابه في مقديشو لتعزيز الفنون المحلية وهويتها","وزير الثقافة الصومالي ومسؤولون محليون أثناء قص شريط الافتتاح أمام مدخل متحف ""لمحة صومالية"" الجديد في مقديشو (وكالة الأنباء الصومالية)",ثقافة,الصومال
حملة شبابية بجزر القمر تطلق مبادرات مبتكرة لمستقبل بحري مستدام,شباب متطوعون من جزر القمر يفرزون النفايات البلاستيكية التي جمعوها من شاطئ محلي ضمن جهودهم لحماية البيئة البحرية.,مجتمع,جزر القمر
الاتحاد العُماني لكرة القدم يوافق على زيادة عدد اللاعبين الأجانب في دوري عمانتل,جانب من اجتماع مجلس إدارة الاتحاد العُماني لكرة القدم لمناقشة اللوائح الجديدة لدوري عمانتل للمحترفين.,رياضة,عُمان
عُمان تدشن المرحلة التشغيلية الأولى لمشروع الدقم للهيدروجين الأخضر بحضور دولي,وزير الطاقة والمعادن العُماني، الدكتور سالم العوفي (يسار)، وممثل عن ائتلاف الشركاء الدوليين خلال جولة تفقدية لمرافق مشروع الهيدروجين الأخضر في الدقم، الأربعاء. (وكالة الأنباء العُمانية),طاقة,عُمان
مصر تعلن خطة واسعة لإصلاح التعليم الفني ليتماشى مع متطلبات الصناعة الحديثة,طلاب مصريون يتدربون على تشغيل آلات حديثة داخل ورشة عمل فنية في إحدى المعاهد المتخصصة في القاهرة. (رويترز),تعليم,مصر
"قطر تدشن توسع ""حقل الشمال"" الأضخم عالمياً.. قفزة استراتيجية لتأمين إمدادات الطاقة",منظر بانورامي لمرافق معالجة الغاز المسال العملاقة في مدينة رأس لفان الصناعية بقطر، والتي تعد مركزاً حيوياً لمشروع توسعة حقل الشمال.,اقتصاد,قطر
حادث مروع على أوتوستراد الشمال يودي بحياة خمسة أشخاص ويصيب عشرة آخرين في لبنان,مشهد من موقع حادث التصادم المروع على أوتوستراد الشمال، يظهر فيه عدد من المركبات المتضررة وسيارات الإسعاف وعناصر الدفاع المدني أثناء عمليات الإغاثة وسحب الجرحى (الدفاع المدني اللبناني).,حوادث,لبنان
تحول تاريخي: الدوري العراقي الممتاز يقرّ تطبيق تقنية حكم الفيديو (VAR) رسمياً,لقطة من إحدى مباريات الدوري العراقي الممتاز (أرشيفية)، تظهر اللعب الجاري، في انتظار تطبيق تقنية حكم الفيديو المساعد (VAR) لتعزيز العدالة التحكيمية.,رياضة,العراق
انهيار جزء من جسر قيد الإنشاء في الدمام يثير تساؤلات حول معايير السلامة,فرق الإنقاذ تعمل على إزالة الركام من موقع انهيار جزء من جسر قيد الإنشاء على طريق الملك فهد في الدمام (الدفاع المدني السعودي).,حوادث,السعودية
اليمن: مبادرة إقليمية جديدة تستهدف تمكين الإدارة المحلية في المناطق المحررة,وفد دولي وإقليمي يجتمع مع مسؤولين محليين في مدينة مأرب، اليمن، خلال ورشة عمل حول تحديات الحكم المحلي، 15 مايو 2024 (رويترز),سياسة,اليمن
أبوظبي تستضيف جولة محادثات مكثفة حول مستقبل الانتقال السياسي في السودان,ممثلون عن الأطراف المدنية والعسكرية السودانية يلتقون في قاعة اجتماعات بالعاصمة الإماراتية أبوظبي لمناقشة سبل إنهاء الأزمة السياسية الراهنة (وكالة أنباء الإمارات),سياسة,الإمارات
"الجزائر تطلق ""الورشات النموذجية"": برنامج وطني لتعزيز التعليم المهني وتجسير الفجوة مع متطلبات السوق",طلاب في ورشة عمل تقنية داخل معهد للتكوين المهني بولاية وهران يقومون بتطبيق عملي على أنظمة التحكم الرقمي، ضمن البرنامج الوطني الجديد (وكالة الأنباء الجزائرية).,تعليم,الجزائر
رغم تحديات المناخ.. الصادرات الفلاحية المغربية تسجل طفرة نوعية وتتجاوز التوقعات,مزارعون مغاربة يجنون محصول الطماطم المعد للتصدير في سهل الغرب (رويترز),اقتصاد,المغرب
حرفيو القاهرة التاريخية: فنون الأجداد تواجه تحديات البقاء في قلب العاصمة,حرفي مصري مسن يزين قطعة خشبية بزخارف تقليدية داخل ورشة عتيقة في حي الجمالية بالقاهرة.,ثقافة,مصر
سلطنة عمان تبرم اتفاقية تاريخية لتطوير مجمع ضخم للهيدروجين الأخضر بالدقم,تصور فني للمرحلة الأولى من مشروع مجمع إنتاج الهيدروجين الأخضر الضخم في المنطقة الصناعية بالدقم، عُمان (صورة توضيحية/وكالات).,طاقة,عُمان
تونس تطلق برنامجاً وطنياً لتعزيز تنافسية زيت الزيتون البكر الممتاز في الأسواق العالمية,عمال تونسيون يفحصون جودة زيت الزيتون البكر الممتاز في أحد المعاصر الحديثة بمدينة سوسة، استعداداً للتصدير.,اقتصاد,تونس
الكويت تطلق استراتيجية وطنية طموحة لتعزيز الكشف المبكر عن الأمراض المزمنة,طبيب يشرح نتائج فحص دوري لمريض في أحد المراكز الصحية بالكويت، ضمن حملة توعية بأهمية الكشف المبكر (رويترز).,صحة,الكويت
الصومال يكشف عن خطة خمسية طموحة لمضاعفة إنتاج الثروة السمكية بدعم دولي,صيادون صوماليون يحملون صيداً وفيراً من الأسماك على متن قاربهم قبالة ساحل بندرغاز في بونتلاند (الفرنسية),اقتصاد,الصومال
نقص المياه يتفاقم في القرى الشرقية بموريتانيا ويدفع عشرات الأسر للنزوح,نساء وأطفال يحملون أوعية فارغة قرب بئر جافة في إحدى القرى المتضررة من شح المياه شرق موريتانيا.,مجتمع,موريتانيا
"مرسوم سلطاني في عُمان يؤسس ""المجلس الوطني للبحث العلمي والابتكار""",وزير الاقتصاد العماني يقف إلى جانب خريطة توضح المشاريع الاستراتيجية المستقبلية للسلطنة ضمن رؤية 2040 (وكالة الأنباء العمانية),سياسة,عُمان
الصومال: افتتاح ملعب مقديشو الدولي بحلة جديدة يفتح آفاقاً للرياضة الوطنية,صورة جوية تظهر ملعب مقديشو الدولي المتجدد بالكامل، مزيناً بالأعلام الصومالية ومضاءً بالأنوار خلال حفل الافتتاح بحضور جماهيري غفير.,رياضة,الصومال
خبراء: حوافز الاستثمار الجديدة في السعودية تعزز مكانتها كمركز اقتصادي إقليمي,أبراج حديثة في العاصمة السعودية الرياض تعكس التطور الاقتصادي المتسارع (غيتي),سياسة,السعودية
"قطر تدشن استراتيجية وطنية ""طموحة"" للصحة النفسية: مئات المبادرات النوعية لتعزيز الرفاه الشامل",جانب من ورشة عمل مجتمعية لرفع الوعي بالصحة النفسية، ضمن فعاليات إطلاق الاستراتيجية الجديدة (قنا),صحة,قطر
أمواج المحيط تبتلع سواحل جيبوتي: ارتفاع منسوب البحر يهدد سبل عيش الصيادين,"صياد جيبوتي يتفقد حاجزاً رملياً مؤقتاً أقامه لحماية أساسات منزله من زحف البحر على شاطئ ""أوبوك"" (رويترز)",بيئة,جيبوتي
المدارس المغلقة والنزوح يحرمان آلاف الأطفال السودانيين من حق التعليم,طفل سوداني يحمل حقيبة مدرسية بالية ويسير على طريق ترابي قرب مخيم للنازحين في ولاية الجزيرة، السودان، في إشارة إلى صعوبة الوصول للمدارس.,قضايا اجتماعية,السودان
"مبادرة ""نحو المستقبل"" تدرب شباب مخيمات الضفة الغربية على مهارات رقمية متقدمة",مجموعة من الشبان الفلسطينيين يتدربون على تصميم الويب والبرمجة داخل مركز مجتمعي في مخيم قلنديا بالضفة الغربية ضمن مشروع لتأهيل الشباب لسوق العمل (وفا),مجتمع,فلسطين
الجزائر تطلق برنامجاً وطنياً شاملاً للكشف المبكر عن سرطان القولون والمستقيم,طبيبة جزائرية تشرح أهمية الفحص الوقائي لمواطنة خلال حملة توعوية صحية في مركز طبي بالعاصمة (الجزائرية),صحة,الجزائر
دبي تدشن أضخم مركز بيانات مستدام بالمنطقة لتعزيز التحول الرقمي,منظر جوي لمركز البيانات الجديد في دبي، والذي يتميز بتصميمه المستدام ومنظومة واسعة من الألواح الشمسية المنتشرة في محيطه (رويترز).,تقنية,الإمارات
الصومال: ورش عمل مبتكرة تحول طاقات الشباب العاطل إلى مهارات منتجة,شباب صوماليون يتدربون على مهارات إصلاح الأجهزة المنزلية والإلكترونية في إحدى الورش المهنية بمدينة هرجيسا شمال الصومال (وكالة الأنباء الصومالية - صونا).,مجتمع,الصومال
تحدي الزيتون: تغير المناخ يهدد المحصول الاستراتيجي في مزارع فلسطين,مزارع فلسطيني يتفحص أشجار الزيتون المتضررة من نقص المياه في إحدى حقول الضفة الغربية. (رويترز),بيئة,فلسطين
المغرب يدشن مركز بيانات استراتيجي لتعزيز الخدمات السحابية والسيادة الرقمية,مسؤولون مغاربة خلال حفل تدشين مركز البيانات الاستراتيجي الجديد في المنطقة الصناعية بضواحي الدار البيضاء.,تقنية,المغرب
25 قتيلاً على الأقل في تصادم مروع لحافلة ਰكاب وشاحنة جنوب أم درمان,فرق الإنقاذ السودانية تباشر موقع حادث التصادم المأساوي بين حافلة ركاب وشاحنة نقل بضائع على طريق سريع جنوب أم درمان (رويترز).,حوادث,السودان
عشرات الإصابات جراء تصادم بين قطار ركاب وشاحنة نقل بضائع جنوب تونس,فرق الإنقاذ والإسعاف في موقع حادث اصطدام قطار ركاب بشاحنة قرب منطقة سيدي بوزيد، حيث تتصاعد أعمدة الدخان من حطام المركبتين (الوكالة التونسية للأنباء),حوادث,تونس
قطر: دعوات لتوسيع مظلة الدعم النفسي لمواجهة تحديات المجتمع الحديث,مجموعة من الشباب القطري يشاركون في ورشة عمل توعوية حول الصحة النفسية في أحد المراكز المجتمعية بالدوحة (الجزيرة - أرشيفية),قضايا اجتماعية,قطر
المغرب يطلق مشروعاً رائداً لإنقاذ واحات درعة تافيلالت من شبح الجفاف والتصحر,منظر جوي لواحة خضراء شاسعة من أشجار النخيل في منطقة درعة تافيلالت بجنوب المغرب، ويظهر محيطها الواسع من الأراضي القاحلة، ما يبرز التحدي البيئي الذي يواجهها.,بيئة,المغرب
انطلاق مشاورات برلمانية مكثفة حول تعديلات مقترحة لقانون الانتخابات في موريتانيا,مشهد عام من إحدى الجلسات السابقة للجمعية الوطنية الموريتانية أثناء مناقشة مشاريع قوانين (رويترز),سياسة,موريتانيا
"""وريث الواحة"": مبادرة مجتمعية بعُمان تحمي النخيل العريق وتُعزز الهوية بمشاركة الشباب","شباب عمانيون يتفقدون فسائل النخيل المزروعة حديثاً ضمن مبادرة ""وريث الواحة"" في إحدى مزارع التمور التاريخية بولاية عبري.",مجتمع,عُمان
بأيادٍ شبابية.. مبادرة أهلية تعيد إحياء الحرف التراثية في قلب القاهرة التاريخية,مجموعة من الشباب المصري يتدربون على فن صناعة الزجاج المنفوخ التقليدي في ورشة جديدة بحي السيدة زينب بالقاهرة (رويترز),مجتمع,مصر
قوانين صارمة لمكافحة الشغب في الملاعب الجزائرية عقب أحداث دامية,عناصر أمنية تنتشر بكثافة حول ملعب 5 يوليو بالجزائر العاصمة خلال إحدى مباريات الدوري (رويترز),رياضة,الجزائر
**زيادة غير متوقعة في ساعات التقنين الكهربائي بسوريا.. محطات التوليد تواجه نقصاً حاداً في الغاز**,**مشهد ليلي لأحد شوارع دمشق شبه المظلمة، مع إضاءة خافتة صادرة من بعض المنازل، تعكس واقع التقنين الكهربائي المتزايد في العاصمة السورية.**,طاقة,سوريا
**الكويت تطلق المرحلة الثانية من مشروع لدمج الطاقة الشمسية في عملياتها النفطية**,**مصفوفة ضوئية عملاقة تعمل على تشغيل جزء من مرافق التجميع في حقل نفطي كويتي، ضمن خطة المؤسسة للتوسع في الطاقة المتجددة.**,طاقة,الكويت
اكتشاف أثري جديد في شمال السعودية يضيء جوانب خفية من الحضارات القديمة,"فريق من الخبراء السعوديين والدوليين يعاينون بقايا معمارية مكتشفة حديثاً ضمن موقع ""دومة الجندل"" الأثري الموسع.",ثقافة,السعودية
جزر القمر تطلق مشروعًا طموحًا لتعزيز الاتصال الرقمي بين جزرها عبر كابل بحري جديد,فنيون يشاركون في عملية تركيب كابل اتصالات بحري على شاطئ إحدى جزر القمر، إيذاناً ببدء المشروع الجديد.,تقنية,جزر القمر
النادي البنزرتي يطلق مشروعاً ضخماً لتحديث ملعبه وتلبية معايير الكاف,تصميم هندسي حديث لملعب 15 أكتوبر في بنزرت بعد إعلان مشروع التحديث (الصحافة التونسية),رياضة,تونس
السلط الأردنية: مبادرات شبابية تعيد إحياء بيوت المدينة التراثية بمعمارها العثماني,إحدى البيوت العثمانية التاريخية التي جرى ترميمها في مدينة السلط الأردنية (الجزيرة),ثقافة,الأردن
قطر تعزز ريادتها في الطاقة ببرنامج طموح لمضاعفة قدرات احتجاز الكربون,منظر جوي لمنشأة صناعية متطورة تابعة لقطر للطاقة، تُظهر التزام الدولة بتقنيات احتجاز الكربون.,طاقة,قطر
بتوجيهات رئاسية.. مصر تطلق أكبر برنامج وطني للكشف عن عيوب القلب الخلقية لدى المواليد,كادر طبي متخصص يجري فحصاً للقلب لطفل رضيع في إطار البرنامج الوطني للكشف المبكر عن عيوب القلب الخلقية بمصر.,صحة,مصر
مبادرة مجتمعية تُحيي كنوز المخطوطات النادرة من غياهب الإهمال في جبال اليمن,متطوع يقوم بتصنيف مخطوط قديم مُتضرر في إحدى المكتبات العائلية بمدينة صعدة اليمنية، ضمن جهود ترميم وحفظ التراث الثقافي (صورة خاصة).,ثقافة,اليمن
أندية الدوري العراقي تتجه للخبرة الأجنبية لضمان الاستقرار الفني في الموسم القادم,مدرب أجنبي يشرف على تدريبات فريق عراقي لكرة القدم في أحد الملاعب المحلية، استعدادًا للمنافسات المرتقبة (رويترز),رياضة,العراق
"اليمن: ""أمهات قبل الأوان"".. أزمة زواج القاصرات تتفاقم في مخيمات النزوح",فتاة يمنية صغيرة تحمل طفلاً، في أحد مخيمات النازحين بمحافظة تعز، في مشهد يعكس تفاقم ظاهرة زواج القاصرات. (رويترز),قضايا اجتماعية,اليمن
جيبوتي تعلن عن استكمال المرحلة الأولى لمشروع كبير للطاقة الحرارية الأرضية,أبراج تبريد وأنابيب بخار تتصاعد من مجمع محطة طاقة حرارية أرضية في منطقة أسالا بجيبوتي (رويترز),طاقة,جيبوتي
القوات الصومالية تعلن استعادة مناطق إستراتيجية في عملية عسكرية بمحافظة باي,جنود من الجيش الصومالي في مركبة عسكرية خلال تقدمهم ضمن عملية أمنية سابقة جنوب البلاد (الفرنسية),سياسة,الصومال
"جزر القمر تطلق ""مهرجان التراث البحري"" لتعزيز الهوية الثقافية للعاصمة موروني",قوارب صيد تقليدية ملونة تزين شاطئ موروني خلال انطلاق فعاليات مهرجان التراث البحري بجزر القمر (وكالة الأنباء القمرية),ثقافة,جزر القمر
خبراء يحذرون: تلوث نهر العاصي يهدد الأمن الغذائي والصحي في وسط سوريا,تراكم لنفايات صناعية وزراعية على ضفاف نهر العاصي قرب مدينة حماة، مع تدهور جودة المياه وتأثيرها على الزراعة المحلية. (رويترز),بيئة,سوريا
ارتفاع منسوب المتوسط يهدد دلتا النيل المصرية.. ومشاريع لتدارك الكارثة,لقطة جوية تظهر أعمال بناء حواجز أمواج على طول الساحل الشمالي لدلتا النيل، مع ظهور بعض الأراضي الزراعية المجاورة للماء (وكالة الأنباء المصرية),بيئة,مصر
الصحة النفسية للشباب الأردني في مرمى التحدي: دعوات لتكامل الدعم بالمؤسسات التعليمية,طالب جامعي أردني يبدو شارد الذهن في أحد ممرات جامعة حكومية في عمان، في ظل تزايد القلق بشأن الضغوط الأكاديمية والاجتماعية التي يواجهها الشباب.,صحة,الأردن
البحرين تطلق مبادرة وطنية لتعزيز المهارات التطبيقية في مناهج التعليم العام,طلاب بحرينيون في المرحلة الابتدائية يعملون على مشروع جماعي تفاعلي داخل فصل دراسي مجهز، بينما تشرف عليهم معلمة في إطار المبادرة الوطنية الجديدة لدمج المهارات التطبيقية (وزارة التربية والتعليم البحرينية).,تعليم,البحرين
ليبيا تطلق أكبر مشاريعها للطاقة الشمسية جنوباً لتعزيز استقرار الشبكة الكهربائية,عمال يركبون ألواحاً شمسية ضخمة في مشروع جديد للطاقة المتجددة وسط الصحراء الليبية (رويترز).,طاقة,ليبيا
"العراق يدشن ""مدينة الكرخ الرياضية"" لتحفيز الأجيال الشابة وتنمية المواهب","لقطة جوية لـ ""مدينة الكرخ الرياضية"" الجديدة في بغداد، تظهر مرافقها المتعددة وتجهيزاتها الحديثة لاستقبال مختلف الأنشطة الرياضية والشبابية.",رياضة,العراق
المغرب يطلق برنامجاً صحياً رائداً لتوسيع الكشف المبكر عن أمراض القلب في المناطق القروية,وحدة طبية متنقلة تابعة للبرنامج الجديد تجري فحوصات قلب لسكان إحدى القرى بالمغرب.,صحة,المغرب
منظمات صحية تكثف جهودها لمواجهة تفشي الليشمانيا في مناطق شمال سوريا,طفل سوري يتلقى علاجاً في نقطة طبية مؤقتة شمال حلب، ضمن جهود مكافحة الليشمانيا (وكالات),صحة,سوريا
نور الشمس يضيء أفق الأمل: مشروع فلسطيني حيوي ينهي أزمة الكهرباء في طواحين الهواء بالضفة الغربية,مجموعة من الألواح الشمسية الحديثة منصوبة على مساحة واسعة بجوار تجمع سكني ريفي في قرية طواحين الهواء شمال الضفة الغربية، مع ظهور بعض المنازل التقليدية في الخلفية وخطوط لنقل الكهرباء الجديدة.,طاقة,فلسطين
انهيار صخري ضخم يغلق طريقاً حيوياً في الأطلس المتوسط ويصيب عدداً من الركاب,لحظة وصول فرق الإنقاذ والدفاع المدني إلى موقع الانهيار الصخري في طريق جبلي وعر، حيث تعمل على إزالة الأنقاض وتقديم الإسعافات الأولية للمصابين (مواقع التواصل الاجتماعي),حوادث,المغرب
مكبات عشوائية بالضفة الغربية.. سم يزحف نحو مياه الشرب ويهدد الأراضي الزراعية,أكوام من النفايات الصلبة متراكمة بشكل غير منظم قرب حقول زراعية بمنطقة ريفية في الضفة الغربية. (الأناضول),بيئة,فلسطين
موريتانيا تطلق برنامجاً وطنياً لدمج العلوم الحديثة في المحاظر القرآنية,مجموعة من طلاب المحاظر التقليدية يتلقون دروساً في الهواء الطلق في منطقة نائية بموريتانيا، ضمن مساعي الدولة لتطوير التعليم.,تعليم,موريتانيا
اليمن.. مبادرات شبابية تسعى لإحياء فن صناعة الفخار التراثي,شاب يمني منهمك في تشكيل وعاء فخاري يدوي في إحدى الورش التقليدية بمدينة صنعاء القديمة.,ثقافة,اليمن
اليمن.. أزمة المياه تحول حياة آلاف الأسر إلى صراع يومي من أجل البقاء,امرأة يمنية تحمل جرار ماء على رأسها في طريق ترابي بإحدى القرى النائية بمحافظة تعز، في مشهد يتكرر يومياً بحثاً عن قطرة ماء صالحة للشرب (وكالة الأناضول، يوليو 2024),مجتمع,اليمن
جهود مجتمعية: شباب مصريون يعيدون الحياة لدروب القاهرة القديمة برسومات جدارية,مجموعة من الشباب المصريين يرسمون جدارية فنية تحمل طابعاً تراثياً على أحد جدران حارة قديمة بمنطقة القاهرة الفاطمية خلال حملة لتجديد المنطقة.,مجتمع,مصر
الإمارات تدشن أكبر مجمع لإنتاج الهيدروجين الأخضر بقدرة تنافسية عالمية,خريطة لمواقع مشاريع الطاقة المتجددة المزمعة في إمارة الفجيرة، مع إشارة لمجمع الهيدروجين الجديد (وزارة الطاقة والبنية التحتية الإماراتية).,طاقة,الإمارات
المغرب يطلق مبادرة وطنية لتحسين جودة التعليم الأولي والمدرسي في المناطق القروية بجهة بني ملال خنيفرة,أطفال يشاركون في نشاط تعليمي داخل روضة مدرسية جديدة بمنطقة جبلية بجهة بني ملال خنيفرة، ضمن مبادرة حكومية لتعميم التعليم الأولي.,تعليم,المغرب
البحرين تُطلق برنامجاً وطنياً شاملاً لاستعادة وتوسيع غابات القرم الساحلية,عمال بيئيون يزرعون شتلات القرم في أحد المواقع الساحلية بالبحرين ضمن مبادرات سابقة للمحافظة على التنوع البيولوجي (أرشيفية).,بيئة,البحرين
"قطر تدشن برنامجاً وطنياً لتعزيز مهارات ""الزراعة المستدامة"" في المناهج المدرسية",طلاب قطريون يشاركون في زراعة حديقة مدرسية ضمن ورشة عمل تعليمية لتعزيز ممارسات الاستدامة البيئية والزراعية.,تعليم,قطر
الإمارات تطلق استراتيجية وطنية للكشف المبكر عن سرطانات الدم بتقنيات جزيئية متطورة,فني مختبر متخصص يشرف على تحليل عينات دموية باستخدام جهاز تشخيص جزيئي متطور في أحد المستشفيات بدبي (وام),صحة,الإمارات
إصابات ووفيات إثر تصادم مروع على طريق تونس-بنزرت السريع,فرق الإنقاذ والدفاع المدني تباشر إجلاء المصابين ورفع حطام المركبات من موقع الحادث على الطريق السريع (صورة تعبيرية).,حوادث,تونس
السعودية تدشن برنامجاً وطنياً شاملاً للكشف المبكر عن الأمراض الوراثية النادرة,طبيب متخصص يُجري اختبار مسح لحديثي الولادة ضمن أحد مراكز الرعاية الصحية الأولية في الرياض (الوكالة السعودية للأنباء - واس),صحة,السعودية
جيبوتي تفتتح مركزاً حديثاً لتعزيز صحة الأمهات والأطفال في العاصمة,طبيبة جيبوتية تتحدث مع أمٍ وطفلها الرضيع في عيادة طبية حديثة، ترمز لجهود البلاد في تحسين الرعاية الصحية. (صورة أرشيفية/الأناضول),صحة,جيبوتي
معارك السودان تهدد كنوز الحضارة النوبية القديمة: دعوات لجهود دولية عاجلة,متطوعون محليون يعملون على حماية وتوثيق قطع أثرية مكشوفة في أحد المواقع النوبية المهددة شمال السودان، وسط دعوات ملحة لوقف الأعمال العدائية.,ثقافة,السودان
النزاع يدفع أطفال السودان نحو سوق العمل الخطر: تحذيرات أممية,طفل يجمع قطعاً معدنية من أنقاض مبنى مهدم في إحدى ضواحي الخرطوم، بينما يمر جيب عسكري بعيداً (وكالة رويترز),قضايا اجتماعية,السودان
البحارة العُمانيون يحصدون لقباً تاريخياً في بطولة القوارب الشراعية للمسافات الطويلة,قارب شراعي عُماني يقطع مياه المحيط خلال منافسات سابقة (أرشيف),رياضة,عُمان
سيول جارفة تقتلع منازل وتودي بحياة أطفال في ريف تعز باليمن,عائلة يمنية تتفقد الأنقاض بعد أن جرفت السيول منزلها في ريف تعز (وكالة سبأ),حوادث,اليمن
خطوة تاريخية: الدوري المصري يقر إلزامية مشاركة الشباب لإنعاش المواهب,لاعب شاب مصري يتلقى توجيهات من مدربه أثناء حصة تدريبية بأحد الأندية الكبرى في القاهرة، في إطار تطبيق اللوائح الجديدة.,رياضة,مصر
الفقر المدقع يجبر أطفال فلسطين على ترك مقاعد الدراسة مبكراً في الضفة الغربية,صبي فلسطيني يافع يحمل صندوق خضروات ثقيلاً في أحد أسواق نابلس، في مشهد يعكس الواقع الاقتصادي الصعب الذي يدفع بالعديد من الأطفال إلى سوق العمل بدلاً من المدرسة (رويترز).,قضايا اجتماعية,فلسطين
أطفال اليمن يواصلون تعليمهم تحت أشجار السمر.. فصول دراسية طبيعية في ظل ركام المدارس,مجموعة من الأطفال يجلسون على الأرض تحت شجرة كبيرة، يحملون كتبًا ودفاتر، في منطقة ريفية باليمن (وكالة الأنباء اليمنية),تعليم,اليمن
مسقط تعلن عن خطة استراتيجية لتعزيز الشراكة بين الحكومة والمحافظات,مسؤولون عُمانيون يشاركون في ورشة عمل لمناقشة أطر اللامركزية الإدارية في أحد المراكز الحكومية بمسقط.,سياسة,عُمان
أزمة تمويل تهدد انسحاب نادي الصفاء اللبناني من بطولة الأندية العربية لكرة السلة,لاعبو نادي الصفاء اللبناني خلال مباراة سابقة في القاعة الرياضية لمجمع نهاد نوفل بزوق مكايل (وكالات).,رياضة,لبنان
انهيار عقار سكني بحي المطرية بالقاهرة.. فرق الإنقاذ ترفع الأنقاض بحثاً عن ناجين,رجال الإنقاذ يزيلون الركام من موقع انهيار عقار سكني قديم بحي المطرية بالقاهرة، بينما تنتظر سيارات الإسعاف لنقل المصابين.,حوادث,مصر
مصر: خروج قطار عن مساره في الصعيد يسفر عن ضحايا وإصابات خطيرة,فرق الإنقاذ تبحث عن ناجين بين حطام عربات القطار المنكوبة في صعيد مصر (رويترز),حوادث,مصر
مدن تونس الساحلية تستغيث: تلوث النفايات يزحف ويهدد موسمها السياحي والبيئي,أكوام من المخلفات البلاستيكية ومختلف أنواع النفايات تغطي جزءاً كبيراً من شاطئ عام قرب مدينة سوسة، مما يعكس الأزمة البيئية ويثير قلق السكان وزوار المنطقة.,بيئة,تونس
أزمة السكن تلاحق الشباب المصري: ارتفاع الإيجارات ونقص الوحدات الميسورة,شباب مصريون يتفحصون إعلانات عقارية على لوحة إعلانات في شارع تجاري بالقاهرة، في ظل ارتفاع أسعار الإيجارات والوحدات السكنية.,قضايا اجتماعية,مصر
الصومال تدشن حملة تطعيم واسعة لمواجهة شلل الأطفال في المناطق النائية,عاملة صحية تقدم جرعة لقاح شلل الأطفال لطفل صغير في قرية يصعب الوصول إليها بوسط الصومال، بينما ينتظر آخرون دورهم (WHO/يونيسيف).,صحة,الصومال
مسقط تدشن حملة وطنية لمكافحة النفايات البلاستيكية في سواحلها,متطوعون يجمعون النفايات من شاطئ رملي بولاية صور العُمانية ضمن مبادرة بيئية (صورة أرشيفية),بيئة,عُمان
البحرين تطلق مبادرة وطنية لحفظ نغمات الزمن: مشروع لتوثيق الفنون الأدائية الأصيلة,موسيقيون بحرينيون يؤدون عرضاً فنياً تقليدياً بآلات العود والطبل في أحد المراكز الثقافية، ضمن جهود صون التراث الموسيقي للمملكة. (وكالة الأنباء البحرينية),ثقافة,البحرين
الإمارات تطلق مشروعها الاستراتيجي للهيدروجين الأخضر لتعزيز ريادتها العالمية في الطاقة النظيفة,عمال وفنيون يعملون في المرحلة الأولى من مجمع إنتاج الهيدروجين الأخضر الجديد في منطقة خليفة الاقتصادية بأبوظبي، ضمن خطط الإمارات للتحول الطاقوي والوصول للحياد الكربوني.,طاقة,الإمارات
تحديات البنية التحتية التعليمية: مدارس سورية تفتقر للمختبرات والمكتبات الحديثة بعد سنوات الصراع,طلاب سوريون يتلقون درساً في قاعة دراسية متواضعة، تفتقر للمعدات المختبرية الأساسية، بإحدى المدارس الحكومية في ريف درعا، دلالة على النقص في المرافق التعليمية المتخصصة (وكالة سانا).,تعليم,سوريا
الكويت تطلق خطة وطنية شاملة لمواجهة تحديات الأمراض المزمنة المرتبطة بنمط الحياة,وزير الصحة الكويتي خلال مؤتمر صحفي للكشف عن تفاصيل الخطة الجديدة لمكافحة الأمراض غير السارية (كونا).,صحة,الكويت
اليمن: مقتل وإصابة 7 مدنيين بانفجار مخلفات حرب في حجة,فريق متخصص في نزع الألغام يقوم بتمشيط منطقة ريفية بمحافظة حجة اليمنية (وكالات الأنباء).,حوادث,اليمن
ارتفاع منسوب البحر يهدد قرى الصومال الساحلية ويدفع المجتمعات للعمل,أهالي إحدى القرى الساحلية في منطقة بنادر الصومالية يعملون على بناء حواجز تقليدية لحماية مساكنهم من تآكل الشواطئ (أسوشيتد برس),مجتمع,الصومال
جزر القمر تفتتح محطة طاقة شمسية كبرى لتعزيز استقرار الشبكة الكهربائية,المحطة الشمسية الجديدة في جزيرة أنجوان بجزر القمر، التي تهدف لتقليل الاعتماد على الوقود الأحفوري (الوكالة القمرية للتعاون الإنمائي),طاقة,جزر القمر
دراسة حديثة تدق ناقوس الخطر: تدهور غير مسبوق للشعاب المرجانية يهدد الأمن الغذائي في جزر القمر,صياد محلي يعاين شعاباً مرجانية متدهورة قبالة سواحل جزيرة موهيلي في جزر القمر، بينما تتناقص الأسماك حولها، مما يعكس تأثير التغيرات البيئية على مصادر رزقه (وكالة الأنباء القمرية).,بيئة,جزر القمر
شباب موريتانيون يطلقون مبادرة لجمع وإعادة تدوير النفايات البلاستيكية بنواكشوط,متطوعون شباب يجمعون أكياس ومخلفات بلاستيكية على أحد شواطئ نواكشوط، تمهيداً لفرزها وإعادة تدويرها (الجزيرة),مجتمع,موريتانيا
"مبادرة ""روض التراث"" في قطر تستقطب مئات الشباب لتعزيز الهوية الوطنية","شباب قطريون متطوعون يشاركون بفعالية في ورشة عمل حول صيانة المخطوطات القديمة ضمن مبادرة ""روض التراث"" في أحد المراكز الثقافية بالدوحة (الجزيرة).",مجتمع,قطر
جيبوتي تطلق استراتيجية وطنية شاملة لتعزيز خدمات الصحة النفسية,صورة تظهر فريقاً طبياً ومثقفين صحيين يتفاعلون مع الجمهور في فعالية مجتمعية لرفع الوعي بالصحة النفسية في مدينة جيبوتي.,صحة,جيبوتي
البحرين: تصادم مروع لعدة مركبات يغلق جزءاً من جسر الملك فهد الدولي,فرق الإنقاذ والدفاع المدني منتشرة بين حطام المركبات المتضررة على جسر الملك فهد بعد وقوع الحادث (رويترز).,حوادث,البحرين
البرلمان المغربي يشهد نقاشاً حاداً حول تعديلات قانون الجماعات الترابية: تحديات تعزيز اللامركزية,نواب برلمانيون خلال جلسة عامة بالرباط تناقش مشاريع قوانين تطوير الحكم المحلي (رويترز),سياسة,المغرب
"مخيم الجلزون: مبادرة ""إبرة ووطن"" تُرسّخ الهوية الفلسطينية عبر فن التطريز",فتيات فلسطينيات يتعلمن فن التطريز التقليدي خلال ورشة عمل ضمن مبادرة مجتمعية في مخيم الجلزون بضواحي رام الله (الصحافة الفلسطينية).,مجتمع,فلسطين
برنامج وطني طموح: الصومال تسعى لمضاعفة إنتاجها الزراعي وتأمين الاكتفاء الذاتي,مزارعون صوماليون يعملون في حقل للذرة الشامية يعتمد تقنيات ري حديثة في إحدى المناطق التي طورت ضمن البرنامج الوطني الهادف لتعزيز الأمن الغذائي (رويترز),اقتصاد,الصومال
الرياض تحتضن معرضاً استثنائياً يسلط الضوء على عمق الفن الصخري في منطقة حائل,إحدى القطع المعروضة من الفنون الصخرية القديمة المكتشفة في صحراء حائل، تظهر رسوماً لحيوانات وأشكال بشرية تعود لآلاف السنين (وكالة الأنباء السعودية).,ثقافة,السعودية
**بأنامل شابة.. مبادرة مغربية تنقذ حرفة الزربية الأمازيغية من طي النسيان**,شابات مغربيات يتقن فن نسج الزربية الأمازيغية التقليدية ضمن ورشة تدريبية في إحدى قرى الأطلس، في مسعى للحفاظ على هذا الموروث الثقافي وتجديده. (خاص للموقع),مجتمع,المغرب
"""برودة الشتاء القارسة تهدد مسيرة التعليم في مدارس ريف حمص""",طلاب يرتدون معاطف شتوية سميكة ويجلسون داخل فصل دراسي بلا تدفئة في إحدى مدارس ريف حمص الشمالي (رويترز),تعليم,سوريا
المغرب يعزز قدراته المائية بإطلاق برنامج وطني شامل لتوسيع محطات تحلية مياه البحر,منظر جوي لموقع إنشاء إحدى محطات تحلية المياه الجديدة على الساحل الأطلسي بالقرب من مدينة الدار البيضاء، المغرب، ضمن خطة المملكة لمواجهة ندرة الموارد المائية (رويترز).,بيئة,المغرب
الرياض تدفع باتجاه حلول سياسية لأزمات المنطقة.. هل تشهد الدبلوماسية السعودية تحولاً جديداً؟,وزير الخارجية السعودي خلال قمة إقليمية جمعت عدة أطراف متنازعة، مؤكداً على أهمية الحوار لحل الأزمات (رويترز),سياسة,السعودية
ارتفاع حصيلة ضحايا حادث تصادم مروع على الطريق الوطني الرابط بين جيبوتي ودخيل,فرق الإنقاذ والإسعاف في موقع حادث التصادم المروع الذي وقع على الطريق الوطني الرابط بين العاصمة جيبوتي ومدينة دخيل، ويظهر فيه حطام المركبات المتضررة وجهود إجلاء المصابين.,حوادث,جيبوتي
"العراق يطلق منصة ""نور"" الرقمية الموحدة للخدمات الحكومية وسط تحديات البنية التحتية","وزير الاتصالات العراقي يعرض واجهة المنصة الجديدة ""نور"" على شاشة عملاقة خلال حفل الإطلاق في بغداد، بحضور عدد من المسؤولين وخبراء التكنولوجيا.",تقنية,العراق
هجرة الكفاءات الطبية اللبنانية تتسارع وتضع المستشفيات على شفير الانهيار,صورة من مطار رفيق الحريري الدولي تظهر كادراً طبياً لبنانياً يحمل حقائبه، في مشهد يجسد أزمة هجرة الكفاءات المستمرة ويهدد القطاع الصحي بالانهيار (الوكالة الوطنية للإعلام).,صحة,لبنان
تونس تكشف عن خارطة طريق لتطوير البنية التحتية الرياضية استعداداً لاستضافة كبرى البطولات,تصور حديث لملعب رياضي تونسي مجدد بالكامل، يبرز التقنيات والمرافق الجديدة التي ستضاف ضمن خطة التطوير الشاملة.,رياضة,تونس
المجالس البلدية الليبية تعزز برامج التكوين المهني لمواجهة تحديات سوق العمل,شباب ليبيون يتلقون تدريباً عملياً على صيانة الأجهزة الكهربائية في مركز للتكوين المهني بطرابلس، ضمن مبادرات تستهدف تلبية احتياجات السوق المحلي.,تعليم,ليبيا
"مؤشرات واعدة لحقول غاز طبيعي قبالة سواحل العرائش: المغرب يراهن على ""التعميق البحري"" لتعزيز سيادته الطاقية",منصة حفر بحرية عملاقة تعمل في عرض المحيط الأطلسي قبالة سواحل العرائش المغربية، تعكس الجهود المكثفة للمملكة في التنقيب عن احتياطيات الغاز الطبيعي الواعدة.,طاقة,المغرب
الظلام يخيّم على مدن سودانية كبرى.. أزمة وقود وتدمير يهددان الشبكة الكهربائية بالانهيار التام,سكان يضيئون منازلهم بالفوانيس بمحاذاة خطوط كهرباء متضررة جزئياً في أحد أحياء أم درمان، وسط انقطاعات متواصلة للتيار.,طاقة,السودان
الجزائر: مبادرة واسعة لتمكين آلاف الشباب من المهن الحرفية وصون التراث المحلي,شاب جزائري يركز أثناء نحت تفاصيل دقيقة على قطعة خشبية تقليدية، في ورشة لتدريب الحرفيين الشباب بولاية تلمسان.,مجتمع,الجزائر
تونس: انقسامات حادة تعصف بمشروع قانون جديد لتنظيم المجالس المحلية,نواب في البرلمان التونسي خلال جلسة صاخبة لمناقشة أحد مشاريع القوانين (وكالة تونس أفريقيا للأنباء),سياسة,تونس
اليمن: مبادرة مجتمعية تنشئ محطة طاقة شمسية مصغرة لتغذية مستشفى رئيسي في مأرب,عمال يمنيون يقومون بتركيب ألواح شمسية على سقف مبنى يتبع أحد المستشفيات في مدينة مأرب اليمنية، ضمن مشروع لتوفير الكهرباء (رويترز),طاقة,اليمن
ليبيا تستهدف سد فجوة الكهرباء بالجنوب بمشروع شمسي عملاق,امتداد واسع للألواح الشمسية الجديدة في موقع مشروع الطاقة المتجددة بجنوب ليبيا (وكالات).,طاقة,ليبيا
ليبيا تضع حجر الأساس لأكبر محطة طاقة شمسية جنوبي البلاد,مسؤولون ليبيون خلال مراسم وضع حجر الأساس لمشروع المحطة الشمسية في منطقة الجفرة جنوبي البلاد (وكالة الأنباء الليبية),طاقة,ليبيا
مجتمع الزاوية يحتفي بتدشين مكتبة عامة بجهود شبابية تطوعية,حشد من الأهالي والشباب يتجمعون أمام واجهة المكتبة العامة المجددة حديثاً في مدينة الزاوية، خلال حفل افتتاحها الذي عكس روح العمل التطوعي.,مجتمع,ليبيا
"تونس تطلق ""منصة الابتكار الرقمي"" لدعم الشركات الناشئة في القطاعات الواعدة","وزير تكنولوجيا الاتصال التونسي يشرف على حفل إطلاق منصة ""الابتكار الرقمي"" بحضور ممثلين عن حاضنات أعمال ومستثمرين (تونس برس)",تقنية,تونس
الجزائر تدشن مشروعاً وطنياً ضخماً لتطوير أكاديميات كرة القدم القاعدية عبر 10 ولايات,لقطة علوية تظهر ملعباً جديداً حديثاً مزوداً بمرافق تدريب متطورة، حيث يتدرب عشرات الأطفال الجزائريين بزيّ موحد تحت إشراف مدربين، في إحدى الأكاديميات الكروية التي افتتحت مؤخراً بضواحي العاصمة (الفرنسية),رياضة,الجزائر
السودان: أسعار الغذاء تتضاعف وملايين مهددون بانعدام الأمن الغذائي,سوق شعبي في أم درمان يظهر فيه مواطنون يتفحصون سلعاً بأسعار مرتفعة وسط شح المعروض (رويترز),اقتصاد,السودان
البرلمان المغربي يشهد نقاشات حادة حول مشروع قانون الحماية الاجتماعية الشاملة,قاعة الجلسات العامة بالبرلمان المغربي في الرباط أثناء إحدى المداولات (الوكالة المغربية للأنباء),سياسة,المغرب
خطة لبنان لتعزيز الطاقة الشمسية تواجه عقبات تمويلية وتشريعية,ألواح شمسية مثبتة على أسطح مبانٍ سكنية وتجارية في بيروت، ضمن مبادرات الحكومة والقطاع الخاص لمواجهة النقص الحاد في الكهرباء. (صورة بتاريخ 15 فبراير 2024/وكالة أنباء),طاقة,لبنان
حادث مروع يودي بحياة 4 ويصيب 10 على طريق القصيم-الرياض السريع,فرق الدفاع المدني والهلال الأحمر تباشر موقع حادث التصادم المروع على طريق القصيم-الرياض السريع، وسط حطام المركبات المتضررة. (واس),حوادث,السعودية
بجهود مجتمعية.. إعادة تأهيل عشرات المدارس في ريف حلب الشمالي,طلاب سوريون يدخلون إحدى المدارس التي أعيد تأهيلها في ريف حلب الشمالي (مواقع محلية).,تعليم,سوريا
ملاذ أم مأساة؟.. الزواج المبكر يختطف طفولة الآلاف من الفتيات اليمنيات,طفلة يمنية صغيرة ترتدي ثوب زفاف تقليدي واسع، تبدو عليها ملامح الحيرة والحزن، بينما تحدق في الأفق البعيد داخل أحد الأحياء الشعبية في صنعاء. (حقوق الصورة: وكالة أنباء محلية/أو منظمة إنسانية),قضايا اجتماعية,اليمن
"مبادرة ""صحة نفسية مجتمعية"" تنطلق في عُمان لتعزيز الوعي وتوسيع نطاق الدعم",مجموعة من الشباب العُماني يشاركون في جلسة حوارية مفتوحة ضمن ورشة عمل حول الصحة النفسية بمسقط (الأناضول),قضايا اجتماعية,عُمان
سلطنة عُمان تستعد لإطلاق أول منطقة اقتصادية متكاملة لإنتاج الهيدروجين الأخضر,جانب من مزرعة ألواح شمسية ضخمة في ولاية الدقم العمانية، حيث تعمل فرق هندسية على تطوير البنية التحتية لمشاريع الهيدروجين الأخضر. (وكالة الأنباء العمانية),طاقة,عُمان
صحة الكويت تطلق برنامجاً وطنياً طموحاً للكشف المبكر عن أمراض القلب والشرايين,كادر طبي كويتي يجري فحوصات وقائية للمواطنين في مركز صحي، ضمن البرنامج الوطني للكشف المبكر عن أمراض القلب والشرايين.,صحة,الكويت
مبادرة شبابية في اليمن تطلق مشروعاً لتعزيز الاتصال الرقمي في مناطق ريفية نائية,متطوعون من المشروع يشرفون على تركيب هوائيات ومعدات الاتصال في إحدى القرى بمحافظة مأرب لربطها بالإنترنت (مصدر خاص),تقنية,اليمن
"الكويت: حملة ""سواحلنا تستغيث"" تجمع أطنان المخلفات البحرية بمشاركة مجتمعية ضخمة",مئات المتطوعين من مختلف الفئات العمرية يشاركون بحماس في تنظيف شاطئ الفنطاس بالكويت، مزيلين أطناناً من النفايات البلاستيكية ومخلفات الصيد ضمن حملة بيئية واسعة.,مجتمع,الكويت
العراق يطلق أول استراتيجية وطنية شاملة لمكافحة السرطان وتعزيز خدمات الكشف المبكر والعلاج,فني طبي عراقي يشغل جهازاً متطوراً لتصوير الأورام في أحد مختبرات المستشفيات الحكومية ببغداد، ضمن مبادرة التحديث الصحي.,صحة,العراق
جزر القمر تطلق مشروعاً وطنياً لتعزيز إنتاج الفانيليا العضوية وتحسين دخل المزارعين,مزارع من جزر القمر يقوم بفحص قرون الفانيليا النضرة في إحدى المزارع، في إطار مبادرة لدعم القطاع (وكالة الأنباء الفرنسية),اقتصاد,جزر القمر
"السعودية تدشن ""بوابة الشرق اللوجستية"" لتعزيز موقعها كمركز تجاري عالمي",منظر جوي واسع لميناء حاويات حديث ومجمع لوجستي متكامل يضم مستودعات ضخمة في المنطقة الشرقية بالمملكة، يعكس التوسع في البنية التحتية اللوجستية.,اقتصاد,السعودية
مصر تطلق مشروعاً ضخماً لتوسيع شبكة الألياف الضوئية بصعيد البلاد لتقليص الفجوة الرقمية,فنيون يمدون كابلات الألياف الضوئية في إحدى المدن بصعيد مصر، في إطار خطة وطنية لتعزيز الوصول للإنترنت فائق السرعة (الهيئة القومية للاتصالات).,تقنية,مصر
الجزائر تطلق مشروعاً وطنياً ضخماً لتطوير مراكز تكوين المواهب الرياضية في الولايات الداخلية,رياضيون شباب يتدربون في منشأة حديثة، ترمز لجهود الجزائر في تطوير المواهب بالمناطق الداخلية (وكالة الأنباء الجزائرية),رياضة,الجزائر
الجفاف يهدد محاصيل الزيتون في الضفة الغربية وتوقعات بتراجع حاد في الإنتاج الموسم القادم,مزارع فلسطيني يتفقد شجرة زيتون ذابلة في حقل بضواحي بلدة بيت فوريك شرق نابلس، وسط مخاوف من تداعيات شح الأمطار (وكالة الأنباء الفلسطينية - وفا).,بيئة,فلسطين
"""لؤلؤة خضراء"": شباب البحرين يحولون مخلفات الشاطئ إلى تحف فنية تزين الأحياء",مجموعة من الشباب البحريني يعرضون أعمالهم الفنية المبتكرة المصنوعة من المخلفات البلاستيكية والبحرية، ضمن معرض مؤقت لإحدى المبادرات البيئية بالمنامة (مصدر محلي).,مجتمع,البحرين
السعودية تدشن أكبر محطة لتوليد الكهرباء بالطاقة الشمسية في المنطقة الشرقية بقدرة 2.5 غيغاواط,"جانب من الخلايا الشمسية الممتدة في ""محطة شعاع الشرق"" العملاقة لتوليد الطاقة الشمسية بالمنطقة الشرقية، والتي ستسهم في خفض الانبعاثات الكربونية وتعزيز المزيج الطاقوي للمملكة (الفرنسية).",طاقة,السعودية
الموصل تفتتح مركزاً حديثاً للحفاظ على المخطوطات التاريخية النادرة,موظفون متخصصون يقومون بفحص وترميم مخطوطة قديمة بعناية فائقة داخل المركز الجديد للحفاظ على التراث الثقافي في الموصل (الرسمية),ثقافة,العراق
نادي الأرز اللبناني يكسر احتكار الكبار ويتوج بلقب دوري كرة القدم وسط تحديات غير مسبوقة,لاعبو نادي الأرز يحتفلون بحماس كبير بعد حسم لقب دوري كرة القدم اللبناني في الثواني الأخيرة، وسط هتافات الجماهير الغفيرة في ملعب المدينة الرياضية ببيروت، في مشهد يعكس إصرار الفريق على تجاوز الصعاب (الفرنسية),رياضة,لبنان
مقتل 14 وإصابة آخرين في حادث تصادم حافلة وشاحنة جنوب موريتانيا,فرق الدفاع المدني وسيارات الإسعاف في موقع حادث اصطدام مروع لحافلة ركاب وشاحنة نقل قرب مدينة ألاك بولاية البراكنة جنوب موريتانيا، صباح اليوم (تلفزيون موريتانيا).,حوادث,موريتانيا
موهبة مصرية شابة تتوج بلقب بطولة نانجينغ الدولية للإسكواش وتواصل الهيمنة,اللاعبة المصرية (شهد فاروق) ترفع كأس البطولة بعد فوزها في نهائي بطولة نانجينغ الدولية للإسكواش (وكالة الأنباء الصينية),رياضة,مصر
موريتانيا تُطلق مشروعاً وطنياً لتعزيز تعليم الفتيات في المناطق النائية,تلميذات موريتانيات يشاركن في حصة دراسية بإحدى المدارس الابتدائية الجديدة في ولاية تكانت، ضمن المشروع الرامي لتحسين البنية التحتية التعليمية وتوسيع نطاق المدارس (الوكالة الموريتانية للأنباء).,تعليم,موريتانيا
شبيبة القبائل يكشف عن خطة طموحة لتطوير أكاديمية النادي وتأهيل المواهب الشابة,لاعبون شباب من نادي شبيبة القبائل (JSK) خلال حصة تدريبية بمجمع رياضي حديث في تيزي وزو. (المكتب الإعلامي لشبيبة القبائل),رياضة,الجزائر
فرق الإطفاء تُكافح حريقاً ضخماً في مستودع للمواد الغذائية بمنطقة الري الصناعية بالكويت,ألسنة اللهب والدخان الكثيف تتصاعد من موقع الحريق الضخم في أحد المستودعات بمنطقة الري الصناعية، فيما تعمل فرق الإطفاء على إخماد النيران ومنع انتشارها (الإدارة العامة للإطفاء),حوادث,الكويت
"الإمارات تطلق مبادرة ""خليجنا بلا بلاستيك"" لتعزيز النظم البيئية البحرية",متطوعون إماراتيون يشاركون في حملة تنظيف واسعة لأحد الشواطئ ضمن المبادرة الوطنية الجديدة (مواقع التواصل الاجتماعي).,بيئة,الإمارات
الصومال يطلق خطة طوارئ لمواجهة انتشار الكوليرا مع بدء الموسم المطير,طواقم صحية دولية ومحلية تُقيم نقطة علاج للكوليرا في مخيم للنازحين داخلياً قرب مقديشو، حيث تتزايد المخاوف من تفشي المرض مع بدء هطول الأمطار الغزيرة.,صحة,الصومال
جيبوتي تكافح التسرب المدرسي في أريافها: تحديات الجغرافيا والفقر تهدد مستقبل الأطفال,طفلة ترتدي الزي المدرسي وتسير على طريق ترابي وعر في منطقة ريفية بجيبوتي، متجهة نحو مدرستها على الرغم من الظروف الصعبة.,قضايا اجتماعية,جيبوتي
منظمات حقوقية تحذر: تحديات متفاقمة تعزل ذوي الإعاقة في مدن الضفة الغربية,شاب فلسطيني من ذوي الإعاقة الحركية يحاول عبور رصيف غير مجهز بمنحدرات خاصة في أحد شوارع رام الله، وسط حركة المارة. (الوكالة الوطنية الفلسطينية),قضايا اجتماعية,فلسطين
"** اليمن: خطة لمد شبكة ألياف ضوئية جديدة لإنهاء احتكار خدمات الإنترنت

**",** فنيون يمدون كابلات اتصالات في العاصمة صنعاء في مشروع سابق (صورة أرشيفية),تقنية,اليمن
جيبوتي تطلق مشروعاً وطنياً طموحاً لتوثيق الإرث الشعري الشفوي الأصيل,شيخ جيبوتي يرتدي الزي التقليدي أثناء إلقائه قصيدة شفويّة بإحدى الفعاليات الثقافية في العاصمة (وكالة الأنباء الجيبوتية),ثقافة,جيبوتي
إلهام من دمشق.. شابة سورية تتألق في التايكواندو وتتأهل لبطولة آسيا,اللاعبة السورية ريم حسين خلال تدريباتها اليومية المكثفة في إحدى الصالات الرياضية بدمشق استعداداً للمنافسات القارية.,رياضة,سوريا
الصومال تتبنى محطات الطاقة الشمسية العائمة في مسعى لتأمين الكهرباء للمدن الساحلية,ألواح شمسية عائمة تمتد فوق مياه خليج صومالي، ضمن مشروع يهدف لتعزيز استقرار إمدادات الطاقة النظيفة.,طاقة,الصومال
مبادرات مجتمعية رائدة: قرى موريتانية تتصدى لندرة المياه بحلول محلية,سيدات وفتيات يحملن أوعية تقليدية بالقرب من بئر مجتمعي جديد، يعكس جهود السكان المحليين للتكيف مع شح المياه في قرية نائية بموريتانيا (رويترز),مجتمع,موريتانيا
التصحر يزحف: الآلاف في السودان يواجهون شح المياه وسبل العيش المهددة,مزارعون محليون يتفقدون أراضيهم الزراعية التي تحولت إلى بور قاحل جراء الجفاف وتقدم الرمال في إحدى القرى بولاية شمال دارفور السودانية (الأناضول).,بيئة,السودان
"المغرب يدشن منصة ""مواطن رقمي"" لتبسيط الإجراءات الإدارية وتحسين تجربة الخدمة العامة","وزير مغربي يشرح مزايا منصة ""مواطن رقمي"" التفاعلية لمجموعة من المواطنين والصحفيين، خلال حفل إطلاق المنصة في العاصمة الرباط. (وكالة المغرب العربي للأنباء)",تقنية,المغرب
أجيال سودانية تُعيد الروح للغة المروية.. هل تنجو من طي النسيان؟,شابة سودانية تعرض نموذجاً لمخطوطة مروية في ورشة ثقافية بالخرطوم (الجزيرة),ثقافة,السودان
"""صدمة طريق البقاع"".. 3 قتلى و15 جريحاً في تصادم حافلة وشاحنة جنوب زحلة",سيارات إسعاف تابعة للصليب الأحمر اللبناني تنقل الجرحى من موقع حادث التصادم المروع على طريق البقاع الرئيسي.,حوادث,لبنان
"شركة ""فورس تكنولوجيز"" العالمية تعلن عن مشروع مركز بيانات فائق في المنطقة الشرقية بقيمة 18 مليار ريال","تصميم معماري تخيلي لمركز بيانات ""فورس تكنولوجيز"" المزمع إنشاؤه في المنطقة الشرقية بالمملكة العربية السعودية، يبرز تصميمه المستدام وقدراته التخزينية الهائلة.",تقنية,السعودية
محطات الطاقة الشمسية في سوريا: رهانات المستقبل تواجه شح التمويل والخبرة,صورة تظهر ألواحاً شمسية مبعثرة في أحد الحقول الزراعية بريف حلب، في محاولة لتوليد الكهرباء لسكان المنطقة في ظل النقص الحاد بالطاقة (رويترز).,طاقة,سوريا
مأساة جديدة: انفجار لغم يفتك بأسرة نازحة في الجوف اليمني,صورة أرشيفية تظهر آثار انفجار لغم أرضي في منطقة ريفية يمنية، ترمز إلى الخطر المتواصل الذي يهدد حياة المدنيين.,حوادث,اليمن
"الكويت: مبادرة ""سند أجيال"" لتعزيز الروابط المجتمعية بين الشباب وكبار السن","شباب كويتيون يستمعون لقصص وخبرات كبار السن في فعالية مجتمعية ضمن مبادرة ""سند أجيال"". (خاص)",مجتمع,الكويت
مأساة بحرية قبالة الخمس: غرق قارب صيد يخلّف وفيات ومفقودين,فرق الإنقاذ المدني والبحري تبحث عن ناجين ومفقودين قبالة سواحل مدينة الخمس الليبية، وذلك بعد حادث غرق قارب صيد أسفر عن سقوط ضحايا. (وكالة الأنباء الليبية),حوادث,ليبيا
السعودية تدشن مبادرة وطنية كبرى لتطوير مهارات التفكير النقدي لدى طلاب التعليم العام,طلاب سعوديون يشاركون في نقاش جماعي حول مشروع علمي ضمن فعاليات إحدى الورش التدريبية للمبادرة الجديدة (وزارة التعليم السعودية).,تعليم,السعودية
تصاعد أزمة شح الوقود وتدهور الطرق يهدد التجارة الداخلية في السودان,شاحنة محملة بالبضائع تجتاز طريقاً وعرة في إحدى المناطق المتأثرة بالصراع في السودان (وكالات),اقتصاد,السودان
إصابات وتدمير واسع.. حريق هائل يلتهم مبنى سكنياً في المحرق,سكان متضررون يتجمعون خارج المبنى السكني المتفحم في المحرق، بينما تتصاعد أعمدة الدخان الكثيفة (رويترز).,حوادث,البحرين
مصرع عاملين وإصابة ثلاثة في حادث انهيار سقالة بموقع construction فاخر بدبي,فرق الإنقاذ التابعة للدفاع المدني والإسعاف تعمل على إجلاء المصابين والبحث تحت أنقاض السقالة المنهارة في موقع بناء شاهق بدبي (الدفاع المدني).,حوادث,الإمارات
"الختام المبهر لبطولة ""درع الشباب"" يرسم ملامح جيل كروي واعد في ظفار العمانية","لاعبون شباب من فريق ""وادي الريم"" يحتفلون بلقب بطولة ""درع الشباب"" على أرضية ملعب مجمع السعادة الرياضي بصلالة، حاملين الكأس وسط هتافات جماهيرية غفيرة وفرحة عارمة تعكس آمال المستقبل.",رياضة,عُمان
منظمات إنسانية تحذر من تصاعد أزمة سوء التغذية الحاد بين الأطفال في شمال سوريا,طفل سوري يتم فحصه من قبل طبيب في مركز تغذية مؤقت بمنطقة إدلب شمال سوريا (الأناضول),صحة,سوريا
سلطنة عُمان تدشن مركز بيانات وطني لتعزيز السيادة الرقمية وخدمات الحوسبة السحابية,مسؤولون عُمانيون يتابعون سير العمل داخل مركز البيانات الوطني الجديد في محافظة مسقط.,تقنية,عُمان
قطر تطلق مبادرات مبتكرة لتعزيز الغطاء النباتي لمواجهة التصحر,فنيون متخصصون يفحصون شتلات حديثة النمو في مشروع استصلاح أراضٍ صحراوية بقطر (رويترز),بيئة,قطر
متطوعو جدة التاريخية يطلقون حملة لإعادة إحياء الواجهات التراثية للمنازل,شباب وشابات من سكان جدة يعاونون حرفيين مهرة في ترميم نقوش وزخارف واجهة أحد البيوت الأثرية ضمن المبادرة، مؤكدين اعتزازهم بهوية المدينة (واس),مجتمع,السعودية
الصومال تتطلع لتعزيز التجارة الإقليمية عبر خطط تطوير ميناء كسمايو,سفن شحن ضخمة ترسو في ميناء كسمايو جنوب الصومال، حيث تستعد المنطقة لمشاريع تطوير واسعة (أسوشيتد برس),اقتصاد,الصومال
الإمارات تستقطب استثمارات بمليارات الدولارات في قطاع الطاقة المتجددة تعزيزاً للاقتصاد الأخضر,مهندسون يناقشون خططاً لمشروع طاقة شمسية واسع النطاق في مركز للأبحاث بدبي، في إطار مبادرات الإمارات لجذب الاستثمارات الخضراء (رويترز),اقتصاد,الإمارات
"فريق ""الرستاق"" للشباب يتوج بلقب البطولة الخليجية للأندية ويصنع التاريخ",لاعبو فريق الرستاق للشباب يحتفلون بلقب البطولة الخليجية للأندية تحت 19 عاماً على ملعب مدينة حمد الرياضية في البحرين. (وكالة الأنباء العمانية),رياضة,عُمان
منظمة محلية تُطلق مشروعاً لتوفير التعليم لأكثر من 5 آلاف طفل خارج المدارس في ولاية بونتلاند الصومالية,معلمات صوماليات يقمن بتسجيل أسماء الأطفال الجدد في إحدى المدارس الابتدائية بمنطقة ريفية بولاية بونتلاند الصومالية (الأناضول),تعليم,الصومال
شح الكادر التعليمي يهدد استقرار العام الدراسي الجديد بمدارس يمنية,طلاب في فناء إحدى المدارس الحكومية بمحافظة إب اليمنية، حيث تعاني العديد من المؤسسات التعليمية من نقص حاد في الكادر التدريسي مع اقتراب العام الدراسي الجديد (أرشيفية).,تعليم,اليمن
"مسرح ""عشتار"" التاريخي في صيدا يفتح أبوابه مجددًا بعد ترميم شامل","لقطة من داخل مسرح ""عشتار"" تُظهر فخامة التصميم الأصلي بعد أعمال الترميم التي استغرقت عامين، قبيل حفل الافتتاح الرسمي.",ثقافة,لبنان
تحديات إعادة بناء قطاع التعليم في سوريا: جيل كامل يواجه خطر الضياع,مجموعة من الأطفال السوريين يتابعون دراستهم في صفوف مؤقتة داخل مبنى متضرر إثر تدمير مدرستهم الأصلية في ريف دمشق (وكالات),قضايا اجتماعية,سوريا
شركات لبنانية ناشئة تطلق حلولاً رقمية مبتكرة لتخفيف أعباء تقنين الكهرباء,شابان لبنانيان يستعرضان شاشة تطبيق ذكي على حاسوب لوحي، مصمم لإدارة الطاقة البديلة ومراقبة استهلاك الكهرباء في منازل بيروت، وسط تحديات التقنين المتواصل. (الأناضول),تقنية,لبنان
العراق يُطلق خطة استراتيجية لتطوير مرافقه اللوجستية الجنوبية وجذب استثمارات بمليارات الدولارات,سفينة شحن عملاقة ترسو في أحد أرصفة ميناء أم قصر العراقي، في إشارة إلى الأهمية المتزايدة للموانئ العراقية في التجارة الإقليمية (رويترز).,اقتصاد,العراق
مصر تفتتح مركزاً متخصصاً لأمراض الكلى المزمنة بصعيد مصر لخدمة الآلاف,جانب من وحدة الغسيل الكلوي المزودة بأحدث التقنيات في المركز الجديد بمحافظة أسيوط، والذي يهدف لخدمة الآلاف من مرضى صعيد مصر (رويترز),صحة,مصر
ملعب طرابلس الدولي يعود للحياة بعد صيانة شاملة.. دفعة مرتقبة للكرة الليبية,لقطة جوية لملعب طرابلس الدولي يظهر فيه أرضية الملعب الخضراء والمدرجات المحدثة مضاءة حديثاً، قبيل حفل الافتتاح الرسمي.,رياضة,ليبيا
"جزر القمر تطلق ""بوابة رقمية موحدة"" لربط كافة جزر الأرخبيل بالخدمات الحكومية",مواطن قمري يتفاعل مع جهاز لوحي في أحد مراكز الوصول الرقمي الجديدة بجزيرة أنجوان النائية، للاستفادة من الخدمات الحكومية الإلكترونية. (الفرنسية),تقنية,جزر القمر
تأخر تنفيذ مجمعات الطاقة الشمسية الكبرى يهدد استراتيجية تونس للاستقلال الطاقي,أعمال بناء متوقفة في أحد مواقع مشاريع الطاقة الشمسية في جنوب تونس، وسط مخاوف من تأخر تحقيق الأهداف الوطنية للطاقة المتجددة (وكالة الأنباء التونسية).,طاقة,تونس
جيبوتي تطلق مهرجاناً وطنياً للموسيقى والرقص التقليدي لتأصيل الهوية الثقافية,راقصون يؤدون رقصة شعبية تقليدية على خشبة المسرح خلال حفل افتتاح المهرجان الوطني للموسيقى والرقص في جيبوتي، مرتدين أزياء زاهية تعكس التراث المحلي المتنوع.,ثقافة,جيبوتي
الرواية المعاصرة تتصدر المشهد: جائزة الدولة التشجيعية في الكويت تكرم مبدعين شباب,كاتبة كويتية شابة تستلم درع جائزة الدولة التشجيعية خلال حفل التكريم السنوي، في احتفالية ثقافية شهدها قصر السيف العامر.,ثقافة,الكويت
الكويت تطلق برنامجاً وطنياً للكشف المبكر عن أمراض الكلى المزمنة,طبيبة كويتية تشرح أهمية الفحوصات الدورية لمريض في عيادة تخصصية ضمن البرنامج الوطني الجديد (الجزيرة),صحة,الكويت
لتجاوز تحديات ما بعد الصراع.. مبادرة واسعة لإعادة تأهيل 300 مدرسة في درعا وريفها,طلاب يعودون إلى فصولهم الدراسية في إحدى المدارس التي تم ترميمها حديثاً بريف درعا الغربي (وزارة التربية السورية),تعليم,سوريا
ارتفاع معدلات التفكك الأسري في الأردن يثير قلقاً مجتمعياً ودعوات لإصلاحات هيكلية,جانب من ورشة عمل لمناقشة التحديات الأسرية نظمها مركز للرعاية الاجتماعية في عمّان (الجزيرة نت),قضايا اجتماعية,الأردن
مبادرة شبابية رائدة في جيبوتي: حملة وطنية لمكافحة التلوث البلاستيكي وحماية الشواطئ,متطوعون شباب يجمعون النفايات البلاستيكية من أحد شواطئ جيبوتي ضمن حملة بيئية مجتمعية (منظمو الحملة),مجتمع,جيبوتي
أنامل يمنية تنسج الأمل: نساء قرى حضرموت يُحيين فن النسيج التراثي لمواجهة التحديات,نساء يمنيات من إحدى القرى في محافظة حضرموت، يجلسن حول أنوال خشبية تقليدية، ينسجن أقمشة مزينة بزخارف تراثية، في مشهد يعكس التمسك بالهوية الثقافية والسعي نحو الاكتفاء الذاتي.,مجتمع,اليمن
موريتانيا تكثف جهودها لتسريع تطوير حقول الغاز البحرية وتعزيز مكانتها الإقليمية في الطاقة,سفينة متخصصة في أعمال التنقيب والتطوير البحري لحقول الغاز قبالة السواحل الموريتانية (وكالات),طاقة,موريتانيا
أطفال القرى النائية بالجزائر: حلم التعليم يصطدم بواقع مرير وتحديات جمة,صورة لتلاميذ يجلسون على مقاعد خشبية متهالكة داخل فصل دراسي بسيط ذي جدران متصدعة ونوافذ مكسورة في مدرسة ابتدائية بإحدى القرى الجبلية النائية بولاية البويرة، وسط الجزائر، في مشهد يجسد معاناة القطاع التعليمي بالمنطقة.,قضايا اجتماعية,الجزائر
"مقديشو تحتضن ""ملتقى الشعراء"" في مبادرة لإحياء الشعر الشفوي الصومالي",شاعر صومالي يلقي قصيدة حماسية أمام جمهور من الشباب وكبار السن في الملتقى الثقافي بمقديشو (الأناضول),ثقافة,الصومال
"قطر تدشن ""متحف التراث البحري الرقمي"" لحفظ ذاكرة المحامل الشراعية","صورة بانورامية لمجموعة من المحامل الشراعية التقليدية راسية قبالة ساحل الدوحة، بينما يظهر على يسار الصورة واجهة ""متحف التراث البحري الرقمي"" الحديث في قرية كتارا الثقافية.",ثقافة,قطر
الكويت تطلق برنامجاً وطنياً شاملاً للكشف المبكر عن هشاشة العظام يستهدف آلاف النساء,سيدة كويتية تخضع لفحص قياس كثافة العظام في أحد المراكز الصحية ضمن البرنامج الوطني الجديد الذي أطلقته وزارة الصحة (الوكالة الكويتية للأنباء),صحة,الكويت
من صحراء ورقلة.. الجزائر تدشن أول محطة تجريبية لإنتاج الهيدروجين الأخضر,منظر جوي يظهر حقولاً واسعة من الألواح الشمسية المتصلة بوحدات التحليل الكهربائي في مشروع محطة الهيدروجين الأخضر التجريبية بولاية ورقلة.,طاقة,الجزائر
حريق هائل يلتهم عشرات الخيام ويهجر مئات العائلات بمخيم للنازحين في شرق موريتانيا,تصاعد أعمدة دخان كثيف من منطقة سكنية داخل أحد مخيمات اللاجئين شرق موريتانيا، حيث تظهر خيام متفحمة وممتلكات محترقة جراء حريق واسع (صورة حديثة).,حوادث,موريتانيا
"في خطوة لتعزيز المهارات المستقبلية.. البحرين تطلق مبادرة ""جسر الشباب"" لتمكين خريجي الجامعات","شباب بحرينيون يتفاعلون مع مرشدين مهنيين خلال ورشة عمل ضمن مبادرة ""جسر الشباب"" في المنامة.",مجتمع,البحرين
المناخ المتغير يهدد صمود الصيادين التقليديين في بحيرات الدلتا المصرية,صياد مصري يتفقد شباكه وسط تدني مستوى المياه في إحدى بحيرات الدلتا، مع تزايد المخاوف من تأثيرات التغير المناخي على مهنته (الصحافة المصرية).,قضايا اجتماعية,مصر
جيبوتي تدشن مشروعاً عملاقاً للطاقة الحرارية الأرضية لخفض الاعتماد على الوقود الأحفوري,"منظر جوي لموقع مشروع ""فيليه"" للطاقة الحرارية الأرضية في منطقة بحيرة عسل بجيبوتي، حيث تتصاعد أعمدة البخار من آبار الاختبار ضمن المرحلة التمهيدية.",اقتصاد,جيبوتي
السعودية تدشن مبادرة وطنية ضخمة لمضاعفة قدراتها اللوجستية وجذب الاستثمارات العالمية,منظر جوي لإحدى المناطق اللوجستية المتطورة في المملكة، تعكس التوسع الهائل للبنية التحتية السعودية في هذا القطاع الحيوي (رويترز),اقتصاد,السعودية
اليمن: أزمة الوقود والطرق الوعرة تعرقل وصول لقاحات الأطفال المنقذة للحياة,فريق طبي يحاول عبور طريق رملي وعر للوصول إلى قرية نائية لتنفيذ حملة تحصين للأطفال في محافظة شبوة.,صحة,اليمن
فاجعة بحرية قبالة مقديشو: قارب يحمل ركاباً يغرق وعشرات في عداد المفقودين,جانب من عمليات البحث والإنقاذ التي تجريها فرق الطوارئ قبالة السواحل الصومالية (غيتي),حوادث,الصومال
"""الكرامة"" يتوج بطلاً لكأس الجمهورية السورية في أمسية كروية حافلة",لاعبو نادي الكرامة يرفعون كأس الجمهورية عالياً وسط احتفالات صاخبة لأنصار النادي في ملعب مدينة حمص، بعد فوزهم الدراماتيكي باللقب.,رياضة,سوريا
جهود مكثفة للبحث عن محتجزين تحت أنقاض مبنى منهار في الرصيفة,فرق الدفاع المدني تستخدم معدات خاصة للبحث عن ناجين تحت ركام مبنى منهار في الرصيفة، فجر الثلاثاء (الدفاع المدني الأردني),حوادث,الأردن
الأردن يطلق المرحلة الثانية من مشروع وطني لتعزيز الاتصال الرقمي في المناطق الأقل حظاً,مهندس أردني يشرف على أعمال مد كابلات الألياف الضوئية في إحدى القرى بمحافظة عجلون شمال الأردن (وكالة الأنباء الأردنية - بترا),تقنية,الأردن
"في قلب الأطلس: المغرب يطلق مشروعاً لحماية فن ""أماوال"" الشفوي المهدد بالاندثار",شيخ طاعن في السن، يرتدي جلباباً تقليدياً وزربية أمازيغية منسوجة يدوياً، يروي قصصاً أمام حشد من سكان قرية جبلية نائية في منطقة الأطلس الكبير بالمغرب، بينما تتوارى قمم الجبال في الأفق.,ثقافة,المغرب
"تتويج تاريخي يكسر الحواجز.. سيدات ""بعلبك يونايتد"" يحصدن لقب الدوري اللبناني لكرة السلة","لاعبات فريق ""بعلبك يونايتد"" يرفعن كأس الدوري اللبناني للسيدات لكرة السلة وسط احتفالات جماهيرية في القاعة الرياضية ببعلبك (الوكالة الوطنية للإعلام).",رياضة,لبنان
"مصر تطلق ""رؤية 2027"" لتعزيز الشمول المالي عبر منظومة دفع رقمي وطنية شاملة",مواطن ينجز عملية دفع إلكترونية باستخدام بطاقة ذكية في أحد المتاجر بالقاهرة، مع تزايد الاعتماد على الحلول الرقمية (ارشيفية/Getty),تقنية,مصر
تقرير أممي يُحذر: أجيال كاملة من الأطفال الفلسطينيين تواجه تحديات نفسية غير مسبوقة,أطفال فلسطينيون يشاركون في جلسة دعم نفسي جماعي داخل مركز مجتمعي في قطاع غزة (الأمم المتحدة),قضايا اجتماعية,فلسطين
نقص حاد في الكفاءات التعليمية يهدد استقرار العملية التربوية في محافظات يمنية,طلاب يجلسون متقاربين داخل فصل دراسي مكتظ ومفتقر للتجهيزات الأساسية في إحدى المدن اليمنية، بينما يشرح معلم مسن درساً على سبورة شبه ممحاة.,تعليم,اليمن
متطوعون تونسيون يطلقون حملة واسعة لإنقاذ المساحات الخضراء في مدن الساحل,شباب تونسيون يشاركون في جهود تنظيف وتشجير إحدى الحدائق العامة بمدينة سوسة، ضمن حملة مجتمعية للحفاظ على البيئة. (وكالات),مجتمع,تونس
تفاقم حمى الضنك يهدد مخيمات النازحين شرق السودان وشحّ الأدوية يفاقم الكارثة,طبيب متطوع يفحص طفلاً يعاني من الحمى داخل خيمة طبية مؤقتة في أحد مخيمات النازحين بولاية كسلا شرق السودان. (رويترز),صحة,السودان
جزر القمر تبرم اتفاقية ضخمة لمشروع كابل بحري يضاعف سعة الإنترنت الوطنية,مسؤولون حكوميون وممثلو شركات اتصالات دولية خلال مراسم توقيع اتفاقية مشروع الكابل البحري الجديد في العاصمة موروني (الفرنسية),تقنية,جزر القمر
مبادرة أهلية في تكانت تحول تحدي ندرة المياه إلى فرصة للتكاتف المجتمعي,نساء وأطفال من إحدى القرى بولاية تكانت الموريتانية يملأون أوعيتهم من بئر تم حفره بجهود مجتمعية (وكالة الأنباء الموريتانية),مجتمع,موريتانيا
أزمة المياه تضاعف معاناة نساء اليمن الريفيات وتزيد من المهام اليومية,نساء يحملن أوعية فارغة في طريقهن إلى بئر بعيد لجلب المياه في منطقة ريفية بمحافظة حجة اليمنية (منظمة أوكسفام),قضايا اجتماعية,اليمن
"جزر القمر تحتفي بافتتاح ""بيت التراث"" لتعزيز الهوية الثقافية والتاريخ البحري","واجهة ""بيت التراث"" الثقافي الجديد في العاصمة موروني، يعكس تصميماً يمزج بين العمارة المحلية والتراث الإسلامي البحري (الجزيرة)",ثقافة,جزر القمر
كرة الطاولة الفلسطينية تحقق إنجازاً تاريخياً بتأهل منتخب السيدات للبطولة العربية,لاعبات منتخب فلسطين للسيدات لكرة الطاولة أثناء حصة تدريبية مكثفة استعداداً للبطولة العربية المرتقبة في القاهرة (الفرنسية),رياضة,فلسطين
مدارس لبنان الرسمية: عام دراسي على المحكّ وسط مطالب المعلمين المتصاعدة,معلمون من المدارس الرسمية في لبنان يتظاهرون أمام وزارة التربية للمطالبة بتحسين الأجور وتأمين مستلزمات العام الدراسي الجديد (الوكالة الوطنية للإعلام),تعليم,لبنان
جزر القمر تطلق مشروعاً وطنياً طموحاً لترقية دوري النخبة لكرة القدم,منظر عام لأحد الملاعب قيد التحديث في جزر القمر، والتي ستستفيد من مشروع التطوير الجديد (رويترز),رياضة,جزر القمر
المغرب يُطلق برنامجاً وطنياً للكشف المبكر عن السكري وارتفاع الضغط بالمناطق القروية,فريق طبي مغربي يجري فحوصات مجانية للكشف عن السكري والضغط في إحدى القرى بالمناطق النائية.,صحة,المغرب
البحرين تطلق حملة وطنية لتعزيز الصحة النفسية لكبار السن في مواجهة الوحدة,مجموعة من كبار السن يتفاعلون في جلسة دعم نفسي بمركز رعاية اجتماعية في المحرق، البحرين.,قضايا اجتماعية,البحرين
الإمارات تسجل قفزة نوعية في استقطاب الاستثمارات الصناعية غير النفطية,مصنع لإنتاج المكونات الدقيقة ضمن مدينة خليفة الصناعية (كيزاد) في أبوظبي (رويترز),اقتصاد,الإمارات
اكتشاف لوحة فسيفسائية نادرة في أراضي جنين يضيء على تاريخ فلسطين القديم,فريق من علماء الآثار يقوم بتوثيق جزء من اللوحة الفسيفسائية المكتشفة في موقع أثري قرب جنين، تمهيداً لعمليات الترميم الأولية. (وفا),ثقافة,فلسطين
السعودية تطلق برنامجاً وطنياً لتعميم الخدمات الرقمية الحكومية في كافة مناطق المملكة,"وزير الاتصالات وتقنية المعلومات السعودي يقدم عرضاً على شاشة تفاعلية توضح خارطة طريق برنامج ""نفاذ لكل مواطن"" لتعزيز الوصول الرقمي (واس)",تقنية,السعودية
دراسة تحذر: نفوق جماعي للكائنات البحرية يضرب شواطئ الكويت الجنوبية,صيادون محليون يتفقدون أسماكاً نافقة على أحد شواطئ ميناء الأحمدي بعد موجة التلوث الأخيرة (وكالة الأنباء الكويتية),بيئة,الكويت
"بيروت تفتح أبواب ""قصر المير"" التاريخي مركزاً للفنون التشكيلية الحديثة",زوار يتجولون في أروقة قصر المير بوسط بيروت، بعد إعادة ترميمه وافتتاحه كمعرض يعرض أعمال فنانين لبنانيين معاصرين (الوكالة الوطنية للإعلام),ثقافة,لبنان
جزر القمر: تحديات اللحظة الأخيرة تقف حائلاً أمام إعلان خلوها من داء الفيلاريات,متطوعة صحية محلية تقوم بتوعية سكان إحدى القرى في القمر الكبرى حول أهمية الالتزام بالجرعات الدوائية لمكافحة داء الفيلاريات.,صحة,جزر القمر
الولايات الداخلية بموريتانيا تواجه نقصاً حاداً في الأطباء الأخصائيين.. والسكان يستغيثون,مرضى ينتظرون دورهم للاستشارة الطبية في مركز صحي بمدينة أطار بولاية آدرار الموريتانية، حيث يشكو السكان من غياب الأطباء الأخصائيين (الجزيرة).,صحة,موريتانيا
عُمان تدشن منطقة تقنية متطورة لجذب الاستثمارات الرقمية الكبرى,مسؤولون عُمانيون خلال فعاليات تدشين المرحلة الأولى من المنطقة التقنية المتكاملة في العاصمة مسقط (وكالة الأنباء العُمانية),تقنية,عُمان
"المرحلة الثانية من ""واحة الأمل الصناعية"" برام الله تفتح أبواب مئات الوظائف الجديدة","لقطة جوية تُظهر جزءاً من المنشآت الجديدة ضمن المرحلة الثانية من ""واحة الأمل الصناعية"" شمال رام الله، والتي تهدف لاستقطاب استثمارات محلية وأجنبية.",اقتصاد,فلسطين
فاجعة تهز قسنطينة: تسرب غاز أحادي أكسيد الكربون يودي بحياة 4 أفراد من عائلة واحدة وإصابة طفل,فرق الحماية المدنية الجزائرية تتدخل في موقع حادث تسرب غاز أحادي أكسيد الكربون الذي أودى بحياة أربعة أشخاص من عائلة واحدة بمنطقة شعبة الرصاص بقسنطينة.,حوادث,الجزائر
مصر تكشف عن مشروع ضخم لتصدير الهيدروجين الأخضر من المنطقة الاقتصادية لقناة السويس,منظر جوي لمجمع صناعي مقترح لتوليد الهيدروجين الأخضر بالقرب من سواحل البحر الأحمر، ضمن استراتيجية مصر لتصبح مركزاً إقليمياً للطاقة النظيفة.,طاقة,مصر
جزر القمر تحصد استثمارات بقيمة 30 مليون دولار لتطوير منتجع سياحي بيئي في أنجوان,مجموعة من المهندسين المحليين والأجانب يستعرضون مخططات مشروع منتجع سياحي بيئي جديد على شاطئ جزيرة أنجوان القمرية، مع تركيز على دمج البنية التحتية بالطبيعة الخضراء المحيطة (وكالة الأنباء الوطنية).,اقتصاد,جزر القمر
"مبادرة ""إرث السلط"" تُعيد إحياء الحِرف اليدوية وتُمكن شباب المدينة اقتصادياً",شاب أردني يركز على تفاصيل قطعة فسيفساء يدوية داخل ورشة تدريبية في مدينة السلط، في إطار مبادرة مجتمعية تهدف لإحياء الحرف التقليدية وتوفير فرص عمل للشباب.,مجتمع,الأردن
شباب بنزرت يتجند لإعادة النقاء لشواطئ المدينة في حملة بيئية واسعة,شبان وفتيات من مدينة بنزرت يجمعون النفايات من شاطئ عام، في إطار حملة تطوعية تهدف للحفاظ على نظافة البيئة البحرية.,مجتمع,تونس
قطر تدمج حلولاً تقنية متطورة لخفض البصمة الكربونية لتوسعة حقل الشمال العملاقة,لقطة جوية لأحد مرافق مشروع توسعة حقل الشمال في مدينة راس لفان الصناعية، تبرز الأنظمة المتكاملة المخصصة لرصد وخفض الانبعاثات الكربونية (الخطوط الجوية القطرية).,طاقة,قطر
"موريتانيا تُطلق مشروعاً وطنياً لمكافحة التقزم وسوء التغذية الحاد في قلب ""واحة السلوان""","عاملة صحية موريتانية تقيس طول ووزن طفل صغير بدقة، بينما تنتظر والدته بقربها، وذلك خلال حملة للكشف المبكر عن سوء التغذية في إحدى القرى النائية التابعة لـ""واحة السلوان"" شرقي البلاد.",صحة,موريتانيا
"الصومال يراهن على ""الذهب الأزرق"": جهود مكثفة لتنمية قطاع الصيد البحري وتوفير فرص عمل",صيادون صوماليون يفرغون شباكهم الممتلئة بالأسماك من قواربهم التقليدية على ساحل مقديشو، في ظل خطط لتحديث الأسطول وتطوير البنية التحتية البحرية (وكالة الأناضول).,اقتصاد,الصومال
قطر تكشف عن حزمة حوافز غير مسبوقة لجذب الاستثمارات العالمية في التكنولوجيا الخضراء,مسؤولون من وزارة التجارة والصناعة القطرية يناقشون مع وفد شركات عالمية خطط الاستثمار في مشاريع التكنولوجيا النظيفة بالدوحة.,اقتصاد,قطر
دراسة تحذر: تآكل الشواطئ يهدد معالم تاريخية ومشاريع تنموية بالبحرين,أمواج البحر تضرب أساسات إحدى المنشآت الساحلية القديمة في منطقة الحد بالبحرين، مظهرةً آثار التآكل المتسارع (وكالة أنباء البحرين).,بيئة,البحرين
"مسرح الشارع الفلسطيني: خشبات ""غير تقليدية"" تروي حكايات الصمود والتراث في الضفة",فرقة مسرحية فلسطينية تقدم عرضاً جماهيرياً تفاعلياً في ساحة عامة لمدينة الخليل القديمة، يتابعه حشد من الأهالي والأطفال (تصوير: وكالة الأنباء الفلسطينية - وفا).,ثقافة,فلسطين
"""مبدعون من أجل الغد"": مبادرة جيبوتية تعزز الحرف اليدوية وتدعم شباب العاصمة","شباب جيبوتيون يعرضون منتجاتهم اليدوية من السلال والمشغولات الخشبية في سوق محلي، ضمن فعاليات مبادرة ""مبدعون من أجل الغد"" في مدينة جيبوتي.",مجتمع,جيبوتي
فاس تحتضن ورشات لإنقاذ الخط المغربي الأصيل من خطر الاندثار,خطاطة شابة تشارك في ورشة لتعليم الخط المغربي الأصيل بمدينة فاس.,ثقافة,المغرب
"الكويت تطلق مبادرة ""جسر الأجيال"" لتعزيز التواصل بين الشباب وكبار السن","متطوعون شباب يتبادلون الأحاديث والخبرات مع كبار السن خلال فعالية تفاعلية ضمن مبادرة ""جسر الأجيال"" في إحدى المراكز المجتمعية بالكويت.",مجتمع,الكويت
مقديشو: برامج تدريب مهني مكثفة تفتح آفاقاً جديدة للشباب الصومالي,جانب من ورشة عمل لتعليم إصلاح الهواتف الذكية لشباب صومالي في مركز تدريب مهني حديث بالعاصمة مقديشو (Getty Images),مجتمع,الصومال
الإمارات تطلق مبادرة وطنية لتعزيز الصحة النفسية ورفاه الموظفين في القطاع الخاص,موظفون من جنسيات مختلفة يشاركون في ورشة عمل توعوية حول إدارة الضغوط في بيئة عمل حديثة بإحدى الشركات بدبي.,قضايا اجتماعية,الإمارات
الصومال يواجه تفاقم أزمة التصحر وسط دعوات لوقف تجارة الفحم غير المشروعة,أكوام من أكياس الفحم الخشبي الجاهزة للبيع في سوق بمقديشو، ترمز إلى التحدي البيئي الذي تواجهه الصومال (رويترز - أرشيف),بيئة,الصومال
تونس تُطلق برنامجاً وطنياً واسعاً لترميم المدارس وتعزيز جودة التعليم بالجهات الداخلية,طلاب تونسيون في إحدى المدارس الابتدائية المُجددة بولاية القصرين يتلقون دروسهم في بيئة تعليمية مُحسّنة، ضمن المبادرة الوطنية لترميم المؤسسات التعليمية.,تعليم,تونس
"الكويت تدشن أكبر مجمع للطاقة الشمسية في شمال البلاد ضمن خطتها لـ""رؤية 2035""",لقطة جوية واسعة لمزرعة الألواح الشمسية الكبيرة في منطقة المطلاع شمال الكويت، تظهر صفوفاً ممتدة من الألواح العاكسة لأشعة الشمس.,طاقة,الكويت
مبادرة شبابية أردنية تجمع الدعم لمئات الأسر في المحافظات النائية,متطوعون شباب أردنيون يقومون بتحميل صناديق مساعدات غذائية وملابس لتوزيعها على الأسر المستفيدة في إحدى القرى النائية بمحافظة المفرق.,مجتمع,الأردن
البرلمان المصري يقر تشريعات جديدة لتعزيز جاذبية منطقة قناة السويس الاستثمارية,جانب من أعمال التوسعة والإنشاءات اللوجستية بمنطقة قناة السويس الاقتصادية، مدعومة بتطلعات لجذب مزيد من الاستثمارات (رويترز),سياسة,مصر
مصر تطلق حواراً وطنياً حول تحديث قانون الإدارة المحلية لتعزيز اللامركزية,وزير التنمية المحلية ومحافظون ومسؤولون حكوميون خلال الجلسة الافتتاحية للمشاورات حول تفعيل إصلاحات الإدارة المحلية في أحد فنادق القاهرة (الأناضول).,سياسة,مصر
الصومال يطلق مشروعاً وطنياً لتوثيق وحفظ كنوزه الشعرية الشفهية,خبير صومالي يستخدم معدات تسجيل لتوثيق روايات وقصائد شفهية من أحد كبار السن في فعالية ثقافية بمقديشو (صورة خاصة).,ثقافة,الصومال
جيبوتي تطلق حملة وطنية مكثفة لمكافحة أمراض السكري وارتفاع ضغط الدم,طبيبة جيبوتية تقوم بإجراء فحص روتيني لأحد المواطنين ضمن حملة صحية وقائية في جيبوتي العاصمة (وكالة الأنباء الجيبوتية),صحة,جيبوتي
فاجعة النيل الأبيض: غرق عبارة محملة بالنازحين يودي بحياة العشرات جنوب الخرطوم,قوارب صيد صغيرة ومواطنون يشاركون في جهود البحث عن مفقودين بعد غرق عبارة تُقلّ نازحين في النيل الأبيض، جنوب الخرطوم (وكالة الأنباء السودانية),حوادث,السودان
جزر القمر: مبادرة شبابية تقود حملة واسعة لزراعة المانجروف وحماية السواحل,شباب متطوعون من إحدى القرى الساحلية في جزر القمر يشاركون بنشاط في زراعة شتلات المانجروف على طول الشاطئ، في إطار جهود مجتمعية لحماية البيئة الساحلية والتخفيف من آثار التغيرات المناخية. (لجان التنمية المحلية),مجتمع,جزر القمر
الأردن يستضيف مؤتمراً أمنياً رفيع المستوى لمواجهة تحديات التهريب الإقليمي,وزير الخارجية الأردني يترأس جلسة افتتاح أعمال المؤتمر الأمني بحضور ممثلين عن الدول المشاركة في العاصمة عمان (بترا),سياسة,الأردن
تونس تطلق خطة وطنية لمواجهة تآكل السواحل وإنقاذ مدنها السياحية,منظر جوي يظهر تآكل حاد في الشاطئ يقترب من أساسات فنادق سياحية في مدينة الحمامات، تونس.,بيئة,تونس
الإمارات تطلق إطاراً وطنياً لدمج مفاهيم الاستدامة في المناهج التعليمية,طلاب في إحدى مدارس أبوظبي يشاركون في ورشة عمل حول إعادة التدوير، ضمن فعاليات برنامج تعليمي بيئي.,تعليم,الإمارات
الخليج العربي في خطر: دراسة إماراتية تحذر من تركيز قياسي للميكروبلاستيك في كائناته البحرية,باحثون إماراتيون يحللون عينات من الأسماك والكائنات البحرية للكشف عن جزيئات الميكروبلاستيك في مختبر بيئي (وام),بيئة,الإمارات
"مبادرة ""سفينة الأجداد"" تُحيي مهارة بناء القوارب الشراعية التقليدية في جزر القمر",شباب من جزر القمر يعملون بجد في ورشة لتعليم وصناعة قارب شراعي خشبي تقليدي، ضمن مشروع يهدف إلى الحفاظ على هذا الموروث البحري العريق للأجيال القادمة.,ثقافة,جزر القمر
تحذيرات أممية: تفشي الكوليرا يهدد حياة الملايين في مخيمات شمال غرب سوريا,عاملة إغاثة تفحص طفلاً يعاني من أعراض الإسهال الحاد في أحد مراكز العزل المؤقتة بمخيمات إدلب (الهلال الأحمر السوري),صحة,سوريا
الصومال تطلق برنامجاً وطنياً لتدريب آلاف الشباب على المهن الفنية والحرفية,مجموعة من الشباب الصوماليين خلال حصة تدريبية على مهارات النجارة ضمن المبادرة الجديدة الهادفة لتمكين الأيدي العاملة المحلية. (وكالات),مجتمع,الصومال
حريق هائل يلتهم مجمعاً تجارياً وسكنياً في المنامة ويسفر عن إصابات واحتجاز,"ألسنة اللهب والدخان الكثيف تتصاعد من مجمع ""جزر المنامة"" التجاري السكني وسط جهود مكثفة لفرق الدفاع المدني البحريني للسيطرة على الحريق.",حوادث,البحرين
"الجزائر تطلق ""برنامج الجذور"" لتوثيق وإحياء فن نسيج ""الزربية المزابية"" الأصيل",سيدة جزائرية مسنة تتفحص خيوطاً ملونة قبل بدء نسج زربية تقليدية على نول خشبي في واحة غرداية. (الصورة: وزارة الثقافة الجزائرية),ثقافة,الجزائر
انقسام حاد يضرب التحالف الحاكم في العراق بشأن مشروع قانون الانتخابات الجديد,نواب عراقيون خلال جلسة برلمانية في قبة البرلمان بالعاصمة بغداد (رويترز),سياسة,العراق
"البحرين تدشن ""مجمع النور"" أضخم مشروع للطاقة الشمسية لتعزيز أمن الطاقة وتحقيق الأهداف البيئية","مسؤولون بحرينيون خلال مراسم تدشين جزء من حقل ألواح شمسية يتبع لـ ""مجمع النور"" في منطقة صحراوية (رويترز)",طاقة,البحرين
"تونس.. ""منازل الأجداد"" تحت تهديد التآكل الساحلي وتحديات التهجير المناخي",امرأة مسنة تنظر من نافذة منزلها المتصدع المطل على البحر، يحيط بها أفراد أسرتها في قرية ساحلية مهددة بالتآكل شمال تونس.,قضايا اجتماعية,تونس
نقص حاد في الفصول المجهزة يفاقم تحديات الدمج التعليمي لذوي الإعاقة في مدارس الضفة الغربية,معلمة فلسطينية تشرح لطالبة من ذوي الاحتياجات الخاصة في صف اعتيادي بإحدى مدارس طولكرم، ما يبرز الحاجة للمرافق المتخصصة. (وكالة الأنباء الفلسطينية - أرشيف),تعليم,فلسطين
"الاتحاد الإماراتي يكشف عن ""خطة 2030"" لتوسيع قاعدة المواهب الكروية",مجموعة من اللاعبين ناشئين يتدربون بحماس في أحد الملاعب العشبية المتطورة ضمن أكاديمية رياضية في الإمارات، يعكسون مستقبل كرة القدم الواعد (Getty Images),رياضة,الإمارات
موريتانيا: مبادرات مجتمعية تستقبل مئات المتدربين لإنقاذ حرف يدوية تقليدية من الاندثار,شابة موريتانية تعمل على نسيج يدوي تقليدي خلال ورشة للحرف اليدوية نظمتها إحدى الجمعيات الأهلية في نواكشوط (صورة خاصة بالمبادرة).,مجتمع,موريتانيا
موريتانيا تتوقع قفزة في إيراداتها السيادية مع بدء تصدير الغاز الطبيعي المسال من حقولها البحرية,صورة جوية لمنشآت ميناء مخصص لتصدير الغاز على الساحل الموريتاني (رويترز),اقتصاد,موريتانيا
تصاعد أزمة المياه بتعز يدفع الأسر للبحث عن بدائل مكلفة,نساء وأطفال يحملون أوعية بلاستيكية فارغة ينتظرون دورهم لملئها من نقطة توزيع مياه نادرة في إحدى مناطق تعز (وكالات / أرشيفية),مجتمع,اليمن
الأردن يطلق مبادرة وطنية لضم مليون مواطن جديد إلى منظومة الدفع الرقمي,شخص يستخدم هاتفه الذكي لإجراء معاملة دفع إلكترونية، في إشارة إلى توسع المدفوعات الرقمية في الأردن.,تقنية,الأردن
بالشراكة مع جهات دولية.. جزر القمر تطلق برنامجاً لتعزيز القيمة المضافة لصادرات التوابل,قرون فانيليا يتم فرزها وتجهيزها للتصدير في أحد مصانع التعبئة بجزر القمر (وكالات),اقتصاد,جزر القمر
العراق يطلق مشروعاً ضخماً للطاقة الشمسية شمال البصرة لتعزيز مزيج الطاقة,ألواح شمسية تمتد لمسافات واسعة في موقع مشروع محطة للطاقة المتجددة في الأراضي الصحراوية جنوب العراق.,طاقة,العراق
الكويت تدشن برنامجاً وطنياً شاملاً للكشف المبكر عن الضغط الشرياني لتعزيز صحة القلب,إحدى الوحدات المتنقلة التابعة لوزارة الصحة الكويتية تقوم بإجراء فحص الضغط الشرياني لأحد المواطنين ضمن البرنامج الوطني للكشف المبكر. (أرشيفية),صحة,الكويت
الكويت تحتضن الإبداع: انطلاق الدورة الجديدة للمعرض الوطني للفنون التشكيلية,زوار يتأملون لوحة فنية عصرية تجسد مزيجاً من التراث والحداثة خلال فعاليات المعرض الوطني للفنون التشكيلية في إحدى قاعات مركز الشيخ جابر الأحمد الثقافي (شترستوك),ثقافة,الكويت
مروع: مصرع 5 أشخاص وإصابة آخرين بانهيار مبنى سكني متصدع بدمشق,فرق الإنقاذ تواصل جهودها لانتشال الضحايا تحت أنقاض مبنى سكني انهار في حي برزة بدمشق (وكالة الأنباء السورية سانا),حوادث,سوريا
مأساة في طرابلس: انهيار جزئي لمبنى سكني إثر حريق هائل يودي بحياة شخص وإصابة 15 آخرين,عناصر الدفاع المدني اللبناني وعمال إغاثة يواصلون عمليات البحث والإنقاذ بين أنقاض مبنى سكني تعرض لانهيار جزئي جراء حريق ضخم في منطقة أبو سمراء، طرابلس.,حوادث,لبنان
جيبوتي تطلق مبادرة وطنية لتوفير التعليم في المناطق الرعوية النائية,أطفال جيبوتيون يشاركون في درس داخل فصل دراسي متنقل تم إنشاؤه حديثًا في منطقة رعوية (وكالة الأنباء الجيبوتية),تعليم,جيبوتي
الفروسية في شرق السودان: نوادٍ شعبية تقاوم الاندثار وتصقل المواهب,فرسان سودانيون يتدربون في حلبة ترابية بأحد الأندية الشعبية شرق السودان.,رياضة,السودان
أبطال لبنان على المحك: الأزمة الاقتصادية تهدد مسيرة النادي الرياضي في بطولة آسيا لكرة السلة,لاعب من النادي الرياضي بيروت يحاول تجاوز مدافع من الفريق المنافس خلال مباراة حاسمة ضمن بطولة آسيا للأندية لكرة السلة، في ظل تحديات مالية ولوجستية تواجه الفريق (وكالات),رياضة,لبنان
الكويت تدشن مجمع مراكز بيانات ضخماً لدعم رؤيتها الرقمية 2035,صورة جوية لمجمع مراكز بيانات الشركة الوطنية للاتصالات في منطقة الصليبية الصناعية بالكويت، تبرز حجم الاستثمار في البنية التحتية الرقمية.,تقنية,الكويت
جزر القمر تطلق برنامجاً وطنياً لتعزيز الأمن المائي في المناطق الريفية,مجموعة من النساء والأطفال في قرية ريفية بجزر القمر يملؤون أوعيتهم من صنبور مياه عام تم افتتاحه حديثاً، وسط أجواء من البهجة والتفاؤل.,مجتمع,جزر القمر
مصر تدشن مركزها الأكبر لإعادة تدوير النفايات الإلكترونية لتعزيز الاقتصاد الدائري,عمال متخصصون يشرفون على مراحل فرز ومعالجة النفايات الإلكترونية في المنشأة الجديدة بالمنطقة الصناعية المصرية (وكالة الأنباء المصرية),تقنية,مصر
فريق أثري بحريني يكشف تفاصيل معمارية فريدة لموقع دلموني جديد جنوب المملكة,فريق من علماء الآثار البحرينيين يوثقون تفاصيل أساسات معمارية مكتشفة حديثاً في موقع الحجير الأثري جنوب البحرين، يعتقد أنها تعود لحضارة دلمون العريقة.,ثقافة,البحرين
جزر القمر تفتتح أول مركز شامل لغسيل الكلى بدعم دولي,لقطة داخلية للمركز الجديد لغسيل الكلى في موروني، يظهر فيها طاقم طبي أمام أجهزة حديثة أثناء الاستعدادات النهائية للافتتاح الرسمي.,صحة,جزر القمر
"""فرسان عمان للغد"": مبادرة وطنية لتنمية مواهب الفروسية لدى النشء","فارس عماني شاب يمتطي جواداً خلال أحد التدريبات ضمن مبادرة ""فرسان عمان للغد"" (الجزيرة)",رياضة,عُمان
الإمارات تدشّن أكبر مجمع للهيدروجين الأخضر في منطقة خليفة الصناعية بأبوظبي,صورة جوية للمرحلة الأولى من مجمع إنتاج الهيدروجين الأخضر الجديد في منطقة خليفة الصناعية بأبوظبي، تظهر الألواح الشمسية ومرافق التحليل الكهربائي. (وكالة أنباء الإمارات - وام).,طاقة,الإمارات
عُمان تعتمد استراتيجية وطنية لمكافحة ارتفاع معدلات السكري والضغط و25 ألف مستفيد منها في المرحلة الأولى,طاقم طبي عُماني يشرح لمواطنين أهمية الفحص الدوري ضمن حملة توعية صحية بأحد المراكز الصحية في منطقة الباطنة.,صحة,عُمان
قطر تسجل قفزة نوعية في حجم التجارة غير النفطية بفضل تسارع وتيرة التنويع الاقتصادي,ميناء حمد الدولي يشهد حركة نشطة للسفن والبضائع، في قلب جهود قطر لتحويل الدولة إلى مركز لوجستي إقليمي (الفرنسية),اقتصاد,قطر
"جزر القمر تدشن ""أكاديمية المرجان"" لبناء جيل جديد من نجوم كرة القدم","لقطة بانورامية لمجمع ""أكاديمية المرجان"" الجديد بضاحية حمامبو في موروني، حيث يتدرب عشرات الأطفال والشباب الكوموريين على عدة ملاعب عشبية صناعية تحت إشراف مدربين محليين ودوليين.",رياضة,جزر القمر
موريتانيا توقع اتفاقيات ضخمة لتطوير مزارع رياح عملاقة بقيمة 1.2 مليار دولار,توربينات رياح ضخمة تظهر في الأفق بمنطقة ساحلية بموريتانيا، في إطار مشروع سابق للطاقة المتجددة (وكالة الأنباء الموريتانية),اقتصاد,موريتانيا
مصرع 15 شخصاً وإصابة 30 آخرين في حادث تصادم مروع جنوب الصومال,فرق الإنقاذ تتفقد حطام الحافلة والشاحنة بعد الحادث المروع جنوب الصومال.,حوادث,الصومال
مبادرة مجتمعية تضيء مستقبل الشابات في قرى الأطلس بتعليم الحرف التقليدية,شابة مغربية تتدرب على فن النقش على الخشب في ورشة تعليمية بمنطقة قروية بالأطلس المتوسط (المغربي الحر),مجتمع,المغرب
"مهرجان ""نغمات بحرينية"" يضيء ليالي المنامة ويحتفي بالإرث الموسيقي العريق",فرقة بحرينية شعبية تؤدي عرضاً فنياً بآلات موسيقية تقليدية على مسرح مفتوح في قلب المنامة.,ثقافة,البحرين
جيبوتي تطلق برنامجًا وطنيًا موسعًا لمكافحة أمراض سوء التغذية لدى الأطفال,عاملة صحية تجري فحصًا جسديًا لطفل جيبوتي في مركز رعاية أولي ضمن مبادرة صحية جديدة.,صحة,جيبوتي
مبادرة شبابية أردنية تُنعش فن الخط العربي في أحضان عمّان القديمة,"شاب أردني يركز على إبداع لوحة فنية بخط الثلث داخل ورشة عمل ضمن مبادرة ""حروف الضاد"" في أحد بيوت عمان القديمة التراثية.",ثقافة,الأردن
دوري مقديشو للناشئين يوقد شرارة الأمل لمواهب كرة القدم الصومالية,لاعبون صوماليون ناشئون يتبادلون التحية قبل انطلاق مباراة ضمن دوري مقديشو للشباب على أرضية ترابية بالعاصمة (وكالة الأنباء الصومالية),رياضة,الصومال
المنظمات البيئية تدق ناقوس الخطر: انحسار غابات القرم بالبحرين يهدد التنوع البيولوجي الساحلي,لقطة علوية تظهر امتداداً لأشجار القرم (المانجروف) على أحد سواحل البحرين، محاطة بمؤشرات لتوسع عمراني وصناعي يهدد هذه البيئة الحيوية. (رويترز),بيئة,البحرين
منتخب لبنان للطائرة يتحدى الصعاب في معسكر تدريبي أخير قبل الاستحقاق الآسيوي,لاعبون من المنتخب اللبناني للكرة الطائرة يؤدون تدريبات مكثفة في قاعة رياضية بالعاصمة بيروت، وسط تحديات لوجستية ومالية (الاتحاد اللبناني للكرة الطائرة),رياضة,لبنان
نزيف الكفاءات التمريضية يهدد جودة الخدمات الصحية في لبنان,طاقم تمريض في إحدى المستشفيات الحكومية اللبنانية، حيث يتفاقم النقص الحاد في الكفاءات الطبية (رويترز),صحة,لبنان
"العراق يطلق ""بوابة مواطن"" لتوحيد وتسهيل الوصول إلى الخدمات الحكومية الرقمية","لقطة مقربة تظهر مواطنًا عراقيًا يتفاعل مع واجهة ""بوابة مواطن"" الرقمية على شاشة حاسوب في أحد مراكز الخدمة المخصصة في بغداد (وكالة الأنباء العراقية - واع).",تقنية,العراق
عُمان تدشن المركز الوطني المختص ببحوث وعلاج فقر الدم المنجلي والثلاسيميا,طاقم طبي متخصص يناقش نتائج فحوصات وراثية حديثة في مختبر المركز الجديد بمسقط، ضمن جهود السلطنة لمواجهة الأمراض الوراثية المنتشرة. (وزارة الصحة العُمانية),صحة,عُمان
نظم بيئية مهددة.. النفايات البلاستيكية تخنق الشعاب المرجانية في البحر الأحمر المصري,غواص يوثق تراكم النفايات البلاستيكية بين الشعاب المرجانية الحيوية بالبحر الأحمر، مما يشكل تهديداً للحياة البحرية (شترستوك).,بيئة,مصر
"أكاديمية ""نسور المستقبل"" تنطلق في جدة.. مشروع الأهلي لتعزيز المواهب السعودية",لقطة من حفل إطلاق أكاديمية الأهلي في جدة تظهر مجموعة من اللاعبين الشباب الواعدين برفقة مدربيهم وإحدى الشخصيات الإدارية للنادي.,رياضة,السعودية
مصر: 3 قتلى و10 جرحى.. انهيار مفاجئ لعقار سكني في بولاق الدكرور يضع فرق الإنقاذ في سباق مع الزمن,فرق الإنقاذ المصرية تبحث عن ناجين ومصابين بين أنقاض عقار سكني منهار بحي بولاق الدكرور بمحافظة الجيزة، وسط تواجد أمني ومواطنين (وكالات).,حوادث,مصر
"جهود مجتمعية في غدامس لتوثيق ""التراث الشفوي"" الأصيل قبيل اندثاره",مجموعة من كبار السن في مدينة غدامس القديمة يتبادلون الحكايات والقصص الشعبية في لقاءٍ مجتمعي مخصص لتوثيق الذاكرة الشفوية.,مجتمع,ليبيا
تونس: ارتفاع مقلق لمخلفات البلاستيك يهدد الثروة السمكية وبيئة السواحل,صياد تونسي يتفقد شباكه الملوثة بالبلاستيك على شاطئ في منطقة المهدية، جنوبي العاصمة تونس.,بيئة,تونس
النادي الأهلي بحماة يتصدر الدوري السوري الممتاز وسط تحديات لوجستية غير مسبوقة,احتفالات لاعبي النادي الأهلي بحماة بعد فوزهم الأخير الذي منحهم صدارة الدوري، في مشهد يعكس إصرار الفريق على تحقيق النجاح رغم الظروف الصعبة التي تعصف بالرياضة السورية (وكالة الأنباء السورية).,رياضة,سوريا
"""كنوز الحسا"": مبادرة شبابية سعودية تحول أحياء تاريخية مهجورة إلى وجهات ثقافية وسياحية","مجموعة من الشباب السعودي وأفراد المجتمع المحلي يشاركون في تزيين أحد الممرات التراثية التي تم ترميمها في منطقة ""الرفعة"" التاريخية بالأحساء، وذلك ضمن فعاليات مبادرة ""كنوز الحسا"" (واس).",مجتمع,السعودية
الحكومة السورية تطلق خطة لدعم تسويق محصول القمح وسط مخاوف من تضخم الأسعار,مزارعون سوريون يعملون على حصاد القمح يدوياً في سهل الغاب بمحافظة حماة، في ظل تحديات لوجستية وتوقعات بزيادة المحصول هذا العام (رويترز),اقتصاد,سوريا
موريتانيا تكشف خطة وطنية لتعزيز الرعاية الصحية الأولية في المناطق النائية,وحدة صحية متنقلة تقدم الفحوص والعلاجات الأولية لسكان إحدى القرى في منطقة الحوض الشرقي بموريتانيا، في إطار المبادرة الجديدة (وكالة الأنباء الموريتانية),صحة,موريتانيا
الكويت: دراسة بيئية تحذر من تضاعف غير مسبوق للبلاستيك الدقيق في مياهها الإقليمية,مجموعة من باحثي البيئة يقومون بسحب عينات من مياه البحر في منطقة ساحلية بالكويت لدراسة نسب التلوث البلاستيكي.,بيئة,الكويت
الكويت تعلن عن بدء المرحلة الثانية لتطوير مجمع الشقايا للطاقة المتجددة بقدرة 1.5 جيجاوات,لقطة علوية تظهر نطاقاً واسعاً من الألواح الشمسية في منطقة صحراوية بالكويت، مع بعض أنشطة البناء الدائرة في الأفق (مصدر مسؤول من وزارة الكهرباء والماء والطاقة المتجددة).,طاقة,الكويت
الدفاع المدني بالإمارات يسيطر على حريق ضخم ببرج سكني في عجمان ويسجل إصابات,تصاعد أعمدة الدخان الكثيف وألسنة اللهب من الطوابق العليا لبرج سكني في عجمان، بينما تعمل فرق الإطفاء على إخماد الحريق (رويترز).,حوادث,الإمارات
"قطر تكشف عن مشروع ""بوابة الخليج"" لتعزيز مكانتها كمركز لوجستي عالمي","عرض مرئي لمجمع ""بوابة الخليج"" اللوجستي في منطقة أم صلال، يظهر تكامل الميناء الجاف مع المستودعات الحديثة ومناطق التخزين (وكالة الأنباء القطرية - قنا)",اقتصاد,قطر
الأردن يطلق برنامجاً وطنياً لتدريب 5 آلاف شاب على أمن المعلومات لمواجهة التحديات السيبرانية,شباب أردنيون يشاركون في ورشة عمل مكثفة حول أساسيات الأمن السيبراني والتحقيق الرقمي في إحدى المبادرات المدعومة حكومياً.,تقنية,الأردن
دراسة تحذر: ارتفاع حرارة المحيطات يهدد مستقبل الشعاب المرجانية النادرة في سواحل عُمان,غواص يوثق حالة تبييض جزئي في شعاب مرجانية قبالة سواحل مسقط، نتيجة لارتفاع حرارة مياه البحر (وزارة الثروة الزراعية والسمكية وموارد المياه العُمانية),بيئة,عُمان
بطولة لبنان للراليات تختتم بنجاح: إصرار رياضي يتحدى الصعوبات اللوجستية والاقتصادية,سيارة رالي لبنانية تحلق فوق أحد المنعطفات الترابية خلال منافسات البطولة في منطقة كسروان (وكالة الأنباء الوطنية),رياضة,لبنان
السعودية تعزز مكانتها التعدينية باستقطاب استثمارات ضخمة لتنويع الاقتصاد,صورة جوية تظهر آليات ثقيلة تعمل في منجم مفتوح واسع بالمملكة العربية السعودية لاستخراج المعادن الحيوية.,اقتصاد,السعودية
العراق: تزايد الوعي بالصحة النفسية يواجه نقصاً حاداً في المتخصصين والموارد,طبيب نفسي عراقي يقدم جلسة استشارية في مركز للدعم النفسي في أربيل، مع تزايد الدعوات لتطوير قطاع الصحة العقلية في البلاد (رويترز),قضايا اجتماعية,العراق
تحذيرات بيئية من تفاقم أزمة النفايات الصلبة في القرى الفلسطينية بالضفة الغربية,أكوام من النفايات المتراكمة على مقربة من أراضٍ زراعية تظهر فيها أشجار زيتون، مع بروز بعض الانبعاثات الخفيفة منها في إحدى قرى الضفة الغربية.,بيئة,فلسطين
دمشق: مدرسة تاريخية تعود للحياة بعد مشروع ترميم ضخم لتعزيز التعليم,طلاب يدخلون باحة مدرسة ابن رشد العتيقة بدمشق بعد إعادة ترميمها وافتتاحها (مصدر محلي),تعليم,سوريا
مبادرات مجتمعية رائدة في السعودية لمواجهة العزلة الاجتماعية لكبار السن,متطوعون شباب يشاركون كبار السن في نشاط ترفيهي ودمجي ضمن إحدى المبادرات الاجتماعية في مدينة جدة (وكالة الأنباء السعودية - واس),قضايا اجتماعية,السعودية
تأجيل مشاريع الزواج يتفاقم بين الشباب الأردني بفعل الضغوط الاقتصادية,زوجان شابان يتصفحان إعلانات عقارية مكلفة في نافذة أحد المكاتب العقارية بعمان، مما يعكس تحديات الإسكان (رويترز),قضايا اجتماعية,الأردن
حضرموت تكشف عن نقوش صخرية نادرة تضيء عصور اليمن السحيقة,باحث محلي يقوم بتوثيق إحدى النقوش الصخرية المكتشفة حديثًا في أحد أودية حضرموت الوعرة، تظهر عليها رموز وكتابات قديمة (وكالة سبأ للأنباء).,ثقافة,اليمن
مبادرات شبابية بالجزائر تعيد إحياء التراث اللامادي بلمسة عصرية,شابات جزائريات يتدربن على صناعة الزرابي التقليدية في ورشة محلية بمدينة غرداية، كجزء من جهود مجتمعية للحفاظ على الفنون الحرفية الأصيلة.,مجتمع,الجزائر
بعد عقود من الإهمال.. أيقونات قبطية نادرة تعود للحياة في كنيسة بصعيد مصر,لوحة جدارية ملونة حديثة الترميم تصور قديساً قبطياً داخل الكنيسة التاريخية التي شهدت أعمال ترميم واسعة، بصعيد مصر.,ثقافة,مصر
تصاعد دعوات دولية لدعم استئناف التعليم العالي بالسودان بعد الأضرار الجسيمة,لقطة جوية تظهر الأضرار الهيكلية لأحد مباني جامعة أم درمان الإسلامية في السودان (رويترز),تعليم,السودان
"الأردن يطلق ""برنامج وطن الصناعة"" لتعزيز تنافسية المنتجات المحلية في الأسواق العالمية",عمال أردنيون يتفقدون خط تعبئة لمنتجات غذائية محلية في إحدى مناطق الصناعات الصغيرة والمتوسطة بمدينة الحسن الصناعية.,اقتصاد,الأردن
"""الحفاظ على الروح"": مشروع لترميم عدد من منازل بيروت التراثية يطلق في الجميزة",واجهة أحد المنازل التراثية المتضررة في حي الجميزة البيروتي، تظهر عليها لمسات أعمال الترميم المبكر للحفاظ على طابعها المعماري الفريد.,ثقافة,لبنان
"السعودية تدشن برنامج ""مدن المستقبل الرقمية"" لدعم ابتكارات الشركات الناشئة في التقنيات الحضرية",عرض تخيلي لمدينة مستقبلية متكاملة تدمج التقنيات الذكية مع البنى التحتية الحديثة، يبرز التزام المملكة بتطوير بيئات حضرية مبتكرة.,تقنية,السعودية
"الإمارات تطلق استراتيجية طموحة للهيدروجين الأخضر وتدشّن منشأة الإنتاج الرائدة ""نور""","مسؤولون حكوميون ورؤساء تنفيذيون لشركات طاقة كبرى خلال مراسم تدشين منشأة ""نور"" لإنتاج الهيدروجين الأخضر في إحدى المناطق الاقتصادية المتخصصة بالإمارات.",طاقة,الإمارات
المدن المصرية تواجه سباقاً مع الزمن: تحديات تراكم النفايات تهدد الصحة العامة وجمال البيئة,تلال من المخلفات الصلبة تتراكم في إحدى المناطق السكنية بضواحي القاهرة الكبرى، في مشهد يعكس أزمة إدارة النفايات المتفاقمة.,بيئة,مصر
الصومال: مبادرة رائدة لإعادة إحياء فن الحكايات الشعبية في مقديشو,شبان صوماليون يتجمعون حول راوٍ مسن في إحدى الفعاليات التي تهدف لإحياء التراث الشفهي في مركز ثقافي بمقديشو.,ثقافة,الصومال
شباب قطر يقودون مبادرة وطنية لتعزيز الوعي البيئي في الأحياء السكنية,مجموعة من المتطوعين الشباب يشاركون في ورشة عمل لفرز النفايات القابلة للتدوير في أحد المراكز المجتمعية بالدوحة (غيتي),مجتمع,قطر
جدل متصاعد حول مقترح تعديل قانون الانتخابات البلدية في تونس,نواب ينخرطون في نقاش حاد داخل مجلس نواب الشعب التونسي خلال جلسة مخصصة لمناقشة مقترحات تعديل القوانين التنظيمية (الوطنية),سياسة,تونس
"الكويت تدشن ""بيت العمارة"" ليكون منارة للحفاظ على الهوية المعمارية التراثية","واجهة ""بيت العمارة الكويتي"" الذي تم ترميمه مؤخراً في منطقة الصالحية، يعرض تفاصيل فن البناء التقليدي.",ثقافة,الكويت
أسعار البن اليمني ترتفع والحصاد يتراجع.. مزارعو المرتفعات يكافحون آثار الجفاف وتغير المناخ,مزارعون يمنيون يتفقدون أشجار البن على مدرجات جبلية بواحدة من مناطق الزراعة التقليدية، حيث تواجه المحاصيل تراجعاً كبيراً في الإنتاج بسبب قلة الأمطار وارتفاع درجات الحرارة.,بيئة,اليمن
الحكومة اللبنانية تكشف عن خطة استراتيجية لزيادة الصادرات الزراعية وتأمين العملة الصعبة,صناديق من الفاكهة والخضروات اللبنانية جاهزة للتصدير في أحد المراكز اللوجستية (رويترز),اقتصاد,لبنان
تقرير حقوقي يكشف تحديات دمج الأطفال النازحين بمدارس تعز اليمنية,أطفال في أحد الفصول الدراسية بمدرسة مستهدفة في منطقة ريفية بمحافظة تعز، اليمن (مبادرة مجتمعية لإنشاء الفصول),تعليم,اليمن
الرباط تدعو لتنسيق إقليمي أوسع لمواجهة التحديات الأمنية في الساحل,وفود دبلوماسية خلال اجتماع أمني رفيع المستوى في الرباط لبحث استراتيجيات مواجهة التهديدات الإرهابية بالمنطقة (رويترز).,سياسة,المغرب
برامج دعم تعليمي مبتكرة للطلبة في التجمعات الفلسطينية النائية,عدد من الأطفال الفلسطينيين يشاركون في حصة تعليمية في مركز مجتمعي بإحدى القرى في شمال الضفة الغربية، ضمن مبادرة لدعم التحصيل الأكاديمي.,تعليم,فلسطين
"البحرين تدشن ""مشروع الأفق الأزرق"" لتعزيز رياضة الشراع وتأهيل جيل من الأبطال الأولمبيين","قوارب شراعية بحرينية حديثة تتسابق قبالة السواحل الشرقية للمنامة، في إطار تدريبات مكثفة ضمن ""مشروع الأفق الأزرق"" الجديد لتطوير المواهب (وكالة أنباء البحرين - بنا)",رياضة,البحرين
العراق يضخ استثمارات بمليار دولار لمشروع وطني لتعميم شبكة الألياف البصرية,فنيون عراقيون يمدون كابلات الألياف البصرية في أحد المواقع الجديدة لتوسعة الشبكة في محافظة البصرة (الفرنسية).,تقنية,العراق
الإمارات تطلق مبادرة وطنية لزراعة 100 مليون شجرة قرم لتعزيز البيئة البحرية بحلول 2040,منظر جوي لأشجار القرم المزروعة حديثًا على سواحل إمارة أبوظبي في إطار مشاريع بيئية سابقة، تماشيًا مع الأهداف الوطنية الطموحة (وكالة الأنباء الإماراتية - أرشيف),بيئة,الإمارات
"الإمارات تطلق ""كنوز الحكايات"": مشروع رقمي ضخم لتوثيق السرد الشفهي العربي",باحثون ومتطوعون يعملون في مركز ثقافي بأبوظبي على رقمنة وتصنيف مئات الساعات من التسجيلات الصوتية للحكايات والأمثال الشعبية العربية. (أ ب),ثقافة,الإمارات
"الاتحاد الموريتاني يطلق ""دوري المواهب الواعدة"" لرفد منتخبات الشباب بالنجوم",لاعبون شباب موريتانيون يستعرضون مهاراتهم الكروية بحماس، أملًا في الانضمام لفرق النخبة الصاعدة.,رياضة,موريتانيا
موسم العواصف الترابية يضرب العراق بتواتر غير مسبوق: تحذيرات بيئية واقتصادية,المواطنون يرتدون أقنعة واقية خلال عاصفة ترابية شديدة حوّلت سماء البصرة إلى حجاب أصفر كثيف، في مشهد بات يتكرر بوتيرة مقلقة (وكالة الأنباء العراقية).,بيئة,العراق
منظمات إغاثية تحذر من تفاقم سوء التغذية الحاد بين أطفال السودان,أم سودانية تحمل طفلها الذي يعاني من علامات سوء التغذية في مركز طبي بمدينة الفاشر.,صحة,السودان
"الأردن يطلق ""الدرع الأخضر"" لمكافحة التصحر في البادية الشمالية بمبادرة وطنية","فرق عمل تزرع شتلات صغيرة مقاومة للجفاف في أرض قاحلة ضمن مشروع ""الدرع الأخضر"" بمنطقة وادي المغير بالبادية الشمالية الأردنية، تظهر خلفها مساحات شاسعة من التضاريس الجافة. (عن وكالة الأنباء الأردنية)",بيئة,الأردن
حريق هائل يلتهم مستودعاً للمواد الغذائية في الشارقة ويسفر عن إصابات,فرق الدفاع المدني تجاهد للسيطرة على ألسنة اللهب المتصاعدة من مستودع ضخم في المنطقة الصناعية السادسة بالشارقة (وام),حوادث,الإمارات
الصومال يطلق مشروعاً كبيراً لتركيب محطات طاقة شمسية في أربع ولايات: نحو استقلال طاقوي مستدام,مهندس صومالي يتفقد جزءاً من لوحات محطة طاقة شمسية صغيرة قيد الإنشاء في ولاية غلمدغ، مع خلفية لسهول واسعة ترمز إلى إمكانات البلاد (وكالة الأنباء الصومالية),طاقة,الصومال
الأردن يطلق مشروعاً وطنياً رائداً لترشيد استهلاك المياه بالتقنيات الذكية,موظف فني يشرف على لوحة تحكم ذكية ترصد تدفق المياه واستهلاكها ضمن المرحلة التجريبية للمشروع الجديد في إحدى الضواحي الأردنية.,تقنية,الأردن
السلطة الفلسطينية تطلق حراكاً دبلوماسياً مكثفاً لدعم الاعتراف بالدولة,مسؤولون في السلطة الفلسطينية خلال لقاء مع ممثلين عن الدول الأعضاء في مجلس الأمن، لبحث سبل تعزيز الاعتراف بالدولة الفلسطينية، في إطار المبادرة الجديدة (وكالة الأنباء الفلسطينية),سياسة,فلسطين
جسور رقمية لكبار السن: مبادرة مجتمعية أردنية تثري حياة الأجداد بالتواصل الحديث,سيدة أردنية مسنة تبتسم بانتباه وهي تتفاعل مع شاشة جهاز لوحي ذكي، يوجهها شاب متطوع، وذلك ضمن ورشة عمل تعليمية في أحد المراكز المجتمعية بالعاصمة عمان.,مجتمع,الأردن
لبنان يطلق جولة تراخيص نفط وغاز بحرية جديدة لإنعاش اقتصاده المتعثر,سفينة متخصصة في المسح الجيولوجي البحري تعمل قبالة السواحل اللبنانية في إطار أنشطة استكشاف سابقة (صورة أرشيفية).,طاقة,لبنان
جيبوتي تطلق برنامجاً وطنياً طموحاً لتعزيز فرص العمل للشباب,شباب جيبوتي يشاركون في ورشة عمل تدريبية على المهارات المهنية ضمن المبادرة الحكومية في العاصمة جيبوتي (رويترز),قضايا اجتماعية,جيبوتي
بطلة أردنية ناشئة تقتنص ذهبية عالمية في الكيك بوكسينغ وتلهم جيلاً جديداً,البطلة الأردنية الشابة مها الخالدي ترفع راية الأردن عالياً على منصة التتويج، بعد فوزها بذهبية بطولة العالم للكيك بوكسينغ لفئة الناشئين، محتفلة بإنجازها التاريخي (الاتحاد الأردني للكيك بوكسينغ).,رياضة,الأردن
سلطنة عُمان تطلق برنامجاً وطنياً شاملاً للكشف المبكر عن الأمراض الوراثية والمستقبلية,طبيبة متخصصة تسحب عينة دم صغيرة من كعب قدم رضيع حديث الولادة ضمن فحوصات الكشف المبكر عن الأمراض الوراثية في أحد المستشفيات المرجعية بسلطنة عُمان.,صحة,عُمان
نداء استغاثة من وهران: جمعيات مدنية تدق ناقوس الخطر بشأن أزمة سكن الأمهات العازبات,عدد من الأمهات العازبات برفقة أطفالهن يحضرن ندوة توعية حول حقوق السكن الاجتماعي، نظمتها إحدى الجمعيات المدنية في وهران، الجزائر.,قضايا اجتماعية,الجزائر
وفد أممي رفيع في دمشق لمناقشة آفاق التعافي السياسي في الشمال الشرقي,مشهد عام لبلدة عين عيسى بريف الرقة الشمالي، إحدى المناطق التي تقع ضمن اهتمامات الوفد الأممي في شمال شرق سوريا (فرانس برس),سياسة,سوريا
تفشي الليشمانيا يثير قلقاً متزايداً في مخيمات النزوح شمال غرب سوريا,طفل سوري يتلقى علاجاً لمرض الليشمانيا الجلدية في عيادة متنقلة بمخيم للنازحين قرب إدلب.,صحة,سوريا
"""المحفظة الرقمية"" الملاذ الجديد للسودانيين في ظل اضطرابات القطاع المصرفي",مواطن سوداني يقوم بإتمام عملية دفع عبر هاتفه الذكي في أحد الأسواق الشعبية بالخرطوم (AFP),تقنية,السودان
سلسلة تصادمات مروعة تحصد أرواحاً وتخلف إصابات على شارع الشيخ عيسى بن سلمان بالبحرين,فرق الدفاع المدني والإسعاف تتعامل مع موقع حادث مروري مروع تسبب بتعطيل حركة السير على شارع الشيخ عيسى بن سلمان (بنا),حوادث,البحرين
فرق الدفاع المدني تسيطر على حريق ضخم بمستودع للمواد الكيميائية في إحدى المناطق الصناعية بالإمارات,تصاعد سحب الدخان الكثيف من موقع حريق مستودع المواد الكيميائية بعد عمليات الإطفاء الأولية (الدفاع المدني),حوادث,الإمارات
"ليبيا تطلق المرحلة الأولى من مبادرة ""تعليم المستقبل"" لتطوير المناهج وبناء 50 مدرسة نموذجية",مسؤولون ليبيون يضعون حجر الأساس لأول مدرسة ضمن المبادرة في ضواحي طرابلس، بحضور طلاب ومعلمين (مكتب رئيس الوزراء الليبي),تعليم,ليبيا
السعودية تطلق شبكة مراصد بحرية متطورة لرصد ومكافحة التدهور البيئي في البحر الأحمر,غواصون سعوديون يضعون أجهزة استشعار متطورة ضمن شبكة المراصد البيئية الجديدة في أعماق البحر الأحمر. (واس),بيئة,السعودية
القاهرة تستضيف قمة أمنية رفيعة لمناقشة تداعيات الأزمة الإقليمية,وزير الخارجية المصري يلقي كلمة افتتاحية خلال القمة الأمنية الإقليمية في إحدى قاعات المؤتمرات بالقاهرة (وكالة الأنباء المصرية),سياسة,مصر
عُمان: مساعٍ حثيثة لحماية المواقع الساحلية التاريخية من تداعيات التغير المناخي,مهندسون وعمال يقومون بتركيب حواجز واقية على طول ساحل أثري قرب مسقط، في إطار مشروع حكومي للتصدي لتآكل الشواطئ.,بيئة,عُمان
"المغرب يطلق برنامجاً وطنياً لتوثيق فنون ""الحكي الشعبي"" في القرى النائية",شيخ طاعن في السن يسرد حكايات تراثية على مجموعة من الأطفال في قرية بالأطلس (أسوشيتد برس),ثقافة,المغرب
تونس: إصلاحات الدعم الحكومي تثير جدلاً واسعاً وتخوفات من تداعيات اجتماعية,مواطنون تونسيون خلال وقفة احتجاجية في العاصمة مطالبين بضمانات اجتماعية لمواجهة غلاء المعيشة (وكالات).,اقتصاد,تونس
مكتبة أثرية في طرابلس تفتح أبوابها بعد ترميم شامل لمخطوطاتها النادرة,إحدى المخطوطات النادرة المرممة حديثاً، معروضة ضمن مقتنيات المكتبة الأثرية بمدينة طرابلس اللبنانية، قبل إعادة افتتاحها للجمهور.,ثقافة,لبنان
فاجعة في الداخلية العُمانية: 4 وفيات وفقدان رضيع جراء انجراف مركبة في وادٍ,فرق الدفاع المدني والشرطة العُمانية تواصل البحث عن مفقودين جراء السيول في أحد أودية محافظة الداخلية (الشرطة العُمانية/مصدر محلي),حوادث,عُمان
تضاؤل آمال الشركات الصغيرة والمتوسطة بلبنان وسط تحديات الطاقة وتآكل رؤوس الأموال,صاحب محل تجاري في أحد الأسواق اللبنانية يتفقد بضاعته تحت إضاءة خافتة، في إشارة إلى الاعتماد على المولدات الخاصة وتراجع القوة الشرائية. (أسوشيتد برس),اقتصاد,لبنان
البنية التحتية المتهالكة للمدارس في اليمن تحرم مئات الآلاف من بيئة تعليمية مناسبة,صورة تظهر فصولاً دراسية مكتظة بأعداد كبيرة من الطلاب في إحدى المدارس المتضررة جراء الصراع في مدينة تعز اليمنية، مع علامات واضحة للتلف في الجدران والنوافذ.,تعليم,اليمن
الأردن يستضيف قمة أمنية إقليمية طارئة لبحث تطورات المنطقة,قاعة الاجتماعات الرئيسية في مركز الملك حسين بن طلال للمؤتمرات في البحر الميت، حيث يُتوقع أن تعقد القمة (وكالة الأنباء الأردنية - بترا),سياسة,الأردن
ليبيا تطلق مشروعاً وطنياً ضخماً لتعزيز سرعة الإنترنت وربط المناطق النائية بالألياف الضوئية,مهندسون ليبيون يشرفون على أعمال مد كابلات الألياف الضوئية في ضواحي مدينة سبها (وكالات),تقنية,ليبيا
موجة جفاف حادة تهدد الموسم الزراعي في الشمال السوري وتفاقم أزمة الغذاء,مزارع سوري يتأمل حقلاً جافاً لمحاصيل القمح في ريف الحسكة مع قلة الأمطار هذا الموسم (فرانس برس),اقتصاد,سوريا
"شباب بحريني يطلق مبادرة ""جسر الأجيال"" لتعزيز التكافل الاجتماعي في المحافظات","متطوعون شباب يشاركون مسنين في نشاط حرفي ضمن مبادرة ""جسر الأجيال"" في أحد المراكز المجتمعية بالبحرين.",مجتمع,البحرين
"مبادرة ""نور الأجيال"" في موريتانيا تسعى لمكافحة الأمية بين النساء في الأرياف",متطوعات موريتانيات يقمن بتعليم مجموعة من النساء كبار السن أساسيات القراءة والكتابة في فصل دراسي مؤقت بإحدى القرى بولاية الحوض الشرقي، ضمن جهود مكافحة الأمية.,مجتمع,موريتانيا
"الإمارات تستحدث ""مدينة الريادة الصناعية"" بـ 15 مليار دولار لدعم قطاعات المستقبل","صورة جوية لمخطط بياني يظهر تصميماً أولياً لـ""مدينة الريادة الصناعية"" المستقبلية في الإمارات، مع التركيز على المناطق المخصصة للتصنيع عالي التقنية والطاقة المتجددة. (رويترز)",اقتصاد,الإمارات
"جزر القمر تطلق مبادرة ""مهارات الأمل"" لتعزيز الدمج الاجتماعي للشباب المهمش",مجموعة من الشباب الكوموريين يتدربون على مهارات النجارة التقليدية وصيانة القوارب في ورشة عمل بموروني، ضمن برنامج يسعى لتقديم فرص اقتصادية للفئات الأقل حظاً. (وكالة الأنباء الكومورية),قضايا اجتماعية,جزر القمر
ليبيا: إطلاق مشاريع لتشييد مدارس جديدة في المناطق الجنوبية النائية لتعزيز المساواة التعليمية,طلاب ليبيون يرتادون فصلاً دراسياً في مدرسة أساسية بضواحي مدينة سبها جنوب ليبيا، حيث تتواصل جهود تحسين البنية التحتية التعليمية (الأناضول).,تعليم,ليبيا
تصادم مروع لحافلة ركاب وشاحنة نقل على طريق الوفرة بالكويت يخلّف قتلى وجرحى,فرق الإنقاذ والإسعاف في موقع حادث التصادم المروع على طريق الوفرة (الدفاع المدني الكويتي).,حوادث,الكويت
نظام مالي يتداعى: السودان يعود للمقايضة مع شلل القطاع المصرفي,أحد التجار في سوق شعبي بالخرطوم يتبادل بضائع مع زبون، في مشهد يعكس عودة السودانيين إلى نظام المقايضة بعد توقف شبه كامل للتعاملات المالية الرسمية (رويترز).,اقتصاد,السودان
جيبوتي تطلق حملة توعوية موسعة لمواجهة حمى الضنك في الأحياء المكتظة,متطوعون صحيون يقدمون إرشادات وقائية لسكان أحد الأحياء الشعبية في مدينة جيبوتي ضمن حملة مكافحة حمى الضنك (أ ف ب),مجتمع,جيبوتي
"الإمارات تباشر تطبيق ""النموذج الاقتصادي الأخضر"" بمحفزات استثمارية ضخمة",موظفون يعملون في منشأة حديثة لمعالجة النفايات وتحويلها إلى طاقة في دبي، تعكس التوجه نحو الاقتصاد الدائري والمستدام.,اقتصاد,الإمارات
قطر تكشف عن خطة استراتيجية لربط شبكة الغاز العالمية وتعزيز أمن الطاقة,رسم توضيحي لشبكة أنابيب الغاز المقترحة التي تهدف قطر إلى تطويرها لتعزيز الربط الإقليمي والدولي في قطاع الطاقة.,طاقة,قطر
المؤسسة الوطنية للنفط الليبية تعلن عن اكتشاف نفطي واعد في حوض مرزق,مهندسون وفنيون ليبيون يعملون على معدات حفر لاستكشاف النفط في حقل جديد بجنوب غرب ليبيا.,طاقة,ليبيا
خبراء عراقيون ينجحون بترميم لوحات جدارية نادرة في قصر خورساباد الآشوري,فريق عمل عراقي ينهي أعمال صيانة اللوحات الجدارية داخل قصر خورساباد الأثري قرب الموصل (وزارة الثقافة العراقية),ثقافة,العراق
**الكويت تطلق مشروعًا وطنيًا متطوّرًا لتحصين البنى التحتية الرقمية الحيوية**,**فريق من المهندسين الكويتيين يراجعون خرائط شبكات بيانات في غرفة تحكم بمركز للأمن السيبراني بالعاصمة الكويتية.**,تقنية,الكويت
مصر تطلق برنامجًا قوميًا لتأهيل طلبة التعليم الفني لسوق العمل المستقبلي,طلاب مصريون يشاركون في تدريب عملي داخل ورشة مجهزة بأحدث التقنيات في إحدى مدارس التعليم الفني بالقاهرة (أسوشيتد برس),تعليم,مصر
اكتشاف أثري غير مسبوق في العلا يغير فهم تاريخ التجارة القديمة بالجزيرة العربية,فريق من الخبراء السعوديين والدوليين يفحصون بدقة نقوشاً صخرية حديثة الاكتشاف في موقع تنقيب جديد بمحافظة العلا شمال غرب المملكة.,ثقافة,السعودية
المغرب يضع حجر الأساس لاستراتيجيته الكبرى للهيدروجين الأخضر,منظر جوي لمجمع صناعي قيد الإنشاء مخصص لإنتاج الهيدروجين الأخضر في إحدى المناطق الساحلية المغربية (رويترز),طاقة,المغرب
قمة إقليمية في عمان تبحث تعزيز الأمن المائي المشترك وتوحيد الجهود,وفود عربية رفيعة المستوى تشارك في جلسة افتتاحية لمناقشة استراتيجيات إدارة الموارد المائية (الأناضول),سياسة,الإمارات
"مفاوضات سورية-تركية ""غير معلنة"" تناقش مصير المناطق الشمالية وإعادة تنشيط الممرات التجارية",خريطة توضيحية للمناطق الشمالية السورية المتأثرة بالصراع، مع إبراز نقاط العبور الحدودية والممرات التجارية الرئيسية (مصدر الصورة: غيتي إيميجز),سياسة,سوريا
جدة تطلق نظاماً جديداً لإدارة النفايات بتقنيات ذكية متكاملة,مجموعة من مستوعبات النفايات الذكية المزودة بأجهزة استشعار، موزعة في شارع حديث بمدينة جدة، تظهر في الخلفية معالم عمرانية مميزة للمدينة.,تقنية,السعودية
مصر تطلق حملة قومية موسعة للكشف المبكر عن سرطان الثدي بالقرى والمناطق النائية,سيدات مصريات ينتظرن دورهن أمام إحدى الوحدات المتنقلة للكشف عن سرطان الثدي في قرية بمحافظة قنا (أ ف ب).,صحة,مصر
البحرين تطلق مشروعاً وطنياً بمليارات الدولارات لتعزيز كفاءة محطات توليد الطاقة وتطوير الشبكة الذكية,مهندسون بحرينيون يشرفون على تركيب معدات متطورة ضمن مشروع تحديث إحدى محطات توليد الطاقة في المحرق. (وزارة النفط والبيئة البحرينية),طاقة,البحرين
الجزائر: حادث مروري مروع يودي بحياة 15 شخصاً ويصيب 30 آخرين في البويرة,فرق الحماية المدنية وسيارات الإسعاف في موقع حادث سير مروع على طريق سريع بولاية البويرة (أرشيفية),حوادث,الجزائر
الكويت تستنفر للحفاظ على ثروتها البحرية: خطة وطنية لمواجهة التلوث البلاستيكي المتصاعد,متطوّعون كويتيون ضمن حملة بيئية يجمعون مخلفات بلاستيكية من شاطئ عام في الكويت، في إطار الجهود المتنامية لحماية الحياة البحرية في الخليج العربي.,بيئة,الكويت
حريق هائل يلتهم سوقاً شعبياً في مدينة سبها الليبية ويخلف إصابات واضراراً جسيمة,فرق الدفاع المدني تحاول إخماد حريق اندلع في سوق تجاري بمدينة ليبية (صورة أرشيفية),حوادث,ليبيا
البرلمان الجيبوتي يصدق على اتفاقية إقليمية لتعزيز أمن الحدود البرية,أعضاء البرلمان الجيبوتي خلال جلسة التصديق على اتفاقية تعزيز الأمن الحدودي (وكالة الأنباء الجيبوتية).,سياسة,جيبوتي
مجزرة طرقية جديدة بالمغرب: مصرع 11 شخصاً وإصابة آخرين في انقلاب حافلة قرب ورزازات,عمال الإغاثة يحاولون انتشال ناجين من حافلة ركاب منقلبة أسفل منحدر وعر قرب مدينة ورزازات المغربية، وسط صعوبات بسبب وعورة التضاريس. (وكالة المغرب العربي للأنباء - MAP),حوادث,المغرب
السودان يتجه نحو الطاقة الشمسية كحل استراتيجي لتجاويض عجز الكهرباء,عمال يراجعون ألواحاً شمسية في مشروع تجريبي لتوليد الكهرباء بالقرب من مدينة عطبرة (رويترز),طاقة,السودان
الصحة الأردنية تطلق برنامجاً وطنياً للكشف المبكر عن أمراض الكلى لخفض معدلات الفشل الكلوي,طبيب يشرح أهمية الفحوصات الدورية لمجموعة من المواطنين خلال فعالية توعوية ضمن البرنامج الوطني للكشف المبكر عن أمراض الكلى في مركز صحي بمحافظة الزرقاء.,صحة,الأردن
"قطر تطلق مبادرة وطنية ضخمة لدمج تقنية ""التوأم الرقمي"" في تخطيط المدن والبنى التحتية",صورة تُظهر تصورًا رقميًا معقدًا لمدينة الدوحة المستقبلية، مع طبقات بيانات تعرض حركة المرور واستهلاك الطاقة وأنظمة البنية التحتية.,تقنية,قطر
ليبيا: مدارس الواحات الجنوبية تكافح الفقر التعليمي رغم مبادرات التنمية,طلاب يجلسون على مقاعد خشبية متهالكة داخل فصل دراسي بسيط في مدرسة بواحة الكفرة جنوب شرق ليبيا، بينما يتعالى الغبار من النوافذ المفتوحة التي تطل على امتداد صحراوي.,تعليم,ليبيا
"الجزائر تطلق ""برنامج الابتكار الجامعي"" لربط البحث العلمي باحتياجات سوق العمل",طلاب وباحثون جزائريون يعرضون نماذج أولية لمشاريع تقنية مبتكرة خلال معرض للعلوم والتكنولوجيا بإحدى الجامعات (غيتي),تعليم,الجزائر
مبادرات يمنية محلية تبتكر أدوات تعليمية رقمية تعمل دون اتصال لمواجهة شح الإنترنت,شباب يمنيون يعملون على أجهزة حاسوب داخل فناء منزل لمواجهة انقطاع التيار الكهربائي أثناء تطوير تطبيقات تعليمية غير متصلة بالإنترنت في إحدى المدن اليمنية.,تقنية,اليمن
النسور الشابة تحلق عالياً.. تونس تتوج بلقب بطولة شمال إفريقيا تحت 20 عاماً للمرة الثالثة على التوالي,لاعبو المنتخب التونسي الشاب يرفعون كأس بطولة شمال إفريقيا لكرة القدم (تحت 20 عاماً) وسط احتفالات صاخبة لأنصارهم في المدرجات.,رياضة,تونس
مبادرة مجتمعية في بركة الموز تعيد الحياة للأفلاج القديمة وتنشط السياحة,مجموعة من الشباب المتطوعين من أهالي نيابة بركة الموز بولاية نزوى يعملون على صيانة أحد الأفلاج التاريخية في المنطقة (مواقع التواصل),مجتمع,عُمان
الإمارات تطلق استراتيجية وطنية لتعزيز بيئات التعلم التفاعلي والابتكار الطلابي,مجموعة من الطلاب يشاركون بنشاط في مشروع عملي داخل مختبر تعليمي حديث، يهدف لتعزيز المهارات التطبيقية والإبداعية في إحدى مدارس أبوظبي.,تعليم,الإمارات
مصر تدشن 45 مدرسة تكنولوجية تطبيقية جديدة لدعم الصناعة الوطنية,طلاب يرتدون زي العمل الموحد داخل ورشة تدريب متقدمة مجهزة بأحدث الآلات بإحدى المدارس التكنولوجية الجديدة في محافظة الشرقية.,تعليم,مصر
بحيرة إشكل التونسية تواجه مصيراً مجهولاً: تفاقم الملوحة يهدد موائل الطيور المهاجرة,صورة جوية لبحيرة إشكل في تونس تظهر مساحات واسعة من مياهها الزرقاء الزاهية والطيور المهاجرة التي تتخذها موطناً مؤقتاً حيوياً (اليونسكو / أرشيف).,بيئة,تونس
الصومال تدشن محطة طاقة شمسية ضخمة لتعزيز الإمداد الكهربائي في ولاية هيرشابيل,مهندسون صوماليون يتفقدون ألواحاً شمسية في موقع مشروع للطاقة المتجددة جنوبي الصومال (رويترز),طاقة,الصومال
جيبوتي تطلق برنامجاً وطنياً لتعزيز التعليم المبكر في المناطق النائية,أطفال في روضة أطفال جديدة بإحدى القرى النائية بجيبوتي ضمن البرنامج الوطني للتعليم المبكر (وزارة التربية الوطنية),تعليم,جيبوتي
مجلس النواب الليبي يرفض خارطة طريق أممية جديدة ويشترط سحب القوات الأجنبية أولاً,لقطة عامة لقاعة مجلس النواب الليبي في طبرق أثناء جلسة مناقشة، تظهر عدداً من الأعضاء. (وكالة الأنباء الليبية),سياسة,ليبيا
"ارتفاع مقلق في معدلات سوء التغذية الحاد بين أطفال محلية ""الضعين"" بشرق دارفور",طفلة تتلقى التغذية العلاجية في أحد مراكز دعم التغذية بمدينة الضعين، حيث تزايدت أعداد الأطفال المحتاجين للدعم الغذائي (أطباء بلا حدود-أرشيف),مجتمع,السودان
"موريتانيا تطلق ""مبادرة المهارات الخضراء"" لتأهيل الشباب لسوق العمل المستدام","شباب موريتانيون يتلقون تدريباً عملياً في ورشة متخصصة بالطاقة المتجددة ضمن برنامج ""مبادرة المهارات الخضراء"" (وكالة الأنباء الموريتانية)",تعليم,موريتانيا
هل يغير مخطط التطوير وجه القاهرة القديمة؟ مخاوف التهجير تتصاعد,أحد الممرات المكتظة بالسكان في حي السيدة زينب التاريخي بالقاهرة، حيث يترقب الأهالي مستقبل منازلهم في ظل مشروعات التطوير العمراني.,سياسة,مصر
على وقع شح المياه.. قرى الجزيرة السودانية تصارع الأمراض المنقولة عبر المياه,نساء وأطفال يصطفون لملء أوعية المياه من مضخة يدوية متهالكة في إحدى القرى بولاية الجزيرة وسط السودان (وكالات),مجتمع,السودان
الفزعة السودانية: كيف تُجدد روح الترابط المجتمعي في ظل الظروف الراهنة؟,"مجموعة من المتطوعين من أهالي إحدى المناطق النائية بالسودان يتعاونون في إعداد وتوزيع وجبات غذائية للمحتاجين، في مشهد يعكس تقليد الفزعة العريق (وكالة الأنباء السودانية ""سونا"").",مجتمع,السودان
الجزائر تكشف عن خطة استثمارية ضخمة لإنشاء أكبر مجمع للهيدروجين الأخضر بشمال إفريقيا,مهندس جزائري يتفقد خلايا تحليل كهربائي (Electrolyser) متطورة، جزءاً من مشروع تجريبي لإنتاج الهيدروجين الأخضر في منطقة ورقلة (رويترز),طاقة,الجزائر
"مجمع ""واحة الدقم"" الصناعي يفتتح مرحلته الأولى ويعزز مساهمة الطاقة النظيفة في الاقتصاد العماني","لقطة من افتتاح المرحلة الأولى لمجمع ""واحة الدقم"" الصناعي، تظهر جانباً من خطوط إنتاج ألواح الطاقة الشمسية في المنطقة الاقتصادية الخاصة بالدقم (وكالة الأنباء العمانية)",اقتصاد,عُمان
مأساة جديدة: انفجار مقذوف حربي قديم يودي بحياة مدنيين في سوق شعبي بالحديدة,أحد فرق إزالة الألغام التابعة لمركز محلي يعمل في تفكيك مقذوفات غير منفجرة (الجزيرة),حوادث,اليمن
مجلس النواب الأردني يقر تعديلات جوهرية على قانون إدارة البلديات بعد نقاشات مستفيضة,أعضاء مجلس النواب الأردني خلال جلسة تصويت على مشروع قانون في العاصمة عمان (بترا),سياسة,الأردن
قطر تدشن شبكة ألياف ضوئية فائقة القدرة لتعزيز ريادتها في المدن الذكية,مهندسون قطريون يشرفون على عمليات تركيب وتوصيل كابلات الألياف الضوئية ضمن مشروع البنية التحتية الرقمية المتطورة في مدينة مشيرب قلب الدوحة (وكالة الأنباء القطرية).,تقنية,قطر
مصرع أربعة وإصابة آخرين في حادث تصادم مروع شمال رام الله,سيارات الدفاع المدني والإسعاف في موقع حادث مروع شمال رام الله، حيث تظهر حطام المركبات المتصادمة على جانب الطريق (مصدر الصورة: وكالة الأنباء الفلسطينية - وفا),حوادث,فلسطين
تحديات الوصول: مطالب بتسريع تهيئة المرافق العامة لذوي الإعاقة في عُمان,شخص من ذوي الإعاقة يواجه صعوبة في استخدام منحدر غير ملائم بإحدى المنشآت العامة في مسقط. (شترستوك),قضايا اجتماعية,عُمان
إصابات وتضرر واسع جراء حريق ضخم في مبنى سكني بالبسيتين,فرق الدفاع المدني تتعامل مع آثار حريق واسع التهم جزءاً من مبنى سكني بمنطقة البسيتين (وكالة أنباء البحرين),حوادث,البحرين
النيران تلتهم مصنعاً للملابس الجاهزة بمدينة العبور.. إصابات واحتراق قسم الإنتاج,ألسنة اللهب والدخان الكثيف تتصاعد من مصنع للملابس الجاهزة بمدينة العبور، بينما يباشر رجال الإطفاء عمليات الإخماد في ظل صعوبة الموقف.,حوادث,مصر
تسارع تآكل الشواطئ يهدد قرى صيد ومواقع أثرية في موريتانيا,صيادون موريتانيون يقفون على شاطئ مُتآكل بفعل أمواج البحر في منطقة نواكشوط الساحلية (الأوروبية),بيئة,موريتانيا
مصر تعلن عن خطة لتوسيع وحدات الغسيل الكلوي لمواجهة تفاقم أعداد المرضى,ممرضة مصرية تشرف على مريض يخضع لجلسة غسيل كلوي في أحد المستشفيات الحكومية بالقاهرة (وكالة الأنباء المصرية),صحة,مصر
ميناء طبرق الليبي يطلق خطة توسعة ضخمة لتعزيز مكانته كمركز تجاري إقليمي,سفينة حاويات عملاقة ترسو في ميناء طبرق شرق ليبيا، حيث تظهر ملامح التجهيزات الحديثة وأعمال البناء الجارية لزيادة القدرة الاستيعابية وتعزيز حركة التجارة البحرية.,اقتصاد,ليبيا
المنامة: جدل برلماني وشعبي يرافق حزمة الإصلاحات الاقتصادية الجديدة,مبنى المؤسسة التشريعية في البحرين، حيث تستمر النقاشات حول مستقبل الاقتصاد الوطني (رويترز),سياسة,البحرين
"ليبيا: جولة مفاوضات ""المسار الدستوري"" تتعثر في القاهرة.. خلافات عميقة تعيد المشهد إلى نقطة الصفر",مقعد خالٍ في قاعة الاجتماعات بمقر جامعة الدول العربية بالقاهرة، حيث كان من المقرر استئناف مباحثات اللجنة المشتركة الليبية (الأناضول),سياسة,ليبيا
**ورش عمل حرفية تعيد إحياء فنون الأيادي الموريتانية وتوفر فرص عمل للشابات بالداخل**,شابات موريتانيات يعملن بتركيز على حياكة السجاد التقليدي الملون خلال إحدى الورش التدريبية في قرية بمنطقة تيرس الزمور.,مجتمع,موريتانيا
موريتانيا تُقدم على تعديلات دستورية لتعزيز صلاحيات المجلس الدستوري,جانب من جلسة نقاش برلمانية في نواكشوط حول حزمة التعديلات الدستورية المقترحة (وكالة الأنباء الموريتانية).,سياسة,موريتانيا
الجزائر تطلق قوافل طبية متخصصة لتعزيز الرعاية بالجنوب والمناطق النائية,فريق طبي جزائري يستعد لتقديم الخدمات الصحية في إحدى القوافل المتجهة للمناطق الحدودية جنوب البلاد (واج),صحة,الجزائر
السودان يُطلق مشروعاً وطنياً لمد شبكة الألياف البصرية في الأقاليم النائية,فنيون سودانيون يمدون كابلات الألياف البصرية في منطقة ريفية بالقرب من النيل الأزرق، ضمن خطة الحكومة لتعزيز البنية التحتية الرقمية.,تقنية,السودان
"شباب مبادرون يطلقون حملة ""مدينتي أولى"" لتجميل الأحياء القديمة في الزرقاء",مجموعة من الشباب المتطوعين وهم يقومون بطلاء جدارية فنية ملونة على أحد الجدران في حي شعبي بمدينة الزرقاء، يظهر فيها ملامح من التراث الأردني وسط تفاعل مجتمعي.,مجتمع,الأردن
"إطلاق مشروع ""تواتر"" لصون الأرشيف الموسيقي التونسي النادر","باحثون يتفحصون مخطوطات نوتات موسيقية قديمة ضمن مشروع ""تواتر"" بمكتبة وطنية في تونس العاصمة (وكالة الأنباء التونسية).",ثقافة,تونس
الصومال: إطلاق المرحلة الأولى من خطة توسعة ميناء بوصاصو لتعزيز التجارة الإقليمية,لقطة علوية تظهر النشاط في ميناء بوصاصو الصومالي مع عدد من سفن الشحن الراسية، وتظهر في الخلفية مواقع محتملة للتوسع المستقبلي.,اقتصاد,الصومال
"الكويت تطلق ""منصة الخير"" الرقمية لتعزيز العمل التطوعي وربط المبادرات المجتمعية","مجموعة من المتطوعين الكويتيين من مختلف الأعمار يشاركون في حملة لتنظيف أحد الشواطئ، في إطار نشاط مجتمعي يمثل نموذجاً للمبادرات التي ستدعمها ""منصة الخير"" الجديدة في الكويت.",مجتمع,الكويت
"الأردن يكافح ""القاتل الصامت"": خطة وطنية للكشف المبكر عن أمراض الكلى المزمنة",فريق طبي أردني يجري فحوصات مجانية للكلى ضمن حملة توعوية لبرنامج الكشف المبكر في أحد المراكز الصحية.,صحة,الأردن
**سلطنة عُمان تدشن 50 مختبراً للابتكار وريادة الأعمال لتعزيز مهارات المستقبل في مدارسها**,طلاب عمانيون يتفاعلون مع مشروع برمجة داخل أحد مختبرات الابتكار الحديثة في إحدى المدارس الحكومية بولاية السيب، مسقط (وزارة التربية والتعليم العمانية).,تعليم,عُمان
الجزائر تطلق حملة وطنية للكشف المبكر عن أمراض الكلى بالمناطق النائية,طبيب يفحص مريضة في وحدة طبية متنقلة خلال حملة صحية بولاية البيض جنوب غرب الجزائر (وكالة الأنباء الجزائرية),صحة,الجزائر
ليبيا تسعى لتعزيز مكانتها التجارية عبر خطة طموحة لتوسيع ميناء مصراتة,سفن شحن ترسو في ميناء مصراتة الذي يعد أحد أبرز الموانئ التجارية في ليبيا (أرشيفية),اقتصاد,ليبيا
مشيخة رأس الحد تطلق مبادرة مجتمعية لحماية أفراخ السلاحف من التلوث الضوئي,مجموعة من صغار السلاحف البحرية تتجه بخطواتها الأولى نحو مياه بحر العرب ليلاً على شاطئ رأس الحد في سلطنة عُمان، مع أضواء خافتة في الأفق.,بيئة,عُمان
اكتشافات مذهلة في أعماق صحراء السعودية تكشف عن إرث فني قديم وتحدّي البيئة,لقطة مقربة لنقش صخري يمثل مشهداً للصيد، محفور بدقة على صخرة غرانيتية وسط وادٍ صحراوي قاحل، مما يبرز تحدي الفنان القديم للبيئة القاسية (فريق المسح الأثري السعودي).,ثقافة,السعودية
"تداعيات اقتصادية ""خانقة"": اليمن يواجه موجة غلاء جديدة بفعل اضطرابات الملاحة",متسوقون يتفقدون أسعار السلع الغذائية في أحد الأسواق الشعبية بالعاصمة صنعاء وسط مخاوف من مزيد من الارتفاعات (رويترز).,اقتصاد,اليمن
نقص حاد في أدوية الأمراض المزمنة يفاقم معاناة المرضى بالمناطق النائية الليبية,مريض مسن يجلس في انتظار دوره بمستوصف صحي يعاني من نقص الإمدادات في إحدى القرى الجنوبية الليبية، تبرز خلفه رفوف فارغة من الصيدلية (مصور خاص).,صحة,ليبيا
العراق يطلق منطقة صناعية متكاملة في الوسط لتعزيز التنويع الاقتصادي وجذب الاستثمارات,مسؤولون عراقيون يشاركون في مراسم وضع حجر الأساس لمشروع منطقة صناعية جديدة بمحافظة بابل، في إطار خطة التنمية الاقتصادية.,اقتصاد,العراق
جزر القمر تطلق مسحاً جيولوجياً واسع النطاق لاستكشاف الطاقة الحرارية الجوفية,خبراء جيولوجيون يتفقدون موقعاً بركانياً محتملاً للاستكشاف الحراري الجوفي في جزيرة القمر الكبرى، ضمن جهود البلاد لتنويع مصادر الطاقة (رويترز),طاقة,جزر القمر
"مبادرة ""خضرة كويتية"" تستقطب مئات الشباب لتجميل أحياء العاصمة","متطوعون شباب يشاركون في زراعة شتلات الزهور في أحد الأحياء السكنية بمنطقة السالمية، ضمن حملة ""خضرة كويتية"" (الصور: كونا).",مجتمع,الكويت
السعودية تطلق مشروعاً وطنياً ضخماً لإحياء وادي الرمال وحماية نظامه البيئي المتفرد,مهندسون سعوديون ومختصون بيئيون يشاركون في تقييم التربة وبدء أعمال التشجير ضمن مشروع إحياء وادي الرمال التاريخي في المنطقة الوسطى.,بيئة,السعودية
ذوبان الثلوج وتهديد الأنواع الفريدة: الأطلس الكبير بالمغرب يكافح تداعيات التغير المناخي,جانب من جبال الأطلس الكبير المغربية التي تعاني من تراجع الغطاء الثلجي وتغير النظم البيئية جراء التغير المناخي (وكالة الأنباء المغربية),بيئة,المغرب
"الصومال تطلق مبادرة وطنية ""نحو مقاعدنا"" لإعادة أكثر من 50 ألف طفل متأثر بالجفاف إلى التعليم",أطفال صوماليون يحملون حقائب مدرسية ويمرون بجانب خيم نازحين في طريقهم إلى فصل دراسي مؤقت أقيم ضمن مبادرة إعادة دمج المتسربين من التعليم في ضواحي مقديشو (يونيسف).,تعليم,الصومال
المنتخب الأردني للسيدات يطمح لتجاوز عقبة تايلاند في مستهل مشواره بالتصفيات الأولمبية,لاعبات المنتخب الأردني لكرة القدم للسيدات خلال حصة تدريبية مكثفة في العاصمة عمان استعداداً للتصفيات الأولمبية.,رياضة,الأردن
الإمارات تطلق برنامجاً وطنياً شاملاً لمكافحة السمنة وتداعياتها الصحية,مشاركون من مختلف الأعمار يمارسون الرياضة في حديقة عامة بدبي، ضمن فعالية توعوية لبرنامج مكافحة السمنة الوطني.,صحة,الإمارات
البحرين تدشن برنامجاً وطنياً لتعزيز الابتكار وريادة الأعمال في التعليم الثانوي,طلاب بحرينيون يعملون على مشروع جماعي ضمن ورشة لتعزيز الابتكار وريادة الأعمال (وزارة التربية),تعليم,البحرين
قطر تطلق منصة حوار استراتيجي لمواجهة تحديات الأمن الإقليمي البحري,خفر السواحل القطري يجري مناورات لتعزيز جاهزيته الأمنية في المياه الإقليمية الخليجية، ضمن جهود حماية الممرات الملاحية (وكالة الأنباء القطرية),سياسة,قطر
الإمارات تدشن أضخم مجمع لإنتاج الهيدروجين الأخضر في إمارة الفجيرة,صورة جوية تظهر المكونات الرئيسية لمجمع الفجيرة لإنتاج الهيدروجين الأخضر خلال مراحله التجريبية، والذي يستخدم الطاقة الشمسية لتشغيل وحدات التحليل الكهربائي. (وام),طاقة,الإمارات
"الاتحاد الموريتاني لكرة القدم يُطلق ""برنامج النجوم الصاعدة"" لرعاية المواهب الشابة في الأقاليم","أطفال موريتانيون يتدربون على مهارات كرة القدم في أحد الملاعب المحلية بمدينة نواكشوط، خلال حفل إطلاق ""برنامج النجوم الصاعدة"" بحضور مسؤولين من الاتحاد الموريتاني لكرة القدم (الجزيرة).",رياضة,موريتانيا
"النجوم الصومالية الشابة تستعد لـ""تحدي سيكافا"" بأمل العودة لمنصات التتويج الإقليمية",لاعبون من المنتخب الصومالي لكرة القدم خلال حصة تدريبية مكثفة استعداداً لبطولة سيكافا في مقديشو، 15 مايو/أيار الجاري (أسوشيتد برس).,رياضة,الصومال
الجهود الدبلوماسية الفلسطينية تتكثف في بروكسل.. والتركيز على شرعنة الاستيطان,مبعوث فلسطيني يتحدث خلال مؤتمر صحفي في مقر الاتحاد الأوروبي ببروكسل، داعياً لوقف سياسات الاستيطان (الفرنسية),سياسة,فلسطين
الكويت تطلق برنامجاً وطنياً موسعاً للكشف المبكر عن الأمراض الوراثية لدى حديثي الولادة,ممرضة متخصصة تسحب عينة دم من كعب قدم رضيع في أحد مراكز الرعاية الصحية الأولية بالكويت (الفرنسية).,صحة,الكويت
جزر القمر تدعو لتعزيز التعاون الإقليمي لمكافحة التهديدات البحرية,وزير الخارجية القمري يلقي كلمة خلال اجتماع إقليمي حول الأمن البحري في موروني (وكالة الأنباء القمرية),سياسة,جزر القمر
جيبوتي تطلق برنامجاً وطنياً لتعزيز المهارات الرقمية بين الشباب,شباب جيبوتيون يشاركون بفاعلية في ورشة تدريبية على البرمجة الأساسية في أحد المراكز المجتمعية بالعاصمة جيبوتي (وكالة الأنباء الجيبوتية),مجتمع,جيبوتي
"الكويت تطلق ""مهرجان كنوزنا اليدوية"" الأول من نوعه لإحياء الحرف التراثية",حرفية كويتية شابة تستعرض دقة تفاصيل صناعة مجسمات السفن الشراعية التقليدية أمام جمهور غفير خلال فعاليات المهرجان في القرية التراثية النموذجية (واس),ثقافة,الكويت
"جدل نيابي حاد في الكويت حول مشروع قانون ""الخصخصة الانتقائية""",أعضاء مجلس الأمة الكويتي خلال جلسة سابقة لمناقشة القوانين ذات الأثر الاقتصادي الكبير (رويترز),سياسة,الكويت
"المغرب يطلق ""درع الموج""… خطة وطنية مبتكرة لحماية السواحل الأطلسية من التآكل",عمال يضعون حواجز صخرية لتعزيز الحماية على شاطئ مهدد بالتآكل جنوب مدينة آسفي، ضمن المناطق المستهدفة بالبرنامج الجديد (وكالة الأنباء المغربية).,بيئة,المغرب
السودان: مخاوف دولية من تصاعد كارثي لوباء الكوليرا مع حلول موسم الأمطار,عامل صحي سوداني يسحب عينة مياه من أحد الآبار في منطقة ريفية متضررة من النزاع قرب الفاشر، في إطار حملة وقائية ضد الكوليرا (الأمم المتحدة).,صحة,السودان
اصطدام مروع لـ 18 مركبة على طريق دبي العين يودي بحياة شخصين ويصيب 15 آخرين,فرق الإنقاذ والإسعاف في موقع حادث الاصطدام الكبير الذي شمل عشرات المركبات على طريق دبي العين، حيث يظهر حطام السيارات المتناثرة بينما يباشر المسعفون نقل المصابين.,حوادث,الإمارات
أحلام معلقة: جيل فلسطيني شاب يتوه بين قسوة الواقع وندرة الفرص,شباب فلسطينيون يجلسون في أحد مقاهي رام الله، يتبادلون الحديث عن تحديات المستقبل وآمال السفر بحثاً عن فرص أفضل (صورة تعبيرية - وكالات),قضايا اجتماعية,فلسطين
"السعودية تطلق ""إرث الصياغة"" لدعم الحرف اليدوية وتعزيز التراث المحلي",حرفي سعودي يعرض قطعة مجوهرات تقليدية مصنوعة يدوياً في معرض للحرف الوطنية.,ثقافة,السعودية
موريتانيا تُطلق المرحلة الأولى لمشروع طاقة شمسية عملاق لتغذية مجمعاتها التعدينية,ألواح شمسية تمتد في منطقة صحراوية، تعكس التزام موريتانيا بمسار الطاقة النظيفة.,طاقة,موريتانيا
العراق يُسرّع خطى وقف حرق الغاز المصاحب لتغذية محطاته الكهربائية ومكافحة التلوث,ألسنة اللهب تتصاعد من أحد مواقع حرق الغاز المصاحب للنفط في حقل نفطي عملاق جنوب العراق، في مشهد يرمز إلى هدر الموارد والتحدي البيئي الذي تسعى البلاد لتجاوزه. (رويترز),طاقة,العراق
تراجع قياسي لمخزونات السدود المغربية يفاقم أزمة المياه ويهدد الأمن الغذائي,صورة جوية تظهر المستويات المتدنية بشكل غير مسبوق للمياه في سد المسيرة، ثاني أكبر سدود المغرب، مع ظهور مساحات واسعة من قاع السد، مما يعكس الأزمة المائية الحادة التي تواجهها المملكة.,بيئة,المغرب
مبادرة شبابية صومالية لإنعاش التراث الموسيقي المهدد بالاندثار,موسيقيون شباب يعزفون بانسجام على آلات تقليدية نادرة في ورشة عمل بمقديشو، ضمن جهود لتوثيق وإحياء الألحان الصومالية التراثية.,ثقافة,الصومال
الأزرق الكويتي يشد الأحزمة لمواجهة تحديات التصفيات الآسيوية المشتركة,"لاعبو المنتخب الكويتي ""الأزرق"" خلال حصة تدريبية مكثفة على أرضية استاد جابر الأحمد الدولي استعداداً للمنافسات القادمة. (صور: وكالة الأنباء الكويتية - كونا)",رياضة,الكويت
"أكاديمية ""جيل الأمل"" في سبها تطلق مشروعاً وطنياً لاكتشاف المواهب الكروية الشابة",مدرب ليبي سابق يقف وسط مجموعة من الأطفال واليافعين يرتدون زيّاً رياضياً موحّداً على أرض ملعب عشبي، خلال حصة تدريبية ضمن برنامج الأكاديمية الجديدة في سبها (صورة تعبيرية).,رياضة,ليبيا
"مبادرة ""حدائق الجيران"" في قطر تعزز الترابط الاجتماعي وتخضر المساحات الحضرية","عائلات وأطفال يشاركون في زراعة أشجار ونباتات في إحدى الحدائق المجتمعية ضمن مبادرة ""حدائق الجيران"" في منطقة سكنية بالدوحة (الصحافة القطرية)",قضايا اجتماعية,قطر
"مهرجان ""ألوان فلسطين"" في رام الله يبهر بجمال التطريز التراثي الأصيل","نسوة فلسطينيات يرتدين أثواباً تقليدية مطرزة يدوياً تعرض في جناح خاص بمهرجان ""ألوان فلسطين"" في رام الله. (صورة: سمير حماد/وفا)",ثقافة,فلسطين
أزمة مياه خانقة تهدد مخيمات النازحين شمال غرب سوريا وتفاقم المخاوف الصحية,امرأة سورية تحمل وعاءً بلاستيكياً فارغاً وتسير بين الخيام المتداعية في أحد مخيمات النازحين بمنطقة حارم شمال إدلب، في ظل ارتفاع درجات الحرارة وشحّ إمدادات المياه النظيفة (وكالة الأناضول).,قضايا اجتماعية,سوريا
غرق عبارة نهرية في النيل الأبيض يُسفر عن ضحايا.. فرق الإنقاذ تُكثف جهودها,فرق الدفاع المدني تستخدم قوارب صغيرة لانتشال ناجين وبحثاً عن مفقودين في نهر النيل الأبيض بعد حادث غرق عبارة.,حوادث,السودان
"الأقصر تضيء قناديل الحرف التراثية: مبادرة ""إحياء"" تدعم مئات الحرفيين وتفتح أسواقاً جديدة","سيدات يعرضن منتجات يدوية من الفخار والخوص المطرز، في أحد أجنحة معرض ""إحياء للحرف التراثية"" بمدينة الأقصر جنوبي مصر.",مجتمع,مصر
إعادة إحياء ذاكرة المدينة العتيقة: صفاقس تطلق مشروعاً واسعاً لترميم قصر الأندلسيين ليصبح منارة ثقافية,عمال يقومون بأعمال ترميم دقيقة لواجهة قصر الأندلسيين التاريخي في قلب مدينة صفاقس العتيقة، مع إظهار جزء من زخارفه المعمارية الفريدة.,ثقافة,تونس
"مبادرة ""إرث بهلاء"" تدفع شباب الولاية لإحياء الفخار التقليدي",أيادٍ شابة عمانية تشكل الطين على عجلة الفخار تحت إشراف حرفي ماهر، ضمن ورشة عمل في ولاية بهلاء، عُمان.,مجتمع,عُمان
"جزر القمر تدشن مبادرة ""نجوم المحيط الهندي"" لاكتشاف ورعاية المواهب الكروية الشابة","مجموعة من الفتيان يتدربون بكرة القدم على أحد الملاعب المحلية في موروني، جزر القمر، ضمن برنامج ""نجوم المحيط الهندي"" (المصورون العرب)",رياضة,جزر القمر
تونس تشهد تزايداً مقلقاً في اضطرابات القلق والاكتئاب لدى الشباب: خبراء يطالبون بخطة وطنية للصحة النفسية,شباب تونسيون يشاركون في جلسة دعم نفسي جماعية بأحد المراكز الثقافية بضواحي العاصمة، في ظل دعوات متزايدة لتضمين الصحة النفسية ضمن أولويات برامج التنمية الوطنية. (مصور خاص),قضايا اجتماعية,تونس
تحديات متصاعدة تهدد مكانة السودان عالمياً في صناعة الصمغ العربي,مزارع سوداني يتفقد محصول أشجار الهشاب -المصدر الرئيسي للصمغ العربي- في إحدى ولايات شرق السودان، مع مخاوف متزايدة حول قدرة القطاع على تجاوز الاضطرابات اللوجستية الراهنة.,اقتصاد,السودان
"مبادرة ""بستان الحي"" في الشارقة تجمع الأجيال حول الزراعة المستدامة","متطوعون من أجيال مختلفة يشاركون بحماس في زراعة ورعاية الخضروات ضمن إحدى حدائق ""بستان الحي"" المجتمعية بالشارقة (وام)",مجتمع,الإمارات
الصومال تدشن أكبر محطة للطاقة الشمسية في طريقها نحو الاكتفاء الذاتي من الكهرباء,لقطة جوية لمصفوفة الألواح الشمسية الضخمة في المحطة الجديدة على مشارف العاصمة مقديشو (وكالة الأنباء الصومالية).,طاقة,الصومال
تزايد الحاجة للدعم النفسي والاجتماعي في ليبيا مع تداعيات الصراع المستمرة,أخصائية نفسية تجري جلسة دعم لمجموعة من النساء في مركز مجتمعي بمدينة مصراتة (يونيو 2024),قضايا اجتماعية,ليبيا
موريتانيا تطلق خطة استراتيجية لمكافحة التصحر وحماية الواحات والمراعي,عمال موريتانيون يقيمون سدوداً ترابية وزراعة شجيرات مثبِّتة للرمال على أطراف واحة مهددة بالتصحر في شرق البلاد (أسوشيتد برس).,بيئة,موريتانيا
تقرير أممي يحذر: الشغور الرئاسي يعمق أزمة الحوكمة في لبنان ويهدد الاستقرار,المدخل الرئيسي لقصر بعبدا الرئاسي في ضاحية بيروت الشرقية، يبدو خالياً، في إشارة إلى الشغور الرئاسي المستمر.,سياسة,لبنان
عُمان تدفع عجلة التحول الطاقي: مشروع ضخم للهيدروجين الأخضر يرسخ مكانتها الإقليمية,منشآت ضخمة لتوليد الطاقة المتجددة وأنابيب نقل قيد الإنشاء في أحد مواقع مشاريع الهيدروجين الأخضر شمال السلطنة، تعكس التزام عُمان بمستقبل الطاقة النظيفة (وكالة الأنباء العُمانية),طاقة,عُمان
بيت حانون الأهلي يتوّج بطلاً لدوري الدرجة الأولى لأول مرة في تاريخه,جماهير فريق بيت حانون الأهلي تحتفل بفوز فريقها بكأس دوري الدرجة الأولى الفلسطيني لكرة القدم في غزة، الأحد (الفرنسية),رياضة,فلسطين
جيبوتي تستضيف قمة إقليمية لمناقشة تحديات الأمن البحري,أحد المسؤولين الجيبوتيين (يمين) يتبادل الحديث مع ممثل لدولة مشاركة في قمة إقليمية (وكالة الأنباء الجيبوتية).,سياسة,جيبوتي
حريق هائل يلتهم سوقاً رئيسياً في بيدوا ويصيب العشرات ويشرد المئات,تصاعد ألسنة اللهب والدخان الكثيف من سوق بيدوا المركزي أثناء الحريق الذي اندلع فيه (مواقع التواصل الاجتماعي),حوادث,الصومال
مرسوم سلطاني يعيد هيكلة بعض الأجهزة الرقابية والإدارية في عُمان,صورة لمبنى مجلس الوزراء العُماني في مسقط، مع توضيح شعار السلطنة (وكالة الأنباء العُمانية - أرشيف).,سياسة,عُمان
"جيبوتي تدشن مرحلة حاسمة بمشروع ""أسال-غوبي"" للطاقة الحرارية الجوفية لتعزيز اكتفائها الذاتي",صورة مقربة لأحد أبراج الحفر العملاقة ضمن مشروع أسال-غوبي للطاقة الحرارية الجوفية بجيبوتي، وتظهر ورش العمل الفنية المحيطة به في قلب المنطقة البركانية.,طاقة,جيبوتي
بالجهود الذاتية: قرى صومالية نائية تقاوم شح المياه بمشاريع زراعية مستدامة,مزارع صومالي يعتني بمحصولاته الخضراوات في حقل يعتمد على نظام ري بسيط يعتمد على تجميع الأمطار، مولته جهود ذاتية لأهالي القرية في ولاية هيران (رويترز),مجتمع,الصومال
ميناء الدقم العماني يرسخ مكانة السلطنة كملتقى تجاري حيوي بين الشرق والغرب,لقطة جوية لميناء الدقم في سلطنة عمان تظهر حركة السفن ورافعات الحاويات الحديثة، مما يعكس دوره المتنامي في التجارة الدولية.,اقتصاد,عُمان
قطر تدشن حملة وطنية واسعة لمكافحة وصمة العار المرتبطة بالصحة النفسية,شبان وشابات قطريون يشاركون في ورشة عمل توعوية حول دعم الصحة النفسية كجزء من الحملة الوطنية الجديدة (الدوحة).,قضايا اجتماعية,قطر
البحرين تدعو لتنسيق خليجي أوسع لمواجهة التحديات الأمنية البحرية,سفينة دورية تابعة للبحرية الملكية البحرينية في مهمة أمنية بالمياه الإقليمية (غيتي),سياسة,البحرين
قفزة اقتصادية مرتقبة: جزر القمر تراهن على توسعة ميناء موروني لتعزيز صادراتها,سفن شحن تجارية ترسو في ميناء موروني، بينما تظهر معدات بناء تعمل في خلفية الصورة ضمن أعمال التوسعة الجارية لزيادة الطاقة الاستيعابية للميناء الحيوي.,اقتصاد,جزر القمر
مسؤولون صحيون بالصومال يدقون ناقوس الخطر: نقص الكوادر الطبية يعرقل مكافحة الأمراض المستوطنة,ممرضة صومالية تعمل في مركز رعاية صحية أولية مكتظ بالمرضى في إحدى ضواحي مقديشو، وسط تحديات نقص المعدات والأدوية الأساسية (منظمة أطباء بلا حدود),صحة,الصومال
مبادرات مجتمعية بمقديشو تعزز الوعي الصحي لمكافحة الأمراض المدارية المهملة,متطوعون صحيون يقدمون إرشادات توعوية لمجموعة من الأسر في إحدى مناطق مقديشو حول الوقاية من الأمراض المدارية.,مجتمع,الصومال
المغرب يدشن أكاديمية وطنية لتصقيل المواهب الشابة في ألعاب القوى بمدينة إفران,رياضيون مغاربة ناشئون يتدربون على مضمار ألعاب قوى حديث ضمن الأكاديمية الجديدة بجبال الأطلس المتوسط (خاص بالجزيرة),رياضة,المغرب
الجزائر تدشن مجمعاً صناعياً ضخماً للفوسفات لتعزيز صادراتها خارج المحروقات,عرض مصور للمخطط الهندسي لمجمع الفوسفات المتكامل في ولاية تبسة، الذي يهدف لتصنيع الأسمدة الفوسفاتية وتصديرها عالمياً (وكالة الأنباء الجزائرية),اقتصاد,الجزائر
ارتفاع منسوب البحار يهدد تاريخ وثقافة القرى الساحلية في جزر القمر,مياه البحر تغمر أجزاء من طريق ساحلي في إحدى قرى جزيرة أنجوان القمرية، مع تواصل تآكل الشواطئ.,بيئة,جزر القمر
إحياء فن الفسيفساء اللبناني في دير القمر منارةً للتراث,شابة لبنانية تعرض قطعة فسيفساء تقليدية متقنة الصنع تعكس تاريخ دير القمر، مضاءة بأشعة الشمس في ورشة تراثية.,ثقافة,لبنان
البحرين تدشن المرحلة الأولى من مشروع الشبكة الكهربائية الذكية لتعزيز كفاءة الطاقة,مهندسون بحرينيون يشرفون على لوحة تحكم رقمية في محطة فرعية للطاقة ضمن مشروع الشبكة الذكية الجديد بالمنامة (المصدر: وكالة أنباء البحرين),طاقة,البحرين
صندوق أبوظبي للاستثمار يطلق مبادرة بقيمة مليار درهم لتعزيز الاستدامة الصناعية,منشأة صناعية حديثة في منطقة خليفة الاقتصادية بأبوظبي، تظهر ألواحاً شمسية على أسطحها ومساحات خضراء (رويترز),اقتصاد,الإمارات
شركات الطاقة العالمية تمدد دراسات الحفر في البلوك 9 اللبناني لتجاوز عقبات جيولوجية معقدة,سفينة مسح زلزالي متطورة تعمل في المياه الاقتصادية اللبنانية خلال عمليات استكشاف سابقة (أرشيفية/رويترز).,طاقة,لبنان
"مبادرة ""انطلق رقمياً"" تطلق حاضنة تقنية جديدة لدعم شباب حضرموت في مواجهة تحديات السوق","رواد أعمال يمنيون شباب يشاركون في جلسة عصف ذهني ضمن برنامج ""الحاضنة الرقمية"" في المكلا، حضرموت، مقدمين أفكارهم لمشاريع تقنية واعدة.",تقنية,اليمن
مقديشو تطلق مهرجاناً شعرياً ضخماً لإحياء التراث الأدبي الشفوي الصومالي,حشد من الجمهور والشخصيات الثقافية في مقديشو يستمعون باهتمام لإحدى الشاعرات وهي تلقي قصيدة تقليدية خلال المهرجان الأول لإحياء الأدب الشفوي الصومالي. (وكالة الأنباء الصومالية),ثقافة,الصومال
"مبادرة سعودية لتأصيل فن ""القط العسيري"" في واجهات المدن الحديثة",واجهة مبنى حديث في المنطقة الجنوبية من المملكة يظهر تزييناً مستوحى من فن القط العسيري الأصيل.,ثقافة,السعودية
فاجعة الأطلس: انقلاب حافلة ركاب يودي بحياة 15 راكباً قرب ورزازات,فرق الإنقاذ والدفاع المدني تنتشر في موقع حادث انقلاب الحافلة بإحدى المناطق الجبلية الوعرة، بينما تظهر بقايا الحافلة المنكوبة وسيارات الإسعاف في المشهد (مصدر محلي).,حوادث,المغرب
"الإمارات تطلق مبادرة ""ميثاق الشراكة الإقليمية"" لترسيخ الاستقرار والتنمية بالشرق الأوسط","لقطة علوية لقاعة مؤتمرات تضم وفوداً عربية رفيعة المستوى خلال إطلاق مبادرة ""ميثاق الشراكة الإقليمية"" في أبوظبي.",سياسة,الإمارات
"أزمة مياه حادة تلوح بتشريد آلاف الأسر في ""لحج"" اليمنية وتثير مخاوف صحية",نساء يمنيات يحملن أوعية الماء في طريق وعرة بحثاً عن مصدر مياه صالح للشرب (رويترز),قضايا اجتماعية,اليمن
تونس: حادث سير مروع على الطريق الوطنية رقم 5 يتسبب في 7 وفيات وعشرات الإصابات,رجال الإنقاذ والوقاية المدنية ينتشلون ضحايا من حطام سيارات متصادمة على طريق وطنية وسط ضباب كثيف بتونس (الجزيرة),حوادث,تونس
نقوش صخرية فريدة في النفود تُعيد كتابة تاريخ شمال السعودية المجهول,صورة مقربة لنقوش صخرية عثر عليها فريق سعودي دولي في منطقة النفود، وتُظهر رموزاً وحيوانات من حقب تاريخية سحيقة.,ثقافة,السعودية
قطر تدشن المرحلة الثانية من توسعة ميناء حمد باستثمارات تفوق الـ 5 مليارات ريال لتعزيز مكانتها اللوجستية,رافعات عملاقة وسفن حاويات حديثة تعمل في أحد أرصفة ميناء حمد بالدوحة، خلال تدشين مرحلة التوسعة الجديدة.,اقتصاد,قطر
"الكويت تطلق ""تعافي"": مبادرة وطنية لدعم المتعافين من الإدمان وإعادة دمجهم مجتمعياً","مجموعة من المتعافين يشاركون في جلسة دعم نفسي جماعية ضمن فعاليات مبادرة ""تعافي"" في أحد المراكز المتخصصة بالكويت.",مجتمع,الكويت
عُمان تدشن استراتيجية تعليمية جديدة: المناهج تركز على المهارات المستقبلية ورؤية 2040,طلاب عُمانيون يشاركون في ورشة عمل تطبيقية ضمن حصة تفاعلية في إحدى المدارس الحكومية بمسقط (الوكالة العُمانية للأنباء),تعليم,عُمان
الإمارات تطلق أكبر مشروع توسعة لميناء جبل علي لتعزيز مكانتها كمركز لوجستي عالمي,لقطة جوية لميناء جبل علي تظهر حركة حاويات نشطة وأعمال توسعة بنية تحتية جارية ضمن المرحلة الأولى للمشروع. (رويترز),اقتصاد,الإمارات
الفيوم تطلق ورش عمل متخصصة لتمكين الشباب والنساء بسوق العمل المحلي,متدربات في ورشة لتصنيع المنتجات الجلدية يكتسبن مهارات جديدة بأحد المراكز المجتمعية في الفيوم، ضمن مبادرة لدعم المشاريع الصغيرة وتنمية المهارات.,قضايا اجتماعية,مصر
وسط أنقاض الحرب.. نساء السودان يُبدعن في حرف يدوية لمواجهة شبح الجوع,سيدات سودانيات يعملن على حياكة السلال التقليدية بمهارة داخل خيمة في أحد مخيمات النزوح بالولاية الشمالية (رويترز),قضايا اجتماعية,السودان
الريال اليمني في سباق مع الزمن: مخاوف من انهيار جديد يهدد الأسواق المحلية,متسوقون في أحد الأسواق بمدينة عدن يتفحصون أسعار السلع الأساسية، التي شهدت ارتفاعاً ملحوظاً على خلفية تذبذب سعر صرف الريال اليمني خلال الأسابيع الماضية (AFP).,اقتصاد,اليمن
"الإمارات تطلق مبادرة ""الحزام الأخضر الأزرق"" لتعزيز مرونة سواحلها وتنوعها البيولوجي",متطوعون إماراتيون يشاركون في زراعة شتلات القرم على طول أحد السواحل ضمن مبادرة بيئية كبرى.,بيئة,الإمارات
الجزائر تدشن مراكز تكوين مهني متخصصة لتعزيز التشغيل بالمناطق الحدودية,طلاب يتدربون على مهارات حرفية في ورشة للتكوين المهني بإحدى ولايات الجنوب الجزائري (وزارة التكوين والتعليم المهنيين),تعليم,الجزائر
قطر تدشن مشروعاً وطنياً ضخماً لإعادة تأهيل غابات القرم الساحلية,متطوعون وخبراء بيئة يشاركون في زراعة شتلات القرم ضمن مشروع الحفاظ على التنوع البيولوجي البحري في قطر (وكالة الأنباء القطرية),بيئة,قطر
واحة الأمل: جهود مجتمعية لمكافحة التصحر في المناطق الرعوية بموريتانيا,نساء ورجال من إحدى القرى الرعوية قرب مدينة تيشيت التاريخية، موريتانيا، يشاركون في بناء حواجز ترابية وزراعة شتلات مقاومة للجفاف ضمن مشروع لتثبيت الكثبان الرملية وحماية الأراضي.,بيئة,موريتانيا
مبادرات أهلية ببنغازي تحول القمامة إلى فرص ومساحات خضراء,شباب ليبيون يفرزون مواد قابلة للتدوير ضمن حملة بيئية محلية في أحد أحياء بنغازي (رويترز),مجتمع,ليبيا
سلطنة عُمان توقع اتفاقية استثمارية كبرى لتطوير مجمع صناعي لوجستي في ولاية صحار,لقطة جوية لميناء صحار الصناعي تُظهر أرصفة التحميل والتفريغ وبعض المنشآت الصناعية المحيطة، بينما تستعد رافعة عملاقة لتحميل حاويات شحن.,اقتصاد,عُمان
ليبيا تضاعف جهودها لجذب استثمارات الطاقة الشمسية في مسعى لتنويع الإيرادات,منظر جوي لمزرعة ألواح شمسية حديثة تمتد في منطقة صحراوية واسعة بالقرب من إحدى المدن الليبية، تعكس سعي البلاد نحو مصادر الطاقة المتجددة.,اقتصاد,ليبيا
حريق ضخم يلتهم سوقاً شعبياً ببغداد ويخلف إصابات بالاختناق,أعمدة الدخان تتصاعد من سوق شعبي في العاصمة العراقية بغداد (رويترز- أرشيف),حوادث,العراق
"عُمان تستعد لتدشين المرحلة التشغيلية الكبرى لمشروع ""صحار"" للهيدروجين الأخضر","صورة جوية تظهر مجمع ""صحار"" للهيدروجين الأخضر، معالم الإنشاءات النهائية للمرحلة التجريبية (وزارة الطاقة والمعادن العمانية)",طاقة,عُمان
"تونس تطلق برنامج ""مهارات الغد"" لمكافحة ""بطالة الشهادات"" في الأرياف","شباب تونسي يتدرب على مهارات حرفية متقدمة في ورشة حديثة ضمن برنامج ""مهارات الغد"" (تونس أفريقيا للأنباء)",تعليم,تونس
التحول الرقمي: جيبوتي تدشن أول مركز بيانات عملاق لتعزيز موقعها كمركز إقليمي للحوسبة السحابية,مركز البيانات العملاق الجديد في جيبوتي، الذي يمثل قفزة نوعية في البنية التحتية الرقمية للدولة، يسهم في جذب الاستثمارات وتوفير خدمات سحابية متقدمة للمنطقة (وزارة الاتصالات - أرشيف).,تقنية,جيبوتي
"الموصل تفتتح ""خان القوافل"" العباسي: أيقونة معمارية تتحول لمركز إبداعي","لقطة علوية تبرز الفناء الداخلي الواسع لـ""خان القوافل"" الأثري في الموصل بعد اكتمال أعمال الترميم، حيث تتداخل العمارة العباسية الأصيلة مع لمسات فنية حديثة استعداداً لافتتاحه كمركز ثقافي وفني متعدد الأغراض. (خاص لوكالات)",ثقافة,العراق
أزمة المخلفات البلاستيكية تهدد الثروة السمكية وسبل عيش الآلاف على سواحل اليمن الشرقية,أكوام هائلة من المخلفات البلاستيكية تغطي شاطئاً على السواحل الشرقية اليمنية، بينما يعاني صيادون محليون من تراجع صيد الأسماك (رويترز),بيئة,اليمن
الرياض تستضيف قمة أمنية طارئة لبحث تحديات الملاحة في البحر الأحمر,الأمير محمد بن سلمان خلال ترؤسه اجتماعاً رفيع المستوى مع مسؤولين إقليميين في الرياض (رويترز),سياسة,السعودية
الفقر يزج بأطفال اليمن في حلقة العمل القاسية: أيادٍ صغيرة تحمل أعباءً كبيرة,طفل يمني لا يتجاوز الحادية عشرة من عمره، يجر عربة محملة بالبضائع في أحد الأحياء الشعبية بصنعاء، بينما تحاول الشمس الحارقة اختراق قبعته البالية.,قضايا اجتماعية,اليمن
غرق سفينة صيد في عرض البحر قبالة سواحل الصومال.. مصير 30 صياداً مجهول,قارب تابع لخفر السواحل الصومالي يبحر قرب حطام خشبي يعتقد أنه من السفينة المنكوبة، خلال عمليات البحث والإنقاذ (رويترز),حوادث,الصومال
مساعٍ إقليمية جديدة لدفع المصالحة الفلسطينية قُدُماً في ظل تحديات غزة والضفة,لقاء سابق لعدد من قادة الفصائل الفلسطينية خلال جولات حوار المصالحة (رويترز),سياسة,فلسطين
موريتانيا تُعزز قدراتها الصحية: افتتاح مركز غسيل كلى متقدم بولاية الحوض الشرقي,مرضى يتلقون جلسات غسيل الكلى داخل المنشأة الطبية الحديثة، والتي تعد الأولى من نوعها في المنطقة الشرقية النائية بموريتانيا (الوكالة الموريتانية للأنباء).,صحة,موريتانيا
مبادرة أفريقية جديدة لإحياء المسار السياسي الليبي تثير الجدال بشأن التوقيت والآليات,وفود دبلوماسية ليبية ومسؤولون أفارقة خلال قمة أفريقية سابقة لمناقشة ملفات القارة (صورة أرشيفية، رويترز). يبرز الجدل حول المبادرة الجديدة الحاجة إلى توافق إقليمي ودولي.,سياسة,ليبيا
جيبوتي تدشن مشروعاً وطنياً لصون الحرف اليدوية وتعزيز التراث الثقافي,حرفيون جيبوتيون يعرضون نماذج من الأواني الفخارية والسلال التقليدية خلال حفل إطلاق المبادرة في العاصمة (وكالة الأنباء الجيبوتية),ثقافة,جيبوتي
"المغرب: الحكومة تدفع بقوانين جديدة لـ""عقد اجتماعي"" متجدد ومواجهة التحديات الاقتصادية",وفد حكومي مغربي يشارك في اجتماع تشاوري مع ممثلي النقابات العمالية والاتحادات المهنية بالرباط (المغربية الرسمية),سياسة,المغرب
بلدات الخليل تواجه أزمة بيئية خانقة: مكبات النفايات العشوائية تهدد صحة السكان,أكوام ضخمة من النفايات المتراكمة بشكل عشوائي على أطراف إحدى بلدات جنوب الخليل، مع ظهور مبان سكنية قريبة في الخلفية وأطفال يلعبون على مقربة، مما يعكس الأثر البيئي والصحي المقلق.,بيئة,فلسطين
البرلمان التونسي يصادق على تعديلات مثيرة للجدل في قانون الانتخابات المحلية,أعضاء مجلس نواب الشعب التونسي يرفعون الأيادي للتصويت خلال جلسة عامة لمناقشة التعديلات المقترحة على قانون الانتخابات (وكالة تونس أفريقيا للأنباء - أرشيف).,سياسة,تونس
المنتخب الكويتي لكرة اليد يعسكر في أوروبا استعداداً لبطولة آسيا,لاعبو المنتخب الكويتي لكرة اليد خلال حصة تدريبية مكثفة في أحد المراكز الرياضية الأوروبية (غيتي إيميجز),رياضة,الكويت
الإمارات تعلن عن برنامج وطني للكشف المبكر عن الجلوكوما لحماية البصر,طبيب عيون يجري فحصاً لضغط العين لمراجع في إحدى العيادات المشاركة في الحملة الوطنية للكشف المبكر عن الجلوكوما (وام).,صحة,الإمارات
خلافا للنسيان.. جهود فلسطينية حثيثة لرقمنة مئات المخطوطات النادرة في مكتبة الخالدي بالقدس,أحد الباحثين يوثّق مخطوطة قديمة نادرة ضمن مشروع رقمنة التراث المكتوب في مكتبة الخالدي بالقدس. (وفا),ثقافة,فلسطين
نزيف المواهب الشابة يهدد استقرار الدوري المصري الممتاز,لقطة مقربة للاعب شاب يرتدي زي أحد أندية الدوري المصري الممتاز، في إشارة للتحديات التي تواجه الأندية للحفاظ على مواهبها.,رياضة,مصر
قتلى وجرحى بانفجار أسطوانة غاز بحي سكني في حمص وانهيار جزئي لمبنى,فرق الدفاع المدني السوري تباشر عمليات إزالة الركام والبحث عن ناجين تحت أنقاض مبنى سكني تعرض لانهيار جزئي جراء انفجار أسطوانة غاز بحي باب السباع في حمص (مواقع التواصل).,حوادث,سوريا
شباب ليبيون يطلقون مبادرة مجتمعية لإعادة تأهيل مكتبة طرابلس الوطنية,مجموعة من المتطوعين الشباب يقومون بترميم أرفف الكتب وصيانة قاعة المطالعة داخل مبنى مكتبة طرابلس الوطنية التاريخية.,مجتمع,ليبيا
الأردن يطلق برنامجاً وطنياً لتعزيز المهارات الرقمية لدى الشباب الباحث عن عمل,مجموعة من الشبان والشابات الأردنيين يشاركون في ورشة تدريب متخصصة ضمن المبادرة الحكومية الجديدة لتأهيل الكوادر الشابة بما يتناسب مع متطلبات الاقتصاد الرقمي المتنامي.,قضايا اجتماعية,الأردن
النور يعود إلى أبعد القرى الموريتانية: حملة طبية واسعة لمكافحة العمى الوقائي,"طبيب عيون موريتاني يجري فحصاً لمريضة مسنة تحت خيمة طبية متنقلة، ضمن فعاليات حملة ""بصر وأمل"" في إحدى القرى التابعة لولاية الحوض الشرقي الموريتانية.",صحة,موريتانيا
إنجاز تاريخي يزلزل المربع الذهبي: فريق من الدرجة الأولى يقتحم نصف نهائي كأس الأردن,لاعبو أحد أندية الدرجة الأولى الأردنية يحتفلون بعد تحقيق الفوز بمباراة حاسمة ضمن منافسات كأس الأردن وتأهلهم للدور نصف النهائي. (الاتحاد الأردني لكرة القدم),رياضة,الأردن
فريق كرة القدم النسائي الفلسطيني يستعد لمواجهات حاسمة في تصفيات آسيا,لاعبات المنتخب الفلسطيني النسوي لكرة القدم خلال حصة تدريبية في ملعب بمدينة رام الله (غيتي),رياضة,فلسطين
"فسيفساء ""أفاميا"" التاريخية تستعيد بريقها: فريق سوري يكمل ترميم لوحة نادرة",خبراء سوريون يعملون بدقة على ترميم لوحة فسيفساء بيزنطية ضخمة ضمن أعمال الصيانة في الموقع الأثري بأفاميا. (المديرية العامة للآثار والمتاحف بسوريا),ثقافة,سوريا
"إعادة الروح لـ""السينما الكبرى"" في طرابلس: أيقونة معمارية تعود لتحتضن المشهد الثقافي اللبناني","جمهور غفير يتوافد إلى الواجهة التاريخية لـ""السينما الكبرى"" في طرابلس، تتلألأ أضواؤها الجديدة بعد عقود من الإغلاق، إيذاناً بافتتاحها كمركز ثقافي وفني (تصوير: لوريان لوجور)",ثقافة,لبنان
"""جيل ضائع بانتظار الفرصة"".. إغلاق مدارس رسمية يفاقم أزمة التعليم في عكار",طفل يحمل كتبه المدرسية يجلس أمام مدخل مدرسة حكومية خاوية في بلدة حكر الضاحية بمدينة عكار الشمالية، لبنان (وكالة رويترز),قضايا اجتماعية,لبنان
شباب موهيلي يدشنون بجهود ذاتية مركزاً تنموياً لتعزيز فرص التعلم والابتكار,مجموعة من الشابات والشباب في جزيرة موهيلي يتبادلون الأحاديث داخل القاعات المجهزة حديثاً للمركز التنموي الجديد، والذي شيّد بتمويل وجهود تطوعية من المجتمع المحلي.,مجتمع,جزر القمر
"مبادرة ""إحسان"" البحرينية تُعزز التكافل بين الأجيال عبر برامج نوعية لدعم كبار السن","متطوعون شباب يشاركون كبار السن في فعالية توعوية حول الصحة الرقمية بأحد المراكز المجتمعية ضمن مبادرة ""إحسان"" في المنامة.",مجتمع,البحرين
أحزاب معارضة موريتانية تتقدم بمقترح لتعديل قانون الانتخابات الرئاسية وتوسيع قاعدة الناخبين,قيادات تكتل من أحزاب المعارضة الموريتانية تعقد مؤتمراً صحفياً في نواكشوط (الأناضول),سياسة,موريتانيا
السودان: غرق عبّارة ركاب بالنيل الأبيض يوقع قتلى ومفقودين,فرق إنقاذ تابعة للدفاع المدني السوداني تبحث عن مفقودين في نهر النيل الأبيض بعد حادث غرق العبارة (وكالة الأنباء السودانية الرسمية),حوادث,السودان
قطر للطاقة تعلن عن استثمارات ضخمة لتوسيع قدرات إنتاج الغاز الطبيعي المسال,منشأة عملاقة لتسييل الغاز الطبيعي في مدينة راس لفان الصناعية بقطر، مع أبراج تبريد ضخمة تظهر في الأفق. (رويترز),طاقة,قطر
أندية العاصمة السودانية تكافح للحفاظ على ملاعبها وسط تحديات غير مسبوقة,ملعب كرة قدم في ضواحي الخرطوم يعاني من تدهور البنية التحتية ونقص الصيانة (غيتي - 2024),رياضة,السودان
"""حماة الذاكرة: مبادرة صومالية لتوثيق قصص الأمهات والجدات قبل ضياعها""",سيدة صومالية مسنة تجلس محاطة بمجموعة من الأطفال والشباب، تروي لهم حكاية متوارثة في فناء منزل تقليدي بالعاصمة مقديشو (الوكالة الوطنية الصومالية للإعلام).,ثقافة,الصومال
تحالف شركات دولي يبرم اتفاقاً لتطوير 3 موانئ ليبية بقيمة 850 مليون دولار,سفن شحن راسية في ميناء مصراتة البحري، أحد الموانئ الليبية الحيوية التي ستشملها خطة التطوير الجديدة (رويترز),اقتصاد,ليبيا
وزير الخارجية الأردني يبدأ جولة مباحثات إقليمية تركز على تحديات أمن الحدود,وزير الخارجية الأردني خلال استقباله لوفد دبلوماسي عربي، في سياق جهود تعزيز التنسيق الأمني ومكافحة التحديات العابرة للحدود (بترا),سياسة,الأردن
افتتاح مجمع تعليمي شامل في جلمدغ يعزز فرص الآلاف من الطلاب الصوماليين,"طلاب صوماليون يتجمعون أمام المبنى الجديد لمجمع ""النهضة"" التعليمي بمدينة عبودواق، بولاية جلمدغ، عقب افتتاحه الرسمي. أكتوبر 2024. (صور رويترز)",تعليم,الصومال
"موريتانيا تطلق ""الدرع الأخضر"" لمواجهة زحف الرمال وحماية القرى الزراعية",عمال محليون يزرعون شتلات لمشروع التشجير الكبير في منطقة متأثرة بزحف الرمال جنوبي موريتانيا.,بيئة,موريتانيا
مراكز البيانات في لبنان: تحديات بقاء وسط شح الطاقة وارتفاع التكاليف التشغيلية,فني يراقب خوادم تعمل تحت إضاءة خافتة بمولد كهرباء في أحد مراكز البيانات ببيروت (صورة أرشيفية).,تقنية,لبنان
عاصفة ترابية تثير الفوضى: تصادم ضخم يودي بحياة وإصابات على طريق القصيم السريع,فرق الإنقاذ تباشر موقع حادث تصادم مركبات متعدد إثر انعدام الرؤية بسبب عاصفة ترابية على طريق القصيم السريع (الدفاع المدني السعودي),حوادث,السعودية
الجزائر تعلن عن استراتيجية جديدة لدعم التعليم التقني لتلبية احتياجات سوق العمل,طلاب في معهد للتدريب المهني بمدينة وهران الجزائرية يقومون بتطبيق دروس عملية على معدات حديثة (وكالة الأنباء الجزائرية),تعليم,الجزائر
اكتشاف فسيفساء نادرة في أم قيس يفتح آفاقاً جديدة لدراسة الفنون الرومانية المتأخرة في الأردن,فريق من علماء الآثار يفحص عن كثب جزءاً من الفسيفساء المكتشفة حديثاً في الموقع الأثري بمدينة أم قيس شمال الأردن، والتي تعود للفترة الرومانية المتأخرة وتتميز بتفاصيلها الفريدة.,ثقافة,الأردن
ليبيا تطلق مشروعاً استراتيجياً لتطوير محطة كهرباء الزاوية ومعالجة أزمة الانقطاعات,جانب من ورشة عمل هندسية داخل محطة كهرباء الزاوية الحرارية، حيث تُظهر المعدات المستخدمة في عمليات التحديث والصيانة (الأناضول),طاقة,ليبيا
شح المواد الأساسية يهدد صمود الأسواق المحلية.. آلاف الباعة المتجولين في السودان يواجهون الإفلاس,صورة تظهر بائعاً متجولاً يعرض بضائع قليلة ومتفرقة في أحد الأسواق الشعبية بالخرطوم، مع تراجع عدد المتسوقين وندرة السلع الأساسية (أسوشيتد برس),اقتصاد,السودان
الأردن: حريق مهول يلتهم مجمعاً تجارياً في شرق عمان ويسفر عن إصابات متفاوتة,أعمدة الدخان تتصاعد من مجمع تجاري في شرق عمان، بينما يواصل رجال الدفاع المدني جهودهم للسيطرة على الحريق وإسعاف المصابين (وكالات),حوادث,الأردن
"ليبيا تطلق حملة وطنية واسعة للتوعية بمخاطر ""التسمم الغذائي""",متطوعون يقدمون إرشادات حول السلامة الغذائية في سوق شعبي بالعاصمة طرابلس ضمن الحملة الجديدة (الوكالة الفرنسية),صحة,ليبيا
انقسام حاد في البرلمان الأردني حول تعديلات قانون الانتخابات الجديد,نواب أردنيون خلال جلسة تصويت لمجلس النواب على مشروع قانون الانتخابات في العاصمة عمان.,سياسة,الأردن
مبادرة شبابية واسعة تعيد الحياة للمواقع الأثرية بمدينة مكناس,متطوعون شباب مغاربة يشاركون في تنظيف وإصلاح بعض الممرات والزخارف بمنطقة قصر المنصور الذهبي التاريخية في مكناس، خلال حملة مجتمعية للحفاظ على التراث المحلي.,مجتمع,المغرب
البحرين تدشن مجمعاً ضخماً لمراكز البيانات المستدامة لتعزيز اقتصادها الرقمي,صورة جوية لمجمع حديث لمراكز البيانات مزود بألواح شمسية ضخمة على الأسطح في مدينة سلمان الصناعية بالبحرين (رويترز),تقنية,البحرين
الكويت تحتفي بتراثها البحري.. معرض فني شبابي يروي قصص الغوص على اللؤلؤ برؤى معاصرة,زوار يتأملون عملاً فنياً معاصراً يجسد قارباً كويتياً تقليدياً (المحمل) وسط أمواج، وهو جزء من معرض للفنانين الشباب في متحف الفنون الحديثة بالكويت (غيتي),ثقافة,الكويت
"الرمال في مواجهة النخيل: الجزائر تطلق ""جبهة بيئية"" لحماية واحات الجنوب من التصحر",منظر جوي يكشف مدى زحف الكثبان الرملية على إحدى واحات النخيل بولاية أدرار، جنوبي الجزائر، يناير/كانون الثاني 2025. (غيتي إيميجز),بيئة,الجزائر
المغرب يرسخ ريادته الإقليمية في الهيدروجين الأخضر بمشاريع تحويلية ضخمة,منشآت مشروع نور ورزازات للطاقة الشمسية، الذي يعد حجر الزاوية في خطط المغرب الطموحة لإنتاج الهيدروجين الأخضر (المكتب الوطني للكهرباء والماء الصالح للشرب),طاقة,المغرب
قمة ليبية ثلاثية جديدة: بحث توحيد المؤسسات وسبل إنهاء الانقسام السياسي,اجتماع لممثلي الأطراف الليبية في إحدى قاعات المؤتمرات بالعاصمة طرابلس (رويترز),سياسة,ليبيا
قوافل الأمل: الجزائر تطلق برنامجاً وطنياً للكشف المبكر عن أمراض الكلى في المناطق المعزولة,طبيبة جزائرية تجري فحصاً موجياً (ألتراساوند) لمريض داخل وحدة طبية متنقلة، ضمن حملة للكشف المبكر عن أمراض الكلى في إحدى القرى الجبلية بولاية تيزي وزو.,صحة,الجزائر
الجفاف وتصاعد التصحر يهددان الأمن الغذائي وسبل العيش في جيبوتي,أرض متشققة ومرعى جاف في إحدى المناطق الرعوية بجيبوتي جراء تداعيات الجفاف وتغير المناخ (وكالة الأنباء الجيبوتية),بيئة,جيبوتي
"برنامج ""مهارات الغد"" في قسنطينة يفتح أبواب الأمل لمئات الشباب الجزائري","شباب جزائري يتدرب على استخدام آلات CNC في ورشة متخصصة، ضمن برنامج ""مهارات الغد"" بقسنطينة (وزارة التكوين المهني والتعليم العالي/الجزائر).",مجتمع,الجزائر
"الكويت تدشن محطة ""الدبدبة"" للطاقة الشمسية ضمن رؤيتها 2035 لتعزيز الاستدامة",لقطة علوية تظهر الامتداد الواسع لألواح الطاقة الشمسية المتصلة في محطة الدبدبة بمنطقة الشقايا الصحراوية في الكويت، وعمال الصيانة يتفقدون جزءاً من المنشأة.,طاقة,الكويت
مؤسسة أهلية بالخليل تستكمل ترميم خمسة منازل تاريخية في البلدة القديمة لتعزيز الهوية والصمود,واجهة أحد المنازل التاريخية بالبلدة القديمة في الخليل بعد استكمال ترميمها، تبرز التفاصيل المعمارية الفلسطينية الأصيلة (الجزيرة).,ثقافة,فلسطين
نقص حاد في أدوية الضغط والسكري يهدد آلاف المرضى في حلب,صيدلاني في أحد أحياء حلب يشير إلى رفوف فارغة في صيدليته، مؤكداً استمرار نفاد الأدوية الأساسية لمرضى الأمراض المزمنة، مما يدفع الكثيرين للبحث عنها في السوق السوداء بأسعار باهظة.,صحة,سوريا
مصر تضخ استثمارات ضخمة لتحديث شبكة الكهرباء استعداداً للتحول الأخضر وتصدير الطاقة,أبراج نقل كهرباء حديثة تمتد عبر الأراضي المصرية الصحراوية، في إشارة لجهود تحديث الشبكة واستقبال مصادر الطاقة المتجددة.,طاقة,مصر
قطر.. ميناء حمد يحقق قفزة نوعية في حجم المناولة ويترسخ كمركز لوجستي إقليمي,لقطة جوية لميناء حمد في أوج نشاطه، تُظهر سفن الشحن العملاقة وقاطرات المناولة وعشرات الحاويات المكدسة استعداداً للتداول (وكالة الأنباء القطرية),اقتصاد,قطر
"السعودية تدشن المرحلة التشغيلية الأولى لأكبر مشروع للهيدروجين الأخضر بالمنطقة في ""نيوم""",مشهد جوي لبعض منشآت مشروع الهيدروجين الأخضر في مدينة نيوم، تظهر توربينات الرياح وألواح الطاقة الشمسية، ضمن الجهود السعودية الرائدة في الطاقة النظيفة (وكالة الأنباء السعودية),طاقة,السعودية
تحذيرات من تراجع لافت في إقبال الشباب الكويتي على فرص القطاع الخاص,شباب كويتيون يتفاعلون مع ممثلي الشركات في أحد معارض التوظيف التي تستهدف الخريجين الجدد في الكويت (رويترز),قضايا اجتماعية,الكويت
الإمارات تطلق مبادرة وطنية شاملة للكشف المبكر عن عوامل خطر السكري والضغط,فريق طبي إماراتي يستخدم أجهزة حديثة لإجراء فحوصات للمرضى في إطار المبادرة الوطنية الجديدة للوقاية من الأمراض المزمنة.,صحة,الإمارات
"الكويت تدشن ""منارة المستقبل الرياضي"": أكاديمية متطورة لصقل المواهب الواعدة","لحظة قص شريط الافتتاح الرسمي لأكاديمية ""منارة المستقبل الرياضي"" في الكويت، بحضور وزير الدولة لشؤون الشباب وعدد من الرياضيين الأولمبيين المحليين، وسط تفاعل لافت من الأطفال المتدربين.",رياضة,الكويت
الصومال يضيء طريقه نحو الاستدامة: تدشين محطة طاقة شمسية عملاقة في قلب البلاد,لقطة علوية لمساحات شاسعة تغطيها آلاف الألواح الشمسية المتراصة، تشكل المحطة الجديدة للطاقة في إحدى المناطق الوسطى بالصومال وقت غروب الشمس.,طاقة,الصومال
"مراكز ""نور المعرفة"" تضيء قرى يمنية نائية بحصص رقمية مدعومة بالطاقة الشمسية","شباب وفتيات يمنيون يتلقون دروساً في الحاسوب داخل أحد مراكز ""نور المعرفة"" التي تعمل بالطاقة الشمسية بقرية نائية في محافظة حجة، مما يتيح لهم فرصاً تعليمية جديدة رغم نقص البنية التحتية.",تقنية,اليمن
مطالبات بتدخل عاجل لإنقاذ الشركات الناشئة الفلسطينية من أزمة تمويل خانقة,مشهد من اجتماع عمل لشباب رواد أعمال في إحدى حاضنات الأعمال بمدينة رام الله، الضفة الغربية (صورة تعبيرية).,اقتصاد,فلسطين
"""ريف حماة يئن تحت وطأة التصحر: مخاوف من زحف الرمال وتراجع الإنتاج الزراعي""",مزارع سوري يتفقد حقله المتضرر جراء الجفاف والتصحر في ريف حماة الشرقي، تظهر الأرض المتشققة أزمة المياه (وكالة سمارت/رويترز),بيئة,سوريا
السعودية تدشن استراتيجية وطنية لإنشاء مجمعات بيانات فائقة لتعزيز السيادة الرقمية,لقطة علوية تظهر عمالاً ومهندسين يتفقدون سير العمل في أحد المواقع المخصصة لمجمع بيانات ضخم شمال الرياض (واس),تقنية,السعودية
المغرب يخطو خطوات متسارعة نحو تعميم الألياف البصرية وتقليص الفجوة الرقمية بالمناطق النائية,فنيون مغاربة يعملون على مد كابلات الألياف البصرية ضمن مشروع لتوسيع شبكة الإنترنت عالي السرعة في إحدى المناطق الريفية بالمغرب.,تقنية,المغرب
بغداد تعيد إحياء صوتها الأصيل: مهرجان المقامات العراقية يعود للحياة,فرق موسيقية تؤدي مقطوعات المقامات العراقية التقليدية أمام جمهور غفير في افتتاح المهرجان ببغداد.,ثقافة,العراق
جزر القمر: غرق قارب ركاب قبالة موهيلي يخلف ضحايا ومفقودين,فرق بحث وإنقاذ تشرع بتمشيط المنطقة البحرية قبالة جزيرة موهيلي، بحثاً عن ناجين أو جثث المفقودين إثر حادث الغرق (التلفزيون الوطني لجزر القمر).,حوادث,جزر القمر
"""معركة الوصول"": ناشطون يطالبون بيروت بتطبيق خطة شاملة لتأهيل المدينة لذوي الإعاقة",شخص على كرسي متحرك يواجه صعوبة بالغة في صعود رصيف مرتفع وغير مجهز في أحد شوارع بيروت المكتظة، مع إبراز غياب الممرات المنحدرة المخصصة.,مجتمع,لبنان
الجزائر تطلق مشروعاً استراتيجياً لتخزين الطاقة المتجددة وتعزيز أمن شبكتها الكهربائية,صورة جوية لمجمع جديد للطاقة الشمسية في ولاية البيض جنوب غرب الجزائر، تظهر بجانبه منشآت أولية لمحطة تخزين البطاريات العملاقة.,طاقة,الجزائر
تونس تدشن مركزاً وطنياً جديداً للبيانات لتعزيز التحول الرقمي وحماية المعلومات,خوادم متطورة داخل المركز الوطني التونسي الجديد للبيانات، الذي يهدف لتعزيز الأمن السيبراني للبلاد.,تقنية,تونس
قرى شمال الضفة الغربية تتبنى حلول الطاقة الشمسية لمواجهة نقص الكهرباء,ألواح شمسية حديثة تعلو سطح مركز مجتمعي في إحدى قرى شمال الضفة الغربية، في إطار مشروع توفير الطاقة المتجددة (وكالات).,طاقة,فلسطين
