id,title,caption,topic,country
1,مقتل 15 شخصاً في غارة جوية استهدفت سوقاً شعبياً في مقديشو,آثار الدمار في سوق بكارا بعد الغارة الجوية، حيث تنتشر debris والأدوات المكسورة بين الحطام وسط الصدمة التي تسيطر على السكان المحليين (رويترز),حوادث,الصومال
2,تزايد مبادرات التوعية بالصحة النفسية في عمان لمواجهة التحديات الاجتماعية,أحد اللقاءات التفاعلية التي نظمتها جمعيات أهلية في مسقط، حيث يتبادل المشاركون الخبرات حول أهمية الدعم النفسي في المجتمع العماني (الجزيرة),قضايا اجتماعية,عُمان
3,عمان تُطلق برنامجاً وطنياً لتعزيز تعليم الفنون في المدارس,طلاب في مدرسة حكومية في مسقط يشاركون في ورشة عمل رسم خلال إطلاق البرنامج الجديد، حيث يسعى لتعزيز مهارات الفنون والإبداع (الصورة من وزارة التربية والتعليم العمانية).,تعليم,عُمان
4,قطر تستضيف مؤتمراً دولياً حول الابتكار الرقمي في التعليم العالي,جانب من المؤتمر الدولي حول الابتكار الرقمي في التعليم العالي في الدوحة، حيث يتواجد أبرز خبراء التعليم لمناقشة مستقبل التعلّم الرقمي (رويترز),تقنية,قطر
5,وزارة الصحة الأردنية تُطلق حملة للتوعية بأهمية تطعيم الأطفال ضد الأمراض الوبائية,طفل في أحد المراكز الصحية في عمان يتلقى تطعيمه تحت إشراف أحد الممرضين، وسط اهتمام من الأهل بمتابعة العملية، حيث تسعى الوزارة إلى زيادة نسبة التغطية بالتطعيمات الأساسية (تصوير عايدة العيسى - الجزيرة نت),صحة,الأردن
6,"""المختبرات السودانية.. تتجه نحو تطوير لقاحات محلية لمكافحة الأمراض""",فريق من العلماء والباحثين في أحد المختبرات السودانية يقومون بإجراء الأبحاث على عينات بكتيرية في بيئة معملية متطورة (الجزيرة),صحة,السودان
7,الحكومة اللبنانية تطلق خطة شاملة لتعزيز استخدام الطاقة الشمسية,صورة تظهر صفوفًا من الألواح الشمسية مثبتة على أسطح المنازل في بيروت، في إطار جهود الحكومة لزيادة الاعتماد على مصادر الطاقة المتجددة.,طاقة,لبنان
8,الإمارات تطلق استراتيجية جديدة للطاقة المتجددة حتى عام 2030,وزير الطاقة والبنية التحتية في الإمارات خلال مؤتمر صحفي يعلن عن تفاصيل الاستراتيجية الجديدة، حيث يظهر في الخلفية نموذج لمحطة شمسية حديثة تمثل جزءاً من جهود الدولة لتعزيز استخدام الطاقة النظيفة (الاتحاد).,طاقة,الإمارات
9,انطلاق دوري كرة القدم الصومالي.. أندية جديدة وأمل الجيل الشاب,لاعبو الفرق المشاركة في الدوري الصومالي يتدربون في ملعب جديد تم تجهيزه بموارد محلية قبل انطلاق البطولة، مما يعكس تطور الرياضة في البلاد (الصومال اليوم),رياضة,الصومال
10,مهرجان الثقافة والفنون في مقديشو يسعى لإبراز هوية الصومال الفنية,فنانون محليون يقدمون عرضاً موسيقياً في قلب مقديشو خلال مهرجان الثقافة والفنون، مع توافد مئات الزوار للاستمتاع بالعروض المتنوعة التي تعكس التراث الثقافي الغني للصومال. (الشرق الأوسط),ثقافة,الصومال
11,وزارة الصحة في موريتانيا تعلن عن حملة تطعيم وطنية للحد من انتشار الأمراض المعدية,فرق طبية مجهزة باللقاحات تنتشر في المناطق الريفية لتقديم التطعيمات للأطفال خلال الحملة الوطنية (موقع وزارة الصحة),صحة,موريتانيا
12,تونس تعلن عن استراتيجيتها الجديدة لمكافحة الفساد وتعزيز الشفافية,وزيرة العدل التونسية تتحدث في مؤتمر صحفي، حيث عرضت الخطوط العريضة للاستراتيجية الجديدة لمكافحة الفساد أمام عدد من وسائل الإعلام (وكالة تونس إفريقيا للأنباء).,سياسة,تونس
13,عُمان تعلن عن إطلاق حملة وطنية للتوعية بسرطان الثدي,مجموعة من المتطوعات يرتدين الأوشحة الوردية في فعالية تعزز الوعي بسرطان الثدي في مسقط (العمانية),صحة,عُمان
14,تفاصيل جديدة حول حادث انهيار المبنى في عمان: فرق الإنقاذ تواصل البحث عن المفقودين,فرق الإنقاذ تعمل بجد في موقع انهيار المبنى في منطقة جبل الحسين بعمان، حيث تم إرسال معدات خاصة للبحث عن الناجين تحت الأنقاض (الأردنية).,حوادث,الأردن
15,لقاء مجتمعي في الخرطوم للمطالبة بتحسين خدمات المياه والصرف الصحي,صور من الاجتماع الذي عُقد في إحدى قاعات الخرطوم، حيث تجمع المواطنون للمشاركة في النقاش حول قضايا المياه والخدمات العامة (الجزيرة),مجتمع,السودان
16,السعودية تطلق مشروعًا ضخمًا لتحويل الطاقة الشمسية إلى هيدروجين أخضر,جانب من احتفالية تدشين المشروع الجديد في الرياض، حيث عرضت نماذج لمحطات الطاقة الشمسية المخصصة لإنتاج الهيدروجين الأخضر.,طاقة,السعودية
17,الكويت تطلق مبادرة جديدة لتعزيز التعلم الرقمي في المدارس,مجموعة من الطلاب في مدرسة كويتية يستخدمون الأجهزة اللوحية خلال درس تعليمي حديث يركز على التكنولوجيا في التعليم (وزارة التربية الكويتية),تعليم,الكويت
18,البحرين تطلق مبادرة لتعزيز التعايش السلمي بين الأديان والمذاهب,ممثلون عن مختلف الأديان والمذاهب خلال افتتاح فعاليات المبادرة في المنامة (وكالة أنباء البحرين),سياسة,البحرين
19,عمان تستضيف قمة الاستثمار العربي لتعزيز التعاون الاقتصادي بين الدول,وفود عربية تتجمع في قاعة المؤتمرات الكبرى في مسقط خلال فعاليات قمة الاستثمار العربي، حيث تم مناقشة مشاريع مشتركة لتعزيز التنمية الاقتصادية (مواقع التواصل),اقتصاد,عُمان
20,المغرب يستضيف بطولة شمال إفريقيا لكرة القدم تحت 20 عاماً وسط حماسة جماهيرية,"ملعب ""الأمير مولاي عبدالله"" في الرباط يكتظ بالجماهير في افتتاح البطولة التي تجمع أفضل المنتخبات الشابة في المنطقة (الأناضول)",رياضة,المغرب
21,البحرين تطلق حملة للتوعية بمرض السكري بمناسبة اليوم العالمي للصحة,مجموعة من المتطوعين في البحرين يرتدون قمصاناً تحمل شعارات عن التوعية بالسكري، خلال توزيع منشورات صحية في أحد الأسواق الشعبية (الفرنسية),صحة,البحرين
22,العراق يطلق برنامجاً وطنياً لدعم المشاريع الصغيرة والمتوسطة في المناطق النائية,مجموعة من رواد الأعمال الشباب في ورشة عمل تتعلق بتطوير مهاراتهم في إدارة المشاريع، تعقد في إحدى القرى العراقية النائية تحت إشراف وزارة التخطيط (الأخبار العراقية).,اقتصاد,العراق
23,مهرجان قرطاج السينمائي يفتتح دورته الجديدة بأفلام عربية متنوعة ورسالة إنسانية قوية,حشود من محبي السينما يتجمعون أمام المسرح الرئيسي في مدينة قرطاج التونسية لحضور افتتاح مهرجان قرطاج السينمائي، حيث تجذب الأضواء والموسيقى انتباه الحضور في ليلة مميزة من الاحتفال بالفن السابع (الجزيرة).,ثقافة,تونس
24,انقلاب حافلة سياحية في الطريق الصحراوي يتسبب في إصابات متعددة,صورة للحافلة المنقلبة بجانب الطريق الصحراوي، حيث ظهر رجال الدفاع المدني وهم ينقلون المصابين إلى سيارات الإسعاف (البوابة المصرية).,حوادث,مصر
25,الجزائر تدشن منصة إلكترونية جديدة لتعزيز التعليم المهني,وزير التعليم الجزائري خلال الإطلاق الرسمي للمنصة الإلكترونية في حفل حضره مجموعة من الطلاب والمعلمين (الجزيرة),تعليم,الجزائر
26,البحرين تطلق حملة وطنية للتوعية بأهمية إعادة تدوير النفايات البلاستيكية,مواطنون بحرينون يشاركون في ورشة عمل تفاعلية حول إعادة تدوير النفايات البلاستيكية وكيفية تقليل استخدامها، تحت إشراف وزارة الأشغال. (الفرنسية),بيئة,البحرين
27,تونس تطلق أول منصة رقمية لدعم الابتكار في القطاع الزراعي,وزير الفلاحة التونسي يعرض تفاصيل المنصة الرقمية الجديدة خلال المؤتمر الصحفي الذي أقيم في العاصمة تونس، حيث تمثل خطوة نحو تعزيز الاستدامة والابتكار الزراعي في البلاد (وكالة تونس أفريقيا للأنباء).,تقنية,تونس
28,الأهلي المصري يتفوق على الزمالك في دربي القاهرة ويحقق انتصاراً مهماً في دوري المحترفين,لحظة تسجيل هدف الفوز للأهلي في مرمى الزمالك، مع احتفال اللاعبين أمام جماهيرهم الغفيرة في استاد القاهرة (وكالة الأنباء المصرية),رياضة,مصر
29,جيبوتي تستعد لاستضافة مؤتمر إقليمي حول الأمن البحري في البحر الأحمر,المشاركون في المؤتمر يتبادلون الآراء حول سبل تعزيز التعاون الأمني في موانئ البحر الأحمر (الجزيرة),سياسة,جيبوتي
30,مهرجان قرطاج الدولي يضيء سماء تونس بألوان الفنون العربية,فنانون يؤدون عرضاً موسيقياً على المسرح الأثري بقرطاج، وسط أضواء متلألئة وجمهور متحمس يحتفل بالفن والثقافة العربية (بيت الثقافة).,ثقافة,تونس
31,جيبوتي تُعلن حالة الطوارئ إثر فيضانات غير مسبوقة تضرب العاصمة,مشهد لسيارات غارقة في المياه في شوارع العاصمة جيبوتي بعد الأمطار الغزيرة التي أدت إلى فيضانات واسعة النطاق (الجزيرة),حوادث,جيبوتي
32,تونس تطلق مشروعاً مبتكراً للطاقة الشمسية لتعزيز الاستدامة البيئية,مجموعة من العمال يقومون بتركيب الألواح الشمسية في أحد مواقع المشروع الجديد بالقرب من العاصمة تونس (رويترز),طاقة,تونس
33,الحكومة الليبية تعلن عن خطة استثمارية جديدة لتعزيز الاقتصاد الوطني,مسؤول حكومي يشرح تفاصيل الخطة الاستثمارية الجديدة أمام مجموعة من رجال الأعمال في طرابلس (الجزيرة),اقتصاد,ليبيا
34,جيبوتي تطلق مبادرة جديدة لتعزيز التحول الرقمي في التعليم الابتدائي,طلاب في صف دراسي في جيبوتي يستخدمون أجهزة الكمبيوتر اللوحية كجزء من برنامج التعليم الرقمي الجديد (وزارة التربية الوطنية في جيبوتي),تقنية,جيبوتي
35,الصومال يطلق حملة وطنية لمكافحة السمنة وزيادة الوعي الصحي,وزيرة الصحة الصومالية تتحدث في مؤتمر صحفي بالعاصمة مقديشو، حيث تم الإعلان عن الحملة التي تستهدف تحسين العادات الغذائية وتعزيز النشاط البدني بين المواطنين (الجزيرة).,صحة,الصومال
36,وزارة التعليم السورية تطلق مبادرة جديدة لتعزيز التعليم المهني والتقني,وزير التعليم يتحدث خلال المؤتمر الصحفي حول المبادرة الجديدة مع مجموعة من الطلاب المهنيين في خلفية الصورة (الأخبار السورية),تعليم,سوريا
37,تزايد حالات الأمراض التنفسية في شمال سوريا نتيجة تدهور جودة الهواء,عائلة سورية تستخدم كمامات أثناء البحث عن مياه شرب في حي مكتظ بالسكان في إدلب، مع تلوث الهواء واضحاً في الخلفية (رويترز),صحة,سوريا
38,اليمن يطلق حملة لتشجير المناطق الساحلية لمكافحة التغير المناخي,مجموعة من المتطوعين في مدينة الحديدة يزرعون الأشجار على الساحل، وسط جهود لتحقيق بيئة أكثر استدامة ومواجهة آثار التغير المناخي (اليمن اليوم),بيئة,اليمن
39,المغرب يستعد لإطلاق أكبر محطة شمسية في شمال إفريقيا,نموذج لمحطة الطاقة الشمسية الجديدة المقرر إنشاؤها في منطقة العيون، والتي تهدف إلى تعزيز إنتاج الطاقة المتجددة في البلاد (الجزيرة),طاقة,المغرب
40,المغرب يطلق أول برنامج لتمويل startups التقنية بمليوني درهم,مجموعة من رواد الأعمال الشباب يتبادلون الأفكار خلال ورشة عمل خاصة ببرنامج تمويل الابتكار في الرباط (الصحافة المغربية),تقنية,المغرب
41,الأندية السعودية تستعد لموسم الانتقالات الشتوية بتعزيزات قوية,لاعبو نادي النصر خلال حصة تدريبية استعدادًا لتدعيم صفوفهم قبل موسم الانتقالات الشتوية، حيث يسعى الفريق لجلب لاعبين جدد لتعزيز المنافسة في الدوري السعودي (المصدر: وكالة الأنباء السعودية).,رياضة,السعودية
42,الحكومة السورية تطلق خطة إعادة الإعمار بالتعاون مع المؤسسات المحلية والدولية,وزراء سوريون خلال مؤتمر صحفي لاستعراض خطة إعادة الإعمار بحضور ممثلين عن منظمات دولية (مواقع التواصل),اقتصاد,سوريا
43,شجار عائلي يتحول لمأساة في إربد ويخلف إصابات خطيرة,عناصر من الشرطة الأردنية يتواجدون في موقع الحادث وسط إربد حيث وقع الشجار المأساوي (البترا),حوادث,الأردن
44,انفجار قوي يهز منطقة الجناح في بيروت ويوقع إصابات,رجال الإسعاف يعملون على إجلاء المصابين من موقع الانفجار الذي وقع في منطقة الجناح، وسط حالة من الفوضى والقلق بين السكان (رويترز),حوادث,لبنان
45,المغرب يتجه نحو الاعتماد على الطاقات المتجددة لتعزيز أمنه الطاقة,عمال يقومون بتركيب الألواح الشمسية في مشروع للطاقة المتجددة بالقرب من مدينة ورزازات (الجزيرة),طاقة,المغرب
46,المنتخب الصومالي يستعد للمشاركة في بطولة الأمم الإفريقية تحت 23 عاماً,اللاعبون الصوماليون يتدربون في معسكرهم التدريبي مع مدربهم الجديد، حيث يسعون لتقديم أداء مميز في البطولة التي تقام في الجزائر (رويترز),رياضة,الصومال
47,الجزائر تطلق مشروعاً وطنياً لتعزيز التعليم الرقمي في المدارس الابتدائية,طلاب في فصل دراسي بالجزائر يستخدمون الأجهزة اللوحية لتعزيز تعلمهم الرقمي في إطار مشروع جديد تم إطلاقه من قبل وزارة التربية الوطنية (الجزيرة).,تعليم,الجزائر
48,الحكومة الصومالية تطلق مبادرة جديدة لتحسين التعليم الأساسي في المناطق الريفية,أطفال صوماليون في فصل دراسي بدائي يتلقون التعليم في إحدى القرى الريفية، حيث يظهر على السبورة رسومات تعليمية باللغة الصومالية (الأوروبية),تعليم,الصومال
49,جزر القمر تحتفل بمرور 20 عاماً على تأسيس أول جامعة حكومية,حفل الافتتاح شهد حضور وزير التعليم العالي ورؤساء الجامعات الخاصة، حيث تم تكريم مجموعة من الخريجين المتميزين (وسائل التواصل الاجتماعي).,مجتمع,جزر القمر
50,بطولة الأندية العربية لكرة اليد تُختتم بفوز ساحق لفريق الشارقة,لاعبو فريق الشارقة يحتفلون بعد تسجيل هدف في المباراة النهائية، وسط أجواء حماسية في الصالة الرياضية الكبرى بدبي (الإمارات اليوم),رياضة,الإمارات
51,الصومال تطلق حملة وطنية للتحصين ضد الأمراض المعدية,فريق من الأطباء والممرضين يقومون بتطعيم الأطفال في إحدى العيادات المحلية في مقديشو، حيث تسعى الحملة إلى تعزيز الصحة العامة والوقاية من الأمراض الشائعة في البلاد. @من صفحة وزارة الصحة الصومالية.,صحة,الصومال
52,الإمارات تطلق مبادرة جديدة للحفاظ على السلاحف المهددة بالانقراض,فريق من الخبراء البيئيين يعملون على إعداد مواقع تعشيش جديدة للسلاحف على سواحل أبوظبي (الصورة من وزارة التغير المناخي والبيئة في الإمارات).,بيئة,الإمارات
53,مهرجان قرطاج الدولي يفتح أبوابه لمشاهير الفن العربي بمشاركة واسعة هذا الصيف,الفنانة التونسية هالة صدقي تتألق على خشبة المسرح في افتتاح مهرجان قرطاج الدولي، حيث تشهد الفعالية حضوراً جماهيرياً لافتاً ونجوم من مختلف الدول العربية (الأنباء التونسية).,ثقافة,تونس
54,الجزائر تطلق حملة توعية للحد من السمنة بين الأطفال والمراهقين,أطفال في مدرسة ابتدائية الجزائرية يشاركون في نشاط رياضي ضمن الحملة التوعوية (التلفزيون الجزائري),صحة,الجزائر
55,المغرب يحقق قفزة في صادرات الفواكه والخضروات إلى السوق الأوروبي,شاحنات محملة بالفواكه والخضروات الطازجة في ميناء طنجة، حيث يشهد تصدير المنتجات المغربية ارتفاعاً ملحوظاً خلال موسم 2023 (مكتب الإحصاء المغربي),اقتصاد,المغرب
56,اليمن يستعد لتدشين مشروع الطاقة الشمسية الأكبر في الشرق الأوسط,خبراء ومهندسون يتفقدون الموقع الذي سيحتضن المشروع الطموح في محافظة مأرب، والذي يهدف لتوليد الطاقة النظيفة وتوفير الكهرباء للمدن اليمنية (أ ف ب),طاقة,اليمن
57,البحرين تطلق مبادرة لتعزيز الوعي البيئي بين الشباب,مجموعة من الشبان البحرينيين يشاركون في ورشة عمل حول الاستدامة البيئية وتدوير النفايات (الجزيرة),مجتمع,البحرين
58,الأردن يبدأ تنفيذ مشروع لتجديد الغابات المتدهورة في البلقاء,مشهد لفرقة من المتطوعين يزرعون الأشجار في منطقة البلقاء، في إطار جهود الحكومة الأردنية لإعادة تأهيل الغابات المتدهورة (موقع وزارة البيئة الأردنية),بيئة,الأردن
59,سلطنة عُمان تطلق مبادرة للحفاظ على التنوع البيولوجي في جبل شمس,فريق من الباحثين العمانيين يقومون بجمع عينات من النباتات النادرة في جبل شمس، الذي يعد من أعلى القمم في سلطنة عُمان، وذلك ضمن حملة توعوية للحفاظ على البيئة والتنوع البيولوجي (البيان),بيئة,عُمان
60,البحرين تستضيف مؤتمرًا إقليميًا حول الأمن السيبراني في الشرق الأوسط,مجموعة من الخبراء والمديرين التنفيذيين في مجال التكنولوجيا يتبادلون الآراء خلال جلسة نقاش في المؤتمر الذي عُقد في المنامة (الصحافة البحرينية),سياسة,البحرين
61,منتخب الأردن لكرة القدم يحقق فوزًا مثيرًا على نظيره العراقي في تصفيات كأس العالم,فرحة عارمة بين اللاعبين الأردنيين بعد تسجيل الهدف الحاسم في المباراة التي أقيمت على استاد عمان الدولي (الأناضول),رياضة,الأردن
62,إطلاق حملة توعية لمكافحة التنمر في المدارس الأردنية,طلاب في مدرسة بالعاصمة عمان يشاركون في ورشة عمل حول كيفية التعامل مع ظاهرة التنمر وأثرها على المجتمع، تحت إشراف معلمين ومتخصصين نفسيين (العربية),قضايا اجتماعية,الأردن
63,احتجاجات في السودان للمطالبة بتحسين أوضاع التعليم والصحة,مجموعة من الطلاب والشباب السودانيين يحملون لافتات خلال احتجاجاتهم في العاصمة الخرطوم، يعبرون عن مطالبهم بإعادة النظر في السياسات التعليمية والصحية (وكالة السودان للأنباء).,قضايا اجتماعية,السودان
64,عمان تطلق مبادرة جديدة لتعزيز التحول الرقمي في التعليم العام,الطالبة فاطمة تتابع دروسها عبر منصة تعليمية إلكترونية جديدة، مع التركيز على دمج التكنولوجيا في الفصول الدراسية لتعزيز التعلم الذاتي وتوسيع آفاق الطلاب (الجزيرة).,تقنية,عُمان
65,"إخماد حريق هائل في غابة ""الزاوية"" بالجزائر يهدد الحياة البرية",رجال الإطفاء يعملون على إخماد النيران المشتعلة في الغابة، بينما تتصاعد سحب الدخان الكثيف في السماء (الأخبار الجزائرية),حوادث,الجزائر
66,"""ليبيا تطلق أول منصة إلكترونية لتسويق المنتجات الزراعية المحلية""",مزارعون ليبيون يعرضون منتجاتهم في سوق محلي، مع واجهة المنصة الإلكترونية الجديدة في الخلفية (تصوير خاص).,تقنية,ليبيا
67,الكويت تستثمر 200 مليون دولار في طاقة الرياح لتعزيز استدامتها البيئية,نموذج لمحطة طاقة رياح في الكويت، يظهر فيها التوربينات الضخمة تتمايل برفق في الهواء (وكالة الأنباء الكويتية),طاقة,الكويت
68,زيادة الاستثمارات الأجنبية في القطاع السياحي السعودي بنسبة 40% خلال العام الجاري,مشهد لزوار يكتشفون أحد المعالم السياحية الحديثة في السعودية، مع وجود لافتات توضح الجذب السياحي الجديد (الشركة السعودية للسياحة).,اقتصاد,السعودية
69,البحرين تطلق حملة لزراعة الأشجار لحماية البيئة وتعزيز التنوع البيولوجي,متطوعون من مختلف الأعمار يزرعون شتلات الأشجار في منطقة ساحلية بالبحرين، حيث تسهم الحملة في مكافحة التصحر وتحسين جودة الهواء (الأناضول),بيئة,البحرين
70,تعزيز التعليم الفني في جزر القمر: إطلاق مشروع جديد لتحسين المهارات المهنية,صورة لطلاب يتلقون تدريبات عملية في ورشة عمل حديثة ضمن مشروع التعليم الفني في جزر القمر (المصدر: وزارة التعليم),تعليم,جزر القمر
71,المغرب يتجاوز عتبة الـ 10% من الاعتماد على الطاقة المتجددة في عام 2023,حقل من الألواح الشمسية يمتد على الأرض في الصحراء المغربية، حيث تُظهر أنظمة الطاقة المتجددة التزام البلاد نحو التحول البيئي (رويترز),اقتصاد,المغرب
72,جمعية في الأردن تطلق حملة لتوزيع الوجبات الغذائية على الأسر المحتاجة خلال فصل الشتاء,متطوعون في الجمعية يقومون بتحضير وتوزيع الوجبات الساخنة في أحد الأحياء الشعبية في عمان (الصحافة الأردنية),قضايا اجتماعية,الأردن
73,مصر تطلق مشروعًا طموحًا لتحول الطاقة المتجددة وتعزيز الاستدامة البيئية,لقطات تظهر مجموعة من المهندسين المصريين أثناء تنفيذ مشروع للطاقة الشمسية في صحراء شرق العوينات، حيث تم تركيب الألواح الشمسية على مساحة واسعة من الأرض لتوليد الطاقة النظيفة (الصحافة المصرية).,طاقة,مصر
74,تحسن نسبي في سوق العمل المصري خلال الربع الثالث من 2023,الشباب المصريون يتوجهون إلى مراكز التوظيف في القاهرة بحثاً عن فرص عمل جديدة، وسط جهود الحكومة لدعم سوق العمل المحلي. (الجزيرة),اقتصاد,مصر
75,وفاة خمسة أشخاص في حادث سير مروع على طريق البليدة - الجزائر,رجال الإنقاذ يحاولون إخراج الضحايا من السيارة المتضررة التي انقلبت في موقع الحادث على طريق البليدة، حيث تجمهر الأهالي لمتابعة عمليات الإنقاذ (الجزيرة),حوادث,الجزائر
76,البحرين تستضيف بطولة كأس الخليج العربي للسباحة بمشاركة 8 دول,السباحون يتأهبون على حافة المسبح في تجمع حاشد بأحد المرافق الرياضية في البحرين وسط أجواء تنافسية مثيرة (الجزيرة).,رياضة,البحرين
77,وفاة شخصين وإصابة آخرين في حادث سير مروع بسلطنة عمان,موقع الحادث الذي وقع على الطريق السريع بين مسقط وصحار، حيث تجمع رجال المرور والإسعاف حول المركبات المتضررة (وكالة الأنباء العمانية).,حوادث,عُمان
78,الجزائر تطلق منصة جديدة لمراقبة جودة الهواء في المدن الكبرى,فرق فنية في الجزائر العاصمة تقوم بإعداد أجهزة قياس جودة الهواء في أحد الأحياء المكتظة بالسكان، بينما يظهر في الخلفية برج التليفزيون الشهير (وزارة البيئة الجزائرية),تقنية,الجزائر
79,"""مهرجان تبادل الكتب في القاهرة يهدف لتعزيز ثقافة القراءة بين الشباب""",مجموعة من الشباب يتبادلون الكتب في ساحة مهرجان القراءة بالقاهرة، حيث يجتمعون لمناقشة الأدب وتعزيز الوعي الثقافي (الجزيرة).,قضايا اجتماعية,مصر
80,تحدِّيات سياسية جديدة تواجه الحكومة التونسية بعد استقالة وزيرين بارزين,تجمع شعبي في ساحة الحكومة يعكس حالة من الترقب والقلق بين المواطنين بعد الإعلان عن الاستقالات المفاجئة (رويترز),سياسة,تونس
81,حريق هائل يجتاح مصنعاً للأغذية في جدة ويتسبب في خسائر كبيرة,أعمدة من الدخان الأسود تتصاعد من المصنع بعد جهود رجال الإطفاء للسيطرة على الحريق الذي اندلع في الساعات الأولى من صباح اليوم (الشرطة السعودية),حوادث,السعودية
82,البحرين تطلق برنامجاً لتطوير مهارات المعلمين في العلوم الحديثة,مجموعة من المعلمين في ورشة عمل تفاعلية تهدف لتدريبهم على أحدث أساليب تدريس العلوم والتكنولوجيا في البحرين، حيث تنظم وزارة التربية والتعليم البرنامج في مركز التدريب التربوي (الوزارة).,تعليم,البحرين
83,فلسطين تطلق برنامج دعم المشاريع الصغيرة لتعزيز الاقتصاد المحلي,مجموعة من رواد الأعمال الفلسطينيين يتناقشون حول أفكارهم في ورشة عمل حول كيفية تطوير المشاريع الصغيرة في مدينة رام الله (الجزيرة),اقتصاد,فلسطين
84,انطلاق حملة توعوية جديدة للحفاظ على الحياة الفطرية في عُمان,مجموعة من المتطوعين خلال ورشة عمل تهدف إلى تعزيز الوعي بأهمية الحفاظ على الأنواع المهددة بالانقراض في محمية الجبل الأخضر (وكالة الأنباء العمانية),بيئة,عُمان
85,تزايد التحركات المجتمعية في جزر القمر لمكافحة التغير المناخي,مجموعة من المتطوعين المحليين يقومون بزراعة أشجار جديدة على الشاطئ في جزر القمر، في إطار مبادرة تهدف لحماية البيئة وتعزيز الوعي بمخاطر التغير المناخي (الأناضول),مجتمع,جزر القمر
86,احتفالية ثقافية بمناسبة اليوم الوطني للتراث المغربي في فاس,زوار يتجولون في أسواق فاس التاريخية خلال احتفالية تكريم الفنون والحرف التقليدية، حيث تم عرض منتجات محلية ومأكولات تقليدية يوم 30 سبتمبر/أيلول 2023 (رويترز),ثقافة,المغرب
87,السعودية تطلق استراتيجية جديدة لتعزيز الاستثمار في مصادر الطاقة المتجددة,موظفون في إحدى محطات الطاقة الشمسية في السعودية خلال أعمال تطوير تستهدف زيادة إنتاج الطاقة النظيفة (وكالة الأنباء السعودية),سياسة,السعودية
88,"الكويت تطلق مبادرة ""نحو تعليم مستدام"" لتعزيز التدريب المهني في المدارس","وزير التربية الكويتي خلال حضوره حفل إطلاق مبادرة ""نحو تعليم مستدام""، حيث يشارك في ورشة عمل تتضمن تدريب المعلمين على أساليب جديدة في التعليم المهني (وكالات).",تعليم,الكويت
89,جزر القمر تطلق مبادرة لتوسيع تغطية الإنترنت في المناطق النائية,وزير الاتصالات في جزر القمر يفتتح مشروعاً جديداً يهدف إلى توفير خدمات الإنترنت للقرى البعيدة، خلال مؤتمر صحفي بحضور سكان محليين (رويترز),تقنية,جزر القمر
90,التحركات السياسية في لبنان تتصاعد مع اقتراب الاستحقاقات الانتخابية,مجموعة من الكتل السياسية اللبنانية خلال اجتماع لبحث التحضيرات للانتخابات المزمع إجراؤها في نهاية العام (المستقبل).,سياسة,لبنان
91,المغرب يستعد لاستضافة قمة المناخ الأفريقية في 2024,مسؤولون من مختلف الدول الأفريقية يتناقشون حول تحديات المناخ في ورشة عمل بالرباط، قبيل انطلاق قمة المناخ القادمة (رويترز),مجتمع,المغرب
92,"انطلاق فعاليات ""الدوحة للخط العربي"" لتعزيز التراث الثقافي في قطر",فنانون ومصممون يشاركون في ورش عمل للخط العربي خلال المعرض المقام في مركز قطر الوطني للمؤتمرات (الجزيرة),مجتمع,قطر
93,مصر تطلق مشروع الطاقات المتجددة في صحراء النقب لتعزيز الاستدامة البيئية,مهندسون مصريون يراقبون تركيب الألواح الشمسية في مشروع الطاقات المتجددة بمنطقة النقب (الأناضول),طاقة,مصر
94,"""مشروع زراعي مبتكر في الضفة الغربية يساهم في تحقيق الاكتفاء الذاتي""",مزارعون فلسطينيون يعملون في حقولهم باستخدام تقنيات حديثة للزراعة المستدامة (الجزيرة),قضايا اجتماعية,فلسطين
95,العراق يُطلق منصة إلكترونية لتشجيع الابتكار في الشباب,مجموعة من الشباب العراقيين أثناء مشاركتهم في ورشة عمل حول التكنولوجيا والابتكار باستخدام المنصة الجديدة (الأنباء العراقية),تقنية,العراق
96,"وزارة التعليم الموريتانية تطلق مشروع ""مدرسة المستقبل"" لتعزيز التعليم الرقمي","أحد معلمي المدارس الموريتانية يستخدم جهازاً لوحيًا لتعريف الطلاب بتطبيقات تعليمية جديدة ضمن مشروع ""مدرسة المستقبل"" (الصورة: وزارة التعليم الموريتانية)",تعليم,موريتانيا
97,"""تعاون يمني-أمريكي في مجال الأمن السيبراني وسط التحديات المتزايدة""",خبراء تقنيون من اليمن والولايات المتحدة الأمريكية يتبادلون النقاشات حول استراتيجيات تعزيز الأمن السيبراني في ورشة عمل مشتركة بالعاصمة صنعاء (الجزيرة).,تقنية,اليمن
98,البحرين تتجه نحو تعزيز البيئة الاستثمارية عبر مشروع قانون جديد,وزير المالية البحريني خلال مؤتمر صحفي يعلن فيه عن تفاصيل مشروع قانون الاستثمار الجديد، الذي يهدف إلى جذب المزيد من الاستثمارات الأجنبية وتعزيز النمو الاقتصادي في المملكة (الإعلام البحريني),اقتصاد,البحرين
99,مؤتمر الخرطوم الدولي حول الأمن الغذائي.. دعوات لتعزيز التعاون الإقليمي لمواجهة التحديات,وزراء الزراعة من دول عربية مختلفة يتبادلون الأفكار خلال فعاليات مؤتمر الخرطوم الدولي، في خطوة تهدف إلى تعزيز الأمن الغذائي في المنطقة (الفرنسية),سياسة,السودان
100,المنتخب الجزائري لكرة القدم يحقق انتصاراً كبيراً على أنغولا في تصفيات كأس أفريقيا,لاعبو المنتخب الجزائري يحتفلون بالهدف الأول في المباراة التي أقيمت في ملعب 5 يوليو بالعاصمة الجزائر (المصدر: الاتحاد الجزائري لكرة القدم),رياضة,الجزائر
101,الجزائر تطلق مبادرة لتعزيز البنية التحتية الرقمية في المدارس,"وزير التعليم الجزائري يتحدث خلال حفل إطلاق مبادرة ""مدرستي الرقمية"" لتزويد المدارس بالأدوات التكنولوجية وإدماج التعليم الإلكتروني في المناهج الدراسية (الأمانة العامة للحكومة).",تقنية,الجزائر
102,المملكة العربية السعودية تطلق برنامجاً جديداً لتطوير مهارات المعلمين في التعليم الرقمي,معلمون في ورشة عمل تعليمية يتلقون تدريبات على استراتيجيات التعليم الرقمي الحديثة في أحد المراكز التعليمية بالرياض (واس),تعليم,السعودية
103,الحكومة العراقية تعلن عن خطة إنعاش اقتصادي لمواجهة التحديات الحالية,وزير التخطيط العراقي خلال مؤتمر صحفي في بغداد يعلن تفاصيل الخطة الاقتصادية الجديدة بحضور عدد من المسؤولين (الأناضول),سياسة,العراق
104,الحكومة الكويتية تعلن عن خطة جديدة لتعزيز الشفافية في إدارة الميزانية العامة,وزير المالية يتحدث خلال مؤتمر صحفي حول الخطوات الجديدة لتحسين إدارة المالية العامة والشفافية (الكويت اليوم),سياسة,الكويت
105,باحثون يستعرضون استراتيجيات تعزيز التعليم المهني في السودان خلال مؤتمر دولي,المشاركون في المؤتمر الدولي حول التعليم المهني يعقدون ورشة عمل في الخرطوم، وسط نقاشات حيوية حول تطوير المناهج وتوسيع فرص التدريب (الأناضول),تعليم,السودان
106,ليبيا تطلق منصة جديدة لدعم الابتكار التكنولوجي في الشركات الناشئة,صورة تبرز مجموعة من رواد الأعمال الليبيين خلال فعاليات إطلاق المنصة الجديدة في العاصمة طرابلس، حيث يتبادلون الأفكار والنقاشات حول كيفية تعزيز الابتكار في قطاع التكنولوجيا (الأناضول).,تقنية,ليبيا
107,السودان يعلن عن مشروع طاقة شمسية لتلبية احتياجات الريف,صورة للباحثين السودانيين أثناء عملهم في أحد حقول الطاقة الشمسية الجديدة بهدف توفير الكهرباء للمناطق الريفية (مكتب الإعلام الوزاري),طاقة,السودان
108,"انطلاق مهرجان ""ألوان ليبيا"" للفنون التشكيلية في طرابلس لتعزيز الهوية الثقافية","لوحات فنية متنوعة تعكس التراث الليبي والثقافة المحلية، خلال افتتاح مهرجان ""ألوان ليبيا"" الذي يضم أعمال فنانين من مختلف المدن الليبية. (الأناضول)",ثقافة,ليبيا
109,"مهرجان ""ألوان بيروت"": إحياء التراث الثقافي والفني في قلب العاصمة اللبنانية","مشهد من مهرجان ""ألوان بيروت"" حيث يتفاعل الزوار مع الفنانين المحليين في عروض حية تعكس التنوع الثقافي اللبناني وسط الأجواء الاحتفالية في ساحة النجمة. (الوكالة الوطنية للإعلام)",ثقافة,لبنان
110,الصومال يشهد قفزة في الاستثمارات الزراعية مع دعم من الحكومة والشركاء الدوليين,مزارعون في الصومال يعملون في حقولهم باستخدام تقنيات حديثة لتحسين إنتاجية المحاصيل (الأخبار الصومالية),اقتصاد,الصومال
111,المنتخب السوري للشباب يحقق انتصاراً تاريخياً في بطولة غرب آسيا,لاعبو المنتخب السوري يحتفلون بعد تسجيل هدف الفوز في المباراة الافتتاحية للبطولة، وسط أجواء حماسية في الملعب (الوكالة السورية للأنباء).,رياضة,سوريا
112,انطلاقة عام دراسي جديد: جيبوتي تطلق مشروعا لتحديث المناهج التعليمية,معلمون وطلاب في إحدى المدارس الابتدائية في جيبوتي خلال حصة دراسية تحت إشراف وزارة التعليم (الشرق الأوسط),تعليم,جيبوتي
113,جزر القمر تستعد لإطلاق مشروع لاستخدام الطاقة الشمسية في القرى النائية,فريق من المهندسين في جزر القمر يعملون على تركيب الألواح الشمسية في قرية نائية لتحسين الوصول إلى الطاقة المستدامة (رويترز),بيئة,جزر القمر
114,حريق ضخم يلتهم سوق المباركية في الكويت ويخلّف أضراراً جسيمة,رجال الإطفاء في الكويت يحاولون السيطرة على النيران المشتعلة في إحدى زوايا سوق المباركية الشهير، حيث لوحظ تصاعد الدخان الكثيف في السماء (صحيفة الأنباء).,حوادث,الكويت
115,البرلمان الصومالي يوافق على مشروع قانون لتعزيز الشفافية في إدارة المساعدات الإنسانية,جلسة برلمانية حماسية تشهد مناقشات حول مشروع القانون الجديد الذي يستهدف تحسين إدارة المساعدات الإنسانية وتوزيعها بشكل عادل (الجزيرة),سياسة,الصومال
116,جيبوتي تحتفل بيوم البيئة العالمي بحملة تنظيف واسعة في العاصمة,متطوعون يشاركون في حملة تنظيف شاطئ جيبوتي، حيث جمعوا النفايات وأعادوا الحياة إلى المناطق الساحلية (الجزيرة).,مجتمع,جيبوتي
117,الحوثيون يعلنون اكتشاف حقول نفط جديدة في صعدة ويخططون لتطويرها,عمال في أحد حقول النفط بمديرية صعدة، حيث تشير التقارير إلى وجود احتياطات نفطية هامة قد تعزز الاقتصاد المحلي (رويترز),طاقة,اليمن
118,الصومال تطلق حملة تطعيم وطنية ضد الحمى الشوكية لمكافحة تفشي المرض,فريق طبي في الصومال يقوم بتطعيم الأطفال في إحدى المدارس ضمن الحملة الوطنية للتطعيم ضد الحمى الشوكية (الصحافة الصومالية),صحة,الصومال
119,الجزائر تُطلق مشروعاً طموحاً لإعادة تشجير المناطق الجافة لمواجهة تغير المناخ,عمال يزرعون الأشجار في منطقة جافة قرب العاصمة الجزائرية ضمن المبادرة الوطنية لإعادة التشجير (الخبر الجزائرية),بيئة,الجزائر
120,الصومال يسعى لتعزيز الاستثمار في قطاع الزراعة بالاعتماد على التكنولوجيا الحديثة,مزارعون يستخدمون تقنيات الري الذكي في حقولهم بالقرب من العاصمة مقديشو (رويترز),اقتصاد,الصومال
121,"لبنان ينظم أول مهرجان رقمي للتكنولوجيا الحديثة تحت شعار ""ابتكار للغد""",مجموعة من الشباب اللبنانيين يشاركون في ورش عمل تعليمية حول البرمجة وتطوير التطبيقات خلال المهرجان الذي يقام في بيروت (النهار),تقنية,لبنان
122,جيبوتي تستضيف البطولة الإقليمية للشباب في كرة القدم على أرضها,لاعبو فرق الشباب من مختلف الدول العربية يتنافسون في ملعب الاستاد الوطني في العاصمة جيبوتي، وسط أجواء حماسية ودعوات الجماهير. (الجزيرة),رياضة,جيبوتي
123,تونس تستعد لإطلاق مشروع الطاقة الشمسية العملاق بحلول 2025,صورة لحقول شاسعة من الألواح الشمسية التي تتجه نحو الأفق، حيث تعكس أشعة الشمس في منطقة من الجنوب التونسي، في مشروع يهدف إلى تعزيز قدرة البلاد في إنتاج الطاقة المتجددة (وكالة الأنباء التونسية).,طاقة,تونس
124,حريق هائل يلتهم مصنعًا للمواد الكيميائية في الدار البيضاء ويخلف أضرارًا جسيمة,سحب كثيفة من الدخان الأسود تتصاعد من المصنع المحترق، بينما تجهز فرق الإطفاء لمواجهة النيران التي أسفرت عن انفجارات متكررة (المغرب 24),حوادث,المغرب
125,منتخب قطر لكرة القدم يستعد لمواجهة صعبة أمام المنتخب السعودي في تصفيات كأس العالم,لاعبو منتخب قطر يتدربون في الملعب قبل المباراة المرتقبة ضد المنتخب السعودي، وسط أجواء حماسية تهدف لتحقيق الفوز والتأهل (الجزيرة),رياضة,قطر
126,أزمة المياه في الأردن: مطالبات فورية لتحسين توزيع المياه في الأحياء المحرومة,فتيات من حي فقير في عمان يحملن دلوين من الماء في انتظار دورهن في الحصول على المياه العذبة (الجزيرة),قضايا اجتماعية,الأردن
127,انطلاق مهرجان الكويت للسينما العربية بمشاركة أبرز المخرجين والممثلين,حفل الافتتاح يضم سجادة حمراء مزدحمة بالمشاهير والمبدعين العرب، حيث أبهرت أجواء الفعالية الحضور بأجواء فنية مميزة (الكويت اليوم),ثقافة,الكويت
128,"""سوريا تطلق مشروعاً جديداً لتعزيز التعليم الإلكتروني في المناطق الريفية""",معلمون في مدرسة ريفية بسوريا يتلقون تدريباً على استخدام الوسائل التعليمية الإلكترونية ضمن مبادرة لتحسين مستوى التعليم في المناطق النائية (الأونروا).,تعليم,سوريا
129,ليبيا تشهد مبادرة جديدة لتعزيز حقوق المرأة في المجتمع المحلي,مجموعة من النساء الليبيات يتناقشن في ورشة عمل حول تمكين المرأة في طرابلس (الجزيرة),قضايا اجتماعية,ليبيا
130,الجزائر تطلق مشروعاً طموحاً لدعم الابتكار في قطاع الطاقة المتجددة,وزير الطاقة والمناجم، في اجتماع مع مجموعة من رواد الأعمال الشباب لبحث سبل تشجيع الابتكارات في مجال الطاقة النظيفة (الأناضول),سياسة,الجزائر
131,تصاعد التوترات في البصرة بسبب نقص إمدادات المياه الصالحة للشرب,سكان محليون في البصرة يعبرون عن احتجاجهم أمام إحدى المنشآت الحكومية بسبب شح المياه، بينما يحملون لافتات تطالب بتحسين خدمات المياه (الجزيرة),قضايا اجتماعية,العراق
132,جيبوتي: حادث اصطدام مروع يودي بحياة ثلاثة أشخاص ويصيب 12 آخرين على الطريق الساحلي,رجال الإنقاذ يعملون على إخراج ضحايا الحادث من المركبات المتضررة على الطريق الساحلي في جيبوتي، بينما يتجمع سكان محليون لمشاهدة الحادث (الجزيرة),حوادث,جيبوتي
133,انفجار يوقع إصابات في سوق الدوحة الشعبية,رجال الإطفاء يعملون على إخماد الحريق الذي تبع الانفجار في سوق الدوحة الشعبية، الذي وقع يوم الاثنين الماضي، مما أدى إلى إصابة عدد من المتسوقين (الجزيرة),حوادث,قطر
134,الكويت تطلق حملة وطنية لمواجهة ظاهرة التنمر في المدارس,انطلاق الحملة بحضور مجموعة من الطلاب والمعلمين، حيث تم توزيع منشورات توعوية حول كيفية التعامل مع التنمر وأهمية تعزيز ثقافة الاحترام في البيئة التعليمية (الكويت اليوم),مجتمع,الكويت
135,مقتل شاب فلسطيني برصاص الاحتلال خلال مواجهات في بيت لحم,شاب فلسطيني يتظاهر احتجاجًا على الاحتلال، وقد غطت الدموع عينيه في مشهد يعكس معاناته المستمرة (رويترز),حوادث,فلسطين
136,السلطنة تتبنى خطة وطنية للحفاظ على التنوع البيولوجي وحماية البيئة البحرية,فرق من الباحثين العمانيين يعملون على رصد الحياة البحرية في أحد المحميات الطبيعية بسلطنة عمان (المصدر: وزارة البيئة العمانية),بيئة,عُمان
137,جيبوتي تستضيف بطولة كرة القدم الشاطئية لأول مرة في تاريخها,ملعب مزدحم باللاعبين والجماهير خلال مباراة كرة القدم الشاطئية في العاصمة جيبوتي، حيث تعكس الأجواء الحماس والترقب للبطولة (وكالة الأنباء الجيبوتية).,رياضة,جيبوتي
138,وزارة الصحة الجزائرية تطلق مبادرة جديدة لتعزيز الوعي بشأن الأمراض المزمنة,وزيرة الصحة الجزائرية، الدكتورة لويزة حنون، تتحدث خلال حفل انطلاق حملة توعية جديدة في الجزائر العاصمة، في 15 أكتوبر 2023، حيث تهدف الحملة إلى توعية المجتمع بمخاطر الأمراض المزمنة مثل السكري وارتفاع ضغط الدم، بحضور عدد من الأطباء والمتخصصين. (الوكالة الجزائرية للأنباء),صحة,الجزائر
139,حكومة ليبيا تعلن عن خطة شاملة لإصلاح التعليم العالي وتعزيز البحث العلمي,وفد حكومي يعقد اجتماعه في طرابلس لمناقشة تطوير التعليم العالي في ليبيا، حيث يتم استعراض مقترحات جديدة لتحسين المناهج الدراسية وتدريب الكادر الأكاديمي (رويترز),تعليم,ليبيا
140,جزر القمر تطلق برنامجاً تعليمياً جديداً لتعزيز مهارات الشباب في التكنولوجيا,وزير التعليم في جزر القمر خلال تدشين البرنامج التعليمي الذي يهدف إلى تدريب الشباب على مهارات البرمجة والتكنولوجيا الحديثة بحضور عدد من الطلاب والمعلمين (وكالات).,تعليم,جزر القمر
141,البحرين تعلن عن إصلاحات جديدة لتعزيز حقوق المرأة في الحياة السياسية,وزيرة الصحة البحرينية خلال مؤتمر صحفي تعلن تفاصيل الإصلاحات الجديدة التي تهدف إلى تعزيز مشاركة المرأة في صنع القرار (البحرينية),سياسة,البحرين
142,عُمان تعلن عن مشاريع استثمارية جديدة لتعزيز قطاع السياحة المستدامة,معالم سياحية في عُمان، حيث تبرز الجبال والصحاري والشواطئ التي تعد من أبرز الوجهات السياحية في المنطقة (صور من وكالة الأنباء العمانية),اقتصاد,عُمان
143,"الأردن يطلق مبادرة ""تعليم بلا حدود"" لتعزيز التعليم المهني في المناطق النائية",وزير التربية والتعليم الأردني خلال حفل إطلاق المبادرة الجديدة في إحدى القرى النائية (الجزيرة),تعليم,الأردن
144,جمعية مغربية تطلق مشروعاً لدعم الأيتام من خلال التعليم والتكوين المهني,"أطفال يتلقون دروسًا في مركز تأهيلي مدعوم من جمعية ""نجوم الغد"" في مدينة فاس، حيث يسعى المشروع إلى تأمين مستقبلاً أفضل للأيتام من خلال برامج تعليمية وتدريبية متكاملة. (صورة من توقيع الجمعية)",مجتمع,المغرب
145,الكويت تعلن عن خطة شاملة لتعزيز التنوع البيولوجي وحماية البيئة البحرية,غواصون يقومون بتنظيف الشعاب المرجانية في منطقة الجليعة، وسط جهود للحفاظ على التنوع البيولوجي البحري (مكتب الأنباء الكويتية),بيئة,الكويت
146,انطلاق دوري كرة السلة الليبي بمشاركة 12 فريقاً,لاعبو فريق الأهلي طرابلس يتدربون قبل بداية الدوري الجديد في قاعة الرياضة بمدينة طرابلس (المدينة),رياضة,ليبيا
147,تأهل الترجي الرياضي إلى نصف نهائي دوري أبطال إفريقيا بعد عرض قوي أمام شباب بلوزداد,جماهير الترجي تحتفل في الملعب بعد تسجيل هدف التأهل في المباراة المثيرة (صفحة الترجي الرسمية على فيسبوك),رياضة,تونس
148,المغرب يتجه نحو الطاقة المتجددة بزيادة استثماراته في مشاريع الطاقة الشمسية,مهندسون يعملون على تركيب الألواح الشمسية في مشروع طاقة شمسية ضخم بالقرب من ورزازات، حيث تسعى المغرب لتصبح رائدة في استعمال الطاقة المتجددة بحلول العام 2030. (الأناضول),اقتصاد,المغرب
149,ارتفاع مظاهر العنف الأسري في مصر يدق ناقوس الخطر,امرأة مصابة بجروح تتلقى العلاج في أحد المستشفيات المصرية بعد الاعتداء عليها، مما يعكس تزايد حالات العنف الأسري في البلاد (الأوروبية),قضايا اجتماعية,مصر
150,عُمان تطلق حملة توعية صحية لتعزيز الفحص المبكر لأمراض القلب والسكر,متخصصون في الرعاية الصحية يعقدون ورشة عمل ضمن الحملة في أحد مراكز المجتمع الصحي في مسقط (العمانية),صحة,عُمان
151,وزارة التعليم الليبية تطلق برنامجاً جديداً لتحسين جودة التعليم في المدارس الحكومية,وزير التعليم الليبي خلال مؤتمر صحفي لإطلاق البرنامج، حيث يظهر خلفه شعار الوزارة مع عدد من المعلمين والطلاب المشاركين في الاحتفال. (الجزيرة),تعليم,ليبيا
152,"** اليمن يطلق خطة اقتصادية جديدة لتعزيز قطاع الزراعة وتحقيق الاكتفاء الذاتي

**",** مزارعون يمنيون يعملون في حقول القمح، وسط جهود الحكومة لتعزيز الإنتاج الزراعي وتحسين الظروف المعيشية (وكالات).,اقتصاد,اليمن
153,البحرين تطلق مبادرة جديدة لحماية الشعاب المرجانية واستعادة التنوع البيولوجي البحري,غواصون يعملون على زرع شتلات من الشعاب المرجانية قبالة سواحل البحرين في إطار المبادرة البيئية الجديدة (الفرنسية),بيئة,البحرين
154,خطوات سعودية نحو تعزيز الأمن السيبراني.. انطلاق المؤتمر الأول لتكنولوجيا المعلومات في الرياض,وفود من مختلف القطاعات الحكومية والخاصة تتجمع في القاعة الرئيسية للمؤتمر لمناقشة التحديات والفرص في مجال الأمن السيبراني (الإخبارية السعودية),سياسة,السعودية
155,انطلاق حملة توعية حول سرطان الثدي في الكويت بمشاركة عدد من الفنانات,"مجموعة من الفنانات الكويتيات خلال إطلاق حملة ""أكتوبر الوردية""، يشاركن في فعاليات توعوية لرفع مستوى الوعي حول سرطان الثدي، وذلك في مركز تجاري شهير بالكويت (الكويت اليوم)",قضايا اجتماعية,الكويت
156,انفجار عنيف يهز منطقة شرق الخرطوم وارتفاع عدد المصابين,سيارة محترقة وسط الشارع بعد الانفجار الذي وقع في حي النيل شرق العاصمة السودانية، وعناصر من الشرطة يحيطون بمكان الحادث (رويترز),حوادث,السودان
157,عُمان تطلق حملة وطنية لزراعة مليون شجرة لمكافحة التصحر,مجموعة من المتطوعين يزرعون شتلات الأشجار في منطقة الباطنة، ضمن الحملة الوطنية التي تهدف إلى تعزيز الغطاء النباتي وتقليل تأثير التصحر (الفرنسية),بيئة,عُمان
158,السعودية تطلق مشروعاً لتوليد الطاقة الشمسية في منطقة الجوف بقدرة 300 ميغاوات,منشآت للطاقة الشمسية تنتشر في صحراء الجوف، تعكس رؤية المملكة في التحول نحو الطاقة المتجددة (وكالات),طاقة,السعودية
159,زيادة الاعتماد على الطاقة الشمسية في فلسطين.. مشروعات جديدة تضيء المستقبل,أحد المشروعات الجديدة في الضفة الغربية حيث يتم تركيب الألواح الشمسية على أسطح المنازل، مما يعكس الخطوات الإيجابية نحو تحقيق الاستدامة في موارد الطاقة (رويترز),طاقة,فلسطين
160,انطلاق فعاليات مهرجان الكويت للثقافة والفنون 2023 بمشاركة فنانين من 10 دول عربية,مشهد من افتتاح مهرجان الكويت للثقافة والفنون حيث عرضت أعمال فنية متنوعة في مركز الشيخ جابر الأحمد الثقافي (كويت نيوز),مجتمع,الكويت
161,البحرين تطلق منصة جديدة لتعزيز الابتكار في قطاع التعليم الرقمي,وزير التربية والتعليم في البحرين خلال مراسم إطلاق المنصة الجديدة، مع خلفية لفرق العمل التقنية في الميدان التعليمي (البحرين اليوم),تقنية,البحرين
162,رئيس جزر القمر يدعو إلى تعزيز التعاون الإقليمي لمواجهة تحديات الأمن الغذائي,رئيس جزر القمر خلال اجتماع مع وزراء الزراعة من الدول المجاورة لمناقشة استراتيجيات مشتركة للأمن الغذائي (رويترز),سياسة,جزر القمر
163,الجزائر تكافح تفشي الإنفلونزا الموسمية بإطلاق حملة توعوية شاملة,موظفو وزارة الصحة الجزائرية يقومون بتوزيع منشورات توعوية في الشوارع لتعزيز الوعي حول أهمية التطعيم ضد الإنفلونزا الموسمية (الجزيرة),صحة,الجزائر
164,عمان تطلق مبادرة لتوسيع نطاق استخدام الطاقة الشمسية في المباني السكنية,تصميم معماري حديث يظهر كيفية تركيب الألواح الشمسية على أسطح المباني السكنية في عمان، حيث تهدف الحكومة لتعزيز استخدام مصادر الطاقة المتجددة (العمانية).,تقنية,عُمان
165,حكومة جزر القمر تطلق مبادرة جديدة لتعزيز التعليم الرقمي والتقني في المدارس,وزير التربية الوطنية في جزر القمر يتحدث خلال مؤتمر صحفي للإعلان عن إطلاق المبادرة التي تستهدف توفير أجهزة لوحية وموارد تعليمية رقمية للطلاب (الصحافة القمرية),مجتمع,جزر القمر
166,منظمات غير حكومية تطلق حملة توعية حول الصحة النفسية في ليبيا,فريق من المتطوعين يتحدث مع المواطنين حول أهمية الصحة النفسية وطرق الدعم المتاحة (رويترز),مجتمع,ليبيا
167,اليمن يخطط لتفعيل مشروعات الطاقة المتجددة لمواجهة نقص الكهرباء,تحضيرات لإقامة محطة للطاقة الشمسية في محافظة مأرب، حيث يسعى اليمن لاستغلال الموارد الطبيعية لتعزيز استقلاله في إنتاج الطاقة. (الأخبار اليمنية),طاقة,اليمن
168,تزايد رقعة الفقر في لبنان يشعل الاحتجاجات في مختلف المناطق,مظاهرة حاشدة أمام وزارة الشؤون الاجتماعية في بيروت، حيث يطالب المحتجون بتحسين الظروف الاقتصادية والمعيشية بعد تدهور الأوضاع في البلاد (الأناضول),مجتمع,لبنان
169,التعليم الجزائري يواجه تحديات التحول الرقمي في ظل جائحة كورونا,طلاب في الجزائر يشاركون في فصل دراسي باستخدام الأجهزة اللوحية، وسط جهود الحكومة لدعم التعليم عن بُعد وتحسين جودة التعليم في ظل الظروف الصعبة (الجزيرة),تعليم,الجزائر
170,جزر القمر تعلن عن مشروع طاقة شمسية جديد لتلبية احتياجات المواطنين,مجموعة من العمال يتممون تركيب الألواح الشمسية في محطة الطاقة الجديدة بجزيرة أنجوان، حيث من المتوقع أن تعزز هذه المحطة الاستدامة البيئية وتوفر الطاقة الكهربائية للمنازل المحلية (الجزيرة),طاقة,جزر القمر
171,مشروع تعليمي جديد في جيبوتي لتعزيز مهارات القراءة والكتابة في المناطق النائية,أطفال يجلسون في فصل دراسي مؤقت في قرية نائية بجنوب جيبوتي خلال ورشة تعليمية لتعزيز القراءة والكتابة (وكالة الأنباء الجيبوتية),تعليم,جيبوتي
172,مجلس عمان يناقش تعزيز التعاون الاقتصادي مع دول الجوار,جانب من جلسة مجلس عمان حيث يتم تسليط الضوء على استراتيجيات جديدة لتعزيز التعاون الاقتصادي مع دول مجلس التعاون الخليجي (عُمان 24),سياسة,عُمان
173,الجزائر تطلق مبادرة جديدة لتحسين جودة التعليم في المناطق النائية,طلاب في مدرسة نائية في ولاية تمنراست، حيث تم توزيع أجهزة الحاسوب للمساعدة في التعلم عن بُعد (الجزائر 24),تعليم,الجزائر
174,تحذيرات صحية في لبنان من انتشار الأمراض الموسمية مع اقتراب الشتاء,طبيب يشرح للفريق الطبي في مستشفى بيروت كيفية الوقاية من الأمراض الشتوية التي قد تهدد صحة المواطنين (الأناضول),صحة,لبنان
175,المملكة العربية السعودية تطلق مبادرة لزيادة المساحات الخضراء في المدن الكبرى,صورة لمهندسين زراعيين يطلقون الأشجار الجديدة في حديقة عامة بالرياض ضمن مبادرة التشجير الوطنية (الصفحة الرسمية لوزارة البيئة).,بيئة,السعودية
176,أزمة مياه خانقة تضرب ريف حلب وتفاقم معاناة السكان,سيدة سورية تملأ دلاء الماء في مشهد يعكس معاناة السكان بسبب انقطاع المياه لفترات طويلة (الجزيرة),مجتمع,سوريا
177,"""إطلاق مبادرة ""مدينتي الخضراء"" في عمان لتعزيز الاستدامة البيئية""",مجموعة من المتطوعين يزرعون أشجاراً جديدة في حديقة عامة خلال انطلاق المبادرة البيئية في عمان (الصحافة الأردنية),مجتمع,الأردن
178,جيبوتي تشهد ارتفاعاً ملحوظاً في حجم الاستثمارات الأجنبية رغم التحديات الاقتصادية,صورة جوية لميناء دوراليه في جيبوتي، يظهر حركة الشحن والنقل النشطة التي تساهم في جذب الاستثمارات الأجنبية (رويترز),اقتصاد,جيبوتي
179,الحكومة التونسية تطلق مشروعا جديدا لدعم الصادرات الزراعية إلى الأسواق الأوروبية,وزير الزراعة التونسي يتحدث خلال مؤتمر صحفي عن أهمية المشروع لدعم الفلاحين والاقتصاد الوطني (وكالات),اقتصاد,تونس
180,جزر القمر تطلق مبادرة جديدة لدعم التعليم الفني والمهن الحرفية,الطلاب يشاركون في ورش عمل تعليمية حول المهارات الحرفية في مدرسة فنية جديدة بموهيلي، وسط جهود حكومية لتعزيز سوق العمل المحلي (رويترز),تعليم,جزر القمر
181,قطر تُطلق منصة جديدة لتعزيز الابتكار في قطاع التكنولوجيا المالية,تمثل المنصة وجهة تجمع بين رواد الأعمال والمبتكرين في مجال التكنولوجيا المالية، حيث يتفاعل المشاركون في جلسات حوار ومناقشات حول المشاريع الناشئة (الجزيرة).,تقنية,قطر
182,عمان تطلق مبادرة لتعزيز التعليم البيئي في المدارس,طلاب من مختلف المدارس العمانية يشاركون في ورشة عمل حول أهمية الحفاظ على البيئة وتطبيق الممارسات المستدامة، تحت إشراف مختصين في المجال البيئي (الوكالة العمانية للأنباء),تعليم,عُمان
183,فلسطين تطلق مشروعًا طاقويًا يهدف إلى تعزيز الاعتماد على الطاقة المتجددة,فريق من المهندسين الفلسطينيين يتباحث في موقع المشروع الذي يهدف إلى تركيب الألواح الشمسية في منطقة الخليل لتعزيز الاستدامة البيئية (الأناضول),طاقة,فلسطين
184,المغرب يعلن عن حملة تطعيم جديدة تستهدف الأطفال دون سن الخامسة,أخصائي صحة يهتم بتطعيم الأطفال في عيادة صحية محلية، حيث يظهر الأطفال في طوابير منتظمة بانتظار تلقي اللقاح (مواقع التواصل الاجتماعي),صحة,المغرب
185,مصر تطلق استراتيجيتها الجديدة لتنمية القطاعات الصغيرة والمتوسطة,مجموعة من رواد الأعمال في مصر يناقشون أفكارهم خلال ورشة عمل تنظمها الحكومة لدعم المشاريع الصغيرة (رويترز),اقتصاد,مصر
186,الجزائر تعلن عن خطة طموحة للاعتماد على الطاقة الشمسية بحلول 2030,صورة لحقول ضخمة من الألواح الشمسية في الصحراء الجزائرية، حيث تعمل البلاد على تعزيز استثماراتها في قطاع الطاقة المتجددة (شترستوك),طاقة,الجزائر
187,جزر القمر تستضيف البطولة العربية لكرة القدم للشباب 2024,فريق جزر القمر يستعد لمنافسات البطولة، حيث تزينت المدينة بالأعلام والشعارات الرياضية استعداداً لهذا الحدث التاريخي الذي يجمع أفضل المواهب العربية (الصور من اللجنة المنظمة).,رياضة,جزر القمر
188,نقاشات موسعة في لبنان حول مشاريع الطاقة المتجددة لتعزيز الاستدامة,ممثلون عن وزارة الطاقة اللبنانية والمستثمرون في مجال الطاقة المتجددة يجلسون خلال ورشة عمل لتحفيز الاستثمار في مشاريع الطاقة النظيفة (الوكالة الوطنية للإعلام).,طاقة,لبنان
189,قطر تطلق مبادرة جديدة لتعزيز التعليم التقني والمهني في المدارس,وزير التعليم والتعليم العالي في قطر خلال الإعلان عن المبادرة الجديدة في مؤتمر صحفي حضره مجموعة من خبراء التعليم والمختصين (الشرق),تعليم,قطر
190,انفجار يضرب مجمعاً سكنياً في الضاحية الجنوبية لبيروت,فرق الإطفاء وفرق الطوارئ تعمل على إخماد النيران واستكشاف الأضرار عقب الانفجار الذي طال المبنى، بينما يُلاحظ انهيار جزء من السقف (الجزيرة).,حوادث,لبنان
191,مصر تطلق مشروعاً جديداً لتحسين البنية التحتية للاتصالات في المناطق النائية,مهندسون يعملون في موقع تركيب أبراج الاتصالات الحديثة في إحدى القرى المصرية (الجزيرة),تقنية,مصر
192,تفجير انتحاري يستهدف سوقاً شعبياً في مقديشو ويوقع إصابات متعددة,زوار السوق يتجمعون حول مكان التفجير بعد لحظات من وقوعه، حيث تظهر آثار الدمار وبعض المصابين وهم يتلقون الإسعافات الأولية (الجزيرة),حوادث,الصومال
193,جهود بيئية جديدة في العراق لتحسين جودة المياه في الأهوار,متخصصون يقومون بأخذ عينات من المياه في إحدى مناطق الأهوار العراقية لتقييم تلوث المياه وتأثيره على البيئة المحيطة (الوكالة الوطنية للبيئة).,بيئة,العراق
194,"""مهرجان تراثي يحتفي بالحرف التقليدية في العاصمة الليبية طرابلس""",زوار يتفقدون معروضات الحرف اليدوية التقليدية في مهرجان التراث الذي أقيم في ساحة الشهداء بطرابلس، حيث جذبت الفعاليات العائلات والمهتمين بالحرف التقليدية (الصحافة الليبية).,ثقافة,ليبيا
195,الحكومة السودانية تطلق مبادرة جديدة لدعم الشباب في قطاع تكنولوجيا المعلومات,مجموعة من الشباب السودانيين في ورشة عمل تقنية، يتعرضون لأحدث التطورات في مجال البرمجة والتطبيقات (الجزيرة),تقنية,السودان
196,"انطلاق برنامج ""المبتكر السوري"" لدعم المشاريع التقنية الناشئة في سوريا","مجموعة من رواد الأعمال الشباب يتشاركون الأفكار في ورشة عمل ضمن برنامج ""المبتكر السوري"" الذي يهدف إلى تعزيز الابتكار في قطاع التقنية (الجزيرة)",تقنية,سوريا
197,الصومال تطلق أول منصة إلكترونية لدعم رواد الأعمال الشباب في مقديشو,"مجموعة من الشباب الصوماليين يتفاعلون مع منصة ""ابتكار الصومال"" خلال حدث رسمي في مقديشو (الأناضول)",تقنية,الصومال
198,إصابة 12 فلسطينيًا خلال مواجهات مع قوات الاحتلال في نابلس,شاب فلسطيني يعالج أحد المصابين أثناء الاشتباكات مع القوات الإسرائيلية في نابلس، حيث تصاعدت التوترات بشكل كبير في المنطقة (رويترز).,حوادث,فلسطين
199,المجتمع المدني في ليبيا يحتفل بتدشين مشروع تمكين المرأة في مناطق النزاع,"فعاليات احتفالية بمناسبة إطلاق مشروع جديد يهدف إلى تعزيز دور المرأة في المجتمعات المحلية، حيث تجمع المشاركات في ساحة المدينة لتبادل تجاربهن تحت شعار ""المرأة قوة التغيير"" (الأناضول)",قضايا اجتماعية,ليبيا
200,سوريا تستعد لإطلاق مشروع طاقة شمسية في منطقة الجزيرة,وفد حكومي يتفقد موقع المشروع الجديد الذي ينتظر أن يسهم في تغطية احتياجات الطاقة المحلية وتعزيز الاستدامة في محافظة الحسكة (الصحافة السورية),طاقة,سوريا
201,جيبوتي تستضيف بطولة شرق إفريقيا لكرة القدم تحت 17 عامًا لأول مرة,تجمع شباب رياضيون من مختلف الدول في ملعب جيبوتي أثناء حفل الافتتاح، بينما ترفرف الأعلام الوطنية في الأفق (رويترز),رياضة,جيبوتي
202,انطلاق فعاليات ملتقى الابتكار التكنولوجي في فلسطين بمشاركة دولية واسعة,قاعة المؤتمر تشهد حضوراً كبيراً من المتخصصين في التكنولوجيا وريادة الأعمال، حيث يتبادلون الأفكار والابتكارات الحديثة (مواقع التواصل الاجتماعي),تقنية,فلسطين
203,ثلاثة جرحى في حادث تصادم مروع على الطريق السريع الرابط بين الرباط والدار البيضاء,سيارة محطمة نتيجة حادث تصادم بين مركبتين، حيث تواجدت فرق الإسعاف في الموقع لنقل الجرحى إلى المستشفى. (الأنباء المغربية),حوادث,المغرب
204,العراق يحتفل بإطلاق مهرجان بابل الدولي للثقافات والفنون,جانب من حفل افتتاح مهرجان بابل الدولي وسط أجواء من الفرح والاحتفالات، حيث يتجمع الزوار حول المعالم الأثرية (الجزيرة),ثقافة,العراق
205,"موريتانيا تحتفل بعودة مهرجان ""التراث الثقافي"" بعد توقف دام عامين",فرقة موسيقية محلية تؤدي رقصات تقليدية خلال افتتاح مهرجان التراث الثقافي في نواكشوط، حيث احتشد الجمهور للاستمتاع بالعروض الفلكلورية (موقع المهرجان الرسمي).,ثقافة,موريتانيا
206,الأردن يطلق مشروعاً لتوليد الطاقة الشمسية في المناطق النائية,عمال يقومون بتركيب الألواح الشمسية في منطقة جبلية نائية بالأردن، حيث يهدف المشروع إلى توفير الطاقة المتجددة لسكان القرى المعزولة (الأناضول),طاقة,الأردن
207,مبادرة زراعية جديدة في فلسطين تهدف لتعزيز الأمن الغذائي والممارسات المستدامة,مجموعة من المزارعين الفلسطينيين خلال ورشة عمل زراعية تهدف لتبادل المعرفة حول تقنيات الزراعة المستدامة وسط مزرعة خضراء في الضفة الغربية.,بيئة,فلسطين
208,الجزائر تحتضن البطولة العربية للألعاب المائية وسط مشاركة واسعة,صورة من حوض السباحة الرئيسي في الجزائر العاصمة يظهر فيه السباحون يتنافسون خلال البطولة العربية للألعاب المائية، مع لافتات تحمل أسماء الدول المشاركة (الجزيرة),رياضة,الجزائر
209,تدهور البيئية البحرية في ليبيا يثير مخاوف الصيادين المحليين,صيادون ليبيون يشكون من تلوث المياه وندرة الأسماك خلال جولة في البحر بالقرب من سواحل مدينة بنغازي، بينما يحاول أحدهم إصلاح شباك الصيد التالفة (رويترز).,بيئة,ليبيا
210,تزايد حالات العنف الأسري في فلسطين... مطالبات بتعزيز الحماية القانونية للنساء,نساء فلسطينيات يشاركن في وقفة احتجاجية أمام مقر وزارة الشؤون الاجتماعية في رام الله للتنديد بظاهرة العنف الأسري وتردي أوضاعهن القانونية (الجزيرة),قضايا اجتماعية,فلسطين
211,تألق لاعبي الوداد البيضاوي في كأس إفريقيا للأندية.. إسقاط النجم الساحلي التونسي,لاعبو الوداد البيضاوي يحتفلون سوياً بعد تسجيل هدف الفوز في مباراة نصف النهائي أمام النجم الساحلي، مع تفاعل الجماهير في مدرجات ملعب محمد الخامس بالدار البيضاء. (الجزيرة),رياضة,المغرب
212,ليبيا تطلق مشروعاً جديداً للطاقة الشمسية لتعزيز الاستدامة البيئية,موظفون يقومون بتركيب الألواح الشمسية في موقع المشروع الجديد بالقرب من طرابلس، مع ظهور الشمس الساطعة في السماء (الجزيرة),طاقة,ليبيا
213,ارتفاع معدلات التعليم في موريتانيا يواجه تحديات مجتمعية جديدة,طلاب يُناقشون في فصل دراسي بمدرسة في نواكشوط، وسط جهود لتنمية الوعي التعليمي (الجزيرة),قضايا اجتماعية,موريتانيا
214,"""قطر تعلن مشروع إنشاء مراكز إيواء جديدة لدعم الأسر المتضررة من البطالة""",عمال في موقع بناء مركز الإيواء الجديد ينقلون المواد اللازمة لتوفير بيئة آمنة للأسر القطرية المتضررة (الجزيرة),قضايا اجتماعية,قطر
215,المغرب يطلق حملة جديدة للتوعية بأهمية الحفاظ على التنوع البيولوجي في المناطق الجبلية,نشطاء بيئيون يوزعون منشورات توعوية حول التنوع البيولوجي أثناء فعالية في جبال الأطلس، مع خلفية ترمز إلى الطبيعة الخلابة للمنطقة (الجزيرة).,بيئة,المغرب
216,غرق قارب قبالة سواحل قطر ونجاة 15 مهاجراً,فرق الإنقاذ القطرية تواصل البحث عن مفقودين بعد غرق قارب يحمل مهاجرين بالقرب من جزيرة حالول، حيث تم إنقاذ 15 شخصاً ونقلهم إلى مركز طبي لتلقي الرعاية (الوكالة القطرية).,حوادث,قطر
217,المغرب يطلق مبادرة وطنية لدعم الابتكار في مجال الطاقة المتجددة,شاب مغربي يعمل على تطوير نموذج لوح شمسي في مختبر الابتكار التكنولوجي بمدينة الرباط (الفرنسية),تقنية,المغرب
218,جيبوتي تحتضن مؤتمرًا دوليًا حول الابتكار في إدارة المياه,مشاركون في المؤتمر الدولي للتكنولوجيا المائية في مركز المؤتمرات الوطني في جيبوتي، خلال استعراض مشاريع مبتكرة لتحسين الوصول إلى المياه العذبة في الدول الأفريقية (الأناضول).,بيئة,جيبوتي
219,الكويت تطلق حملة وطنية للتطعيم ضد الإنفلونزا الموسمية,فريق من الأطباء في أحد المراكز الصحية بالكويت يقدمون اللقاح لمواطنين خلال الحملة الوطنية للتطعيم (الكويت اليوم),صحة,الكويت
220,"موريتانيا تستعد لاستقبال مهرجان ""أيام التراث الثقافي"" في نواكشوط","الترتيبات النهائية لمهرجان ""أيام التراث الثقافي"" حيث سيعرض الحرفيون والفنانون الموريتانيون تراثهم الأصيل في مختلف الفنون الشعبية (وكالة الأنباء الموريتانية)",مجتمع,موريتانيا
221,"""إطلاق برنامج تعليمي مبتكر لتعزيز مهارات البرمجة في عُمان""",طلاب في إحدى المدارس العمانية يشاركون في ورشة عمل تفاعلية حول البرمجة، حيث يتعلمون كيفية تطوير تطبيقات بسيطة باستخدام لغات البرمجة الحديثة (الجزيرة).,تعليم,عُمان
222,"""تدشين أكاديمية الإفلاحيين.. خطوات جديدة لتعزيز التعليم الزراعي في السعودية""",مشهد من حفل تدشين أكاديمية الإفلاحيين في محافظة الخرج، حيث تجمع عدد من الطلاب والمزارعين لتلقي محاضرات عن تقنيات الزراعة الحديثة (وكالات).,تعليم,السعودية
223,تونس تطلق برنامجاً جديداً لدعم المشاريع الصغرى والمتوسطة في مواجهة الأزمات الاقتصادية,وزيرة الاقتصاد التونسية تتحدث خلال حفل إطلاق البرنامج في العاصمة تونس، حيث يظهر خلفها شعار المشروع الجديد (وكالة تونس أفريقيا للأنباء),اقتصاد,تونس
224,البحرين تُطلق منصة جديدة لتسهيل الابتكار في مجال التكنولوجيا المالية,مسؤولون بحرينيون خلال حفل إطلاق المنصة الجديدة التي تهدف إلى دعم المشاريع الناشئة في القطاع المالي، بحضور عدد من رواد الأعمال والمتخصصين (البحرين اليوم),تقنية,البحرين
225,جيبوتي تحت وطأة تغير المناخ.. المزارعون يستنجدون بالحلول المستدامة,مزارع جيبوتي يعبر عن مخاوفه جراء تراجع المحاصيل بسبب الجفاف المستمر، ويظهر خلفه الزراعة التقليدية التي تسعى لتبني تقنيات جديدة (الجزيرة).,قضايا اجتماعية,جيبوتي
226,تطور إيجابي في مشروعات الطاقة الشمسية بمصر يعزز جهود الاستدامة,مجموعة من المهندسين المصريين يعملون في موقع مشروع للطاقة الشمسية بمدينة بني سويف، حيث تمثل الألواح الشمسية خطوة رئيسية نحو تحقيق أهداف التنمية المستدامة (الجزيرة),بيئة,مصر
227,البحرين تطرح مناقصات جديدة لتطوير مشروعات البنية التحتية,المهندسون يتفقدون موقعاً جديداً لمشروع بنية تحتية في البحرين (الأناضول),اقتصاد,البحرين
228,قطر تطلق مبادرة جديدة لدعم الأسر المحتاجة وتعزيز الأمن الغذائي,مسؤولون قطريون يعلنون عن تفاصيل المبادرة خلال مؤتمر صحفي في الدوحة، حيث تم تسليط الضوء على أهمية التعاون المجتمعي لدعم الأسر ذات الدخل المحدود (الوكالة القطرية للأنباء).,قضايا اجتماعية,قطر
229,مصر تطلق منصة جديدة لتدريب الشباب على مهارات البرمجة,مجموعة من الشباب المصريين يتلقون تدريباً عملياً في إحدى ورش البرمجة بالمركز التكنولوجي في القاهرة. (الجزيرة),تقنية,مصر
230,انتشار ثقافة التغذية الصحية في المدارس الأردنية يعزز من الوعي الغذائي لدى الطلاب,طلاب في مدرسة حكومية بعمان يشاركون في ورشة عمل حول أهمية التغذية السليمة وأثرها على صحتهم العامة (الجزيرة),صحة,الأردن
231,مصر تطلق حملة وطنية لإعادة تشجير المناطق المتضررة من التصحر,حملة تشجير وطنية تستهدف المناطق المتضررة في الصحراء الغربية بمشاركة متطوعين من جميع فئات المجتمع (وكالة أنباء مصر).,بيئة,مصر
232,تزايد حالات العنف الأسري في السودان خلال الأشهر الأخيرة رغم جهود التوعية,عائلة سودانية تجلس في منزلها، يظهر على وجه الأم معالم القلق والتوتر، بينما الأطفال يلعبون بهدوء في الخلفية (الأناضول),مجتمع,السودان
233,السودان يستعد لإطلاق مشروع طاقة شمسية بقدرة 100 ميغاوات لتلبية احتياجات السكان,المهندسون يتفقدون موقع المشروع الجديد للطاقة الشمسية في ولاية شمال كردفان، حيث ستساهم المحطة في تعزيز مصادر الطاقة المتجددة في البلاد (الجزيرة).,طاقة,السودان
234,"الكويت تطلق مشروع ""الطاقة النظيفة"" لتعزيز قدراتها في الاقتصاد الأخضر",صورة لعمال يجتمعون في موقع إنشاء محطة الطاقة الشمسية الجديدة في منطقة الوفرة بالكويت، حيث تُظهر الألواح الشمسية اللامعة تحت أشعة الشمس. (الكويت اليوم),طاقة,الكويت
235,قطر تطلق مبادرة مبتكرة لإعادة تأهيل الشواطئ وحماية البيئة البحرية,عمال يشاركُون في تنظيف الشاطئ وتنفيذ مشاريع لإعادة تأهيل النظم البيئية البحرية في قطر (الشرق),بيئة,قطر
236,السلطات التونسية تطلق حملة للتوعية بالمخاطر البيئية في المواسم الصيفية,مجموعة من الشباب التونسيين يشاركون في فعالية توعوية حول الحفاظ على البيئة على شاطئ سيدي بوسعيد، مع توزيع منشورات توعوية ورفع لافتات تحث على حماية الساحل (الصحافة التونسية),مجتمع,تونس
237,شركة تونسية ناشئة تطور تطبيقا مبتكرا لتحسين تجربة التعليم عن بعد,مجموعة من الطلاب يستخدمون تطبيق التعليم عن بعد الجديد في فصل دراسي افتراضي (تصوير خاص),تقنية,تونس
238,توعية حول حقوق النساء في المغرب تخرج إلى الشارع بمبادرة ثقافية جديدة,تجمع نسائي في ساحة محمد الخامس بالرباط حيث تم توزيع منشورات توعوية عن حقوق المرأة وحمايتها (الجزيرة),قضايا اجتماعية,المغرب
239,وزارة التعليم السودانية تطلق مبادرة لتطوير مهارات المعلمين في المناطق النائية,مجموعة من المعلمين في ورشة عمل في ولاية دارفور، حيث يتلقون تدريبات على تقنيات التعليم الحديثة (الأناضول),تعليم,السودان
240,مشروع تعليمي جديد في فلسطين يهدف لتحسين مهارات الطلاب في التكنولوجيا,طلاب فلسطينيون يشاركون في ورشة عمل حول البرمجة الأساسية في مركز تعليمي بمدينة رام الله، حيث يسعى المشروع لتعزيز قدراتهم التقنية في عصر التكنولوجيا الحديثة (الأناضول).,تعليم,فلسطين
241,"انطلاق مبادرة ""الكتب للجميع"" في الأردن لتعزيز القراءة لدى الناشئة",مجموعة من الأطفال يجلسون في حديقة عامة يتصفحون الكتب التي تم توزيعها خلال فعاليات المبادرة (الجزيرة),تعليم,الأردن
242,جيبوتي تطلق برنامجاً جديداً لدعم الأسر ذات الدخل المحدود,وزير الشؤون الاجتماعية في جيبوتي خلال مؤتمر صحفي للإعلان عن تفاصيل البرنامج الجديد الذي يهدف إلى تحسين الظروف المعيشية للأسر المحتاجة (الجزيرة).,قضايا اجتماعية,جيبوتي
243,فلسطين تستضيف مؤتمرًا دوليًا لحماية البيئة البحرية في البحر الأحمر,علماء وخبراء يتجمعون لمناقشة سبل الحفاظ على التنوع البيولوجي البحري وتأثير التغير المناخي على السواحل الفلسطينية (الشرق الأوسط),بيئة,فلسطين
244,الإمارات تطلق حملة للكشف المبكر عن السرطان بالتعاون مع مستشفيات خاصة,أطباء من مستشفيات خاصة في الإمارات يشاركون في تقديم الفحوصات المجانية خلال الحدث، مستعرضين التزامهم بحملة التوعية (الإمارات اليوم),صحة,الإمارات
245,السودان يطلق حملة وطنية لتعزيز التماسك الاجتماعي بعد الأزمات الأخيرة,مجموعة من الشباب السودانيين يجتمعون في ساحة عامة للاحتفال بالثقافة المحلية وتعزيز العلاقات المجتمعية (الجزيرة),مجتمع,السودان
246,جيبوتي تعلن عن خطة جديدة لتعزيز الأمن البحري في البحر الأحمر,وزير الدفاع الجيبوتي يتحدث خلال مؤتمر صحفي حول الاستراتيجيات الجديدة لحماية الملاحة البحرية (الفرنسية),سياسة,جيبوتي
247,إطلاق منصة تعليمية جديدة لدعم التعلم عن بُعد في فلسطين,صورة تظهر مجموعة من الطلاب الفلسطينيين يستخدمون الحواسيب في فصل دراسي حديث مجهز بالتكنولوجيا، وسط نقاشات حماسية حول المنصة الجديدة (مواقع التواصل الاجتماعي),تقنية,فلسطين
248,انهيار جسر في ولاية جنوب دارفور يوقع ضحايا ويعطل حركة المرور,رجال الإنقاذ يشاركوا في جهود البحث عن الناجين تحت أنقاض الجسر المنهار في إحدى القرى القريبة من مدينة نيالا (رويترز),حوادث,السودان
249,مهرجان صنعاء الثقافي يعيد إحياء التراث اليمني ويشجع الشباب على التعبير الفني,مجموعة من الفنانين والشباب اليمنيين يقدمون عروضاً فنية متنوعة تتضمن الرقصات الشعبية والموسيقى التقليدية في ساحة المهرجان بوسط العاصمة صنعاء (الأناضول),ثقافة,اليمن
250,مصر تعلن عن استثمارات جديدة في قطاع الطاقة المتجددة لتعزيز الاقتصاد الوطني,مهندسون يعملون على تركيب الألواح الشمسية في أحد مواقع الطاقة المتجددة بمصر، وسط أجواء مشمسة (رويترز),سياسة,مصر
251,"بطولة ""كأس الشباب الموريتاني"" تنطلق بمشاركة 16 فريقاً من مختلف المناطق",فرق الشباب تتنافس في إحدى مباريات الجولة الأولى للبطولة في ملعب شيخا ولد بيديا بالعاصمة نواكشوط (الجزيرة),رياضة,موريتانيا
252,"** موريتانيا تستضيف أول مؤتمر دولي لتكنولوجيا المعلومات والاتصالات في نواكشوط

**",** صور من افتتاح المؤتمر، حيث يظهر الحضور يتبادلون الآراء حول الابتكارات التكنولوجية الحديثة في قاعة المؤتمرات بفندق الساحل (الأخبار الموريتانية),تقنية,موريتانيا
253,انفجار يهز أحد أحياء الدمام ويصيب عددًا من المواطنين,رجال الأمن والإنقاذ يتجمعون حول موقع الانفجار الذي وقع في حي الشروق، حيث تُظهر الصورة أثار الحطام والدخان يتصاعد من المنطقة (واس),حوادث,السعودية
254,البحرين تستضيف بطولة دولية لكرة القدم الشاطئية بمشاركة 12 فريقاً,لاعبو الفرق يتنافسون في مباراة حماسية على شاطئ البحرين، حيث تمتلئ المدرجات بالجماهير المتحمسة. (الصحافة البحرينية),رياضة,البحرين
255,تراجع أسعار السلع الأساسية في أسواق حلب وسط مخاوف من الانهيار الاقتصادي,بعض المتسوقين في سوق حلب الشعبي يتفقدون الأسعار الجديدة للقمح والزيت والسكر، حيث يبدو الانفتاح على خيارات أكثر اقتصادية (الفرنسية),اقتصاد,سوريا
256,"""تزايد حالات الإصابة بمرض حمى الضنك في عدن ويطلب التحرك السريع""",فريق من الأطباء يتفقد حالة مرضى حمى الضنك في مستشفى الجمهورية بعدن، وسط زيادة ملحوظة في عدد الحالات المسجلة (الأناضول),صحة,اليمن
257,"إطلاق مبادرة ""كتاب لكل طفل"" لتعزيز التعليم في المناطق النائية بالجزائر",أطفال من منطقة نائية في الجزائر يتلقون الكتب المدرسية الجديدة في إطار المبادرة الوطنية لتوسيع نطاق التعليم. (الجزيرة),تعليم,الجزائر
258,البحرين تطلق استراتيجية جديدة لدعم الشركات الصغيرة والمتوسطة وتعزيز الابتكار,وزير الصناعة والتجارة والسياحة في البحرين خلال حفل إطلاق الاستراتيجية الجديدة، حيث يظهر الحضور من رجال الأعمال والمستثمرين متفائلين بمستقبل ريادة الأعمال (الجزيرة),اقتصاد,البحرين
259,الصومال يطلق حملة وطنية لزراعة 10 ملايين شجرة لمكافحة التصحر,متطوعون في العاصمة مقديشو يزرعون الأشجار كجزء من حملة وطنية تهدف إلى تحسين البيئة ومكافحة آثار التصحر في البلاد (وكالة الأنباء الصومالية),بيئة,الصومال
260,جزر القمر تطلق منصة رقمية جديدة لتعزيز التعليم عن بعد في المناطق النائية,تلاميذ يستخدمون أجهزة الكمبيوتر في قاعة دراسية حديثة تستضيف ورشة عمل حول التعليم الإلكتروني بجزر القمر (رويترز),تقنية,جزر القمر
261,"** قطر تعلن عن مشروع ضخم للطاقة الشمسية سيعزز الاستدامة في الشرق الأوسط

**",** صورة تظهر الألواح الشمسية المثبتة في موقع المشروع الجديد، حيث من المتوقع أن تسهم في توليد 2 جيجاوات من الطاقة النظيفة بحلول عام 2025، مما يعزز الجهود لتحقيق الأهداف البيئية (الجزيرة).,طاقة,قطر
262,ليبيا تعلن عن تشكيل حكومة جديدة مع التركيز على المصالحة الوطنية,رئيس الحكومة الجديدة خلال مؤتمر صحفي يبرز العزم على تعزيز الاستقرار وبناء جسور الثقة بين الأطراف السياسية المختلفة (الفرنسية),سياسة,ليبيا
263,السعودية تستثمر 10 مليارات دولار في مشروع طاقة متجددة عملاق في منطقة الجوف,وزير الطاقة السعودي خلال مراسم توقيع اتفاقية المشروع الجديد لطاقة الرياح في منطقة الجوف، وسط حضور عدد من ممثلي الشركات العالمية (الصحافة السعودية),طاقة,السعودية
264,جزر القمر تطلق مشروعاً ريادياً للطاقة المتجددة لدعم التنمية المستدامة,حفل تدشين مشروع الطاقة المتجددة بجزر القمر، حيث يظهر المسؤولون المحليون خلال توقيع الاتفاقيات مع الشركات العالمية (الجزيرة).,طاقة,جزر القمر
265,مقتل شاب لبناني في اشتباكات عنيفة بطرابلس,مشهد من الشوارع المدمرة في طرابلس بعد وقوع الاشتباكات، حيث تظهر آثار التوترات الأمنية الواضحة على المباني المحيطة (الأناضول),حوادث,لبنان
266,الجزائر تطلق مشروعا ضخما لتعزيز قطاع السياحة البيئية,مجموعة من الزوار يتجولون في محمية الأيكة الساحلية بالجزائر، وسط مناظر طبيعية خلابة ومشاهد فريدة من نوعها (الجزيرة),اقتصاد,الجزائر
267,العراق يعلن عن خطوات جديدة لتعزيز وحدة الصف الوطني وتعزيز المصالحة المجتمعية,اجتماع موسع لقادة الكتل السياسية العراقية في بغداد، حيث يتم مناقشة استراتيجيات المصالحة الوطنية في إطار جهود الحكومة لتعزيز الاستقرار (الأوروبية),سياسة,العراق
268,"""ليبيا تطلق حملة وطنية لإعادة تشجير المناطق المتضررة من التغير المناخي""",شاب ليبي يزرع شجرة في إطار حملة وطنية لإعادة الحياة للغابات في المناطق الجبلية شمال ليبيا (الأناضول),بيئة,ليبيا
269,انفجار في مصنع للمواد الكيميائية بالجزائر يخلف عدة إصابات,رجال الإطفاء يتدافعون إلى موقع الحادث بعد الانفجار الذي وقع في مصنع للمواد الكيميائية في الجزائر، حيث أُصيب عدد من العمال بجروح متفاوتة (النهار).,حوادث,الجزائر
270,سكان الحديدة يحتفلون بإعادة تأهيل حديقة عامة بعد سنوات من الإهمال,عائلات وأطفال يستمتعون بأجواء الحديقة الجديدة في الحديدة، حيث تم تجديد المرافق وزراعة الأزهار بعد عمليات الترميم (رويترز),مجتمع,اليمن
271,عمان تطلق حملة وطنية للحد من انتشار مرض السكري بين الشباب,مجموعة من الشباب العمانيين يشاركون في ورشة توعوية حول التغذية الصحية وأنماط الحياة، ضمن الحملة الوطنية لضبط السكري (العمانية),صحة,عُمان
272,الصومال تطلق منصة الكترونية لتسريع الابتكار في القطاع الزراعي,مزارعون يستخدمون الهواتف الذكية للوصول إلى معلومات زراعية من خلال المنصة الجديدة التي تهدف لتعزيز الإنتاجية وتحسين سبل العيش (الجزيرة),تقنية,الصومال
273,"المغرب يطلق مشروع ""الغابات الذكية"" لتعزيز الاستدامة البيئية","مشهد من أشجار الأركان الباسقة في منطقة سوس ماسة، حيث تم إطلاق مشروع ""الغابات الذكية"" الذي يهدف إلى مقاومة التصحر وتعزيز التنوع البيولوجي.",بيئة,المغرب
274,"""المغرب يطلق مبادرة جديدة لتعزيز التعليم المهني في المناطق النائية""",مجموعة من الطلاب المغاربة في ورشة عمل لتعليم الحرف اليدوية ضمن برنامج التعليم المهني في منطقة الريف (مواقع التواصل الاجتماعي),تعليم,المغرب
275,انطلاق أول معرض للتكنولوجيا الزراعية في القاهرة لتعزيز الابتكار المحلي,زوار المعرض يتفقدون أحدث الابتكارات التقنية في الزراعة، بما في ذلك أنظمة الري الذكية والمعدات الحديثة (الجزيرة),تقنية,مصر
276,"""انفجار يهز سوقاً شعبياً في تعز واحتقان شعبي بعد وقوع الحادث""",رجال الإنقاذ يسارعون في نقل المصابين من موقع الانفجار في سوق تعز، فيما يظهر الدمار الذي لحق بالمتاجر المحيطة (موقع الحدث اليمني),حوادث,اليمن
277,وزارة التربية اللبنانية تعلن عن إطلاق برنامج جديد لدعم التعليم التقني والمهني,وزيرة التربية والتعليم العالي في لبنان، بيروت، خلال مؤتمر صحفي للإعلان عن إطلاق البرنامج الجديد الذي يهدف إلى تحسين جودة التعليم الفني والمهني في البلاد. (الوكالة الوطنية للإعلام),تعليم,لبنان
278,مبادرة لجعل الزراعة الحضرية جزءاً من هوية عمان البيئية,المزارعون في عمان يعملون في حديقة حضرية جديدة تهدف إلى تعزيز الزراعة المستدامة وتقليل انبعاثات الكربون (الأردن اليوم),مجتمع,الأردن
279,"انطلاق مهرجان ""قطر للثقافات الشعبية"" بمشاركة 15 دولة عربية لتعزيز الهوية الثقافية","مجموعة من الفنانين العرب يقدمون عروضاً فنية تقليدية خلال مهرجان ""قطر للثقافات الشعبية"" الذي يجمع بين الفنون والموسيقى الشعبية (الجزيرة).",مجتمع,قطر
280,لبنان يستعد لإطلاق مشروع الطاقة الشمسية في المناطق النائية لتعزيز الاستدامة,صور توضح الفرق الهندسية أثناء تركيب الألواح الشمسية في أحد القرى اللبنانية النائية (الوكالة الوطنية للإعلام),طاقة,لبنان
281,الحكومة الموريتانية تطلق استراتيجية جديدة لتنمية قطاع الزراعة المستدامة,وزير الزراعة الموريتاني متحدثا خلال مؤتمر صحفي بمبنى الوزارة في نواكشوط، حيث تم الإعلان عن الخطط الجديدة لدعم الزراعة المحلية وتعزيز الأمن الغذائي (الوكالة الموريتانية للأنباء),اقتصاد,موريتانيا
282,جيبوتي تطلق مبادرة جديدة لدعم الشباب وتطوير المهارات الفنية,مجموعة من الشباب في ورشة عمل للمهارات الفنية بمركز التدريب في العاصمة جيبوتي، حيث يتعلمون المهارات اللازمة لتعزيز فرص العمل المحلية (الفرنسية),مجتمع,جيبوتي
283,مشاورات ليبية لتعزيز الاستقرار الأمني قبيل الانتخابات المقبلة,وفد من المجلس الرئاسي الليبي يتناقش مع قادة الأمن في العاصمة طرابلس حول سبل تحسين السلامة العامة وتأمين الانتخابات (رويترز),سياسة,ليبيا
284,الأزمات الغذائية تتفاقم في السودان مع استمرار نزوح الأسر بسبب النزاعات,نساء وأطفال يتجمعون حول خيمة للأغذية في أحد مخيمات النازحين بالقرب من دارفور، حيث تغطيهم الأتربة وتظهر علامات التعب والفقر على وجوههم (الجزيرة).,قضايا اجتماعية,السودان
285,أزمة الطاقة في لبنان تتفاقم مع ارتفاع أسعار المشتقات النفطية,طوابير من السيارات تنتظر في محطة وقود في بيروت، بينما تظهر لافتة تشير إلى أسعار جديدة للمشتقات النفطية (AFP),اقتصاد,لبنان
286,"انطلاق ""مهرجان الجزائر للتكنولوجيا"": ابتكارات محلية تسهم في تطوير القطاع الرقمي",عرض تقني مبتكر يجذب الزوار في مهرجان الجزائر للتكنولوجيا، حيث تتنافس الشركات الناشئة على تقديم أفكار جديدة (الأناضول),تقنية,الجزائر
287,سوريا تسعى لتعزيز الطاقة المتجددة عبر مشاريع جديدة في الريف,فريق من المهندسين يقومون بتفقد موقع إنشاء محطة توليد الطاقة الشمسية في ريف إدلب، حيث يسعى المشروع لتلبية احتياجات المجتمعات المحلية وتحسين جودة الحياة (شترستوك).,طاقة,سوريا
288,جامعة نواكشوط تطلق برنامجاً جديداً لتنمية المهارات الرقمية للطلاب,مجموعة من الطلاب في جامعة نواكشوط يشاركون في ورشة عمل حول البرمجة والمهارات الرقمية، حيث يسعى البرنامج لتعزيز قدراتهم في مجالات التقنية الحديثة (تصوير: عبد الله ولد الشيخ).,تعليم,موريتانيا
289,الإمارات تطلق مبادرة جديدة لتحسين جودة التعليم الابتدائي في المناطق النائية,طلاب يتلقون دروسهم في فصل دراسي حديث مجهز بتقنيات تعليمية متطورة في إحدى المدارس النائية بالإمارات، حيث تسعى الحكومة لتعزيز البنية التحتية التعليمية.,تعليم,الإمارات
290,تونس تطلق مبادرة جديدة لدعم المشاريع الصغيرة والمتوسطة في المناطق الداخلية,مجموعة من رواد الأعمال المحليين في ورشة عمل تدريبية بمدينة القيروان، حيث يتلقون نصائح حول تطوير مشروعاتهم (الجزيرة),اقتصاد,تونس
291,أزمة النفايات في لبنان تعود إلى الواجهة مع تزايد الاحتجاجات الشعبية,مظاهرة في وسط بيروت احتجاجاً على تفاقم أزمة النفايات، حيث تجمع مئات المواطنين حاملين لافتات تطالب بحل جذري للمشكلة (الجزيرة).,مجتمع,لبنان
292,"""التصحر يهدد مستقبل الزراعة في سوريا.. فلاحون يناشدون الحكومة التدخل العاجل""",فلاحون ينسقون مع بعضهم لمواجهة آثار الجفاف والتصحر الذي يعصف بأراضيهم الزراعية في ريف حماة. (الجزيرة),بيئة,سوريا
293,موريتانيا تطلق استراتيجية جديدة لتنمية قطاع الزراعة المستدامة,وزير الزراعة الموريتاني خلال إعلانه عن الاستراتيجية الجديدة في مؤتمر صحفي بالعاصمة نواكشوط، حيث تم عرض خطط تعزيز الإنتاج المحلي وتقنيات الزراعة الذكية (الأخبار الموريتانية).,اقتصاد,موريتانيا
294,الكويت تفتتح مركزاً جديداً لعلاج الأمراض المزمنة بتقنيات حديثة,مجموعة من الأطباء والفنيين خلال مراسم افتتاح المركز الجديد لعلاج الأمراض المزمنة في الكويت والذي يتضمن تكنولوجيا متطورة لدعم المرضى (موقع وزارة الصحة الكويتية),صحة,الكويت
295,"""ليبيا تطلق منصة جديدة لتسهيل التجارة الإلكترونية وتحفيز الاقتصاد الرقمي""",وزير التجارة الليبي يتحدث خلال مؤتمر إطلاق المنصة، حيث تهدف المبادرة إلى دعم الشركات الصغيرة والمتوسطة في الدخول إلى السوق الرقمي وتعزيز المنافسة المحلية (الصفحة الرسمية للوزارة).,تقنية,ليبيا
296,تونس تستعد لإطلاق مشروع وطني لتعزيز إدماج ذوي الاحتياجات الخاصة,أطفال ذوو احتياجات خاصة يشاركون في ورشة عمل فنية ضمن مشروع إدماجهم المجتمعي في العاصمة تونس (مركز الإعلام التونسي),مجتمع,تونس
297,تطوير نظام لتعزيز التواصل الرقمي في المناطق الريفية باليمن,فريق من المهندسين المحليين يعملون على تركيب أجهزة الاتصالات في قرية نائية بمحافظة المحويت، حيث يهدف المشروع إلى تحسين الوصول إلى الإنترنت وتعزيز التعليم الرقمي في المجتمعات الريفية. (الشرق الأوسط),تقنية,اليمن
298,الكويت تعلن عن مشروع جديد للحفاظ على النظام البيئي البحري وتحسين جودة المياه,فريق عمل يتعاون في موقع الدراسة البيئية على الساحل الكويتي، حيث يتم أخذ عينات من المياه لتحليلها (وزارة البيئة الكويتية),بيئة,الكويت
299,الحكومة اللبنانية تعلن عن خطة شاملة للتعامل مع أزمة النفايات المتزايدة,وزير البيئة اللبناني خلال مؤتمر صحفي يقدم تفاصيل خطة الحكومة للتخلص من النفايات بحضور ممثلين عن المجتمع المدني (الوكالة الوطنية للإعلام),سياسة,لبنان
300,"** تطور جديد يشهد إطلاق أول منصة تعليمية إلكترونية فلسطينية مبتكرة

**",** طلاب فلسطينيون يتفاعلون مع المنصة التعليمية الإلكترونية عبر أجهزة الحاسوب في أحد الفصول الدراسية بمدرسة في نابلس (الأوروبية),تقنية,فلسطين
301,تصاعد الاحتجاجات في بغداد للمطالبة بمكافحة الفساد واستعادة الأموال المنهوبة,مظاهرة حاشدة في ساحة التحرير، حيث يحمل المتظاهرون لافتات تطالب بالشفافية والمحاسبة (رويترز),سياسة,العراق
302,الكويت تطلق حملة توعوية لحماية الشواطئ من التلوث البلاستيكي,متطوعون يجمعون المخلفات البلاستيكية من الشاطئ خلال فعالية نظمتها وزارة الكويت للبيئة، وسط أجواء من التعاون والحماس للحفاظ على البيئة البحرية (الكويت اليوم),بيئة,الكويت
303,"مهرجان الأدب السوري يحتفل بالتنوع الثقافي تحت شعار ""الكلمات جسرٌ للتواصل""",كتّاب وشعراء من مختلف المناطق السورية يتجمعون في ساحة الأمويين بدمشق، حيث تعكس لوحاتهم الفنية تجاربهم الإنسانية في زمن الحرب (الأوروبية),ثقافة,سوريا
304,"""سقوط جرف صخري في ولاية الداخلية العمانية يلحق أضرارًا بـ27 منزلًا""",فرق الدفاع المدني العماني تعمل على إخلاء المنازل المتضررة من جرف صخري انهار جراء الأمطار الغزيرة، وسط مشاهد من الدمار في القرية المحيطة (وزارة التنمية الاجتماعية العمانية).,حوادث,عُمان
305,انقلاب شاحنة محملة بالأسماك يؤدي إلى إغلاق طريق رئيسي في مقديشو,عناصر من شرطة المرور يحققون في الحادث بعد انقلاب الشاحنة على جانب الطريق بينما يتجمع المارة لمشاهدة الواقعة (وكالة الأنباء الصومالية),حوادث,الصومال
306,الجزائر تستضيف مؤتمرًا دوليًا حول مكافحة الإرهاب والتطرف العنيف,وزراء داخلية الدول المشاركة في المؤتمر أثناء الجلسة الافتتاحية في الجزائر العاصمة، 3 نوفمبر 2023 (الصحافة الجزائرية),سياسة,الجزائر
307,المنتخب المغربي يستعد لبدء مشواره في التصفيات الإفريقية بتركيز وطني,لاعبو المنتخب المغربي يقومون بجلسة تدريبية مكثفة استعدادًا لمباراتهم الأولى في التصفيات، حيث يظهر التركيز والتفاني في تحسين الأداء (المنتخب المغربي),رياضة,المغرب
308,تفاؤل في الأسواق اليمنية بفضل تراجع أسعار المواد الغذائية,تسوق اليمنيون في إحدى الأسواق الشعبية بصنعاء حيث لوحظت إشارات تحسن الأسعار في بعض السلع الأساسية (وكالة الأناضول),اقتصاد,اليمن
309,حراك شبابي في لبنان يطالب بإصلاحات جذرية وتحسين الظروف المعيشية,آلاف الشباب يشاركون في مظاهرة حاشدة في بيروت، رافعين لافتات تطالب بإسقاط الفساد وتحقيق العدالة الاجتماعية (الوكالة الوطنية).,سياسة,لبنان
310,"تونس تحتضن مهرجان ""الكتاب في الشارع"" لتعزيز القراءة بين الأجيال الجديدة","مجموعة من الشباب يتفاعلون مع كتب متنوعة في مهرجان ""الكتاب في الشارع"" الذي يقام في ساحة القصبة، حيث تمتلئ الأجواء بألوان الثقافة وأصوات الطابع التونسي (وكالة تونس أفريقيا للأنباء).",قضايا اجتماعية,تونس
311,جيبوتي تطلق حملة وطنية للتوعية بأهمية التطعيم ضد الأمراض المعدية,إطلاق الحملة الوطنية في العاصمة جيبوتي بحضور وزير الصحة، حيث يتم توزيع المنشورات واللقاحات على السكان (الأناضول),صحة,جيبوتي
312,فعالية ثقافية يمانية تحتفي بالفن الشعبي وتراث الأجداد في صنعاء,مجموعة من الفنانين اليمنيين يقدمون عروضاً فنية تقليدية ترتكز على التراث الشعبي، مع احتشاد الجمهور في ساحة الفعالية للتفاعل والاستمتاع بالألوان والنغمات المميزة (الجزيرة).,ثقافة,اليمن
313,"""تعليم عسير تطلق برنامجاً جديداً لتطوير مهارات المعلمين في المدارس""",مجموعة من المعلمين المشاركين في ورشة العمل لتطوير المهارات التدريسية في أحد المراكز التعليمية بعسير (مواقع التواصل),تعليم,السعودية
314,شباب عدن يتجمعون لإطلاق مبادرة تحفيز القراءة في المجتمع,"مجموعة من الشباب في عدن يتبادلون الكتب في فعالية ""مكتبة الشارع""، حيث تتصدر الابتسامات الوجوه مع تزايد الإقبال على القراءة (الجزيرة)",مجتمع,اليمن
315,مهرجان الفنون الشعبية في الأقصر يحتفي بالتراث المصري ويعزز السياحة الثقافية,فرق فنية محلية تقدم عروضاً حية لرقصات شعبية تقليدية مستلهمة من تاريخ مصر العريق، وسط أجواء احتفالية وبحضور جماهيري كبير في ساحة معبد الكرنك. (الجزيرة),ثقافة,مصر
316,لبنان يشهد تحولاً في سوق الطاقة مع إطلاق أول مشروع للطاقة الشمسية في المناطق الريفية,الفنيون يعملون على تركيب الألواح الشمسية في إحدى القرى اللبانية، مما يسهم في تأمين الطاقة النظيفة للسكان المحليين (الوكالة اللبنانية للأنباء).,تقنية,لبنان
317,البحرين تستضيف بطولة غرب آسيا لكرة السلة بمشاركة 12 منتخباً,لاعبو المنتخب البحريني يجرون تدريبات مكثفة استعداداً لانطلاق البطولة، وتظهر في الخلفية لافتات تحمل شعارات الفرق المشاركة في الحدث الرياضي الكبير (الأيام),رياضة,البحرين
318,اتحاد كرة القدم السوري يعلن عن إقامة دوري الناشئين لتعزيز المواهب,مجموعة من الشباب السوريين يتدربون في أحد ملاعب دمشق استعداداً لدوري الناشئين الجديد (الأناضول),رياضة,سوريا
319,حادث سير مروّع يودي بحياة ثلاثة أشخاص في شمال لبنان,سيارات مهشمة وتناثرت قطع حطام في موقع الحادث الذي شهد تصادمًا مروعًا على الطريق السريع في منطقة الكورة (النهار).,حوادث,لبنان
320,الكويت تطلق مبادرة جديدة لدعم المشاريع الصغيرة والمتوسطة في القطاع الخدمي,مجموعة من أصحاب المشاريع الصغيرة يجتمعون في ورشة عمل يتبادلون الأفكار حول كيفية تطوير خدماتهم في الكويت (المصدر: وزارة التجارة الكويتية),مجتمع,الكويت
321,ليبيا تعلن عن مبادرة وطنية جديدة لإصلاح التعليم العالي وتعزيز البحث العلمي,وزير التعليم العالي والبحث العلمي الليبي، الدكتور خالد فتحي، يتحدث في مؤتمر صحفي حول خطة الإصلاح الجديدة في طرابلس (الأناضول),تعليم,ليبيا
322,تظاهرة حاشدة في تونس للمطالبة بتحسين ظروف العمل وضمان الحقوق العمالية,حشد كبير من المتظاهرين يحملون لافتات تطالب بتحسين شروط العمل في وسط العاصمة تونس، تعبيراً عن مطالبهم المشروعة وحقهم في الأجر العادل (الجزيرة).,مجتمع,تونس
323,موجة جفاف تضرب العراق وتؤثر على الزراعة في المناطق الجنوبية,مشهد لحقول قاحلة في محافظة البصرة، حيث تظهر آثار الجفاف على الأراضي الزراعية (الوكالة العراقية),بيئة,العراق
324,"""السودان يطلق منصة جديدة للتجارة الإلكترونية لدعم رواد الأعمال الشباب""",شباب سودانيون يتفاعلون مع المنصة الجديدة أثناء ورشة عمل تعليمية في الخرطوم، حيث تم تقديم استراتيجيات لتسويق المنتجات عبر الإنترنت. (الجزيرة),تقنية,السودان
325,السودان: 15 قتيلاً و30 جريحاً في هجوم مسلح على قرية بالولايات الغربية,مشاهد من القرية بعد الهجوم، حيث تواصل فرق الإغاثة والمواطنون انتشال الضحايا من بين الأنقاض (الأناضول),حوادث,السودان
326,وزارة التعليم السودانية تعلن عن خطة جديدة لإدخال التكنولوجيا في المدارس,معلمون في ورشة عمل تدريبية لتعزيز مهارات استخدام التكنولوجيا في الفصول الدراسية، حيث يتم عرض أدوات تعليمية حديثة على شاشات كبيرة (الجزيرة),تعليم,السودان
327,الإمارات تعزز استثماراتها في التكنولوجيا الخضراء بإنشاء مركز للابتكار البيئي,صورة لمهندسين يعملون في مختبر تكنولوجيا نظيفة بمركز الابتكار البيئي في أبوظبي، مع وجود أجهزة حديثة لقياس كفاءة الطاقة المتجددة (الأناضول),تقنية,الإمارات
328,المغرب يطلق منصة جديدة لدعم الابتكار في قطاع التكنولوجيا البيئية,احتفالية إطلاق المنصة الجديدة التي تهدف إلى تعزيز مشاريع التكنولوجيا البيئية وتعزيز التعاون بين الشركات الناشئة والجامعات (الأناضول),تقنية,المغرب
329,المغرب يطلق حملة توعية وطنية للوقاية من داء السكري,إحدى الفعاليات التوعوية في الرباط حيث تتوزع المنشورات الصحية على المواطنين (المغربية),صحة,المغرب
330,ابتكار تكنولوجيا الري الذكي في السودان لمواجهة نقص المياه,مزارع سوداني يستخدم نظام الري الذكي المبتكر الذي يعتمد على تقنية الاستشعار لتقليل استهلاك المياه وزيادة الإنتاج الزراعي في وسط السودان (وكالات),تقنية,السودان
331,الحكومة الصومالية تطلق حملة وطنية لمكافحة الأمية وتعزيز التعليم,أطفال يدرسون في فصل دراسي متنقل ضمن الحملة الوطنية لمكافحة الأمية في مقديشو (الجزيرة),مجتمع,الصومال
332,أزمة النفايات تتفاقم في الضفة الغربية وسط دعوات لتحسين إدارة المخلفات,عمال يجمعون النفايات في أحد الأحياء الفلسطينية، بينما تُلاحظ أكوام من القمامة غير المجمعة حولهم، مما يعكس تفاقم أزمة النفايات في المنطقة (الجزيرة).,بيئة,فلسطين
333,السودان يعلن عن مشروع جديد لتوسيع شبكة الطاقة الشمسية في البلاد,فريق من المهندسين السودانيين يعمل على تركيب الألواح الشمسية في منطقة الريف بمدينة الخرطوم (الأخبار السودانية).,طاقة,السودان
334,تصعيد التوتر في السودان بعد إغلاق معبر الولاية الشمالية أمام الشاحنات القادمة من مصر,شاحنة متوقفة على جانب الطريق المؤدي إلى معبر الولاية الشمالية، حيث تشهد المنطقة إجراءات أمنية مشددة ومنعًا لدخول الشاحنات (الجزيرة),سياسة,السودان
335,انطلاق مشروع التعلم عن بُعد في المدارس السورية لتعزيز فرص التعليم,طلاب يستخدمون أجهزة الكمبيوتر في فصل دراسي إلكتروني ضمن مشروع التعلم عن بُعد في إحدى المدارس السورية (وكالة الأنباء السورية),تعليم,سوريا
336,قطر تطلق حملة توعية حول أهمية الفحص المبكر للسرطان,مجموعة من المتطوعين في قطر يوزعون المنشورات التوعوية حول الفحص المبكر للسرطان في أحد المراكز الصحية (الجزيرة),صحة,قطر
337,ارتفاع معدلات الطلاق في مصر بعد جائحة كورونا,صورة لمكتب تسوية المنازعات الأسرية في القاهرة، حيث يقوم المستشارون بمساعدة الأزواج على تجاوز الأزمات العائلية يوم 5 نوفمبر/تشرين الثاني 2023 (الجزيرة),قضايا اجتماعية,مصر
338,وزارة الصحة التونسية تطلق حملة وطنية للتطعيم ضد الإنفلونزا الموسمية,عيادة صحية في تونس تقدم التطعيمات للمواطنين خلال الحملة الوطنية، حيث يظهر موظفو الصحة يرتدون الزي الطبي وهم يوجهون المواطنين لتلقي اللقاح (الجزيرة).,صحة,تونس
339,الحكومة الصومالية تستعد لإطلاق حملة وطنية لمواجهة العنف القبلي,اجتماع وزاري في مقديشو حول إطلاق الحملة الوطنية لمكافحة العنف القبلي وتأمين المجتمع (وكالة الأنباء الصومالية),سياسة,الصومال
340,منتخب المغرب يستعد لمواجهة قوية في تصفيات كأس العالم بإستاد الرباط,لاعبو المنتخب المغربي يجرون تدريبات مكثفة في ملعب الرباط استعدادًا لمباراتهم المرتقبة ضمن تصفيات كأس العالم (موقع الفيفا),رياضة,المغرب
341,العراق يستعد لاستقبال موسم حصاد الرز وسط تحديات المناخ,فلاحون عراقيون يعملون في أحد حقول الرز في محافظة ديالى، مع تزايد القلق حول تأثير الجفاف على إنتاجية المحاصيل (الجزيرة),مجتمع,العراق
342,ليبيا تطلق منصة إلكترونية لتعزيز التجارة الإلكترونية ودعم المشاريع الناشئة,وزير التجارة الليبي متحدثًا خلال المؤتمر الصحفي الذي تم فيه إطلاق المنصة، بحضور عدد من رواد الأعمال والمستثمرين المحليين (المكتب الإعلامي للحكومة).,تقنية,ليبيا
343,الجزائر تطلق مشروعاً جديداً للطاقة المتجددة بقدرة 400 ميغاوات في الصحراء الغربية,مجموعة من الألواح الشمسية اللامعة تمتد عبر رمال الصحراء الغربية، وهي جزء من مشروع الطاقة المتجددة الذي يهدف إلى تعزيز استخدام الطاقة النظيفة في البلاد (وكالة الأنباء الجزائرية),طاقة,الجزائر
344,السودان يطلق مشروعا للطاقة الشمسية لتطوير المناطق الريفية وتحسين مستوى حياة المواطنين,مجموعة من العمال المحليين في منطقة النيل الأبيض بالسودان يقومون بتركيب الألواح الشمسية في إطار مشروع حكومي يهدف إلى توفير الطاقة المستدامة للمجتمعات الريفية (تصوير خاص),طاقة,السودان
345,تصاعد الاحتجاجات في الضفة الغربية ضد سياسة التوسع الاستيطاني الإسرائيلية,مشهد لمئات المتظاهرين في رام الله وهم يحملون لافتات تدعو لإنهاء الاحتلال ومناهضة الاستيطان، وسط تعزيزات أمنية من القوات الإسرائيلية (الجزيرة),سياسة,فلسطين
346,إنقاذ 25 شخصاً من غرق محتمل قبالة سواحل مقديشو,فرق الإنقاذ البحرية تعمل على انتشال الناجين من قارب مهاجرين غارق قبالة سواحل العاصمة الصومالية (الأناضول),حوادث,الصومال
347,مهرجان الألوان: معزوفة فنية تحت سماء طرابلس,فنانة ليبية ترسم لوحة تجسد التراث الثقافي في ساحة الشهداء، وسط تجمع جماهيري يعبر عن حبه للفن والإبداع 12 أكتوبر/تشرين الأول 2023 (الجزيرة),ثقافة,ليبيا
348,المنتخب العُماني يتألق في تصفيات كأس آسيا بفوزٍ كبير على فلسطين,لاعبو المنتخب العماني يحتفلون بالهدف الثاني في المباراة التي جرت على ملعب السيب في مسقط، حيث أثبت الفريق علو كعبه في التصفيات (وكالة الأنباء العمانية).,رياضة,عُمان
349,"سوريا تطلق مشروع ""الطاقة الشمسية المستدامة"" لتحسين الظروف المعيشية",بائعون محليون يعرضون الألواح الشمسية في سوق دمشق، حيث تعكف الحكومة على تنفيذ مشروع جديد يدعم استخدام الطاقة المتجددة في البلاد. (الأناضول),طاقة,سوريا
350,الجزائر تطلق حملة للتوعية بأهمية الكشف المبكر عن سرطان الثدي,طبيبة تجري فحصاً للثدي لمجموعة من السيدات في عيادة صحية بأحد الأحياء الشعبية في الجزائر العاصمة، في إطار الحملة الوطنية للكشف المبكر عن سرطان الثدي (الجزائرية).,صحة,الجزائر
351,الجزائر تُطلق مبادرة جديدة لتعزيز ثقافة القراءة بين الشباب,مجموعة من الشباب الجزائريين يتجمعون في مكتبة عمومية خلال فعالية قراءة مخصصة لتعزيز الوعي الثقافي (الصحافة الجزائرية),مجتمع,الجزائر
352,"""الأردن يطلق برنامجاً جديداً لدعم ريادة الأعمال النسائية في القطاع التكنولوجي""",سيدة أعمال أردنية تتحدث خلال ورشة عمل حول الابتكار التكنولوجي في العاصمة عمان، بحضور مجموعة من النساء الرائدات في مجال التقنية (تصوير: الجزيرة).,اقتصاد,الأردن
353,تفجير يستهدف مركزاً للشرطة في مدينة حلب ويدفع سلطات الأمن لتعزيز إجراءاتها,آثار الدمار والخراب حول مركز الشرطة في حلب بعد الهجوم، مع تواجد قوات الأمن والفرق الطبية في الموقع (رويترز),حوادث,سوريا
354,الدوحة تستضيف قمة الأمن الغذائي لتعزيز التعاون العربي أمام التحديات العالمية,وزراء الزراعة العرب خلال لقائهم في قمة الأمن الغذائي في الدوحة، حيث تم مناقشة استراتيجيات جديدة لتعزيز الإنتاج الغذائي والنزاهة في السوق (الجزيرة),سياسة,قطر
355,"تونس تعلن عن حملة تطعيم جديدة ضد فيروس ""كورونا"" تستهدف الفئات الأكثر عرضة للخطر",فريق طبي يقوم بتطعيم المرضى في مركز صحي بالعاصمة تونس، مع الالتزام بإجراءات السلامة الصحية (وكالة تونس إفريقيا للأنباء),صحة,تونس
356,حريق هائل يلتهم مستودعاً للمواد الغذائية في طرابلس اللبنانية,ألسنة اللهب تتصاعد من المبنى المحترق بينما تتجمع فرق الإطفاء لمحاولة السيطرة على النيران في أحد المناطق الصناعية بطرابلس (الجزيرة),حوادث,لبنان
357,"""إطلاق برنامج تعليمي مبتكر لتعزيز المهارات اللغوية في المدارس الإماراتية""",طلاب في أحد الفصول الدراسية يستخدمون تقنيات تفاعلية جديدة لتعلم اللغات، وسط أجواء حماسية تعكس التفاعل الإيجابي (موقع وزارة التربية والتعليم الإماراتية),تعليم,الإمارات
358,"انطلاق حملة ""احمِ شجرتك"" لتعزيز التشجير في حدائق القاهرة","متطوعون يزرعون أشجارًا جديدة في حديقة عامة بالقاهرة خلال فعالية لحملة ""احمِ شجرتك""، التي تهدف إلى تحسين البيئة وزيادة المساحات الخضراء (الأناضول)",بيئة,مصر
359,تونس تطلق مشروع الطاقة الشمسية الذي يعد بفرص عمل جديدة للشباب,مهندسون تونسيون يتفقدون ألواح الطاقة الشمسية في موقع المشروع الجديد، الذي يعكس التزام البلاد بتحقيق الاستدامة البيئية وتعزيز الاقتصاد المحلي (الأناضول),طاقة,تونس
360,"""السودان يطلق مبادرة لزراعة الأشجار في المناطق القاحلة لتعزيز الأمن الغذائي""",مجموعة من المتطوعين في السودان يزرعون الشتلات في إحدى المناطق القاحلة، مع التركيز على جهود تعزيز الاستدامة البيئية ومكافحة التصحر. (وكالة الأنباء السودانية),بيئة,السودان
361,السودان يشهد قفزة في الاستثمارات الصينية بمشاريع الطاقة المتجددة,مهندسون صينيون وسودانيون يتفقدون موقع مشروع لتوليد الطاقة الشمسية في ولاية نهر النيل (أسوشيتد برس),اقتصاد,السودان
362,منتخب جيبوتي لكرة القدم يخوض معسكرًا تدريبيًا استعدادًا لتصفيات كأس أفريقيا,لاعبو منتخب جيبوتي يتدربون في أحد الملاعب بالعاصمة جيبوتي خلال معسكرهم التحضيري (الأناضول),رياضة,جيبوتي
363,مقتل 5 مدنيين جراء انفجار سيارة مفخخة في إدلب شمال سوريا,آثار الدمار في موقع الانفجار، مع وجود فرق الإنقاذ تسعى لإزالة الأنقاض والعثور على أي ناجين (الجزيرة – رويترز),حوادث,سوريا
364,حكومة ليبيا تُعلن إطلاق برنامج وطني لتعزيز التعليم الفني والمهني,وزير التعليم الليبي يتحدث خلال مؤتمر صحفي للإعلان عن البرنامج الجديد، وسط حضور عدد من المعلمين والمهتمين بالتعليم المهني (وكالة الأنباء الليبية),تعليم,ليبيا
365,أزمة المياه في سلطنة عمان: المناطق القاحلة تواجه تهديدات صحية متزايدة,عائلة عمانية تجمع مياه الأمطار في وعاء قديم، تعبيراً عن جهودهم لمواجهة نقص المياه الذي يهدد حياتهم اليومية (الجزيرة),قضايا اجتماعية,عُمان
366,تونس تحتضن مؤتمرًا دوليًا حول الابتكار في الطاقة المتجددة,المشاركون في المؤتمر يتبادلون الأفكار حول تقنيات الطاقة الشمسية والرياح خلال فعاليات اليوم الأول في العاصمة تونس (الأناضول),بيئة,تونس
367,تزايد حالات الانتحار في سوريا بسبب الأزمة الاقتصادية المستمرة,شاب سوري ينظر إلى الأفق من شرفة منزله، يعكس ملامحه التوتر والإحباط الذي يعانيه العديد من الشباب في البلاد. (الفرنسية),قضايا اجتماعية,سوريا
368,وزارة الصحة الأردنية تطلق حملة توعوية لمواجهة تحديات السمنة بين الأطفال,أطفال من مختلف الأعمار يشاركون في فعاليات الحملة التوعوية بمركز ثقافي في عمان، حيث تم تنظيم ورش عمل حول التغذية السليمة وأهمية النشاط البدني (الجزيرة),صحة,الأردن
369,زيارة غير مسبوقة لوزير البيئة اللبناني لتعزيز الجهود في الحفاظ على التنوع البيولوجي,وزير البيئة اللبناني، ناصر ياسين، يتفقد إحدى المحميات الطبيعية في لبنان، وسط تنوع نباتي وحيواني ملحوظ (وكالة الأنباء اللبنانية).,بيئة,سوريا
370,انفجار يتسبب في أضرار كبيرة بمصنع في الزرقاء الأردنية,رجال الإطفاء يسعون لجمع الشظايا المتناثرة حول المصنع بعد انفجار قوي هز المنطقة، فيما تظهر أعمدة الدخان تتصاعد من الموقع (الصحافة الأردنية),حوادث,الأردن
371,لبنان يبدأ مشروع بناء محطة شمسية لتوليد الطاقة في البقاع,مهندسون يعملون على إنشاء الألواح الشمسية في محطة توليد الطاقة الجديدة بالبقاع (الوكالة الوطنية للإعلام),طاقة,لبنان
372,جزر القمر تطلق مبادرة جديدة لحماية الشعاب المرجانية من التغير المناخي,صيادون محليون يزرعون شتلات من الشعاب المرجانية في مياه جزر القمر لحماية التنوع البيولوجي البحري (الأوروبية),بيئة,جزر القمر
373,منتخب جزر القمر ينهي معسكره التدريبي استعداداً للتصفيات المؤهلة لكأس الأمم الأفريقية,لاعبو منتخب جزر القمر أثناء خوضهم حصة تدريبية مكثفة في المعسكر الذي أقيم في العاصمة موروني، استعداداً للتصفيات المقبلة (وكالة الأنباء القمرية),رياضة,جزر القمر
374,الصومال تطلق مشروعاً رائداً لتوسيع شبكة الإنترنت في المناطق الريفية,فرق العمل المحلية تقوم بتركيب معدات الاتصالات الحديثة في إحدى القرى النائية بالصومال، بهدف تحسين الوصول إلى الإنترنت للمجتمعات الضعيفة. (رويترز),تقنية,الصومال
375,الحكومة اليمنية تعلن عن إطلاق برنامج تعليمي مبتكر يستهدف تعزيز المهارات الرقمية للشباب,مجموعة من الطلاب في إحدى المدارس اليمنية، يشاركون في ورشة عمل لتعلم المهارات الرقمية الحديثة، بحضور معلمين مختصين (الجزيرة- أرشيفية),تعليم,اليمن
376,تحذيرات صحية من وزارة الصحة اللبنانية بشأن انتشار إنفلونزا الطيور,عمال في أحد المزارع اللبنانية يقومون بتطبيق إجراءات وقائية مشددة بعد ارتفاع حالات إنفلونزا الطيور. وزارة الصحة تدعو المواطنين للتبليغ عن أي أعراض تظهر على الطيور وأهمية الابتعاد عن المزارع المشتبه بها (وزارة الصحة اللبنانية).,صحة,لبنان
377,فلسطين تطلق مشروعاً رائداً للطاقة الشمسية في الضفة الغربية,فريق من المهندسين الفلسطينيين يقومون بتركيب الألواح الشمسية في أحد مواقع المشروع الجديد بالقرب من مدينة بيت لحم، حيث يهدف المشروع إلى توفير الطاقة النظيفة وتخفيف الاعتماد على مصادر الطاقة التقليدية (وكالة الأنباء الفلسطينية).,طاقة,فلسطين
378,منتخب الصومال يحقق انتصاره الأول في تاريخ تصفيات كأس العالم ضد كينيا,لاعبو المنتخب الصومالي يحتفلون بتسجيل هدفهم الأول في التصفيات خلال المباراة التي أقيمت على ملعب مقديشو، حيث أظهرت المباراة الحماس الكبير والتشجيع الجماهيري (رويترز),رياضة,الصومال
379,"الكويت تطلق مبادرة ""تعليم بلا حدود"" لدعم الطلاب ذوي الإعاقة","معلمون وطلاب من ذوي الإعاقة يشاركون في ورشة عمل تفاعلية ضمن مبادرة ""تعليم بلا حدود"" في أحد مدارس الكويت (الكويت نيوز)",تعليم,الكويت
380,عمان تسجل تقدمًا ملحوظًا في مجال تقنيات الطاقة المتجددة,محطة شمسية جديدة قيد الإنشاء في المنطقة الداخلية، تسهم في تنويع مصادر الطاقة وتقليل الاعتماد على الوقود الأحفوري (المديرية العامة للطاقة),تقنية,عُمان
381,وزارة التعليم التونسية تعلن عن إطلاق منصة تعليمية جديدة لتعزيز التعلم عن بعد,وزير التعليم التونسي يتحدث خلال مؤتمر صحفي لإطلاق المنصة الجديدة، مع تواجد شاشات عرض تعرض ملامح المنصة وواجهتها (الصور من تونس - الأناضول),تعليم,تونس
382,الكويت تطلق مشروعاً جديداً لتنويع مصادر الدخل الوطني وتعزيز استدامة الاقتصاد,اجتماعات في مقر وزارة المالية الكويتية حيث يتم مناقشة الخطط الاقتصادية الجديدة بمشاركة عدد من الوزراء والخبراء (الكويت نيوز),اقتصاد,الكويت
383,"** تطوير مجتمعي: إطلاق برنامج ""دريع"" لتنمية مهارات الشباب في السعودية

**","** مجموعة من الشباب السعوديين يشاركون في ورشة عمل تدريبية ضمن برنامج ""دريع""، الذي يهدف إلى تعزيز مهاراتهم المهنية والإبداعية (وكالة الأنباء السعودية).",مجتمع,السعودية
384,الصومال تتبنى خطة وطنية لمكافحة العنف الأسري وتعزيز حقوق المرأة,ناشطات حقوقيات في مقديشو يحملن لافتات تطالب بحماية النساء من العنف الأسري خلال مظاهرة سلمية في وسط العاصمة (الأناضول),قضايا اجتماعية,الصومال
385,الكويت: انفجار خط ماء رئيسي يتسبب في إغلاق شوارع رئيسية وإحداث فوضى مرورية,عمال البلدية يتفقدون الأضرار الناتجة عن انفجار خط المياه في منطقة الجهراء، حيث تضررت المركبات جراء تدفق المياه بغزارة (الأنباء),حوادث,الكويت
386,حادث مروري مروع في الجزائر يودي بحياة ثلاثة أشخاص,رجال الإسعاف يتفقدون موقع الحادث على الطريق السريع بالقرب من العاصمة الجزائر، حيث انقلبت سيارة نتيجة السرعة الزائدة (الأوروبية).,حوادث,الجزائر
387,الجزائر تعلن عن إعادة فتح الحدود البرية مع تونس بعد أشهر من الإغلاق,المواطنين يتجمعون عند معبر الشارنية لاستقبال أصدقائهم وعائلاتهم بعد عودة الحركة الطبيعية بين الجزائر وتونس (وكالة الأنباء الجزائرية),سياسة,الجزائر
388,"انطلاق مهرجان ""الفن العربي المعاصر"" في دبي بمشاركة 50 فناناً من مختلف الدول العربية",المهرجان يمثل منصة للفنانين لإبراز إبداعاتهم، حيث يتم عرض الأعمال الفنية المبتكرة في أجواء مفعمة بالحيوية والثقافة (البيان),ثقافة,الإمارات
389,مبادرة إماراتية لتمكين الشباب في مجالات الأغذية المستدامة,مجموعة من الشباب الإماراتي يتشاركون الأفكار أثناء ورشة عمل حول الزراعة العضوية وأثرها على البيئة (الجزيرة),مجتمع,الإمارات
390,اليمن: مبادرات مجتمعية لتعزيز الوعي الصحي في مواجهة الأمراض المزمنة,شباب متطوعون يوزعون كتيبات توعوية حول أهمية التغذية السليمة في أحد الأحياء السكنية بالعاصمة صنعاء (الصحافة اليمنية).,قضايا اجتماعية,اليمن
391,كرة السلة الفلسطينية تتألق في بطولة غرب آسيا للناشئين,لاعبو المنتخب الفلسطيني يحتفلون بعد فوزهم التاريخي على المنتخب الأردني في مباراة نصف النهائي للبطولة بملعب القدس (الاتحاد الفلسطيني لكرة السلة),رياضة,فلسطين
392,قطر تؤكد التزامها بدعم جهود المصالحة الفلسطينية بعد جولة جديدة من المحادثات,وفود فلسطينية تمثل مختلف الفصائل تجتمع في الدوحة لمناقشة سبل تعزيز الوحدة الوطنية في ظل التحديات الراهنة (الجزيرة),سياسة,قطر
393,ليبيا تطلق منصة إلكترونية لتعزيز التعليم عن بُعد في المناطق النائية,معلمون وطلاب يجتمعون في قاعة دراسية حديثة، حيث تم عرض المنصة الجديدة على الشاشة أمامهم (الأناضول),تقنية,ليبيا
394,الأردن يطلق حملة توعية لحماية التراث الثقافي غير المادي,مجموعة من الأطفال الأردنيين يتعلمون الفنون الشعبية والحرف التقليدية ضمن ورشة عمل لتنمية الوعي بأهمية التراث الثقافي المحلي (مواقع التواصل الاجتماعي),مجتمع,الأردن
395,"""مهرجان تونس الدولي لموسيقى الجاز يفتح أبواب الإبداع ويجمع نجوم العالم""",مشهد من مهرجان تونس الدولي لموسيقى الجاز، حيث يعتلي المسرح عازفون من مختلف البلدان، مع إضاءة ساحرة وجمهور متفاعل في الهواء الطلق (الأناضول),ثقافة,تونس
396,المغرب يطلق مشروعات طاقة شمسية جديدة لتحسين كفاءة الطاقة,أحد مشروعات الطاقة الشمسية الجديدة في صحراء المغرب، حيث تسهم الألواح الشمسية في توليد الطاقة النظيفة وتعزيز الاستدامة البيئية (الجزيرة).,طاقة,المغرب
397,فلسطين تسعى لتوسيع نطاق التجارة مع دول حوض البحر الأبيض المتوسط لتعزيز الاقتصاد المحلي,مجموعة من رجال الأعمال الفلسطينيين في اجتماع موسع لمناقشة فرص التعاون التجاري مع دول المنطقة (الأناضول),اقتصاد,فلسطين
398,الجزائر تستضيف بطولة إفريقيا لكرة السلة تحت 18 عاماً في خطوة لتعزيز الشباب الرياضي,صورة للاعبين الشباب من مختلف الدول الأفريقية خلال جلسة تدريبية في الصالة الرياضية بالعاصمة الجزائر، مع شعار البطولة خلفهم (الجزيرة),رياضة,الجزائر
399,انطلاق بطولة الدوري السوداني الممتاز وسط أجواء حماسية وعام مُنتظَر,لاعبو فريق الهلال السوداني يحتفلون بالنتيجة الإيجابية خلال أولى مباريات الدوري الممتاز، وسط تشجيع حماسي من الجماهير في استادات أم درمان (صحيفة السوداني),رياضة,السودان
400,انفجار ي-rock الحوثيون في صنعاء يؤدي إلى احتدام الصراع الداخلي,مواقع الانفجار في حي الصفا بصنعاء، حيث أسفر الحادث عن تدمير عدد من المركبات والمنازل المحيطة (الجزيرة),حوادث,اليمن
401,المعارضة السورية تطالب بإجراءات دولية عاجلة لحماية المدنيين في إدلب,متظاهرون يحملون لافتات مطالبة بحماية المدنيين أثناء وقفة احتجاجية في مدينة إدلب بعد تصاعد الأعمال القتالية (الجزيرة),سياسة,سوريا
402,انطلاق دوري قطر لكرة السلة بمشاركة 12 فريقًا محليًا,لاعبو فريق السد يحتفلون بعد تسجيل نقطة حاسمة في المباراة الافتتاحية لدوري كرة السلة في أكاديمية أسباير، وسط حماس الجماهير الموجودة في المدرجات (الجزيرة),رياضة,قطر
403,المغرب يخطط لإنشاء أول محطة طاقة شمسية عائمة في البحر الأبيض المتوسط,تصميم مبتكر لمحطة الطاقة الشمسية العائمة المزمع إنشاؤها قبالة سواحل مدينة العرائش، حيث ستكون هذه المحطة رائدة في استخدام الطاقة المتجددة في المنطقة (المغرب 24).,طاقة,المغرب
404,مبادرات مجتمعية في فلسطين لتعزيز الوعي البيئي بين الشباب,مجموعة من الشباب الفلسطينيين يشاركون في حملة لتنظيف الشواطئ وتعزيز الوعي البيئي في قطاع غزة، حيث يقومون بجمع النفايات وتوزيع المنشورات التوعوية (الجزيرة),مجتمع,فلسطين
405,تزايد حالات مرض الملاريا في السودان يثير القلق وسط الأمطار الغزيرة,فريق صحي يوزع الناموسيات المشبعة بالمبيدات في إحدى القرى المتضررة من انتشار الملاريا في ولاية النيل الأزرق، مع تدابير للحد من تفشي المرض (مواقع محلية).,صحة,السودان
406,تصاعد حوادث الغرق في نهر النيل بسبب ارتفاع درجات الحرارة وحالة الطقس,مجموعة من المتطوعين يبحثون عن المفقودين في نهر النيل بعد غرق قارب يحمل مجموعة من الصيادين في ولاية النيل الأبيض (إعلام محلي),حوادث,السودان
407,اليمن يواجه أزمة مياه حادة تفاقم معاناة السكان في المحافظات الجنوبية,عائلة يمنية تسحب المياه من بئر شبه جاف في إحدى القرى بمحافظة أبين، حيث تكافح للحصول على مياه الشرب وسط ارتفاع درجات الحرارة (الجزيرة),قضايا اجتماعية,اليمن
408,"** السودان يطلق مشروعاً طموحاً للطاقة الشمسية لتعزيز استقلالية الطاقة

**",** وزير الطاقة السوداني خلال مراسم توقيع اتفاقية مشروع الطاقة الشمسية في الخرطوم، حيث يشارك في الحدث ممثلون عن شركات عالمية ومحلية (وكالة الأنباء السودانية).,طاقة,السودان
409,معاناة النازحين في الصومال تتفاقم مع ارتفاع أسعار المواد الغذائية,أطفال نازحون يجلسون أمام خيمة مؤقتة في مخيم للاجئين بالقرب من مقديشو، حيث يواجهون ظروفاً صعبة في ظل الغلاء المتزايد وندرة الموارد الأساسية (رويترز),قضايا اجتماعية,الصومال
410,الكويت تطلق برنامجاً جديداً لتحفيز الابتكار في الشركات الصغيرة والمتوسطة,جانب من المؤتمر الذي تم فيه الإعلان عن البرنامج الجديد في قاعة مؤتمرات الغرف التجارية، حيث تجمع رواد الأعمال والمستثمرين المحليين (الجزيرة),اقتصاد,الكويت
411,جزر القمر تطلق مبادرة لدعم المشاريع الصغيرة وتعزيز الابتكار المحلي,رواد أعمال محليون في جزر القمر يشاركون في ورشة عمل لتطوير أفكارهم التجارية ودعم الابتكار في مجتمعهم (مراسلون اليوم),اقتصاد,جزر القمر
412,نادي النجمة اللبناني يحقق فوزاً مثيراً على الأنصار في derby بيروت,لاعبو نادي النجمة يحتفلون بتسجيل أحد الأهداف في المباراة التي أقيمت على ملعب المدينة الرياضية في بيروت (الوكالة الوطنية للإعلام),رياضة,لبنان
413,البحرين تطلق حملة توعية طبية لمكافحة الأمراض المزمنة في المجتمع,مجموعة من الأطباء المتخصصين يشرحون مباشرة للجمهور في إحدى الفعاليات الصحية عن كيفية الوقاية من الأمراض المزمنة مثل السكري وارتفاع ضغط الدم (مكتب الإعلام البحريني),صحة,البحرين
414,الإمارات تستعد لإطلاق أول صندوق استثماري لدعم الابتكار الأخضر,مجموعة من المستثمرين يناقشون استراتيجيات الاستثمار في الابتكار الأخضر خلال منتدى اقتصادي في دبي (تصوير: وكالة أنباء الإمارات),اقتصاد,الإمارات
415,المنتخب السوداني يستعد لمواجهة مصر في تصفيات كأس الأمم الأفريقية,تدريبات مكثفة للمنتخب السوداني على ملعب الخرطوم قبل المباراة المرتقبة أمام المنتخب المصري، حيث يسعى الفريق لتحقيق نتيجة إيجابية تعزز فرصه في التأهل للبطولة (الأهرام),رياضة,السودان
416,جزر القمر تحتفل بإطلاق أول مهرجان ثقافي دولي يتضمن فنون الشارع والموسيقى التقليدية,فرقة فنية تؤدي عرضاً حياً في شوارع العاصمة موروني خلال مهرجان الثقافة، مع تجمع حشود من السكان والسياح الذين يستمتعون بالأجواء الاحتفالية (الشرق الأوسط),ثقافة,جزر القمر
417,ارتفاع حالات الطلاق في السعودية يثير المخاوف ويستدعي جهودًا اجتماعية جديدة,مجموعة من النساء السعوديات يتحدثن في ورشة عمل توعوية حول قضايا الزواج والأسرة في مدينة جدة (الجزيرة),قضايا اجتماعية,السعودية
418,انطلاق البطولة الوطنية الرياضية للمدارس في فلسطين لتعزيز المواهب الشبابية,"طلاب المدارس خلال حفل افتتاح البطولة الوطنية الرياضية في مدينة رام الله، حيث تجمع المشاركون تحت شعار ""رياضة للجميع"" (وفا)",رياضة,فلسطين
419,"البحرين تحتضن مؤتمر ""الاستدامة في الطاقة"": نحو مستقبل أخضر","وفود من مختلف دول العالم تجتمع في مملكة البحرين لمناقشة أحدث الابتكارات في مجال الطاقة المتجددة خلال مؤتمر ""الاستدامة في الطاقة"" (الجزيرة).",سياسة,البحرين
420,حملة تشجير واسعة في الرياض لتعزيز الوعي البيئي وتحسين نوعية الهواء,مجموعة من المتطوعين يزرعون الأشجار في أحد الحدائق العامة بالرياض، وسط أجواء من الحماس والإيجابية (الصحافة السعودية),بيئة,السعودية
421,مهرجان الثقافة في مقديشو يحتفي بالفن الصومالي التقليدي,زوار يتجمعون أمام منصة عرض الفنون الشعبية خلال مهرجان الثقافة في مقديشو، حيث تتنوع العروض بين الرقصات الشعبية والموسيقى التقليدية (الجزيرة),ثقافة,الصومال
422,التصعيد العسكري في شمال سوريا يثير قلق المجتمع الدولي,دبابات تابعة للجيش السوري في إحدى القرى شمال البلاد، حيث تزايدت حدة الاشتباكات مع المجموعات المسلحة في الآونة الأخيرة (الجزيرة),سياسة,سوريا
423,المغرب يطلق مشروعاً رائداً لتحويل الطاقة الشمسية إلى كهرباء نظيفة,مجموعة من العمال يقومون بتثبيت الألواح الشمسية في محطة للطاقة الشمسية قرب مدينة ورزازات، وذلك في إطار مشروع حكومي يهدف إلى تحقيق الاكتفاء الذاتي من الطاقة النظيفة وزيادة الاعتماد على المصادر المتجددة. (تصوير: محمد سالم / الأناضول),طاقة,المغرب
424,الحكومة اليمنية تعلن عن مشروع لزيادة انتاج الطاقة الشمسية في المناطق الساحلية,عمال يركبون الألواح الشمسية على أسطح المباني في مدينة عدن، في إطار مشروع حكومي جديد يهدف لتوفير الطاقة النظيفة للسكان المحليين (وكالة الأنباء اليمنية).,طاقة,اليمن
425,الصومال يطلق حملة وطنية للتطعيم ضد الحصبة والحصبة الألمانية وسط المخاوف من تفشي الفيروسات,طاقم طبي يقدم لقاحات للأطفال في أحد المراكز الصحية في مقديشو خلال الحملة الوطنية للتطعيم (تصوير: وكالة الأنباء الصومالية),صحة,الصومال
426,قطر تطلق مبادرة مبتكرة لتقليل الانبعاثات الكربونية في قطاع النقل,مشهد من تدشين المبادرة الجديدة، حيث يجتمع مجموعة من الخبراء والمختصين في مجال البيئة والنقل لمناقشة استراتيجيات التخفيف من انبعاثات الكربون في العاصمة القطرية الدوحة (موقع وزارة البيئة القطرية).,بيئة,قطر
427,القاهرة تستضيف مؤتمرًا دوليًا حول الأمن الغذائي بمشاركة 30 دولة,وفود المشاركين من مختلف الدول تتجمع في قاعة المؤتمر بالعاصمة المصرية لمناقشة التحديات الراهنة للأمن الغذائي في العالم العربي (رويترز),سياسة,مصر
428,لبنان يطلق منصة تعليمية جديدة لتعزيز المهارات الرقمية لدى الشباب,وزير التربية اللبناني خلال إطلاق المنصة الجديدة التي تهدف إلى تطوير المهارات الرقمية لدى الطلاب والشباب في لبنان (الوكالة الوطنية للإعلام),تعليم,لبنان
429,الجزائر تطلق برنامجًا لتعزيز اللغة الأمازيغية في المدارس,وزارة التربية الوطنية الجزائرية تعلن عن إدراج اللغة الأمازيغية كمادة دراسية أساسية في المناهج التعليمية، بهدف تعزيز الهوية الثقافية والتنوع اللغوي في البلاد (الوكالة الرسمية).,تعليم,الجزائر
430,مدارس لبنان تحتضن مبادرة جديدة لتعزيز التعليم الفني والمهني,طلاب خلال ورشة عمل في مركز تدريب مهني ببيروت، يكتسبون مهارات جديدة في مجالات الخياطة والنجارة (الجزيرة),تعليم,لبنان
431,العراق يفتتح أول مدرسة متخصصة في علوم البيئة لتحقيق التنمية المستدامة,طلاب في المدرسة الجديدة يتفاعلون مع أنشطة تجريبية حول حماية البيئة (وكالة الأنباء العراقية),تعليم,العراق
432,السعودية تطلق مبادرة جديدة لاستدامة الغابات لتعزيز التنوع البيولوجي,مجموعة من المتطوعين يزرعون الأشجار في إحدى المناطق الجبلية في عسير، حيث تمثل المبادرة جزءاً من جهود الحكومة لحماية البيئة وزيادة المساحات الخضراء. (الجزيرة),بيئة,السعودية
433,قطر تطلق برنامجاً تعليمياً جديداً لتعزيز مهارات القرن الواحد والعشرين,وزير التعليم والتعليم العالي في قطر خلال إطلاق البرنامج الجديد في مؤتمر صحفي بالعاصمة الدوحة، والذي يهدف إلى تجهيز الطلاب لمتطلبات سوق العمل المعاصر (الجزيرة),تعليم,قطر
434,المنتخب العراقي يحقق فوزًا مستحقًا على عُمان في التصفيات المونديالية,لاعبو المنتخب العراقي يحتفلون بتسجيل الهدف الثاني خلال مباراة التصفيات المؤهلة لكأس العالم في ملعب مدينة البصرة الرياضية، 5 نوفمبر 2023. (إ ف ي),رياضة,العراق
435,عمان تطلق حملة وطنية للتوعية بصحة الأسنان بين الأطفال,أطباء أسنان يقومون بفحص أسنان الأطفال في إحدى المدارس العمانية خلال حملة التوعية بصحة الفم والأسنان التي تهدف إلى تعزيز العناية الصحية في المجتمع (العمانية),صحة,عُمان
436,"""العراق يطلق مشروع التعليم الإلكتروني لتعزيز المهارات الرقمية في المدارس""",طلاب يستخدمون الحواسيب في أحد الفصول الدراسية الحديثة ضمن مشروع التعليم الإلكتروني في العراق (الفرنسية),تعليم,العراق
437,القاهرة تستضيف القمة العربية الرياضية لتعزيز التعاون بين الدول الأعضاء,لافتة كبيرة تحمل شعار القمة العربية الرياضية في القاهرة، تظهر وسط حشد من المشاركين من مختلف الدول العربية (الأناضول),سياسة,مصر
438,انطلاق حملة شجرية جديدة في جبال لبنان لتعزيز التنوع البيولوجي,متطوعون لبنانيون يزرعون شتلات الأشجار في منطقة جبلية، مع التركيز على أهمية الحفاظ على البيئة الطبيعية (الأناضول),بيئة,لبنان
439,المنتخب العراقي يحقق فوزاً مثيراً على نظيره الأردني في تصفيات كأس آسيا,لحظة احتفال لاعبي منتخب العراق بعد تسجيل الهدف الثاني في شباك الأردن خلال المباراة التي أقيمت في بغداد (وكالة الأنباء العراقية),رياضة,العراق
440,المغرب يطلق مشروعا عملاقا للطاقة الشمسية في الصحراء الكبرى,مزرعة شمسية شاسعة في قلب الصحراء المغربية، تتلألأ تحت أشعة الشمس، مع توربينات الرياح في الخلفية (غيتي),طاقة,المغرب
441,المغرب يسعى لتعزيز حقوق المرأة من خلال تشريعات جديدة لمكافحة العنف,وزيرة التضامن والإدماج الاجتماعي تحضر ورشة عمل بالرباط حول القوانين الجديدة التي تهدف لحماية النساء من العنف الأسري وتعزيز المساواة في المجتمع (رويترز),قضايا اجتماعية,المغرب
442,"""تفعيل برنامج التعليم المهني بمدارس حلب لتعزيز مهارات الشباب""",طلاب يتلقون تدريبًا عمليًا في ورشة عمل مهنية بأحد مدارس حلب، حيث يساهم البرنامج في تجهيزهم للوظائف المستقبلية (المصدر: وكالة الأنباء السورية).,تعليم,سوريا
443,الكويت تعلن عن خطوات جديدة لدعم الاقتصاد الوطني وتحفيز الاستثمارات الأجنبية,وزير المالية الكويتي خلال مؤتمر صحفي يشرح السياسات الجديدة لجذب الاستثمارات وتحفيز النمو الاقتصادي (كونا),سياسة,الكويت
444,جزر القمر تطلق مشروعاً رائداً للحفاظ على التنوع البيولوجي البحري,غواصون يقومون بدراسة النظام البيئي تحت الماء في أحد المحميات البحرية بجزر القمر، وسط بروز الشعاب المرجانية الملونة (وكالة الأنباء القمرية),بيئة,جزر القمر
445,انطلاق بطولة الإمارات الدولية للشطرنج بهدف تعزيز الثقافة الذهنية,لاعبو الشطرنج يتنافسون في أجواء حماسية خلال الجولة الأولى من البطولة، وسط حضور جماهيري متميز في مركز أبوظبي الوطني للمعارض (وام),رياضة,الإمارات
446,الأردن يسجل أعلى حصيلة إصابات يومية بكورونا منذ عدة أشهر وسط تحذيرات من موجة جديدة,فرق طبية تقوم بفحص المتسوقين في أحد الأسواق الشعبية في عمان ضمن إجراءات مكثفة لمكافحة انتشار الفيروس (الأردن اليوم),حوادث,الأردن
447,لبنان يستعد لإطلاق أول منصة إلكترونية للمدفوعات الرقمية,صورة تظهر فريق عمل لبناني يعمل على تطوير البرمجيات في مختبرات التكنولوجيا الحديثة ببيروت (الجزيرة),تقنية,لبنان
448,برنامج تعليمي إماراتي جديد لتعزيز مهارات البرمجة لدى الشباب,مجموعة من الطلاب في ورشة عمل تفاعلية يتعلمون البرمجة باستخدام الحواسيب المحمولة في أحد المراكز التعليمية بأبوظبي. (مواقع التواصل),تعليم,الإمارات
449,انطلاق مهرجان التكنولوجيا والابتكار في نواكشوط بمشاركة عديد الشركاء الدوليين,جماهير غفيرة من الشباب والمهتمين يجتمعون في مركز المعارض بنواكشوط لحضور فعاليات مهرجان التكنولوجيا والابتكار، وسط أجواء من الحماس والتفاعل (مراسلون).,تقنية,موريتانيا
450,مهرجان فاس للفنون يسلط الضوء على ثقافة الشمال الإفريقي,مجموعة من الفنانين المغاربة في عرض حي للرقص الشعبي خلال مهرجان فاس للفنون، والذي يحتفي بمواهب الشمال الإفريقي ويجمع بين الفنون التشكيلية والموسيقية (الأناضول),ثقافة,المغرب
451,السعودية تطلق صندوق استثماري جديد لدعم المشاريع الصغيرة والمتوسطة,الوزير المسؤول عن قطاع الاستثمار يتحدث في مؤتمر إطلاق صندوق المشاريع الصغيرة بابتسامة، محاطاً بمجموعة من رواد الأعمال السعوديين (الجزيرة),اقتصاد,السعودية
452,نادي شباب الخليل يتأهل لنهائي كأس فلسطين بعد انتصاره المثير على بلاطة,لاعبو نادي شباب الخليل يحتفلون بعد تسجيل هدف الفوز في مباراة نصف النهائي، وسط أجواء حماسية في ملعب الحسين يوم أمس (الأونروا),رياضة,فلسطين
453,انفجار قوي يهز معسكرات النازحين في طرابلس ويوقع ضحايا,آثار الدمار والخراب تظهر في أحد معسكرات النازحين وسط طرابلس بعد الانفجار الذي استهدف المنطقة، بينما يتجمع السكان المحليون للبحث عن المفقودين (الجزيرة).,حوادث,ليبيا
454,جزر القمر تحتفل باليوم الوطني للتنمية المستدامة وسط تأكيد على أهمية حماية البيئة,مجموعة من الشباب في جزر القمر يشاركون في فعالية توعوية حول الاستدامة البيئية، حيث يتم تقديم شتلات النباتات المحلية (الأناضول),مجتمع,جزر القمر
455,سوريا تحتفل بإطلاق مهرجان الأدب العربي في مدينة حلب,مشهد من افتتاح مهرجان الأدب العربي في حلب، حيث اجتمع كتّاب وشعراء من مختلف الدول العربية لتبادل الأفكار والآراء الأدبية (الجزيرة),ثقافة,سوريا
456,السودان يطلق مبادرة لتنمية التكنولوجيا الزراعية وتعزيز الأمن الغذائي,وفد رسمي يشارك في فعالية إطلاق المبادرة الجديدة للزراعة الذكية في الخرطوم، حيث تظهر خلفهم نماذج للتكنولوجيا المستخدمة في الزراعة (الجزيرة),تقنية,السودان
457,الحكومة المصرية تطلق مبادرة لتسهيل التحول الرقمي في المؤسسات الحكومية,وزير الاتصالات المصري خلال المؤتمر الصحفي لإطلاق المبادرة في مقر الوزارة بالقاهرة، وسط تفاعل من الحضور وممثلي الإعلام (الجزيرة),تقنية,مصر
458,قافلة مساعدات إنسانية تصل إلى إدلب بعد أشهر من الانتظار,شاحنات تحمل مساعدات غذائية وطبية تُفرغ حمولتها في مركز توزيع بإدلب، وسط فرحة السكان الذين ينتظرون هذه الإمدادات بفارغ الصبر (الجزيرة),مجتمع,سوريا
459,قطر تستضيف بطولة العالم للسباحين تحت 16 عاماً في إنجاز رياضي جديد,السباحون يتنافسون في ختام البطولة التي جمعت أفضل المواهب الشابة حول العالم بمجمع حمد للسباحة في الدوحة (الجزيرة),رياضة,قطر
460,وزير الطاقة السوري: 30% زيادة في إنتاج الكهرباء بحلول منتصف 2024,عمال في محطة توليد الكهرباء الجديدة في حمص يقومون بتركيب المعدات الحديثة لتوسيع القدرة الإنتاجية (الأناضول),طاقة,سوريا
461,انطلاق بطولة ليبيا المفتوحة للتنس بمشاركة 32 لاعبا محترفا,مجموعة من اللاعبين يتنافسون في اليوم الأول من بطولة ليبيا المفتوحة للتنس، تحت إشراف الاتحاد الليبي للعبة (الجزيرة).,رياضة,ليبيا
462,منتخب السودان للشباب يحقق فوزاً تاريخياً على غانا في كأس أفريقيا تحت 20 عاماً,لاعبو منتخب السودان للشباب يحتفلون بعد تسجيل هدف الفوز خلال المباراة المثيرة ضد منتخب غانا، في مباراة نصف نهائي كأس أفريقيا تحت 20 عاماً المقامة في الخرطوم. (رويترز),رياضة,السودان
463,تزايد حالات العنف الأسري في جزر القمر وسط دعوات لتحسين التشريعات القانونية,ناشطون في جزر القمر يرفعون لافتات تطالب بحماية النساء والأطفال من العنف الأسري خلال مظاهرة حاشدة أمام البرلمان (مواقع التواصل),قضايا اجتماعية,جزر القمر
464,تونس تطلق مشروعاً جديداً لتعزيز الاستثمارات الخضراء وتحقيق الاستدامة الاقتصادية,وزيرة الاقتصاد التونسية تُعلن تفاصيل المشروع في مؤتمر صحفي بحضور ممثلين عن مؤسسات دولية ومجتمع مدني (وكالات),اقتصاد,تونس
465,تونس تطلق منصة إلكترونية جديدة لتعزيز ريادة الأعمال في القطاع التكنولوجي,احتفالية إطلاق المنصة بحضور عدد من رواد الأعمال والنقابات التكنولوجية في تونس (أنباء تونس),تقنية,تونس
466,"""مشاريع مستدامة في ليبيا: مبادرات شابة لمواجهة التحديات البيئية""",مجموعة من الشباب الليبيين يشاركون في زرع الأشجار في إحدى المناطق الصحراوية لتعزيز الجهود الرامية لمكافحة التصحر (إعلام محلي),قضايا اجتماعية,ليبيا
467,موريتانيا تسجل انخفاضاً ملحوظاً في حالات الإصابة بالملاريا خلال العام الجاري,عمال في المجال الصحي يقومون بتوزيع الناموسيات المعالجة بمبيدات الحشرات في قرية نائية من موريتانيا، ضمن حملة للحد من انتشار الملاريا (الأخبار الموريتانية),صحة,موريتانيا
468,الإمارات تستضيف قمة الطاقة الشمسية الدولية لتعزيز التعاون الإقليمي,قادة دول ومنظمات عالمية يجتمعون في أبوظبي لمناقشة سبل تعزيز استخدام الطاقة الشمسية وتطبيقاتها في المنطقة العربية (الجزيرة),طاقة,الإمارات
469,جزر القمر تطلق مبادرة جديدة لتعزيز الابتكار الرقمي في التعليم,وزير التعليم في جزر القمر خلال مؤتمر صحفي يعلن عن إطلاق المبادرة في العاصمة موروني، حيث يجلس المشاركون في الخلفية يناقشون الخطط المستقبلية (وكالة الأنباء القمرية),تقنية,جزر القمر
470,"""تقنية جديدة في الجامعات الفلسطينية لتعزيز التعلم عن بُعد""",مجموعة من الطلاب في جامعة فلسطينية يستخدمون الحواسيب اللوحية خلال محاضرة تعليمية عن بُعد، حيث تعكس شاشاتهم تفاعلات حية مع المحاضرين من دول مختلفة (الأهرام),تقنية,فلسطين
471,انطلاق مؤتمر تكنولوجيا المعلومات والاتصالات في عمّان بمشاركة 150 شركة عربية ودولية,قاعة المؤتمر في عمّان مكتظة بالمتحدثين والمشاركين من مختلف الدول، حيث يتم مناقشة أحدث الابتكارات في مجال التكنولوجيا والتواصل الرقمي (الجزيرة).,تقنية,الأردن
472,المغرب يطلق حملة وطنية للتوعية بمخاطر السكري وسط تزايد الإصابات,أطباء مغاربة يقومون بتقديم استشارات طبية للمواطنين في أحد المراكز الصحية خلال انطلاق الحملة الوطنية للتوعية بأثر مرض السكري (موقع وزارة الصحة المغربية).,صحة,المغرب
473,زيادة ملحوظة في برامج التوعية الصحية للفتيات في قطر,مشاركة فتيات في ورشة عمل توعوية تتعلق بالصحة النفسية، حيث يتحدث مختصون عن أهمية الصحة العقلية في حياة الشباب (الجزيرة),قضايا اجتماعية,قطر
474,ارتفاع حالات الإصابة بالأمراض المزمنة في شمال سوريا نتيجة نقص الخدمات الصحية,طبيب سوري يتفقد جهاز قياس الضغط في إحدى العيادات الميدانية التي تعاني من نقص المعدات الأساسية والدواء (الجزيرة),صحة,سوريا
475,السودان يشهد تزايداً في التصحر وسط مخاوف من تأثيرات التغير المناخي,مشهد يُظهر الأراضي الزراعية المتصحرة في منطقة النيل الأزرق، حيث يعاني المزارعون من انخفاض الإنتاج بسبب قلة المياه (الأخبار السودانية),بيئة,السودان
476,"""الابتكار المجتمعي"" في الإمارات يحتفل بإطلاق أول منصة للشباب لتعزيز الممارسة التطوعية",مجموعة من الشباب المشاركين في الفعالية، متجمعين حول المنصة الجديدة، يتبادلون الأفكار حول المبادرات التطوعية والإسهامات الاجتماعية (الإمارات اليوم),مجتمع,الإمارات
477,سوريا تعلن عن بدء مشروع طاقة شمسية ضخم لتلبية احتياجاتها من الكهرباء,مهندسون سوريون يعملون في موقع تركيب الألواح الشمسية في إحدى المناطق الريفية، في خطوة تهدف لتعزيز الاعتماد على الطاقة المتجددة وتقليل الانقطاعات الكهربائية. (رويترز),طاقة,سوريا
478,"مهرجان ""صوت البحر"" يضيء سماء اللاذقية بأصوات الموسيقى الشعبية","فرقة موسيقية تؤدي عرضاً حياً على شاطئ البحر في اللاذقية خلال مهرجان ""صوت البحر""، مع خلفية لموجات البحر وشغف الحضور بالأجواء الاحتفالية (وكالة الأنباء السورية).",ثقافة,سوريا
479,جهود كويتية لتعزيز الثقافة البيئية في المدارس عبر ورش عمل تفاعلية,أطفال كويتيون يشاركون في ورشة عمل عن إعادة التدوير في مدرسة ابتدائية، حيث يتعلمون كيفية تحويل النفايات إلى مواد مفيدة (مواقع التواصل الاجتماعي).,مجتمع,الكويت
480,ارتفاع نسبة التلوث في بيروت يثير مخاوف المواطنين والبيئيين,مشهد ضبابي يخيّم على العاصمة اللبنانية نتيجة تلوث الهواء، مع حركة المرور الكثيفة في الشوارع (الأناضول),بيئة,لبنان
481,جزر القمر تحتفل باليوم الوطني للثقافة بفنون تقليدية وموسيقية حية,فعاليات احتفالية في موروني تتضمن عروضًا للرقص التقليدي والموسيقى المحلية بمشاركة الفنانين المحليين (الصحافة القمرية),ثقافة,جزر القمر
482,سوريا تتجه نحو تنويع مصادر الطاقة المتجددة في مسعى لمواجهة أزمة الكهرباء,موظف يعمل في محطة للطاقة الشمسية بسوريا، حيث تسعى الحكومة لتعزيز استخدام الطاقة المتجددة لتقليل الاعتماد على الوقود الأحفوري (الأناضول),طاقة,سوريا
483,عُمان تُطلق حملة نظافة وطنية لحماية البيئة البحرية وتعزيز السياحة,متطوعون محليون يشاركون في حملات التنظيف على سواحل عُمان، حيث تبرز أكوام من النفايات البلاستيكية التي تم جمعها خلال الفعالية (الأناضول),بيئة,عُمان
484,السودان يطلق حملة وطنية لحماية الغابات من التصحر,متطوعون يعملون على زراعة أشجار جديدة في منطقة غابة النيل الأزرق، خلال حملة محلية لمكافحة التصحر وتعزيز الغطاء النباتي، السبت الماضي. (الأناضول),بيئة,السودان
485,معرض فنون شعوب العالم ينطلق في دبي بمشاركة 30 دولة,زوار يتجولون في أروقة المعرض حيث تعرض لوحات فنية تعكس ثقافات متنوعة من مختلف دول العالم (رويترز),ثقافة,الإمارات
486,الجزائر تعزز جهودها لحماية الأنواع المهددة بالانقراض في الحدائق الوطنية,"فريق من الخبراء البيئيين يقومون بإجراء دراسة ميدانية حول تنوع الأنواع في حديقة "" snem"" الوطنية، حيث تم رصد عدد من الأنواع المهددة بالانقراض (الجزيرة).",بيئة,الجزائر
487,حريق هائل يلتهم مصنعا في الدار البيضاء ويخلف أضرارا جسيمة,فرق الإطفاء تعمل على السيطرة على الحريق الذي اندلع في المصنع، بينما تظهر أعمدة الدخان الكثيف ترتفع في السماء، مما يؤثر على البيئة المحيطة (وكالات).,حوادث,المغرب
488,جزر القمر تحتفل بإطلاق مشروع جديد لتنمية السياحة البيئية,مجموعة من السياح يستمتعون بجمال الشواطئ النقية في جزر القمر بينما يستمعون لشرح عن التنوع البيولوجي في المنطقة (مصور محلي),مجتمع,جزر القمر
489,تصاعد أثر العنف الأسري في المجتمع الموريتاني: مبادرات لتعزيز الوعي,مجموعة من الناشطات الموريتانيات يحملن لافتات تدعو لإنهاء العنف الأسري خلال مسيرة حاشدة في العاصمة نواكشوط (الأناضول),قضايا اجتماعية,موريتانيا
490,فريق العدالة السعودي يفوز بكأس السوبر الآسيوي بعد مباراة مثيرة,لاعب من فريق العدالة السعودي يحتفل بتسجيل الهدف الحاسم في مرمى الفريق المنافس خلال مباراة كأس السوبر الآسيوي في استاد الملك فهد بالرياض، حيث تجمهر الآلاف من المشجعين للاحتفال بهذا الإنجاز التاريخي (الجزيرة).,رياضة,السعودية
491,جزر القمر تحتفل بالذكرى السنوية لاستقلالها وسط توترات سياسية,عائلات تحتفل في أحد الساحات الرئيسية بالجزيرة الرئيسية أثناء مراسم إحياء الذكرى، مع رفع الأعلام الوطنية والتعبير عن الفخر الوطني في أجواء مفعمة بالحماسة (الجزيرة).,سياسة,جزر القمر
492,فلسطين تطلق مشروعاً جديداً للطاقة الشمسية لتعزيز الاستدامة البيئية,بدء العمل في محطة الطاقة الشمسية الجديدة بفلسطين، حيث تظهر الألواح الشمسية الممتدة على الأرض مع الطاقم الفني يتابع مراحل التركيب (الجزيرة).,طاقة,فلسطين
493,جيبوتي تطلق مشروعاً جديداً لتعزيز السياحة البيئية في المنطقة,مناظر خلابة لشواطئ جيبوتي وأماكنها الطبيعية، حيث تضمن المشروع الجديد سياحة مستدامة تحافظ على التنوع البيولوجي (شترستوك),اقتصاد,جيبوتي
494,سلطنة عُمان تستضيف القمة العربية الأولى للمناخ لتعزيز التعاون الإقليمي,وزراء البيئة العرب يتناقشون حول التحديات المناخية في قاعة المؤتمر بمسقط، بحضور ممثلين عن الأمم المتحدة (الأمانة العامة لمؤتمر القمة).,سياسة,عُمان
495,انفجار في مصنع للكيماويات بمصر يسفر عن إصابة 8 أشخاص,رجال الإطفاء يحاولون السيطرة على النيران المشتعلة في مصنع للكيماويات بعد الانفجار، بينما تتصاعد سحب الدخان الكثيفة في السماء (الأهرام),حوادث,مصر
496,قطر تطلق مبادرة جديدة للحفاظ على التنوع البيولوجي في المناطق الساحلية,صورة جوية لجزء من ساحل قطر حيث تظهر المساحات الخضراء التي تم إعادة تأهيلها، مع وجود فرق العمل البيئي في الموقع (الفرنسية).,بيئة,قطر
497,"""الكويت تستضيف مؤتمر الأمن الإقليمي لتعزيز التعاون ومكافحة الإرهاب""",وزراء الخارجية العرب خلال جلسة الافتتاحية لمؤتمر الأمن الإقليمي في الكويت، حيث تم مناقشة التحديات الأمنية المشتركة (الجزيرة),سياسة,الكويت
498,الحكومة السورية تكشف عن مشروع توسيع شبكة الطاقة المتجددة في شمال البلاد,وزير الكهرباء السوري يعرض المخطط الجديد لمشروع الطاقة الشمسية في مؤتمر صحفي بمدينة حلب، مشيراً إلى الأهداف الطموحة لتعزيز الاعتماد على مصادر الطاقة المتجددة. (الوكالة السورية للأنباء),طاقة,سوريا
499,"""عمان تطلق حملة وطنية للتوعية بأهمية الصحة النفسية بين الشباب""",مجموعة من الشباب العماني خلال ورشة عمل حول الصحة النفسية، حيث يتم تبادل التجارب والدروس المستفادة مع مختصين نفسيين في أحد المراكز الثقافية (تويتر).,قضايا اجتماعية,عُمان
500,مبادرة جديدة لتحسين ظروف حياة الأسر الفلسطينية في المخيمات,أطفال فلسطينيون يلعبون بين خيام المخيم، بينما تتوزع في الخلفية لافتات توعية تتعلق بالصحة النفسية والدعم الاجتماعي في إطار حملة لتحسين ظروف حياتهم (الجزيرة).,قضايا اجتماعية,فلسطين
501,حملة تطوعية لزراعة الأشجار المثمرة في لواء الكورة لمواجهة التصحر,متطوعون وأطفال يشاركون في غرس شتلات الزيتون بمحاذاة أحد الوديان في ريف إربد (الجزيرة),بيئة,الأردن
502,"مهرجان ""عيون القيروان"" يحتفي بفن الزخرفة الحديثة وسط إقبال جماهيري واسع",فنانة تونسية تضع اللمسات الأخيرة على لوحة زخرفية معروضة أمام الزوار في معرض القيروان (الصحافة التونسية),ثقافة,تونس
503,الصومال تعلن اكتشاف حقل نفطي جديد قبالة سواحل بونتلاند,منصة تنقيب بحرية ترفع العلم الصومالي قبالة شواطئ مدينة بوصاصو، حيث تجري أعمال المسح الجيولوجي لاكتشاف الحقل النفطي الجديد (وكالات),اقتصاد,الصومال
504,الاتحاد المغربي لكرة القدم يعلن عن إطلاق برنامج تطوير البنية التحتية للملاعب القروية,مجموعة من الأطفال يركضون خلف الكرة على ملعب ترابي في قرية نائية بإقليم سطات، بينما يشرف مهندس وموظف من الاتحاد على تقييم أرضية الملعب (رويترز),رياضة,المغرب
505,الكويت تطلق برنامجاً لتمويل الشركات الصغيرة في مجال الزراعة المائية,مزارعون كويتيون يعاينون أحواض الزراعة المائية الجديدة داخل إحدى المنشآت الحديثة في منطقة الوفرة جنوب البلاد (تصوير: صحيفة القبس),اقتصاد,الكويت
506,عُمان تطلق حملة وطنية للوقاية من السمنة بين الأطفال في المدارس,طلاب وطالبات يشاركون في فعاليات رياضية ضمن حملة توعوية في إحدى مدارس مسقط (الوكالة العمانية),صحة,عُمان
507,شباب القصيم يتوج بطلاً لدوري كرة قدم الصالات للمرة الأولى في تاريخه,لاعبو شباب القصيم يحتفلون بالكأس وسط تشجيع جماهيري في صالة رياضية بمدينة بريدة (واس),رياضة,السعودية
508,حريق ضخم يلتهم مستودع أثاث في منطقة الصناعية بالدوحة دون تسجيل إصابات,رجال إطفاء قطريون يعملون لساعات للسيطرة على ألسنة اللهب المتصاعدة من المستودع المحترق (الدوحة – وكالة الأنباء القطرية),حوادث,قطر
509,"غزة.. أمهات يطلقن مبادرة ""أمل العائدين"" لدعم الأسر المتضررة من فقدان المساكن",ثلاث سيدات يجلسن أمام خيمة مؤقتة، يُوزعن وجبات ساخنة على الأطفال في أحد أحياء شمال غزة (الجزيرة),قضايا اجتماعية,فلسطين
510,أزمة في بطولة كرة الطائرة التونسية بعد انسحاب فريقين احتجاجاً على قرارات التحكيم,لاعبون من ناديي المستقبل الرياضي بالمرسى وصفاقس يغادرون ملعب قاعة الرائد البجاوي بصفاقس وسط حالة من الفوضى، فيما يحاصر بعض المشجعين الطاقم التحكيمي على جانب الملعب، ووجوههم تعكس الغضب والاستياء (الصورة خاصة بالجزيرة).,رياضة,تونس
511,حادث تصادم مروع بين شاحنتين يوقف حركة السير على طريق العين – الفقع,رجال الدفاع المدني والإسعاف أثناء محاولتهم إخراج السائقين من مركبتي الشحن المتضررتين على جانب الطريق بمنطقة العين (وام),حوادث,الإمارات
512,البرلمان المغربي يناقش مشروع قانون لتوسيع صلاحيات الجهات المحلية,أعضاء مجلس النواب المغربي خلال جلسة نقاش حامية حول مشروع القانون الجديد في الرباط,سياسة,المغرب
513,تراجع أسعار العقارات التجارية في الدوحة يثير قلق المستثمرين المحليين,أبراج مكاتب تجارية بوسط العاصمة القطرية تعكس انخفاض الطلب مقارنة بالسنوات السابقة (رويترز),اقتصاد,قطر
514,مدارس الجنوب اللبناني تقاوم النزوح.. مبادرات لإبقاء الطلاب في مقاعدهم رغم المخاطر,معلمة تقف وسط أطفال يرفعون كتبهم داخل فصل دراسي مؤقت بمدرسة في إحدى بلدات قضاء بنت جبيل جنوب لبنان، وقد بدت آثار القلق على ملامح الجميع وسط استعدادات لمواصلة العام الدراسي رغم الأوضاع الأمنية (الجزيرة),تعليم,لبنان
515,البحرين تطلق منطقة حرة لوجستية جديدة قرب ميناء خليفة بن سلمان لجذب الاستثمارات الأجنبية,مسؤولون بحرينيون خلال مراسم تدشين المنطقة الحرة الجديدة بمحاذاة الحاويات في ميناء خليفة بن سلمان، 19 يونيو/حزيران 2024 (رويترز),اقتصاد,البحرين
516,انطلاق ماراثون طرابلس الدولي بمشاركة عدائين من 12 دولة,متسابقون ينطلقون من خط البداية قرب ساحل طرابلس وسط تشجيع الجماهير (رويترز),رياضة,ليبيا
517,إغلاق مدارس جنوب لبنان مؤقتًا بسبب تصاعد إصابات الحمى القلاعية,ممرات مدرسية خالية في بلدة النبطية، وأبواب صفوف مغلقة بعد إعلان الإغلاق الوقائي (رويترز),مجتمع,لبنان
518,العنف المدرسي في الجزائر العاصمة.. ارتفاع غير مسبوق وتحذيرات من تداعياته الاجتماعية,أحد ممرات مدرسة ابتدائية خاوية بعد نهاية الدوام الدراسي في الجزائر العاصمة، حيث يؤرق العنف المتكرر أولياء الأمور والمعلمين (الجزيرة),قضايا اجتماعية,الجزائر
519,مبادرة يمنية لتطوير تطبيقات صحية تراقب الأوبئة في المناطق النائية,مبرمجون يمنيون يعملون على أجهزة الحاسوب المحمولة داخل مركز تكنولوجي صغير في صنعاء (الجزيرة),تقنية,اليمن
520,"مبادرة ""خطى العودة"" تشجع الشباب الفلسطيني على استكشاف قرى مهجّرة في الضفة الغربية",مجموعة من الشباب الفلسطينيين يتأملون أنقاض قرية دير ياسين خلال جولة نظمتها المبادرة (ناشطون فلسطينيون),مجتمع,فلسطين
521,السيول الموسمية تغمر حقول الفول السوداني وتهدد سبل معيشة المزارعين في سنار,مزارعون يقفون وسط مياه الفيضانات التي أغرقت محاصيلهم في ولاية سنار (وكالة الأنباء السودانية),بيئة,السودان
522,صيدليات دمشق تشهد نقصاً حاداً في أدوية الأمراض المزمنة مع اشتداد الأزمة الاقتصادية,أحد المواطنين يتفقد رفوف الأدوية الفارغة في صيدلية بوسط العاصمة السورية دمشق (الجزيرة),مجتمع,سوريا
523,الكويت تطلق حملة وطنية واسعة لتنظيف الشواطئ بعد تزايد مخلفات البلاستيك,متطوعون كويتيون يجمعون النفايات على شاطئ المسيلة خلال الحملة الوطنية لتنظيف السواحل (رويترز),بيئة,الكويت
524,الكويت تستضيف أول بطولة شاطئية لكرة اليد للسيدات بمشاركة إقليمية واسعة,لاعبات من فرق نسائية خليجية يتنافسن على الرمال بأجواء حماسية خلال افتتاح البطولة في الكويت (الجزيرة),رياضة,الكويت
525,"هل يغيّر ""اتفاق ترسيم الحدود البحرية"" وجه الاقتصاد اللبناني؟",اجتماع وفد التفاوض اللبناني مع مسؤولين من الأمم المتحدة في الناقورة، جنوب لبنان، لبحث الخطوات التنفيذية لاتفاق الترسيم (وكالة الأنباء اللبنانية),سياسة,لبنان
526,مجلس الشورى السعودي يناقش مشروع قانون جديد لتنظيم الجمعيات الأهلية,أعضاء مجلس الشورى خلال جلسة مناقشة بنود المشروع في الرياض (واس),سياسة,السعودية
527,تراجع منسوب المياه يهدد مزارع البن في مرتفعات يافع اليمنية,مزارعون يمنيون يقفون بين أشجار البن في حقول مرتفعة بمحافظة يافع، حيث تظهر تشققات في التربة وجفاف أجزاء من الأراضي الزراعية (رويترز),بيئة,اليمن
528,الحكومة الأردنية تطلق مبادرة لدعم مشاريع الشباب الريادية في المحافظات النائية,شباب أردنيون يقدمون عروضاً لمشاريعهم أمام لجنة تحكيم محلية في إحدى قاعات بلدة الكرك الجنوبية (رويترز),اقتصاد,الأردن
529,الترجي الأردني يتوج ببطولة كرة اليد بعد فوزه المثير على الحسين إربد,لاعبو الترجي يحتفلون بالكأس بينما تظهر علامات الحزن على وجوه لاعبي الحسين إربد في صالة الأميرة سمية بعمان (اتحاد كرة اليد الأردني),رياضة,الأردن
530,قطاع صيد الأسماك في مقديشو يواجه أزمة تسويق رغم وفرة الإنتاج,صيادون صوماليون يفرغون شباكهم على شاطئ العاصمة مقديشو وسط ازدحام قوارب تقليدية (رويترز),اقتصاد,الصومال
531,جيبوتي تبدأ تشغيل أول محطة عائمة لتحلية مياه البحر باستخدام الطاقة الشمسية,عاملون يشرفون على ألواح شمسية منصوبة فوق سطح محطة عائمة في ميناء جيبوتي الرئيسي (وكالة الأنباء الجيبوتية),طاقة,جيبوتي
532,مهرجان الشعر الشفهي يعود إلى مدينة بيدوا بمشاركة شعراء من أنحاء الصومال,شعراء صوماليون يرتدون أزياء تقليدية يتبادلون القصائد أمام جمهور متنوع في ساحة مفتوحة ببيدوا (الأناضول),ثقافة,الصومال
533,بغداد تكشف عن أول منصة إلكترونية لمراقبة جودة خدمات الإنترنت في المحافظات,مهندسون عراقيون يتابعون مؤشرات الاتصال وسرعة الشبكة عبر شاشات ضخمة في مركز مراقبة حديث ببغداد (الصور خاصة),تقنية,العراق
534,ارتفاع معدلات العمل الجزئي بين النساء الكويتيات يثير الجدل حول سياسات التوظيف,سيدات كويتيات يعملن في أحد الأسواق التجارية وسط مدينة الكويت (رويترز),قضايا اجتماعية,الكويت
535,شواطئ جزر القمر تواجه تحديات التلوث البلاستيكي وسط جهود مجتمعية للحد من الظاهرة,أكياس وزجاجات بلاستيكية متناثرة على أحد الشواطئ بالقرب من قرية فوتوماجي (الأناضول),بيئة,جزر القمر
536,انتشار حمى الضنك في مناطق جنوب المغرب يثير قلق السلطات الصحية,طاقم طبي يجري فحوصات ميدانية في أحد الأحياء السكنية بمدينة أكادير جنوب المغرب (وكالة المغرب العربي للأنباء),صحة,المغرب
537,ارتفاع نسب العنف الأسري في البحرين يدفع لجلسات حوارية مجتمعية جديدة,مجموعة من السيدات والرجال يجلسون في دائرة داخل قاعة بمركز اجتماعي في المنامة، أثناء مناقشتهم حلولاً لقضايا العنف الأسري (رويترز),قضايا اجتماعية,البحرين
538,أمطار غزيرة تتسبب في فيضانات مفاجئة ببلدات جنوب الصومال وتعرقل حركة السكان,منازل غمرتها المياه في إحدى قرى ولاية جوبا السفلى وسط محاولات الأهالي لإنقاذ ممتلكاتهم (رويترز),بيئة,الصومال
539,نادي النجم الساحلي يعلن تدشين أكاديمية جديدة لاكتشاف المواهب في صفاقس,ممثلون عن نادي النجم الساحلي والسلطات المحلية لحظة قص الشريط أمام بوابة الأكاديمية الجديدة بحضور أطفال وناشئين يرتدون زي الفريق (رويترز),رياضة,تونس
540,قطر تعلن اكتشاف حقل غازي جديد في بحر الشمال وتخطط لزيادة صادراتها,منصة تنقيب بحرية قطرية وسط الأمواج، حيث كشفت فرق العمل عن مواقع جديدة للاحتياطات الغازية (رويترز),اقتصاد,قطر
541,"مهرجان ""تاغيت للأدب والصحراء"" يحتفي بتراث الحكاية الشعبية في الجنوب الجزائري",مشاركات يرتدين الزي التقليدي يعرضن مشهداً مسرحياً مستلهماً من أساطير وادي الساورة وسط كثبان الرمال بتاغيت (الجزيرة),ثقافة,الجزائر
542,حملة جديدة للكشف المجاني عن السكري تستهدف القرى الريفية في محافظة الكرك,ممرضة تجهز معدات فحص السكر في الدم داخل عيادة متنقلة وسط إحدى قرى الكرك (وزارة الصحة الأردنية),صحة,الأردن
543,موجة جراد تدمر مساحات واسعة من المزارع في شمال كردفان,مزارعون سودانيون يحاولون إبعاد أسراب الجراد عن حقول الفول السوداني باستخدام أدوات تقليدية (رويترز),بيئة,السودان
544,مستشفيات مقديشو تشهد زيادة في حالات الكوليرا وسط تحذيرات من نقص الإمدادات الطبية,ممرضات يقدمن الرعاية لطفل مصاب بالكوليرا على سرير مستشفى مزدحم في إحدى منشآت العاصمة الصومالية مقديشو (رويترز),صحة,الصومال
545,افتتاح مهرجان وهران الدولي للأدب بمشاركة كتاب من المغرب العربي وأوروبا,الحضور يتابعون كلمة الافتتاح في قاعة مزينة بلوحات فنية وصور كتّاب جزائريين (الجزيرة),ثقافة,الجزائر
546,انخفاض منسوب سد بني هارون يثير مخاوف السكان في شرق الجزائر,قارب خشبي صغير راسٍ على أطراف سد بني هارون في ولاية ميلة، وقد انحسرت المياه بعيداً عن ضفافه بينما تظهر تشققات واضحة في الأرض الجافة المحيطة (رويترز),بيئة,الجزائر
547,ارتفاع معدلات الزواج المبكر في البادية الشمالية يثير قلق المنظمات الحقوقية الأردنية,شابة أردنية من البادية الشمالية تتحدث للصحافة عن تجربتها في الزواج المبكر داخل منزلها في قرية قضاء صبحا (رويترز),قضايا اجتماعية,الأردن
548,"انطلاق مبادرة ""شارعنا نظيف"" بمشاركة شبابية واسعة في أسيوط",مجموعة من المتطوعين الشباب يحملون أدوات التنظيف ويزينون أحد الشوارع الرئيسية في مدينة أسيوط ضمن فعاليات المبادرة المجتمعية (مواقع التواصل),مجتمع,مصر
549,افتتاح أول مدرسة تدمج التعليم البحري في مناهجها بالكويت لتنمية مهارات الطلاب,طلاب المدرسة يتعلمون أساسيات الملاحة على قارب تدريبي في مياه الخليج صباحاً (وكالة الأنباء الكويتية),تعليم,الكويت
550,"""بطولة شاطئية تجمع مواهب كرة القدم في مقديشو وتنعش الآمال برياضة الصومال""",مجموعة من الشبان يتنافسون على الرمال الذهبية لساحل مدينة مقديشو وسط تشجيع الأهالي في بطولة كرة القدم الشاطئية الأولى من نوعها (الجزيرة),رياضة,الصومال
551,بغداد تطلق أول منصة وطنية لتوثيق التراث المعماري رقمياً,خبراء عراقيون يستخدمون أجهزة مسح ضوئي ثلاثي الأبعاد في أحد بيوت بغداد القديمة ضمن مشروع توثيق التراث الرقمي (رويترز),تقنية,العراق
552,أبوظبي تعقد قمة تشاورية مع دول الساحل الأفريقي لتعزيز التعاون الأمني ومكافحة التهريب,وزراء خارجية الإمارات وعدة دول أفريقية خلال التوقيع على خارطة طريق مشتركة في العاصمة الإماراتية (وام),سياسة,الإمارات
553,تزايد هجرة الأطباء الشبان من تونس يثير قلق المجتمع الطبي,طبيب شاب يحمل حقيبته أثناء وداعه زملاءه في مطار تونس قرطاج الدولي، يونيو/حزيران 2024 (رويترز),قضايا اجتماعية,تونس
554,مبادرة مجتمعية لترميم المدارس المتضررة في سبها مع اقتراب الامتحانات النهائية,مجموعة من المتطوعين الشباب يحملون أدوات الصيانة وهم يعملون في إحدى المدارس القديمة بحي المنشية في سبها جنوب ليبيا. تظهر خلفهم جدران تحمل آثار التشققات وطلاء باهت.,مجتمع,ليبيا
555,حملة تطعيم واسعة للرضع في موروني عقب ارتفاع حالات الحصبة,ممرضة تقدم اللقاح لطفل رضيع في مركز صحي بضواحي العاصمة موروني، وسط متابعة دقيقة من ذويه (الجزيرة),صحة,جزر القمر
556,تونس تبحث عن حلول بديلة لمواجهة ارتفاع أسعار الحبوب العالمية,مزارعون تونسيون يجمعون سنابل القمح يدوياً في أحد الحقول شمال البلاد وسط توقعات بتراجع المحصول المحلي هذا العام (رويترز),اقتصاد,تونس
557,الجزائر تبحث عن دور إقليمي جديد في منطقة الساحل بعد التطورات النيجرية,وزير الخارجية الجزائري خلال اجتماعه مع دبلوماسيين أفارقة في الجزائر العاصمة (رويترز),سياسة,الجزائر
558,وزارة التربية التونسية تحدد معايير جديدة لاعتماد المدارس الخاصة,لجنة تفتيش تابعة لوزارة التربية تزور إحدى المدارس الخاصة في العاصمة تونس لتقييم التزامها بالمعايير الجديدة (الوكالة التونسية الرسمية),تعليم,تونس
559,ارتفاع صادرات زيت الزيتون الليبي إلى أسواق البحر المتوسط رغم تحديات القطاع,عمال يحضرون شحنات زيت الزيتون في أحد المصانع بمدينة الزاوية استعداداً للتصدير (رويترز),اقتصاد,ليبيا
560,المغرب يطلق أول شبكة وطنية لمراقبة جودة الهواء عبر أجهزة استشعار ذكية,تقنيون مغاربة يثبتون أجهزة استشعار جديدة على أحد أعمدة الإنارة في الدار البيضاء لمراقبة تلوث الهواء (رويترز),تقنية,المغرب
561,تراجع إنتاج زيت الزيتون يفاقم أزمة المزارعين في شمال لبنان,مزارع لبناني يتفقد أشجار الزيتون الجافة في سهل عكار إثر موسم حافل بالجفاف (الصحافة اللبنانية),اقتصاد,لبنان
562,عمان تُعلن عن أول مختبر بحري ذكي لمراقبة جودة المياه في سواحلها,باحثون عمانيون يستخدمون أجهزة استشعار متقدمة على أحد الأرصفة في ولاية صور لجمع بيانات حية عن نظافة الشواطئ (عمان نيوز),تقنية,عُمان
563,مدارس حمص الريفية تطلق مبادرة تعليمية لترميم الصفوف واكتشاف المواهب,طلاب من إحدى مدارس قرية دير فول في ريف حمص يشاركون في ورشة رسم أقيمت في قاعة صفية رُممت حديثاً ضمن مبادرة مجتمعية لدعم التعليم بالمناطق المتضررة (تصوير محلي),تعليم,سوريا
564,الإمارات تعتمد نظاماً جديداً للمصادقة الرقمية على الشهادات الجامعية اعتباراً من الخريف المقبل,موظفة في مركز خدمة حكومي بدبي تُسجّل بيانات خريج جامعي ضمن منصة التحقق الرقمي الجديدة (وام),تعليم,الإمارات
565,مبادرة شبابية تنشر ثقافة إعادة التدوير في أحياء دمشق القديمة,متطوعون شباب يجمعون مواد قابلة لإعادة التدوير من الشوارع بين الأزقة التاريخية للعاصمة (الجزيرة),مجتمع,سوريا
566,وفاة ثلاثة أشخاص إثر حادث تصادم مروّع على طريق أبها - الطائف,رجال الدفاع المدني يهرعون لإخراج المصابين من بين حطام سيارتين وسط تجمهر المواطنين (واس),حوادث,السعودية
567,مدارس الأرياف الموريتانية تعتمد التعليم السمعي للحد من التسرب الدراسي,تلاميذ يجلسون على حصائر تحت ظل شجرة يتابعون درساً عبر مكبر صوت في إحدى قرى ولاية غورغول (الجزيرة),تعليم,موريتانيا
568,سيول مفاجئة تجتاح عدة أحياء في معان وتعيق حركة السير لساعات,عناصر من الدفاع المدني الأردني يحاولون سحب مركبة غمرتها المياه وسط شارع رئيسي في مدينة معان (بترا),حوادث,الأردن
569,انطلاق بطولة دمشق الدولية لكرة الطاولة بمشاركة 12 دولة عربية وآسيوية,لاعبات سوريات يتنافسن في مباراة افتتاحية وسط حضور جماهيري في صالة مدينة الفيحاء الرياضية بالعاصمة دمشق (الوكالة العربية للأنباء),رياضة,سوريا
570,الأردنيات العاملات في المزارع يواجهن صعوبات في تأمين حقوقهن وسط ارتفاع البطالة,مجموعة من النساء يقمن بفرز المنتجات الزراعية في إحدى المزارع بمحافظة الشونة الجنوبية (الجزيرة),قضايا اجتماعية,الأردن
571,حريق يلتهم ثلاث ورش نجارة في وسط إربد والدفاع المدني يسيطر بعد ساعات,رجال الإطفاء يستخدمون خراطيم المياه لإخماد ألسنة اللهب وسط تصاعد الدخان الكثيف بين الأخشاب المتفحمة في إحدى الورش المتضررة (بترا),حوادث,الأردن
572,أزمة تسرب الطلاب من المدارس الرسمية تتفاقم في عكار.. ومبادرات أهلية لإعادة الأطفال إلى مقاعد الدراسة,أطفال يجلسون على جدار حضانة مهجورة في إحدى قرى عكار شمال لبنان، حقائبهم القديمة بين أقدامهم ينتظرون مبادرة نقلهم للمدرسة (الجزيرة),تعليم,لبنان
573,الكويت تدشن برنامج تدريب مدرسات اللغة الصينية في المدارس الثانوية الحكومية,معلمات كويتيات خلال جلسة تدريبية على أدوات تعليمية حديثة في معهد تربوي بمدينة الكويت (كونا),تعليم,الكويت
574,موريتانيا تدشن أول محطة هجينة للطاقة الشمسية والرياح في ولاية داخلة نواذيبو,توربينات رياح وألواح شمسية في قلب الصحراء شمال غرب موريتانيا (رويترز),طاقة,موريتانيا
575,"تدشين برنامج ""الموهوبيــن البحرينيين"" لدعم الابتكار الطلابي في المدارس الحكومية",مجموعة من الطلاب يعرضون مشاريع علمية مبتكرة أمام لجنة تحكيم بمدرسة ثانوية في المنامة (وزارة التربية والتعليم البحرينية),تعليم,البحرين
576,تونس تشدد الرقابة على استخدام المضادات الحيوية للحد من مقاومة البكتيريا,صيادلة تونسيون يراجعون عبوات أدوية خلف منضداتهم في أحد الصيدليات بشارع الحبيب بورقيبة في العاصمة تونس (الجزيرة),صحة,تونس
577,مدارس البحرين تتبنى برنامجاً للزيارات التاريخية لتعزيز الهوية الوطنية بين الطلاب,مجموعة من الطلاب يرتدون الزي المدرسي البحريني ويتجمعون حول مرشد في متحف قلعة البحرين (الجزيرة),تعليم,البحرين
578,واحات الباطنة تشهد مبادرة مجتمعية لترميم الأفلاج التاريخية,شباب متطوعون يعملون على تنظيف مجرى فلج في إحدى قرى محافظة شمال الباطنة ـ تصوير وكالة الأنباء العمانية,مجتمع,عُمان
579,انطلاق أول مبادرة لترميم بيوت الطين التاريخية في مدينة أطار لمواجهة آثار التغير المناخي,متطوعون من سكان أطار ينقلون الطين والحجارة بأيديهم لإعادة بناء أسطح وجدران البيوت التراثية وسط أجواء حماسية (وكالة الأخبار الموريتانية),قضايا اجتماعية,موريتانيا
580,انهيار سقف سوق شعبي في فاس يُخلّف إصابات بين الباعة والمتسوقين,فرق الإنقاذ المغربية تفتش بين أنقاض أحد أجنحة السوق بعد الحادثة (رويترز),حوادث,المغرب
581,مهرجان الحكاية في صنعاء يعيد إحياء التراث الشفهي اليمني,حكواتي يمني يرتدي الملابس التقليدية يروي قصة شعبية للأطفال في باحة قديمة بصنعاء القديمة (الوكالة اليمنية للأنباء),ثقافة,اليمن
582,تراجع أعداد طيور النحام الوردي في محمية آرغين يثير قلق علماء البيئة بموريتانيا,مجموعة من طيور النحام الوردي تحلق فوق مياه ضحلة في محمية آرغين الوطنية على الساحل الموريتاني، حيث تظهر خلفهم قوارب صيد تقليدية (وكالة الأنباء الموريتانية),بيئة,موريتانيا
583,أزمة الإنترنت تتفاقم في السودان.. شركات الاتصالات تناشد بإصلاح الكابلات البحرية,موظفون أمام مركز رئيسي لشركة اتصالات في الخرطوم ينتظرون دورهم للرد على استفسارات العملاء الغاضبين بشأن الأعطال المتكررة في خدمات الإنترنت (رويترز),تقنية,السودان
584,مواقع فحص طبي متنقلة تعزز الكشف المبكر عن السكري في قرى جنوب الجزائر,وحدة طبية متنقلة تقف أمام خيمة كبيرة في قرية أولاد جلال، يجتمع حولها سكان محليون ينتظرون دورهم للفحص (وزارة الصحة الجزائرية),صحة,الجزائر
585,"الإمارات تطلق مبادرة ""مدرستي في الحديقة"" للدمج بين التعليم والبيئة في مدارس العين",طالبات يدرسن في الهواء الطلق وسط أشجار كثيفة بحديقة عامة بمدينة العين، بإشراف معلمة تشرح درس العلوم (وام),تعليم,الإمارات
586,عُمان تعلن إطلاق منطقة صناعية متخصصة في التقنيات الخضراء بمحافظة جنوب الشرقية,صورة جوية لموقع المنطقة الصناعية المخطط له بالقرب من شاطئ صور بمحافظة جنوب الشرقية، حيث تظهر المساحات المخصصة للمنشآت الجديدة,اقتصاد,عُمان
587,انقلاب شاحنة وقود يتسبب بحريق هائل على طريق السويس الصحراوي,ألسنة اللهب تشتعل بالقرب من شاحنة مقلوبة وسط الطريق، بينما يهرع رجال الإطفاء لإخماد الحريق الكثيف تحت أنظار السائقين المتوقفين (رويترز),حوادث,مصر
588,ظهور سلحفاة نادرة في مياه بحيرة قارون يثير اهتمام علماء البيئة المصريين,السلحفاة البحرية النادرة قيد الرصد من قبل فريق بحثي في بحيرة قارون بمحافظة الفيوم (وزارة البيئة المصرية),بيئة,مصر
589,افتتاح أول مركز للتدريب المهني للفتيات في جزيرة أنجوان لتعزيز فرص العمل,مجموعة من الطالبات يتدربن على استخدام آلات الخياطة في قاعة دراسية حديثة بمركز التدريب المهني الجديد في موامبو (رويترز),تعليم,جزر القمر
590,جامعة تطوان تطلق برنامجاً جديداً لدعم الريادة الجامعية في القرى الجبلية,طلاب يجتمعون مع أساتذتهم في قاعة دراسية بجامعة تطوان شمال المغرب (الصحافة المغربية),تعليم,المغرب
591,"أسوان تطلق حملة موسعة لإزالة نبات ""ورد النيل"" من مجرى النيل حفاظاً على البيئة المائية",عمال محليون يزيلون كميات كثيفة من ورد النيل العائم بالقرب من حافة النهر في أسوان (تصوير مراسل الجزيرة),بيئة,مصر
592,"الإمارات تطلق مبادرة ""مدارس المستقبل"" لتطوير الفصول الذكية في المناطق الريفية",معلمة إماراتية تشرح درساً لتلاميذ في فصل حديث مجهز بأجهزة لوحية وسبورة تفاعلية بإحدى مدارس منطقة الظفرة (وام),تعليم,الإمارات
593,شباب صوماليون يطلقون مبادرة لتنظيف شواطئ مقديشو من النفايات البلاستيكية,"متطوعون من مبادرة ""بحرنا مسؤوليتنا"" يجمعون القوارير البلاستيكية من رمال شاطئ ليدو عند غروب الشمس (رويترز)",مجتمع,الصومال
594,الأردن يطلق أول شبكة وطنية لتسهيل خدمات الدفع الإلكتروني في المناطق الريفية,موظفة في أحد المراكز الريفية بالأردن تساعد سيدة مسنة على استخدام تطبيق هاتف لإجراء عملية دفع إلكترونية (بترا),تقنية,الأردن
595,مدارس جنوب ليبيا تعتمد تقويمًا دراسيًا جديدًا لمواجهة تأثيرات تغير المناخ,تلاميذ يتجمعون أمام إحدى مدارس مدينة سبها في صباح يوم دراسي ربيعي (الجزيرة),تعليم,ليبيا
596,البحرين تطلق حملة للكشف المبكر عن مرض السكري في المدارس الحكومية,طاقم طبي يجري فحوصات مجانية لطلاب مدرسة ابتدائية في العاصمة المنامة ضمن حملة التوعية الصحية (وزارة الصحة البحرينية),صحة,البحرين
597,السعودية تطلق أول بورصة إلكترونية لتجارة المعادن غير النفيسة,متداولون يراقبون شاشة تعرض أسعار المعادن في مقر البورصة الجديد بمدينة الدمام (الاقتصادية),اقتصاد,السعودية
598,جدة.. وفاة ثلاثة أشخاص وإصابة أربعة في انهيار مبنى سكني بحي النزلة اليمانية,فرق الدفاع المدني تبحث عن ناجين بين أنقاض المبنى المنهار بعد منتصف الليل في أحد أحياء جدة القديمة (واس),حوادث,السعودية
599,مهرجان الموسيقى الجبلية ينطلق في بشري بمشاركة فنانين شباب من مناطق لبنانية عدة,جمهور متحمس يتجمع أمام منصة مهرجان الموسيقى الجبلية في ساحة بلدة بشري شمال لبنان (رويترز),ثقافة,لبنان
600,موجة جفاف غير مسبوقة تهدد أرز الشلب في أهوار ذي قار,مزارعون من منطقة الجبايش يقفون وسط مساحات يابسة كانت فيما مضى حقول أرز الشلب المزدهرة، بينما تظهر شقوق عميقة في التربة وتتناثر جذوع نباتات ذابلة على الأرض (الفرنسية),بيئة,العراق
601,عُمان تدشّن أوّل مركز وطني لتوثيق التراث البحري رقمياً,باحثون عمانيون يفحصون مخطوطات بحرية قديمة باستخدام أجهزة تصوير ثلاثية الأبعاد في متحف بحري بمطرح,تقنية,عُمان
602,الصومال يطلق أول منصة إلكترونية مخصصة لتسويق المنتجات المحلية باللغات المحلية,مجموعة من الشبان الصوماليين يتصفحون حواسيبهم المحمولة داخل مركز تقني صغير في مقديشو، تظهر على الشاشات واجهات المنصة الجديدة المزينة بمنتجات يدوية تقليدية (رويترز),تقنية,الصومال
603,موريتانيا تطلق أكبر حملة لإعادة تأهيل غابات الأوكالبتوس لمواجهة التصحر,متطوعون يزرعون شتلات الأوكالبتوس على أطراف مدينة بوتلميت خلال فعاليات اليوم الوطني للغابات (وكالة الأنباء الموريتانية),بيئة,موريتانيا
604,جيبوتي تطلق أضخم حملة لتنظيف الشواطئ بعد ارتفاع معدلات التلوث البلاستيكي,متطوعون يرتدون سترات صفراء يجمعون النفايات البلاستيكية من شاطئ دوراليه الشهير في جيبوتي (رويترز),بيئة,جيبوتي
605,ارتفاع ملحوظ في حالات التسمم الغذائي بين أطفال الجنوب اللبناني مع تزايد موجات الحر,طاقم طبي يفحص أطفالاً في أحد مراكز الطوارئ بمدينة صور بعد نقلهم للاشتباه بتسمم غذائي (الجزيرة),صحة,لبنان
606,أزمة نقص أدوية السكري تثير قلقاً واسعاً بين المرضى في إربد,مواطنون يصطفون أمام صيدلية حكومية في وسط مدينة إربد بحثاً عن علاجات السكري اليومية (الجزيرة),صحة,الأردن
607,انقطاع مياه الشرب يهدد قرى شمال كردفان وسط احتجاجات شعبية,نساء وأطفال يصطفون حول صهريج ماء مؤقت في قرية نائية، يحملون أواني بلاستيكية انتظارا لملئها (الجزيرة),مجتمع,السودان
608,ارتفاع أسعار الذرة يشعل مخاوف الأسر في ولايات شرق السودان,سوق شعبية مزدحمة في كسلا تعرض أكياس الذرة البيضاء تحت أشعة الشمس (الفرنسية),اقتصاد,السودان
609,"نساء جزر القمر يطلقن حملة ""أيدينا في التراب"" لإنقاذ الزراعة التقليدية",سيدات قَمريات يرتدين أزياءً تقليدية ويمسكن بأدوات زراعية بسيطة في حقل مكشوف بجزيرة أنجوان، بينما تحيط بهن أشجار القرنفل والمانجو (رويترز),قضايا اجتماعية,جزر القمر
610,مدارس الطفيلة تواجه أزمة معلمين مع اقتراب الامتحانات النهائية,صف دراسي في إحدى مدارس محافظة الطفيلة جنوب الأردن يظهر فيه الطلاب دون معلم أثناء حصة دراسية صباحية (الجزيرة),تعليم,الأردن
611,انطلاق أول دوري نسائي لكرة القدم الشاطئية في الكويت,لاعبات من فرق كويتية يتبادلن التحية قبل صافرة البداية على شاطئ المسيلة في افتتاح البطولة الرسمية الأولى لكرة القدم الشاطئية للسيدات.,رياضة,الكويت
612,جيبوتي توقّع اتفاقية مع تركيا لتطوير ميناء جديد للحاويات وتعزيز التجارة الإقليمية,مسؤولون من وزارتي النقل الجيبوتية والتركية يتبادلون وثائق الاتفاقية خلال حفل توقيع رسمي في العاصمة جيبوتي (الوكالة الجيبوتية للأنباء),اقتصاد,جيبوتي
613,إنقاذ عشرات العائلات جراء انهيار منزل أثري في البلدة القديمة بنابلس,فرق الدفاع المدني الفلسطيني تفتش بين أنقاض المنزل المنهار في أحد أزقة نابلس الضيقة وسط تزاحم الأهالي وقلقهم (الفرنسية),حوادث,فلسطين
614,مدارس سودانية تعتمد نظام اليوم الطويل لتعويض الفاقد التعليمي في المناطق المتأثرة بالنزاع,تلاميذ يرتدون الزي المدرسي الجنوبي يجلسون في صفوف متفرقة بمدرسة ريفية مؤقتة في ولاية النيل الأزرق، بينما تشرح معلمة تمسك بكتاب مهترئ درس اللغة العربية (الجزيرة),تعليم,السودان
615,تراجع صادرات التمور العراقية يثير قلق المزارعين مع تصاعد تكاليف الإنتاج,عمال يفرزون التمور في إحدى بساتين محافظة البصرة جنوب العراق (الوكالة العراقية للأنباء),اقتصاد,العراق
616,المغرب يطلق حملة وطنية لزرع مليون شجرة زيتون في مناطق الأطلس لمواجهة التصحر,مزارعون يعكفون على غرس شتلات زيتون صغيرة في أحد حقول إقليم أزيلال، وعلى خلفيتهم جبال الأطلس الشامخة (الأناضول),بيئة,المغرب
617,سيدات النصر يحققن إنجازاً تاريخياً بالتأهل لنهائي دوري كرة القدم السعودي,لاعبات النصر يحتفلن بالفوز مع الجهاز الفني بعد صافرة النهاية في ملعب الأمير فيصل بن فهد بالرياض (الجزيرة),رياضة,السعودية
618,مسرح الشباب في بنغازي يعيد إحياء التراث الشفهي عبر عروض تفاعلية,ممثلون شباب يؤدون مشهداً تقليدياً مستوحى من الحكايات الشعبية الليبية أمام جمهور من الأطفال والعائلات داخل قاعة المسرح الوطني ببنغازي (الجزيرة),ثقافة,ليبيا
619,مبادرة طبية جديدة لفحص الاعتلال الكلوي بالمناطق الريفية في صعيد مصر,فريق من الأطباء يفحص مريضة مسنة داخل عيادة متنقلة بإحدى قرى محافظة سوهاج (الجزيرة),صحة,مصر
620,الجزائر تطلق مشروع الربط بالإنترنت عبر الألياف الضوئية في الأرياف الجنوبية,عامل جزائري يثبت كابل ألياف ضوئية جديد في إحدى قرى ولاية تمنراست جنوب الجزائر (النهار),تقنية,الجزائر
621,حملة واسعة لمكافحة الملاريا في ولايات موريتانيا الجنوبية بعد تزايد الإصابات,فرق طبية توزع ناموسيات وأدوية على سكان قرية قرب نهر السنغال في ولاية غورغول (المصدر المحلي),صحة,موريتانيا
622,جيبوتي تطلق مبادرة وساطة في أزمة البحر الأحمر لتعزيز الحوار الإقليمي,وزير الخارجية الجيبوتي يجتمع مع ممثلي دول البحر الأحمر في العاصمة جيبوتي (رويترز),سياسة,جيبوتي
623,غرق قارب صيد قبالة سواحل جيبوتي ومصرع أربعة صيادين وفقدان آخرين,فرق الإنقاذ الجيبوتية تبحث عن ناجين بالقرب من ميناء تاجورة عقب الحادث (رويترز),حوادث,جيبوتي
624,الكويت تبدأ مشاورات موسعة مع الأمم المتحدة بشأن الإصلاحات الدستورية,وزير الخارجية الكويتي خلال لقائه ممثلين عن الأمم المتحدة في مبنى الوزارة بالكويت العاصمة (كونا),سياسة,الكويت
625,جيبوتي تدشّن أول محطة بحرية لإنتاج الكهرباء من الطاقة الموجية,عمال فنيون يشرفون على تركيب أجهزة توليد كهرباء على ساحل جيبوتي المطل على البحر الأحمر (الوكالة الجيبوتية للأنباء),طاقة,جيبوتي
626,اتفاقية جديدة لتعزيز إنتاج الفانيليا تجذب استثمارات زراعية إلى جزر القمر,مزارع فانيليا في جزيرة أنجوان يستعرض محاصيل موسمه وسط اهتمام شركات تصديرية (الوكالة الوطنية للزراعة),اقتصاد,جزر القمر
627,انهيار مبنى سكني في طرابلس يُخلف قتلى وجرحى ويثير غضب السكان,رجال إنقاذ يعملون بين الأنقاض لمحاولة إخراج العالقين بعد انهيار مبنى قديم مكون من أربعة طوابق في منطقة باب التبانة بطرابلس (رويترز),حوادث,لبنان
628,"مشروع ""أرامكو الخضراء"" يطلق أول مزرعة ريحية بحرية لتوليد الكهرباء شمال جدة",شباك صيد تقليدية تلوح في الأفق خلفها توربينات الرياح الجديدة على ساحل البحر الأحمر (الجزيرة),طاقة,السعودية
629,متحف البحرين الوطني يطلق معرضاً لفنون اللؤلؤ التقليدية احتفاءً بتراث الغوص,قطع نادرة من حلي اللؤلؤ البحريني معروضة داخل قاعات متحف البحرين الوطني (رويترز),ثقافة,البحرين
630,رئيس الوزراء الصومالي يعلن بدء مفاوضات مع أقاليم معارضة لإنهاء الانقسامات السياسية,رئيس الوزراء حمزة عبدي يقود اجتماعاً مع ممثلين عن أقاليم جوبالاند وبونتلاند في مقديشو (رويترز),سياسة,الصومال
631,مبادرة جديدة لتعليم اللغة الإنجليزية في القرى النائية بجنوب الأردن,"إحدى المعلمات الشابات تقدم درساً تفاعلياً لطلاب الصف الرابع في مدرسة البترا الأساسية ضمن برنامج ""تواصل"" للتعليم الريفي (الفرنسية)",تعليم,الأردن
632,الأردن يعلن عن خطة لمراجعة السياسات الحدودية مع سوريا بعد تصاعد تهريب المخدرات,عناصر من حرس الحدود الأردني أثناء دورية ليلية قرب معبر جابر مع سوريا (رويترز),سياسة,الأردن
633,سلطنة عُمان تطلق أول مركز نموذجي للتأهيل النفسي لمرضى السرطان بالسيب,واجهة مبنى المركز الجديد للتأهيل النفسي بمدينة السيب مع توافد المرضى وذويهم للمشاركة في افتتاحه (الرؤية العمانية),صحة,عُمان
634,الرياض تبحث مع طوكيو فرص التعاون في ملف الطاقة النووية السلمية,وزير الطاقة السعودي عبد العزيز بن سلمان خلال استقباله وفد الطاقة الياباني في الرياض لبحث الشراكة النووية الجديدة (واس),سياسة,السعودية
635,ارتفاع حالات الزواج المبكر في ريف إدلب يثير قلق الجمعيات المحلية,طفلتان سوريتان ترتديان فساتين زفاف بيضاء خلال احتفال زفاف تقليدي في إحدى قرى ريف إدلب (فرانس برس),قضايا اجتماعية,سوريا
636,مبادرة جامعية في نابلس تبتكر حلولاً بيئية بتدوير المخلفات الورقية,طلاب وطالبات داخل ورشة عمل يحولون الأوراق المستخدمة إلى أدوات مكتبية جديدة في حرم جامعة النجاح الوطنية (الجزيرة),تعليم,فلسطين
637,الإمارات تعلن إنشاء مجلس للتعاون الاستثماري مع المغرب لدعم مشاريع الطاقة الخضراء,ولي عهد أبوظبي الشيخ منصور بن زايد خلال مراسم توقيع الاتفاقية مع رئيس الحكومة المغربية عزيز أخنوش في الرباط (رويترز),سياسة,الإمارات
638,شباب خانيونس يحصد بطولة كأس فلسطين لكرة القدم بعد فوزه الدراماتيكي على جبل المكبر,لاعبو شباب خانيونس يحتفلون برفع الكأس وسط فرحة الجماهير في استاد فلسطين بغزة (رويترز),رياضة,فلسطين
639,"الإمارات تطلق ""صندوق الشراكة الخضراء"" لدعم المشروعات الناشئة في الطاقة المتجددة",رواد أعمال إماراتيون يناقشون أفكار مشاريع مبتكرة خلال فعالية إطلاق الصندوق في مركز دبي المالي العالمي (وام),اقتصاد,الإمارات
640,جيبوتي تطلق مركز بيانات إقليمي لدعم الشركات الناشئة المحلية,تدشين مركز البيانات في العاصمة جيبوتي بحضور مسؤولين حكوميين ورواد أعمال شباب (وكالة جيبوتي للأنباء),تقنية,جيبوتي
641,البرلمان القمري يناقش مشروع قانون لتوسيع صلاحيات البلديات وسط جدل سياسي,جلسة للبرلمان الوطني في موروني تظهر فيها مقاعد النواب خلال النقاشات (وكالة أنباء جزر القمر),سياسة,جزر القمر
642,طرابلس تطلق أول منصة تعليمية للصم وضعاف السمع بتقنيات الواقع المعزز,تلاميذ يشاهدون شرحاً تفاعلياً بلغة الإشارة عبر أجهزة لوحية في مدرسة ليبية بطرابلس,تقنية,ليبيا
643,البحرين تبحث فرص تعزيز الشراكة مع دول المغرب العربي لمواجهة التحديات الإقليمية,وزير الخارجية البحريني خلال لقائه مع نظرائه المغاربيين في المنامة لمناقشة سبل التعاون السياسي والأمني (بنا),سياسة,البحرين
644,الإمارات.. مبادرة مجتمعية لدعم كبار السن في المناطق الريفية برأس الخيمة,متطوعون شباب يزورون أحد منازل كبار السن في منطقة شوكة لتقديم المساعدة والرعاية (وام),قضايا اجتماعية,الإمارات
645,القصبة العتيقة بالجزائر العاصمة تتحول إلى وجهة لرسامي الجداريات الشباب,فنانة شابة تضع لمساتها الأخيرة على جدارية زاهية الألوان في أحد أزقة القصبة التاريخية (الجزيرة),ثقافة,الجزائر
646,رياح الصحراء تدفع ليبيا نحو الطاقة المتجددة بمزرعة توربينات في غات,عمال يجرون اختبارات على أول توربينات رياح في مشروع الطاقة المتجددة قرب مدينة غات بالجنوب الليبي (رويترز),طاقة,ليبيا
647,زيادة إصابات الملاريا تثير قلق السلطات الصحية في جزر القمر,طاقم طبي محلي يفحص أطفالاً في إحدى القرى النائية بجزيرة أنجوان، في إطار حملة ميدانية للكشف المبكر عن الملاريا (الفرنسية),صحة,جزر القمر
648,حريق ضخم يلتهم سوقاً شعبية في مدينة حلب ويتسبب بخسائر فادحة,عناصر من الدفاع المدني السوري يحاولون إخماد ألسنة النيران وسط متاجر محترقة في سوق باب النيرب بحلب (الفرنسية),حوادث,سوريا
649,السودان يطلق أول محطة لتوليد الكهرباء بالطاقة الشمسية في مدينة الأبيض,عمّال سودانيون يثبتون الألواح الشمسية فوق أسطح منشأة كهربائية جديدة في ولاية شمال كردفان (رويترز),طاقة,السودان
650,موريتانيا تعلن عن مناهج محدثة لدعم تعليم اللغة الفرنسية في المدارس الريفية,معلمون وطلاب في إحدى قرى الشرق الموريتاني يناقشون كتاباً مدرسياً جديداً ضمن حصة للغة الفرنسية (رويترز),تعليم,موريتانيا
651,مزارعو جزر القمر يحذرون من تسارع تآكل السواحل بسبب اختفاء أشجار المانغروف,مشهد لساحل جزيرة أنجوان بعد تراجع مساحات غابات المانغروف وظهور الأراضي المالحة (وكالة البيئة القمرية),بيئة,جزر القمر
652,أطفال غزة بين الدراسة تحت الأنقاض والسعي للبقاء وسط تصاعد أزمات الكهرباء والمياه,تلاميذ يحملون حقائبهم يسيرون في طريق وسط ركام منازل مدمرة شرق غزة مع بقايا سبورة مدرسية ظاهرة بين الأنقاض (الجزيرة),قضايا اجتماعية,فلسطين
653,شباب عُمان يطلقون مبادرة لإحياء الصناعات التقليدية في مسقط,مجموعة من الشباب العُماني ينحتون قطعاً خشبية داخل ورشة تراثية في سوق مطرح بالعاصمة مسقط (الجزيرة),قضايا اجتماعية,عُمان
654,موجة نزوح واسعة تضرب قرى النيل الأزرق بعد اشتداد المواجهات القبلية,عائلات سودانية تحمل أمتعتها على عربات الكارو وتسير على طريق ترابي وسط أشجار السنط في ولاية النيل الأزرق، باحثة عن أماكن أكثر أمناً بعد اندلاع اشتباكات قبلية مؤخراً (رويترز),قضايا اجتماعية,السودان
655,تحديات السيول تهدد عودة المدارس في مناطق ريفية بجنوب السودان,مجموعة من الطلاب يجتازون طريقاً موحلاً وهم يحملون حقائبهم المدرسية في قرية نائية بولاية النيل الأزرق بعد أمطار غزيرة أغرقت محيط المدرسة (تصوير: وكالة السودان للأنباء),تعليم,السودان
656,نساء موريتانيا يواجهن تحديات البطالة في الأحياء الشعبية بنواكشوط,"مجموعة من السيدات الموريتانيات يعرضن منتجات تقليدية في سوق صغير بحي ""المقاطعة الخامسة"" بالعاصمة نواكشوط",قضايا اجتماعية,موريتانيا
657,"""الأردن يطلق أول حاضنة إلكترونية لدعم ريادة الأعمال النسائية في البادية الشمالية""",مجموعة من رائدات الأعمال يقدمن أفكارهن أمام لجنة تقييم في مركز ابتكار رقمي بمحافظة المفرق (رويترز),تقنية,الأردن
658,مدارس موريتانية تبدأ تدريس الأمازيغية لأول مرة في مبادرة لتعزيز التنوع الثقافي,تلاميذ يرددون عبارات باللغة الأمازيغية داخل فصل مدرسي جديد في مدينة النعمة شرقي موريتانيا (الصحافة الموريتانية),تعليم,موريتانيا
659,خطة إماراتية لتعزيز استثمارات الغذاء في الساحل الشرقي تواكب تحديات الأمن الغذائي,مزارعون إماراتيون يروون محاصيلهم في إحدى المزارع الحديثة بإمارة الفجيرة وسط معدات زراعية متطورة توفرها مشاريع استثمارية جديدة لدعم إنتاج الغذاء المحلي (رويترز),اقتصاد,الإمارات
660,حادث تصادم بين حافلتين مدرسيتين يخلّف إصابات في الدوحة والأهالي يطالبون بتشديد إجراءات السلامة,عناصر من الدفاع المدني القطري يحيطون بإحدى الحافلتين وهي متوقفة وسط شارع رئيسي غرب الدوحة، بينما يتجمع عدد من الأهالي والطلاب في مكان الحادث (قنا),حوادث,قطر
661,تزايد القلق من تسرب النفايات البلاستيكية إلى الشعاب المرجانية بجزر القمر,باحثون بيئيون يجمعون عينات للنفايات البلاستيكية من شاطئ بالقرب من موروني، حيث تظهر كميات كبيرة من المخلفات متناثرة بين الرمال والصخور (الوكالة الوطنية للبيئة),بيئة,جزر القمر
662,جزر القمر تطلق برنامجا لتدريب المعلمين الريفيين لتعزيز التعليم الابتدائي,معلمون ومشرفون تربويون يناقشون خطط التدريس في مدرسة ريفية بجزيرة أنجوان (الوكالة الوطنية للأنباء),تعليم,جزر القمر
663,موريتانيا تعلن عن اكتشاف حقل غاز جديد قرب السواحل الشمالية,منصة تنقيب بحرية ترفع العلم الموريتاني قبالة شواطئ نواذيبو,طاقة,موريتانيا
664,ارتفاع حالات العنف الأسري يُعيد النقاش حول حماية المرأة في السعودية,عناصر من الشرطة السعودية يرافقون سيدة خارجة من مبنى الحماية الأسرية في الرياض بعد تقديمها بلاغا ضد العنف (رويترز),قضايا اجتماعية,السعودية
665,انفجار لغم أرضي يودي بحياة ثلاثة رعاة أغنام في ريف الحسكة الشمالي,سيارات إسعاف وعناصر من الدفاع المدني يتجمعون حول موقع الانفجار في أرض زراعية قرب قرية أم مدفع شمال الحسكة (وكالة الأنباء السورية),حوادث,سوريا
666,الكويت تبدأ تشغيل أول محطة تجريبية للطاقة الشمسية في منطقة العبدلي,ألواح شمسية مركبة حديثاً في محطة العبدلي للطاقة الشمسية شمال الكويت (وكالة الأنباء الكويتية),طاقة,الكويت
667,صحراء أدرار الموريتانية تستقبل أول مشروع للزراعة الذكية بالمياه المالحة,عاملون محليون يراقبون نمو نباتات الطماطم في بيوت زجاجية متطورة وسط الكثبان الرملية قرب أطار (الجزيرة),بيئة,موريتانيا
668,تونس تدشن أول مزرعة رياح بحرية تجريبية قبالة سواحل طبرقة,توربينات رياح عملاقة تدور فوق منصات عائمة في البحر الأبيض المتوسط، وعلى الشاطئ صيادون يراقبون المشروع من بعيد (الأناضول),طاقة,تونس
669,المغرب يطلق أول شبكة للصناعات الخضراء شمال البلاد لتعزيز التصدير نحو أوروبا,مشهد عام لمجمع صناعي حديث في تطوان يضم مصانع ومخازن وسط المساحات الخضراء (الجزيرة),اقتصاد,المغرب
670,طرابلس تطلق منظومة إلكترونية موحدة لتسهيل معاملات الجمارك البحرية,موظفون في مصلحة الجمارك الليبية يراقبون شاشات النظام الجديد بميناء طرابلس (رويترز),تقنية,ليبيا
671,موجة نزوح جديدة في ديالى بسبب تجدد الاشتباكات القبلية ومخاوف من تفاقم الأوضاع الإنسانية,أطفال من الأسر النازحة في ديالى يجلسون داخل خيمة مؤقتة وسط طقس حار (رويترز),قضايا اجتماعية,العراق
672,تهديد القوارض للمحاصيل يثير قلق مزارعي الضفة الموريتانية,حقول الذرة في منطقة روصو تظهر عليها آثار تخريب جحافل القوارض بعد موسم أمطار غير معتاد (الجزيرة),بيئة,موريتانيا
673,انتشار العنف في المدارس الجزائرية يثير قلق أولياء الأمور والسلطات,مجموعة من الطلاب في ساحة مدرسة بالعاصمة الجزائرية تحت مراقبة مشددة من الإدارة لتفادي وقوع مشاجرات بين التلاميذ (الجزيرة),قضايا اجتماعية,الجزائر
674,المغرب يوسع بعثاته الدبلوماسية في أمريكا الجنوبية لتعزيز العلاقات الاستراتيجية,وزير الخارجية المغربي ناصر بوريطة خلال حفل افتتاح سفارة المغرب الجديدة في العاصمة الأرجنتينية بوينس آيرس (وزارة الشؤون الخارجية المغربية),سياسة,المغرب
675,شباب الأردن يفاجئون الوحدات بهدف قاتل ويصعدون لنهائي كأس الاتحاد الأردني,لاعبو شباب الأردن يحتفلون بهدفهم في الدقائق الأخيرة وسط خيبة أمل واضحة على وجوه لاعبي الوحدات (الأردنية),رياضة,الأردن
676,تونس تطلق أول منصة حكومية رقمية لدعم ريادة الأعمال النسائية,وزيرة تكنولوجيا الاتصال التونسية خلال تدشين المنصة الجديدة بحضور رائدات أعمال شابات في العاصمة تونس (الوكالة الوطنية),تقنية,تونس
677,انتشار حالات الحمى النزفية يثير قلقاً في ولايات الشرق الموريتاني,عامل صحة يرتدي ملابس وقائية يفحص مريضاً في عيادة ريفية بضواحي مدينة النعمة (الجزيرة),صحة,موريتانيا
678,ستراتيجية جديدة للكرة النسائية في موريتانيا لجذب المواهب الشابة,مجموعة من الفتيات يشاركن في تدريبات كرة القدم على ملعب رملي في ضواحي نواكشوط بإشراف مدربة محلية (وكالات),رياضة,موريتانيا
679,مبادرة قطرية جديدة لدعم ذوي الاحتياجات الخاصة في سوق العمل,تدريبات عملية لشباب قطريين من ذوي الاحتياجات الخاصة داخل مركز تأهيل مهني بالدوحة (الجزيرة),قضايا اجتماعية,قطر
680,شباب الكويت يطلقون مبادرة لترميم منازل الأسر المتعففة في المناطق القديمة,مجموعة من المتطوعين يطلون جدران منزل قديم في منطقة الجهراء استعداداً لاستقبال عائلة جديدة (الجزيرة),قضايا اجتماعية,الكويت
681,ارتفاع نسب الهدر المدرسي في القرى الجبلية المغربية يثير قلق الجمعيات الأهلية,أطفال يسيرون لمسافات طويلة على طريق ترابي وعر للوصول إلى مدرستهم في منطقة إيموزار مرموشة شمال المغرب (الجزيرة),قضايا اجتماعية,المغرب
682,السعودية تطلق أول قمر صناعي للمراقبة البحرية لتعزيز أمن الممرات الإقليمية,فريق هندسي سعودي يراجع الأنظمة الإلكترونية للقمر الصناعي الجديد قبيل وضعه في منصة الإطلاق (واس),تقنية,السعودية
683,حريق ضخم يدمر سوقاً شعبياً في الدار البيضاء ويخلف خسائر مادية جسيمة,رجال الإطفاء يواجهون ألسنة اللهب وسط محلات متفحمة في سوق درب غلف الشهير بالدار البيضاء (رويترز),حوادث,المغرب
684,"مبادرة ""قطار القراءة"" تجوب القرى المصرية لتعزيز ثقافة المطالعة بين الأطفال",أطفال يجلسون داخل عربة قطار ملونة، يمسكون بكتب مصورة ويستمعون إلى متطوعة تروي لهم قصة في إحدى قرى محافظة الفيوم (رويترز),مجتمع,مصر
685,ارتفاع أسعار أسطوانات الغاز يفاقم أزمة الطهي في أحياء عدن الشعبية,يمنيات يتجمعن أمام محل توزيع الغاز المنزلي في مدينة عدن بانتظار دورهن لشراء الأسطوانات وسط ازدحام وتوتر متزايد (رويترز),طاقة,اليمن
686,ارتفاع معدلات التسرب المدرسي في الريف اللبناني يثير قلق الأهالي والتربويين,مجموعة من الأطفال يسيرون في طريق ترابي بين الحقول عائدين من مدرسة ريفية في منطقة البقاع شمال لبنان (الجزيرة),قضايا اجتماعية,لبنان
687,اصطدام قاربين لصيادين قبالة سواحل الحديدة يخلف قتلى وجرحى,قوارب صيد متوقفة في ميناء الحديدة عند الغروب، وصيادون يراقبون البحر بقلق (الجزيرة),حوادث,اليمن
688,صنعاء تطلق برنامجاً وطنياً لإنقاذ تراث اليَمَن الرقمي من الضياع,باحثة يمنية تقلب ملفات أرشيفية قديمة في قاعة صغيرة بمكتبة جامعة صنعاء، تظهر خلفها أرفف مليئة بمجلدات متآكلة وأجهزة كمبيوتر قديمة (رويترز),تقنية,اليمن
689,جزر القمر تجمع بين الشمس والبحر لإطلاق أول محطة طاقة هجينة في موتسامودو,ألواح شمسية وتوربينات رياح صغيرة منتشرة على شاطئ صخري في جزيرة أنجوان وسط مياه المحيط الهندي الفيروزية (رويترز),طاقة,جزر القمر
690,مصر تطلق مشروعا وطنيا لتحديث أسطول النقل النهري لتعزيز التجارة الداخلية,عمال مصريون يشرفون على صيانة قوارب نقل جديدة في إحدى ورش محافظة القليوبية (رويترز),اقتصاد,مصر
691,مبادرة شبابية تعيد الحياة لشارع مار إلياس في بيروت بأنشطة فنية وثقافية,شباب وفتيات يرسمون جداريات ملونة على جدران قديمة وسط تجمهر سكان الحي (الجزيرة),مجتمع,لبنان
692,ارتفاع نسب الأمية الرقمية بين كبار السن يثير قلق الجمعيات الأهلية في البحرين,متطوعة تُساعد سيدة مسنّة على استخدام الهاتف الذكي خلال ورشة تدريبية نظمتها إحدى جمعيات المجتمع المدني بالمنامة (رويترز),قضايا اجتماعية,البحرين
693,أزمة الدواء تشتد في بنغازي.. مستشفيات تحذّر من نقص أدوية الطوارئ,صيدلانية في أحد مستشفيات بنغازي تراقب رفوفاً شبه فارغة من الأدوية الحيوية وسط تزايد أعداد المرضى (وكالة الأنباء الليبية),صحة,ليبيا
694,قطر تكشف عن أول منصة رقمية لإدارة شؤون الحج والعمرة إلكترونياً,موظفة قطرية تشرح واجهة المنصة الجديدة أمام شاشة عملاقة في مركز البيانات الوطني بالدوحة (رويترز),تقنية,قطر
695,موريتانيا تطلق أول منصة إلكترونية لتسويق الأسماك المحلية عالمياً,صيادون موريتانيون يفرغون شباكهم في ميناء الصيد بنواكشوط وسط استعدادات رقمية جديدة (وكالة الأخبار الموريتانية),تقنية,موريتانيا
696,البحرين تعلن عن خطة لإطلاق حوار وطني موسع يشمل جمعيات المعارضة والمجتمع المدني,رئيس مجلس النواب البحريني خلال مؤتمر صحفي مشترك مع ممثلي الجمعيات السياسية بالعاصمة المنامة (الأناضول),سياسة,البحرين
697,عودة التيار الكهربائي جزئياً إلى أحياء عدن بعد تدخل فني طارئ,عمال صيانة ينقلون محولات كهربائية بإحدى ضواحي عدن وسط ترقب الأهالي لإعادة تشغيل الشبكة (رويترز),طاقة,اليمن
698,أعاصير رملية تعيق حياة السكان وتدمر محاصيل في إقليم جدو جنوب الصومال,مزارعون يتفقدون أراضيهم المتضررة وسط عواصف رملية كثيفة غطت سماء المنطقة (رويترز),بيئة,الصومال
699,صمت النواعير.. سكان حماة يحنّون لأصوات الماء المفقودة في نهر العاصي,ناعورة قديمة شبه جافة على ضفاف نهر العاصي وسط مدينة حماة، ويظهر في خلفيتها أطفال يقفون يتطلعون إلى مجرى الماء المنخفض (الجزيرة),مجتمع,سوريا
700,قمرنت: منصة رقمية جديدة توثق التراث القمري عبر الهواتف الذكية,شابة قمريّة تلتقط صورة لمنسوجات تقليدية في سوق موروني باستخدام تطبيق على هاتفها المحمول (الجزيرة),تقنية,جزر القمر
701,الرجاء البيضاوي يفتتح أكاديمية جديدة لتطوير مواهب كرة القدم في سوس,مجموعة من الأطفال يرتدون زياً أخضر موحداً وهم يتدربون تحت إشراف مدربين مغاربة على عشب أحد الملاعب جنوب أكادير (الأناضول),رياضة,المغرب
702,"""مكتبة رقمية متنقلة"" تجوب مدارس رأس الخيمة لتشجيع القراءة بين الطلاب",حافلة ملونة تضم رفوفاً مكدسة بالكتب تصطف أمام إحدى المدارس الحكومية برأس الخيمة والطلاب يتجمعون حولها بحماس (وام),تعليم,الإمارات
703,مزارعو البن اليمني يواجهون انخفاضاً حاداً في الإنتاج وسط موجة جفاف غير مسبوقة,مزارع يمني يتفقد أشجار البن الذابلة في إحدى قرى محافظة إب (الفرنسية),اقتصاد,اليمن
704,ارتفاع حالات زواج القاصرات جنوب ليبيا يثير قلق منظمات حقوقية ودعوات لتشديد القوانين,فتيات في إحدى بلدات فزان خلال فعالية توعوية حول مخاطر الزواج المبكر نظمها نشطاء محليون (الجزيرة),قضايا اجتماعية,ليبيا
705,موجة إصلاحات جديدة تجتاح مناهج التعليم الفني في صعيد مصر,أحد معلمي الورش يشرح للطلاب أساسيات الميكانيكا داخل معهد فني بمدينة أسيوط (الجزيرة),تعليم,مصر
706,ارتفاع صادرات الصمغ العربي السوداني بنسبة 18% يدعم الاحتياطي النقدي للبلاد,عمال يقومون بفرز وتعبئة الصمغ العربي في أحد المخازن بمدينة كوستي بولاية النيل الأبيض (رويترز),اقتصاد,السودان
707,الاتحاد العُماني ينظم أول بطولة دولية لرياضة الكريكيت الشاطئية في مصيرة,لاعبو الكريكيت يتنافسون على رمال شاطئ مصيرة وأعلام عدة دول ترفرف في الخلفية (الاتحاد العُماني للكريكيت),رياضة,عُمان
708,نادي أبها يعلن عن مشروع تطوير منشآته الرياضية استعداداً للموسم المقبل,منظر خارجي لمقر نادي أبها خلال أعمال التوسعة والبناء الجارية في منشآته الرياضية الجديدة (نادي أبها الرياضي),رياضة,السعودية
709,شباب بلوزداد يتوج بكأس الجزائر لكرة القدم بعد فوزه على شبيبة القبائل,لاعبو شباب بلوزداد يحتفلون برفع كأس الجزائر وسط هتافات جماهيرهم في ملعب 5 جويلية بالعاصمة الجزائرية (الجزيرة),رياضة,الجزائر
710,جدل سياسي بتونس بعد سحب مشروع قانون يتعلق بتنظيم وسائل الإعلام السمعي البصري,صحفيون تونسيون يتظاهرون أمام مقر البرلمان وسط العاصمة تونس (وكالة الأنباء التونسية),سياسة,تونس
711,"مهرجان ""ألوان السعودية"" ينطلق في جدة للاحتفاء بفنون التصوير الفوتوغرافي",زوار يتأملون لوحات فوتوغرافية ضخمة توثق ملامح الحياة والتراث في معرض مهرجان ألوان السعودية بجدة,ثقافة,السعودية
712,البرلمان البحريني يناقش اقتراحاً لتشديد الرقابة على تمويل الجمعيات السياسية,مقر مجلس النواب البحريني خلال إحدى الجلسات التشريعية بحضور النواب وعدد من الوزراء (الصحافة البحرينية),سياسة,البحرين
713,المعارضة في جيبوتي تطالب بإصلاحات انتخابية شاملة قبل الاستحقاقات البرلمانية المقبلة,متظاهرون يحملون لافتات خلال مسيرة سلمية في شوارع جيبوتي العاصمة للمطالبة بتعديلات على قانون الانتخابات (رويترز),سياسة,جيبوتي
714,اتحاد كرة السلة في موريتانيا يطلق أول دوري نسائي بمشاركة 8 فرق من نواكشوط ونواذيبو,"لاعبات من فريق ""النجمة"" ونظيراتهن من فريق ""الوئام"" يتنافسن على الكرة خلال مباراة الافتتاح في قاعة الألعاب الرياضية بالعاصمة نواكشوط (وكالة الأخبار الموريتانية)",رياضة,موريتانيا
715,قوارب صغيرة تواجه الأمواج لحماية مصايد الأسماك في الحسيمة,صيادون مغاربة ينطلقون فجراً بقواربهم التقليدية في خليج الحسيمة لجمع الشباك بعد قيامهم بحملة تنظيف البحر من الشباك المهملة والبلاستيك (مراسل المغرب),بيئة,المغرب
716,عودة التعليم المسائي في مدارس الموصل لحل أزمة الاكتظاظ,طالبات من المرحلة الإعدادية يدخلن إحدى مدارس الموصل الحكومية خلال الحصة المسائية وسط تجمع أولياء الأمور أمام البوابة (الجزيرة),تعليم,العراق
717,أمطار غزيرة تتسبب بانهيار منازل طينية شرق موريتانيا وإجلاء عشرات الأسر,فرق الإنقاذ توزع البطاطين والمستلزمات الأساسية على سكان قرية متأثرة بعد فيضان مفاجئ في ولاية الحوض الشرقي (وكالة الأنباء الموريتانية),حوادث,موريتانيا
718,سيول مفاجئة تجتاح أحياء سكنية في مراكش وتخلف خسائر مادية كبيرة,عناصر من الوقاية المدنية المغربية وهم ينقلون سكاناً حاصرتهم المياه إلى مناطق أكثر أماناً وسط منازل غمرتها السيول (الصحافة المغربية),حوادث,المغرب
719,ارتفاع معدلات زواج القاصرات يثير قلق الأسر في شمال كردفان,طفلتان ترتديان الثياب التقليدية وتجلسان أمام منزل ريفي في إحدى قرى ولاية شمال كردفان بالسودان (الجزيرة),قضايا اجتماعية,السودان
720,انهيار مبنى سكني في نابلس يخلف ثلاثة مصابين وحملة إنقاذ واسعة,فرق الدفاع المدني الفلسطيني تواصل إزالة الأنقاض بحثًا عن ناجين وسط تجمع الأهالي في شارع رئيسي بمدينة نابلس (رويترز),حوادث,فلسطين
721,المعارضة في جزر القمر تطالب بتعديل قانون الانتخابات لضمان الشفافية,أعضاء من أحزاب المعارضة خلال مؤتمر صحفي في موروني يرفعون وثائق توضح مقترحات الإصلاح الانتخابي (رويترز),سياسة,جزر القمر
722,مبادرة شبابية لمواجهة الملاريا تعيد الأمل لسكان القرى الريفية في جزر القمر,متطوعون يحملون ناموسيات جديدة أثناء توزيعها على أسر في قرية ميتساميولي شمال جزر القمر (رويترز),صحة,جزر القمر
723,احتجاجات طلابية في قسنطينة تطالب بتحسين جودة الإقامة الجامعية,طلبة يحتشدون أمام مدخل الإقامة الجامعية بوسط قسنطينة، يحملون لافتات ويهتفون بشعارات مطلبية (حساب ناشط طلابي عبر فيسبوك),تعليم,الجزائر
724,نفوق جماعي للأسماك في نهر السنغال يثير قلق الصيادين في موريتانيا,صيادون محليون يقفون على ضفاف نهر السنغال يتفقدون الأسماك النافقة المنتشرة بين الأعشاب المائية، وسط محاولات لمعرفة أسباب الكارثة البيئية الأخيرة (وكالة الأنباء الموريتانية),بيئة,موريتانيا
725,الإمارات تدشّن أول مشروع لتحويل نفايات المزارع إلى وقود حيوي في منطقة الظفرة,مهندسون إماراتيون يشرفون على آلات فرز النفايات الزراعية في موقع المشروع بضواحي الظفرة غرب أبوظبي (وام),طاقة,الإمارات
726,"""ورشة الحرف القديمة في الجهراء تجذب مهارات الشباب وتعيد إحياء التراث الكويتي""",شاب كويتي يرتدي الدشداشة يعمل على نحت قطعة خشبية بتأنٍ داخل ورشة تقليدية، تحيط به أدوات النجارة القديمة ومصابيح الزيت (الجزيرة),ثقافة,الكويت
727,انطلاق مهرجان البحرين للأفلام القصيرة بمشاركة مواهب شابة من مختلف المحافظات,جمهور يتابع عروضاً سينمائية في افتتاح مهرجان الأفلام القصيرة بمدينة المنامة (الصحافة البحرينية),ثقافة,البحرين
728,الحكومة اللبنانية تطرح مزايدة دولية لتشغيل ميناء طرابلس وتستهدف جذب استثمارات أجنبية,رافعات وسفن شحن ضخمة في ميناء طرابلس شمالي لبنان خلال يوم عمل اعتيادي (رويترز),اقتصاد,لبنان
729,وفد برلماني سوري يزور موسكو للتباحث حول المبادرة الروسية لإعادة الإعمار,رئيس مجلس الشعب السوري يلتقي كبار المسؤولين في الدوما الروسي خلال جلسة مغلقة بموسكو (وكالة سبوتنيك),سياسة,سوريا
730,حقل الرياح العُماني الجديد في صلالة يدخل الخدمة لتعزيز الطاقة النظيفة,توربينات رياح حديثة تدور على سفوح الجبال بالقرب من صلالة مع مشهد الغيوم والساحل الجنوبي (الجزيرة),طاقة,عُمان
731,مزارعو بيدوا يواجهون خطر الجراد مع تراجع الدعم الدولي,مزارع صومالي يتفقد محاصيل الذرة المتضررة في ضواحي مدينة بيدوا بعد هجوم الجراد الأخير (وكالة الأنباء الصومالية),بيئة,الصومال
732,موجة حمى الضنك تثير قلق سكان تعز والسلطات تعزز حملات التوعية والتعقيم,ممرضون يرتدون ملابس واقية يرشون مبيدات داخل أحياء مكتظة في تعز خلال حملة مكافحة البعوض الناقل للمرض (رويترز),صحة,اليمن
733,الإمارات تعلن عن تشكيل لجنة وطنية لمراقبة تدفق الاستثمارات الأجنبية في القطاعات الحيوية,مقر وزارة الاقتصاد الإماراتية في أبوظبي يعج بالمسؤولين خلال الإعلان عن تشكيل اللجنة الوطنية الجديدة (وام),سياسة,الإمارات
734,موجة تفشي جديد للكوليرا تضرب مديرية المخا وتربك جهود القطاع الطبي في تعز,طاقم طبي يجهز وحدة عزل مؤقتة في أحد المستشفيات الريفية بمحافظة تعز (رويترز),صحة,اليمن
735,حملة تطوعية في ظفار لترميم المدارس القديمة وتشجيع التعليم الريفي,متطوعون يعملون على طلاء جدران مدرسة ابتدائية في إحدى قرى محافظة ظفار وسط فرحة الأطفال (الجزيرة),تعليم,عُمان
736,المعارضة القمرية تدعو لتعديل قوانين الانتخابات بعد تزايد الطعون في نتائج البلديات,تجمع لأنصار المعارضة أمام مقر اللجنة الانتخابية في موروني احتجاجاً على نتائج الانتخابات المحلية الأخيرة بجزر القمر (رويترز),سياسة,جزر القمر
737,ارتفاع صادرات زيت الزيتون التونسي يغذي تفاؤل المزارعين مع اقتراب موسم الحصاد,عاملون ينقلون صناديق مليئة بحبات الزيتون الطازجة في أحد حقول محافظة صفاقس خلال الاستعدادات لموسم الجني (رويترز),اقتصاد,تونس
738,ازدياد هجرة الشباب من القرى الموريتانية بسبب تراجع فرص العمل الزراعي,شباب موريتانيون يجتمعون في أحد مقاهي نواكشوط بحثاً عن فرص عمل بديلة (رويترز),قضايا اجتماعية,موريتانيا
739,استقرار أسعار الذهب في دمشق بعد موجة تذبذب حادة وسط ترقب الأسواق,صائغ سوري ينقش قطعة ذهبية يدوياً داخل ورشته الصغيرة في سوق الحميدية الشهير بدمشق القديمة، معروضة خلفه مصوغات متنوعة تحت أضواء خافتة (الجزيرة),اقتصاد,سوريا
740,مبادرة مصرية لتعميم التعليم الرقمي في قرى الدلتا,معلمة تشرح الدروس باستخدام شاشة تفاعلية داخل فصل بمدرسة ريفية في محافظة الدقهلية (رويترز),تقنية,مصر
741,موريتانيا تبدأ تدريس الأمازيغية في المدارس الابتدائية لأول مرة,مجموعة من التلاميذ الموريتانيين يتابعون درساً في فصل مدرسي بمدينة أطار، معلمة تكتب حروف الأمازيغية على السبورة ووجوه الطلاب يملؤها الفضول (وكالة الأخبار الموريتانية),تعليم,موريتانيا
742,موريتانيا تدشن أول مركز حكومي لطب الولدان في نواكشوط,وزير الصحة الموريتاني يقطع الشريط إيذاناً بافتتاح مركز طب الولدان الجديد بحضور طواقم طبية وأمهات في المستشفى الوطني بالعاصمة (وكالة الأنباء الموريتانية),صحة,موريتانيا
743,قوافل المياه تعود إلى شوارع مقديشو بعد أزمة عطش غير مسبوقة,شاحنات محملة بخزانات مياه تجوب أحياء مقديشو لتوزيع المياه على السكان وسط تزاحم الأطفال حولها (رويترز),مجتمع,الصومال
744,ارتفاع حالات سوء التغذية بين الأطفال في إقليم النيل الأزرق وسط تحديات الوصول للمساعدات,فريق طبي محلي يفحص أطفالاً يعانون من الهزال في إحدى العيادات المؤقتة بمنطقة الدمازين بإقليم النيل الأزرق (رويترز),صحة,السودان
745,تراجع صادرات القطن المصري وسط ارتفاع تكاليف الشحن الدولي,عمال يفرزون بالات القطن في أحد مصانع محافظة كفر الشيخ شمال مصر (رويترز),اقتصاد,مصر
746,"""شواطئ الإسكندرية تواجه تهديد التآكل.. سكان وصيادون يطالبون بالتدخل العاجل""",موجات قوية تضرب الحواجز الصخرية على كورنيش الإسكندرية بينما يراقب صيادون محليون محاولة إنقاذ معداتهم من الغرق (الجزيرة),بيئة,مصر
747,الإمارات تدشن أول محطة لتحويل نفايات الطعام إلى غاز حيوي في الشارقة,أحد المهندسين الإماراتيين يشرف على عملية إدخال مخلفات الطعام إلى وحدات التحويل الحديثة داخل المحطة، حيث تظهر بجانبه مجموعة من الصهاريج الضخمة وأجهزة المراقبة الرقمية في منشأة صناعية حديثة على أطراف مدينة الشارقة. (وكالة أنباء الإمارات),طاقة,الإمارات
748,معارضة جزر القمر تطالب بتعديلات دستورية للحد من سلطات الرئيس,أعضاء في البرلمان المعارض يناقشون مقترحات الإصلاح السياسي في أحد مباني الجمعية الوطنية بموروني – وكالة الأنباء الفرنسية,سياسة,جزر القمر
749,بغداد تعلن خطة لتأمين سد الموصل وسط تحذيرات من محاولات تخريبية,قوة من الشرطة الاتحادية العراقية تعزز من وجودها قرب سد الموصل شمال العراق وسط تشديدات أمنية ملحوظة (رويترز),سياسة,العراق
750,"100 معلم ومعلمة يبدؤون برنامج ""تمكين"" للمهارات الرقمية في رأس الخيمة","معلمون إماراتيون خلال ورشة عمل لتطوير المهارات الرقمية ضمن برنامج ""تمكين"" في إحدى مدارس رأس الخيمة (المكتب الإعلامي لحكومة رأس الخيمة)",تعليم,الإمارات
751,تزايد حالات عمالة الأطفال في حلب مع تصاعد الأزمات الاقتصادية,طفل يحمل صناديق بلاستيكية في أحد أسواق حلب القديمة، ويحيط به بائعون ومارة (الجزيرة),قضايا اجتماعية,سوريا
752,شركات ناشئة لبنانية تُطلق أول منصة إلكترونية مجانية لتبادل الأدوات الطبية بين المستشفيات,رائدات أعمال من فريق التطوير يحملن أجهزة لوحية داخل مقر الشركة الناشئة وسط بيروت (الأناضول),تقنية,لبنان
753,مدارس الخليل تعتمد التعليم المدمج لتعويض الفاقد التعليمي بعد العدوان الأخير,طلاب وطالبات في إحدى مدارس الخليل يتلقون دروسهم بين الصفوف التقليدية وجلسات التعلم عبر الأجهزة اللوحية (رويترز),تعليم,فلسطين
754,اليمن يفتتح أول محطة رياح لتوليد الكهرباء في محافظة المهرة,توربينات الرياح الجديدة ترتفع فوق الكثبان الساحلية في المهرة بينما عمال محليون يراقبون بدء التشغيل التجريبي (الجزيرة),طاقة,اليمن
755,معرض للأزياء التقليدية في موروني يسلّط الضوء على تراث المرأة القمرية,نساء يرتدين أزياء تقليدية ملونة خلال عرض في مركز ثقافي وسط العاصمة موروني (الفرنسية),ثقافة,جزر القمر
756,السعودية تدشّن أول محطة عائمة لتحلية المياه بالطاقة الشمسية في البحر الأحمر,فرق هندسية سعودية تشرف على تركيب الألواح الشمسية على محطة عائمة قبالة سواحل أملج، في مشهد يبرز التقدّم التقني لمشاريع الطاقة المستدامة بالمملكة (واس),طاقة,السعودية
757,نقص الأدوية الطبية يفاقم معاناة مرضى الكلى في مستشفيات نابلس,ممرضة تراقب جلسة غسيل كلى لمريض في أحد مستشفيات نابلس وسط رفوف شبه فارغة من المستلزمات الطبية (رويترز),صحة,فلسطين
758,دمشق تبدأ تشغيل أول محطة كهرومائية حديثة على نهر الفرات بعد توقف دام سنوات,عمال وفنيون سوريون يجرون اختبارات للمولدات داخل محطة كهرومائية أعيد تأهيلها في ريف دير الزور الشرقي لنهر الفرات (سانا),طاقة,سوريا
759,ارتفاع منسوب تلوّث نهر الليطاني يهدد حياة الأسماك والمزارعين جنوب لبنان,مشهد لنهر الليطاني بمياهه العكرة وفضلات صناعية تطفو على سطحه بالقرب من أحد الحقول الزراعية في البقاع (رويترز),بيئة,لبنان
760,الصومال تعلن انعقاد مؤتمر وطني للحوار بين الفصائل السياسية نهاية الشهر الحالي,قصر فيلا صوماليا خلال التحضيرات لاستقبال ممثلي الأحزاب والفصائل السياسية في مقديشو (رويترز),سياسة,الصومال
761,غرق قارب صيد بالقرب من ساحل نواذيبو وعمليات إنقاذ مستمرة للعثور على مفقودين,عناصر من خفر السواحل الموريتانيين يفتشون مياه الأطلسي قبالة مدينة نواذيبو بعد حادثة غرق القارب (وكالة الأخبار الموريتانية),حوادث,موريتانيا
762,عُمان تدشّن أول محطة عائمة لتخزين الغاز الطبيعي في ميناء الدقم,ناقلة غاز ضخمة راسية قرب منصة عائمة حديثة في ميناء الدقم وسط حركة نشطة للرافعات البحرية (وكالة الأنباء العمانية),طاقة,عُمان
763,العراق يطلق حملة وطنية لمواجهة ارتفاع معدلات البدانة بين الأطفال,طلاب بإحدى المدارس الابتدائية في بغداد يشاركون في فعاليات رياضية توعوية ضمن مبادرة وزارة الصحة (الجزيرة),صحة,العراق
764,بغداد تحتفي بإرث نازك الملائكة في مهرجان شعري جديد,شعراء شباب يعتلون منصة مفتوحة أمام تمثال نازك الملائكة في حديقة الأمة وسط بغداد (الجزيرة),ثقافة,العراق
765,حملة توعية صحية تستهدف الأرياف التونسية لمكافحة انتشار داء الكلب,طبيبة بيطرية تحقن كلباً في أحد الحقول القريبة من ولاية الكاف خلال جولة ميدانية للتطعيمات (الأناضول),مجتمع,تونس
766,السعودية تطلق أول محطة شحن كهربائية متنقلة للسيارات في مدن الحجاز,محطة شحن متنقلة تعمل بالطاقة الشمسية بالقرب من أحد الطرق السريعة في محافظة الطائف (واس),تقنية,السعودية
767,المعارضة في جزر القمر تطالب بإصلاحات انتخابية واسعة قبل الانتخابات المحلية المقبلة,متظاهرون يحملون لافتات في ساحة موروني يطالبون بضمانات للنزاهة الانتخابية (رويترز),سياسة,جزر القمر
768,قطر تعلن وساطة جديدة لإنهاء الأزمة بين السودان وجنوب السودان,وزير الدولة القطري للشؤون الخارجية يجتمع مع وفدي التفاوض من الخرطوم وجوبا في الدوحة (وكالة الأنباء القطرية),سياسة,قطر
769,الخرطوم تستضيف أول بطولة وطنية لكرة القدم النسائية وسط حضور جماهيري غير مسبوق,لاعبات من فريقي النيل والمريخ في مواجهة قوية على ملعب الخرطوم الرئيسي بحضور آلاف المشجعين وعائلاتهن (رويترز),رياضة,السودان
770,مهرجان للخط العربي يزين جدران أم درمان بألوان التراث السوداني,فنانون يخطون جداريات بالكتابة العربية في أحد أحياء أم درمان القديمة (وكالات),ثقافة,السودان
771,مصر تطلق مبادرة وطنية لمكافحة الأنيميا بين طلاب المدارس الابتدائية,ممرضة تفحص عينة دم لطالب داخل وحدة طبية متنقلة أمام إحدى المدارس الحكومية في القاهرة (الأناضول),صحة,مصر
772,انطلاق بطولة الدوري اليمني لكرة القدم بعد توقف دام 4 سنوات,لاعبون من فريقين يمانيين يتنافسون في مباراة افتتاحية وسط حضور جماهيري محدود في ملعب بمدينة تعز (الصحافة اليمنية),رياضة,اليمن
773,المغرب يطلق أول بوابة رقمية وطنية لتسويق المنتجات التقليدية,حرفي مغربي يعرض سجادًا يدوياً ضمن منصة البوابة الجديدة بالرباط (رويترز),تقنية,المغرب
774,الدوحة تستضيف أول ماراثون نسائي ليلي بمشاركة عداءات من 15 دولة عربية,عداءات ينطلقن من خط البداية في كورنيش الدوحة وسط أجواء احتفالية وأضواء ملونة تضيء سماء العاصمة القطرية (الجزيرة),رياضة,قطر
775,تونس تطلق أول محطة لتحويل النفايات البلاستيكية إلى طاقة كهربائية في ولاية صفاقس,مشهد لمنشأة حديثة تضم جهاز معالجة النفايات ومحولات كهربائية بحضور مهندسين وفنيين أثناء التشغيل التجريبي للمحطة (الجزيرة),طاقة,تونس
776,غرق عبارة تقل عشرات الركاب قرب سواحل تاجورة والبحث جار عن مفقودين,عناصر من خفر السواحل الجيبوتي ينتشلون قارباً مقلوباً وسط مياه مضطربة بالقرب من ميناء تاجورة، فيما يقف أقارب الركاب في حالة انتظار وقلق على الشاطئ (الصورة من وكالة الأنباء الجيبوتية),حوادث,جيبوتي
777,النادي الإفريقي يعلن عن مشروع أكاديمية جديدة لتطوير كرة القدم النسائية في صفاقس,لاعبات شابات يجرين تمارين صباحية على ملعب فرعي تحت إشراف مدربين تونسيين (وكالة الأنباء التونسية),رياضة,تونس
778,"""عودة مهرجان القهوة إلى شوارع بيروت القديمة وسط إقبال لافت من الشباب""",فتيات وشبان يتجمعون حول بائع قهوة تقليدية في أحد أزقة بيروت التاريخية، وأكواب القهوة المزينة بأنماط شرقية تتوزع على طاولة خشبية وسط أجواء احتفالية (الفرنسية),ثقافة,لبنان
779,قطر تعلن عن إطلاق أول سوق إلكتروني للمنتجات الزراعية المحلية بحلول نهاية العام,مزارعون قطريون يرتبون سلال الخضروات الطازجة في مزرعة حديثة خارج الدوحة استعداداً لتسويقها عبر المنصة الرقمية الجديدة (رويترز),اقتصاد,قطر
780,عودة الأسر الكردية إلى ريف القامشلي بعد سنوات من النزوح,أطفال يحملون أغراضهم قرب منزل قيد الترميم في إحدى قرى ريف القامشلي شمال شرق سوريا (الجزيرة),مجتمع,سوريا
781,الشارقة تحتفي بالخط العربي بمبادرة تزيين جدران الأحياء القديمة,فنانة إماراتية تُنهي لوحة خطية على جدار أحد الأزقة التراثية في قلب الشارقة (رويترز),مجتمع,الإمارات
782,السعودية تطلق مبادرة لتشكيل مجلس عربي لمراقبة موارد المياه المشتركة,اجتماع وزراء المياه العرب في جدة بحضور ممثلين من عدة دول عربية حول طاولة مستديرة (واس),سياسة,السعودية
783,موجة استثمارات زراعية صينية تخلق فرص عمل جديدة في جزر القمر,مزارعون كوموريون يعملون في حقول أرز مُحدثة تم تجهيزها بأنظمة ري متطورة بفضل التمويل الصيني، مع ظهور معدات زراعية حديثة في خلفية المشهد (رويترز),اقتصاد,جزر القمر
784,العقبة تستضيف أكبر بطولة للرياضات البحرية في تاريخ الأردن,متسابقون يستعدون لخوض سباق الزوارق السريعة قبالة سواحل العقبة بحضور جماهيري لافت,رياضة,الأردن
785,المغرب يطلق أول منصة رقمية لدعم الحرفيين التقليديين وترويج منتجاتهم عالمياً,صانع فخار مغربي يعرض منتجاته المزخرفة أمام شاشة تعرض المنصة الرقمية الجديدة في سوق تقليدي بمدينة فاس,تقنية,المغرب
786,انهيار مبنى سكني قديم في الإسكندرية يخلف 6 قتلى وعدداً من المصابين,رجال الحماية المدنية يواصلون رفع أنقاض مبنى منهار فيما يتجمع الأهالي بالقرب من موقع الحادث في حي المنشية بالإسكندرية (رويترز),حوادث,مصر
787,خلافات حادة في البرلمان الصومالي حول مشروع قانون الموارد البحرية,أعضاء من البرلمان الصومالي خلال جلسة مناقشة حامية حول مشروع القانون الجديد في مقديشو (رويترز),سياسة,الصومال
788,البرلمان المصري يناقش مشروع قانون جديد لتنظيم تمويل الأحزاب,قاعة البرلمان المصري خلال جلسة مناقشة تشهد حضوراً مكثفاً من النواب والإعلاميين (الأوروبية),سياسة,مصر
789,موجة نزوح واسعة من أحياء طرابلس بسبب ارتفاع منسوب مياه البحر,سكان حي سيدي المصري في طرابلس وهم يجرفون متاعهم على عربات يدوية بعد أن غمرت المياه منازلهم في ساعات الفجر الأولى (وكالة محلية),قضايا اجتماعية,ليبيا
790,المدارس الريفية في إب تواجه أزمة تسرب الطلاب بسبب العمل الزراعي,أطفال يحملون أدوات زراعية يرافقون ذويهم في الحقول بدلاً من الذهاب للمدرسة في ريف إب اليمني (الجزيرة),قضايا اجتماعية,اليمن
791,الاتحاد الموريتاني لكرة السلة يعلن إطلاق دوري السيدات الأول في البلاد,لاعبات موريتانيات يستعدن لخوض مباراة تجريبية على ملعب مغلق في نواكشوط (الاتحاد الموريتاني لكرة السلة),رياضة,موريتانيا
792,فقدان 7 صيادين ليبيين إثر عاصفة مفاجئة قبالة ساحل مصراتة,قوارب صيد مهجورة تتمايل على أمواج المتوسط قرب ميناء مصراتة، بينما ينتشر أفراد من خفر السواحل الليبي في محاولة للعثور على المفقودين (رويترز),حوادث,ليبيا
793,مبادرة لتعزيز مشاركة المرأة البحرينية في الصناعات التقليدية تواجه تحديات مجتمعية جديدة,حرفيات بحرينيات يعرضن منتجاتهن خلال معرض محلي للأشغال اليدوية في المنامة (الأناضول),قضايا اجتماعية,البحرين
794,سكان جزيرة موهيلي يجتمعون لترميم المدرسة الابتدائية الوحيدة عقب إعصار قوي,مجموعة من الرجال والنساء والأطفال يحملون الطوب والخشب وسط ساحة المدرسة المتضررة، بينما ترفرف الأعلام القمرية فوق جدران نصف مهدمة (رويترز),مجتمع,جزر القمر
795,الكويت تدشن أول عيادة متنقلة لمكافحة داء السكري في المناطق النائية,فريق طبي كويتي يقوم بفحص نسبة السكر لدى أحد السكان في عيادة متنقلة جديدة بمحافظة الجهراء (وزارة الصحة الكويتية),صحة,الكويت
796,كرة القدم النسائية في ليبيا تسجّل قفزة تاريخية بتحقيق أول بطولة محلية,فريق طرابلس للسيدات يحتفل برفع الكأس وسط تشجيع جماهيري كبير في الملعب البلدي (فرانس برس),رياضة,ليبيا
797,مستوصفات متنقلة في قرى الصومال لمواجهة الحصبة وسط نقص اللقاحات,طاقم طبي يفحص طفلاً في خيمة مؤقتة وسط تجمع أمهات وأطفال قرية قرب بيدوا جنوب غرب الصومال (رويترز),صحة,الصومال
798,مزارعو غزة يتحدون تلوث التربة بزراعة محاصيل عضوية رغم الحصار,مزارع فلسطيني يفحص أوراق نباتات الخس العضوية في أحد الحقول شمال قطاع غزة (الأناضول),بيئة,فلسطين
799,مشروع جديد لتحويل النفايات المنزلية إلى طاقة كهربائية في ضواحي دمشق,عمال ومهندسون يشرفون على تركيب أجهزة معالجة النفايات في منشأة حديثة بريف دمشق (الصحافة السورية),طاقة,سوريا
800,أكاديمية رياضية شبابية في موروني تُخرج أول فريق نسوي لكرة القدم,لاعبات الفريق النسوي لجزر القمر أثناء حصة تدريبية على ملعب مفتوح في ضواحي العاصمة موروني (تصوير: وكالة الأمل الرياضية),رياضة,جزر القمر
801,مبادرة شبابية في الدوحة تسعى لتأهيل ذوي الإعاقة لسوق العمل الرقمي,مجموعة من الشابات والشبان القطريين يتدربون مع أشخاص من ذوي الإعاقة على الحاسوب في مركز تدريبي حديث بالدوحة (الجزيرة),قضايا اجتماعية,قطر
802,الإمارات تدشن أول منصة إلكترونية لرصد جودة الهواء في المدارس,فريق من المهندسين الإماراتيين يشرح نظام مراقبة الهواء لطلبة في إحدى المدارس الحكومية في أبوظبي، مايو 2024 (وكالة وام),تقنية,الإمارات
803,تدهور جودة الهواء في الخليل يهدد الصحة العامة مع تصاعد حرق النفايات العشوائي,أعمدة دخان كثيفة تتصاعد من موقع لحرق النفايات في أحد أطراف مدينة الخليل، بينما يمر أطفال بالقرب من المنطقة متجهين إلى مدارسهم صباحاً (الفرنسية),بيئة,فلسطين
804,لبنان يطلق خطة جديدة لضبط استهلاك الكهرباء في فصل الصيف,شبكات التوزيع الكهربائي في أحد أحياء بيروت مع ارتفاع استهلاك الطاقة مساءً (رويترز),طاقة,لبنان
805,ارتفاع نسبة التسرب المدرسي يثير قلق الأهالي في البقاع اللبناني,أولاد يجلسون خارج مدرسة ريفية مهجورة في منطقة البقاع شرق لبنان مع كتبهم المدرسية بجوارهم (الأناضول),قضايا اجتماعية,لبنان
806,"عودة الحياة لسوق ""البرانس"" التاريخي في فاس بعد أعوام من الإغلاق","حشود من سكان فاس يتجولون بين أكشاك سوق ""البرانس"" المرمم حديثاً وسط المدينة القديمة (رويترز)",مجتمع,المغرب
807,عُمانيون يطلقون مبادرة لعلاج الإدمان خارج المراكز الرسمية وسط تزايد المخاطر,متطوعون عمانيون أثناء تنظيم أنشطة دعم نفسي للشباب في أحد أحياء مسقط (رويترز),قضايا اجتماعية,عُمان
808,انطلاق بطولة كرة السلة الشاطئية الأولى في جزر القمر بمشاركة فرق نسائية,لاعبات من جزر القمر يتنافسن على الكرة خلال مباراة لكرة السلة الشاطئية على أحد شواطئ جزيرة أنجوان وسط تشجيع جماهيري محلي (الفرنسية),رياضة,جزر القمر
809,الإمارات تطلق أول منصة رقمية موحدة لتقنيات الزراعة الذكية في الخليج,مزارع يستخدم جهاز لوحي لمراقبة نمو المحاصيل داخل دفيئة تعمل بأنظمة مراقبة مناخية متطورة في إحدى المناطق الزراعية بإمارة العين (رويترز),تقنية,الإمارات
810,انقلاب شاحنة وقود يتسبب في حريق هائل ويشل الحركة على طريق صنعاء – الحديدة,النيران تلتهم شاحنة الوقود فيما يحاول رجال الإطفاء إخماد ألسنة اللهب على جانب الطريق الريفي غرب صنعاء (رويترز),حوادث,اليمن
811,تراجع أعداد طيور الفلامينغو في بحيرة أم المرادم يثير قلق الباحثين البيئيين الليبيين,مجموعة من طيور الفلامينغو تحلق فوق مياه بحيرة أم المرادم بمدينة زوارة الليبية (رويترز),بيئة,ليبيا
812,ارتفاع معدلات عمالة الأطفال في حقول الزيتون الليبية يثير قلق المنظمات الحقوقية,أطفال ليبيون يعملون في قطف الزيتون بمنطقة جادو أثناء موسم الحصاد، في ظل غياب إشراف رسمي (رويترز),قضايا اجتماعية,ليبيا
813,انقلاب سيارة نقل محملة بمواد بناء يُعرقل حركة المرور أعلى الطريق الدائري بالقاهرة,رجال المرور يوجهون حركة السيارات بينما تعمل رافعة على رفع مركبة مقلوبة بالقرب من إحدى بوابات الطريق الدائري بالعاصمة المصرية، وسط تجمهر عدد من المارة والسائقين (رويترز),حوادث,مصر
814,ليبيا تبدأ تصدير زيت الزيتون العضوي إلى الأسواق الآسيوية لأول مرة,عمال ليبيون يفرزون ثمار الزيتون الطازجة في معصرة حديثة بمدينة الزاوية قبل التصدير (رويترز),اقتصاد,ليبيا
815,تزايد الهجرة الداخلية في السودان وسط تصاعد النزاعات المحلية وصعوبات المعيشة,أسر سودانية تنقل أمتعتها بسيارات وشاحنات صغيرة على طريق ترابي غربي مدينة الأبيض، بينما تظهر خلفهم منازل شبه مدمرة ومناطق ريفية تعاني من الجفاف (رويترز),قضايا اجتماعية,السودان
816,انقلاب شاحنة محملة بالمواد الكيميائية يُغلق طريق سريع في العاصمة البحرينية,رجال الدفاع المدني يرتدون ملابس واقية أثناء تعاملهم مع تسرّب المواد الكيميائية من الشاحنة على الطريق السريع صباح اليوم (الصحافة البحرينية),حوادث,البحرين
817,جامعات غزة تعتمد نظام التعليم المدمج لتعويض الفاقد التعليمي,طلاب وطالبات يتابعون دروسهم عبر شاشات في أحد مراكز إيواء غزة وسط غياب البنية التحتية المعتادة (وكالات),تعليم,فلسطين
818,الكويت تعلن عن خطة لتطوير مصافي النفط بقيمة 3 مليارات دينار,رافعات عملاقة تعمل بالقرب من مرافق تكرير النفط في منطقة ميناء الأحمدي أثناء تنفيذ عمليات توسعة حديثة (وكالة الأنباء الكويتية),اقتصاد,الكويت
819,جدل في الأوساط التعليمية المصرية بعد قرار حظر الهواتف داخل الفصول,طلاب المرحلة الثانوية يغادرون مدرستهم في الجيزة بينما يعاين المعلمون صناديق لجمع الهواتف المحمولة عند البوابة الرئيسية (رويترز),قضايا اجتماعية,مصر
820,المغرب يطلق مبادرة وطنية لزراعة النباتات الطبية في جبال الأطلس لاحتواء التصحر,مزارعون مغاربة يغرسون شتلات أعشاب طبية بين سفوح جبال الأطلس في إطار حملة بيئية جديدة (وكالات),بيئة,المغرب
821,مبادرة شبابية في المحرق تكافح التنمر الإلكتروني بين طلاب المدارس,طلاب وطالبات يتجمعون في قاعة دراسية مزينة بملصقات توعوية حول الأمان الرقمي والاحترام المتبادل (أرشيف الجزيرة),قضايا اجتماعية,البحرين
822,انهيار جزئي لعقار تاريخي في الإسكندرية دون وقوع إصابات,عناصر الحماية المدنية يقفون أمام أنقاض واجهة مبنى قديم بمنطقة بحري وسط تجمهر الأهالي (الصحافة المصرية),حوادث,مصر
823,قطر تدشّن مركز بيانات جديد لتعزيز خدمات الإنترنت في الخليج,تدشين مركز بيانات متطور في الدوحة بحضور مسؤولين قطريين وشركات تقنية محلية (الجزيرة),تقنية,قطر
824,"دبي تطلق ""سوق الذهب المستدام"" لتشجيع التجارة الأخلاقية والمعايير البيئية",مسؤولون إماراتيون ورجال أعمال خلال افتتاح منصة تداول الذهب المستدام في سوق الذهب بدبي (وام),اقتصاد,الإمارات
825,أزمة نقص أدوية الأمراض المزمنة تثير قلق المرضى في مدن الجنوب الليبي,أحد المرضى يجلس بقلق في صيدلية خالية من أدوية السكري وارتفاع الضغط بمدينة سبها (وكالات),صحة,ليبيا
826,انقلاب حافلة تقل عمال مزارع قرب مدينة جندوبة يسفر عن إصابات خطيرة,عناصر من الحماية المدنية التونسية ينقلون مصابين من موقع حادث انقلاب الحافلة في منطقة ريفية قرب جندوبة (وكالة تونس أفريقيا للأنباء),حوادث,تونس
827,تزايد حالات الزواج المبكر بين الفتيات في ريف الحسكة يثير قلق الأهالي والمنظمات,مجموعة من الفتيات اليافعات أثناء حضورهن حفل زفاف تقليدي في إحدى قرى ريف الحسكة الشرقي (رويترز),قضايا اجتماعية,سوريا
828,إطلاق أول منصة ليبية للدفع الإلكتروني تعزز التجارة المحلية,"مشهد داخلي لمتجر ليبي في طرابلس يعرض لافتة ""متاح الدفع الإلكتروني"" بجوار جهاز قراءة بطاقات حديث ولوحة إعلانات رقمية جديدة (رويترز)",تقنية,ليبيا
829,إضراب عمال النقل في وهران يشل الحركة ويثير قلق السكان,طوابير طويلة من المواطنين ينتظرون الحافلات وسط محطة نقل رئيسية خالية من المركبات بوهران (الأناضول),مجتمع,الجزائر
830,"برنامج ""الفناء المدرسي المفتوح"" يعيد الحياة للمدارس الريفية في جزر القمر",تلاميذ في قرية موتسامودو يجتمعون في فناء مدرستهم المزخرف بالرسوم الملونة خلال حصّة تعليمية صباحية (الجزيرة),تعليم,جزر القمر
831,مبادرة شبابية في جيبوتي لتنظيف السواحل تحارب التلوث البحري,"مجموعة من المتطوعين الشباب يحملون أكياس النفايات أثناء تنظيفهم الشاطئ الصخري في ضاحية ""دوراله"" قرب جيبوتي العاصمة، وسط أجواء حماسية وتفاعل مجتمعي (تصوير وكالة جيبوتي للأنباء)",قضايا اجتماعية,جيبوتي
832,جلسة طارئة لمجلس النواب الأردني لمناقشة التعديلات الدستورية المقترحة,نواب أردنيون يتبادلون الملاحظات وسط قاعة المجلس خلال جلسة نقاش حاسمة في عمّان، مايو/أيار 2024 (رويترز),سياسة,الأردن
833,مبادرة زراعة مليون شجرة قرم في رأس الخيمة لتعزيز التنوع البيئي,متطوعون إماراتيون يزرعون شتلات القرم على شاطئ رأس الخيمة تحت أشعة الشمس (وام),مجتمع,الإمارات
834,انهيار منزل قديم يودي بحياة ثلاثة أطفال في نابلس وإصابة أمهم بجروح خطيرة,عناصر الدفاع المدني يواصلون رفع الركام في حي القصبة وسط نابلس القديمة (الجزيرة),حوادث,فلسطين
835,العراق يدشّن أول مشروع وطني لإنتاج الفوسفات في الأنبار لدعم الصادرات الزراعية,آليات ثقيلة تعمل في منشأة لاستخراج الفوسفات بمنطقة القائم غرب العراق، وسط إجراءات أمنية مشددة (الجزيرة),اقتصاد,العراق
836,المعارضة الموريتانية تدعو لحوار سياسي شامل قبيل الانتخابات الرئاسية المقبلة,قادة أحزاب المعارضة يجتمعون في نواكشوط لمناقشة استراتيجية موحدة استعداداً للاستحقاقات الانتخابية القادمة (رويترز),سياسة,موريتانيا
837,الاتحاد العُماني يعلن عن دوري نسائي لكرة القدم لأول مرة في تاريخ السلطنة,لاعبات عمانيات يحتفلن بعد أول تدريب رسمي لفريق نسائي في استاد السيب بمسقط (الاتحاد العُماني لكرة القدم),رياضة,عُمان
838,اتحاد كرة السلة الأردني يعلن إقامة بطولة للشباب في المحافظات لأول مرة,شباب أردنيون يتنافسون في مباراة كرة سلة ضمن بطولة محلية في محافظة إربد (الاتحاد الأردني لكرة السلة),رياضة,الأردن
839,الإمارات تطلق مبادرة لتعزيز الدمج المجتمعي لأصحاب الهمم في المدارس الحكومية,طلاب من أصحاب الهمم يشاركون في نشاط مدرسي بإحدى مدارس الشارقة (وام),قضايا اجتماعية,الإمارات
840,حريق ضخم يلتهم سوق سيدي عبد السلام التاريخي وسط صفاقس,رجال الإطفاء يكافحون ألسنة اللهب في أزقة السوق الضيقة بينما يحاول التجار إنقاذ بضاعتهم من الخسائر (رويترز),حوادث,تونس
841,انطلاق الدورة الثامنة لمهرجان القصبة الدولي للموسيقى الشعبية في الجزائر العاصمة,فنانون جزائريون يؤدون عرضاً موسيقياً تقليدياً على مسرح مفتوح أمام جمهور متنوع في باحة القصبة القديمة بالجزائر العاصمة (وكالة الأنباء الجزائرية),ثقافة,الجزائر
842,انقلاب قارب صيد قبالة سواحل موهيلي يخلف 4 قتلى وفقدان اثنين في جزر القمر,أفراد من خفر السواحل القمريين يفتشون المياه قرب شاطئ موهيلي وسط تجمهر الأهالي على الرمال (رويترز),حوادث,جزر القمر
843,انهيار منزل قديم في وسط معان يخلف ضحايا وتحقيق رسمي في الأسباب,رجال دفاع مدني يحاولون إزالة الأنقاض في حي قديم بمدينة معان جنوب الأردن وسط تجمع السكان القلقين (الجزيرة),حوادث,الأردن
844,حرائق الغابات تلتهم مساحات شاسعة في عكار وتحذيرات من فقدان التنوع البيولوجي,أعمدة الدخان تتصاعد فوق الأشجار الصنوبرية المحترقة بينما يكافح متطوعون لإطفاء النيران في سفوح جبال عكار شمال لبنان (رويترز),بيئة,لبنان
845,جيبوتي تطلق أول منصة إلكترونية لتسهيل تصدير المنتجات البحرية إلى الأسواق العالمية,صيادون جيبوتيون يقومون بفرز الأسماك الطازجة في محطة التجميع الجديدة قبل شحنها عبر المنصة الرقمية (الصحافة المحلية),تقنية,جيبوتي
846,سلطنة عُمان تطلق حملة موسعة للحفاظ على السلاحف البحرية بشواطئ رأس الجنز,متطوعون يرصدون أعشاش السلاحف الخضراء على الرمال الذهبية لشاطئ رأس الجنز في محافظة الشرقية عند الفجر (الأناضول),بيئة,عُمان
847,جداريات حي الأعظمية.. لوحات تروي تاريخ بغداد القديم والحديث,فنان شاب يرسم تفاصيل جدارية كبيرة تصور مشاهد من الحياة البغدادية على جدار مدرسة قديمة في الأعظمية (الجزيرة),ثقافة,العراق
848,شباب جيبوتي يطلقون حملة لمحو الأمية الرقمية في القرى النائية,مجموعة من الشباب والمتطوعين يجتمعون حول أجهزة حاسوب محمولة داخل مركز اجتماعي ريفي في ضواحي مدينة علي صبيح (رويترز),قضايا اجتماعية,جيبوتي
849,فنانات فلسطينيات يزينّ جدران الخليل برسوم عن التراث الشعبي الغائب,مجموعة من الشابات ينتهين من رسم جدارية تمثل زفة العروس الفلسطينية أمام أحد بيوت البلدة القديمة (عدسة محمد خميس),ثقافة,فلسطين
850,مشروع جديد لتحسين تغطية الإنترنت في المناطق الريفية بالصومال بدعم من منظمات دولية,فنيون صوماليون يثبتون معدات اتصالات حديثة على برج في قرية نائية شمال مقديشو (رويترز),تقنية,الصومال
851,شباب الوصل يحرزون لقب كأس السوبر الإماراتي لكرة القدم للمرة الأولى,لاعبو فريق الوصل يحتفلون بالكأس في استاد آل مكتوم وسط حضور جماهيري كبير ورفع الأعلام الصفراء في المدرجات,رياضة,الإمارات
852,مدارس جيبوتي الحكومية تدخل التجهيزات الرقمية لأول مرة في الأرياف,معلم يشرح درساً باستخدام جهاز لوحي في فصل من الطوب المحلي بقرية تبعد 80 كيلومتراً عن العاصمة (ديجيبو - أحمد موسى),تعليم,جيبوتي
853,البنك المركزي الليبي يدرس إجراءات جديدة للحد من تدهور سعر الدينار,مبنى البنك المركزي الليبي في طرابلس يرفرف عليه العلم الوطني وسط حركة نشطة للمواطنين (رويترز),اقتصاد,ليبيا
854,عُمان تطلق أول منصة رقمية للمزادات على التحف والمقتنيات المحلية,موظفون يعرضون قطعاً فنية عمانية نادرة عبر شاشات تفاعلية في مقر المنصة بالعاصمة مسقط (العمانية),تقنية,عُمان
855,نادي جبل المكبر يتوج بطلاً لدوري كرة القدم الفلسطيني للمرة الثالثة في تاريخه,فرحة عارمة بين لاعبي جبل المكبر وجماهيرهم في ملعب فيصل الحسيني بعد صافرة النهاية (رويترز),رياضة,فلسطين
856,انتشار غير مسبوق للحُمى النزفية في محافظة حضرموت يربك القطاع الصحي,طاقم طبي يجهز غرفة عزل خاصة بمستشفى سيئون المركزي استعداداً لاستقبال حالات مشتبه بها بالحُمى النزفية (وزارة الصحة اليمنية),صحة,اليمن
857,البحرين تطلق أول محطة تجريبية لتحويل طاقة أمواج الخليج إلى كهرباء,مهندسون بحرينيون يراقبون منصة عائمة لاستخراج الطاقة من الأمواج على الساحل الشمالي للبلاد (وكالة الأنباء البحرينية),طاقة,البحرين
858,موجة حمى التيفوئيد تضرب القرى الجبلية في تيزي وزو وتحذيرات من تلوث مصادر المياه,عاملون صحيون يجمعون عينات من مياه أحد الينابيع في قرية آيت يحيى بتيزي وزو لفحصها بعد تفشي حالات التسمم (الجزيرة),صحة,الجزائر
859,مدارس نينوى تعاني من نقص الكوادر التدريسية وارتفاع نسب التسرب بعد النزوح,تلاميذ يجلسون في فناء مدرسة مؤقتة شيدت من ألواح خشبية وسط مدينة الموصل (الجزيرة),تعليم,العراق
860,"جامعات جنوب العراق تطلق مبادرة ""مكتبة لكل حي"" لتعزيز القراءة بين طلاب المدارس",طلبة جامعيون ومتطوعون ينقلون صناديق كتب إلى إحدى مدارس البصرة ضمن فعاليات إطلاق المبادرة (جامعة البصرة),تعليم,العراق
861,جيبوتي تطلق برنامجاً لمحو الأمية الرقمية في المناطق الريفية,متطوعون محليون يشرحون دروس الكمبيوتر للأطفال في قرية ريفية بمحافظة دخيل، جنوب جيبوتي (الجزيرة),مجتمع,جيبوتي
862,انطلاق برنامج لتعليم الترميز للأطفال في مخيمات قطاع غزة بدعم محلي,مجموعة من الأطفال الغزيين يشاركون في ورشة تعلم البرمجة داخل قاعة بسيطة بمخيم الشاطئ (الأناضول),تعليم,فلسطين
863,تونس تطلق مشروع غابات حضرية لمواجهة موجات الحرارة في العاصمة,متطوعون يزرعون أشجاراً صغيرة في إحدى الحدائق العامة بضواحي تونس العاصمة ضمن حملة التشجير الجديدة، 25 يونيو/حزيران 2024 (رويترز),بيئة,تونس
864,موريتانيا تحتضن أول بطولة نسائية لكرة القدم الشاطئية بمشاركة 8 فرق محلية,لاعبات من فرق موريتانية يتنافسن على الشاطئ بالقرب من نواكشوط وسط تشجيع جماهيري لافت (رويترز),رياضة,موريتانيا
865,ارتفاع لافت في عمالة الأطفال بالأعمال الخطرة في الأحياء الصناعية بحلب,طفل يحمل أدوات حدادة ثقيلة داخل ورشة ميكانيكا وسط ضجيج الماكينات في حي الشعار بحلب (الأناضول),قضايا اجتماعية,سوريا
866,الإمارات تطلق أول محمية طبيعية بحرية لحماية الشعاب المرجانية في سواحل الفجيرة,مشهد جوي لشعاب مرجانية ملونة تحت مياه خليج عمان قرب سواحل الفجيرة (رويترز),بيئة,الإمارات
867,نادي النصر الليبي يطلق أكاديمية نسائية لتطوير كرة القدم في بنغازي,لاعبات شابات خلال حصة تدريبية في أكاديمية كرة القدم الجديدة بنادي النصر ببنغازي (الجزيرة),رياضة,ليبيا
868,مدارس سبها تبدأ تدريس اللغة الأمازيغية لأول مرة في فصول المرحلة الإعدادية,معلمة تشرح حروف اللغة الأمازيغية لطلاب الصف السابع داخل إحدى الفصول الدراسية بمدينة سبها جنوبي ليبيا في إطار مبادرة وزارة التعليم لتعزيز التنوع الثقافي واللغوي (رويترز),تعليم,ليبيا
869,مهندسون ليبيون يبتكرون تقنية لإصلاح الشبكات الكهربائية عن بُعد في ظل ضعف البنية التحتية,فريق صيانة يراقب شاشات التحكم في مركز كهرباء طرابلس أثناء اختبار التقنية الجديدة (وكالة الصحافة الليبية),تقنية,ليبيا
870,صادرات التمور السعودية تسجل رقماً قياسياً وتفتح أسواقاً جديدة في آسيا,عمال يقومون بفرز وتغليف التمور في أحد المصانع الحديثة بمحافظة الأحساء قبل شحنها إلى الخارج (واس),اقتصاد,السعودية
871,انهيار أرضي مفاجئ يبتلع ثلاثة منازل في بلدة وصاب بمحافظة ذمار,رجال إنقاذ وأهالي البلدة يتجمعون وسط الركام والأتربة في محاولة للعثور على المفقودين تحت أنقاض المنازل المنهارة (رويترز),حوادث,اليمن
872,ارتفاع ملحوظ في معدلات النزوح الداخلي بسبب تدهور الأوضاع الأمنية في جنوب الصومال,عائلات صومالية تحمل متاعها سيراً على الأقدام عبر سهول مفتوحة بحثاً عن ملاذ آمن قرب مدينة بيدوا (رويترز),قضايا اجتماعية,الصومال
873,انطلاق مهرجان الكتب النادرة في الشارقة وسط اهتمام محبي التراث,زوار يتصفحون مخطوطات تاريخية وسط أروقة معرض الكتب النادرة في متحف الشارقة للتراث (الفرنسية),ثقافة,الإمارات
874,إطلاق منصة رقمية جديدة لدعم التجارة الإلكترونية المحلية في سوريا,مجموعة من رواد الأعمال السوريين يستخدمون أجهزة الحاسوب المحمولة في إحدى ورش العمل التفاعلية بدمشق ضمن فعاليات إطلاق المنصة (رويترز),تقنية,سوريا
875,جزر القمر تطلق أول بنك إسلامي صغير لدعم المشروعات النسائية الريفية,سيدات من منطقة موتسامودو يتلقين تدريبات مالية في مركز المجتمع المحلي لدعم مشروعات إنتاج الزيوت العطرية (رويترز),اقتصاد,جزر القمر
876,مبادرة شبابية في الدوحة لإعادة إحياء فريج قديم وتحويله لمركز تفاعلي للتراث القطري,شباب من المتطوعين يرممون جداراً طينياً ضمن أحد أزقة الفريج التاريخي في قلب الدوحة,قضايا اجتماعية,قطر
877,مبادرة شبابية في نابلس لإعادة تأهيل المكتبات المدمرة في المخيمات,مجموعة من الشباب المتطوعين ينقلون رفوف كتب وأرفف خشبية داخل مكتبة مؤقتة في مخيم بلاطة شرقي نابلس (الجزيرة),قضايا اجتماعية,فلسطين
878,مبادرة محلية تفتتح مكتبة متنقلة لدعم التعليم في أرياف جنوب الصومال,شاحنة صغيرة زرقاء اللون مجهزة برفوف مليئة بالكتب توقفت وسط قرية نائية، وأطفال يحملون دفاترهم يلتفون حولها بفضول في مشهد حيوي (مقديشو-الجزيرة),تعليم,الصومال
879,نادي شباب رفح يعلن تأسيس أكاديمية كرة قدم للأطفال رغم التحديات,أطفال يرتدون الزي الرياضي يمارسون التدريبات في ملعب رملي محاط بأنقاض مبانٍ، فيما يقودهم مدرب شاب مبتسم يحمل صافرة (الجزيرة),رياضة,فلسطين
880,مبادرة شبابية لإعادة ترميم المدارس المتضررة في سبها جنوب ليبيا,متطوعون شباب يعملون على طلاء جدران إحدى المدارس القديمة في مدينة سبها (وكالة الأنباء الليبية),مجتمع,ليبيا
881,ارتفاع أسعار الحبوب في السودان يدفع الأسر إلى تغيير أنماط استهلاكها الغذائية,مواطنون سودانيون يصطفون أمام مخبز تقليدي في أحد أحياء الخرطوم بحثاً عن الخبز بعد موجة غلاء جديدة (الأناضول),اقتصاد,السودان
882,إطلاق مبادرة لتعليم الأطفال النازحين في ريف إدلب عبر الفصول المتنقلة,معلمة شابة تشرح الدرس لمجموعة من الأطفال داخل حافلة صغيرة معدلة كصف مدرسي في مخيم شمال إدلب (الجزيرة),تعليم,سوريا
883,مشروع طاقة شمسية جديد يدشن مرحلة التحول في جزيرة أنجوان بجزر القمر,عمال محليون يثبتون ألواحاً شمسية على أسطح مبانٍ ريفية وسط تلال جزيرة أنجوان (الجزيرة),طاقة,جزر القمر
884,"مهرجان ""الحنّون"" الأول في نابلس يحيي تراث الزهور الفلسطينية",نساء فلسطينيات يرتدين الأزياء التراثية يجمعن زهور الحنّون في سفوح جبال نابلس خلال فعاليات المهرجان (الأناضول),ثقافة,فلسطين
885,جدل في لبنان حول قرار بلدي يفرض قيوداً على تجول العمال الأجانب ليلاً,عمال بناء من جنسيات آسيوية ينهون يومهم في إحدى ضواحي بيروت استعداداً للعودة إلى سكنهم الجماعي (رويترز),قضايا اجتماعية,لبنان
886,جامعة نيالا تدشن برنامجاً لدعم تعليم الفتيات في مناطق النزاع بدارفور,مجموعة من الطالبات يتلقين كتبا وأجهزة لوحية خلال احتفال رسمي داخل حرم جامعة نيالا (فرانس برس),تعليم,السودان
887,شباب غزة يبتكرون تطبيقاً ذكياً لتتبع أضرار البنية التحتية جراء العدوان,مجموعة من الشبان ينشغلون ببرمجة الهواتف المحمولة داخل غرفة صغيرة في غزة وسط أكوام من أجهزة إلكترونية متهالكة (الجزيرة),تقنية,فلسطين
888,البرلمان التونسي يناقش مشروع قانون جديد لإشراك الشباب في صنع القرار الوطني,نواب شباب يتبادلون النقاش داخل قاعة البرلمان التونسي خلال الجلسة التشريعية (رويترز),سياسة,تونس
889,"مبادرة ""دراجتك صحتك"" تشهد إقبالاً لافتاً من النساء في جدة",مجموعة من النساء السعوديات يركبن درجاتهن الهوائية على كورنيش جدة أثناء الفعالية الأسبوعية للمبادرة (الشرق الأوسط),مجتمع,السعودية
890,مشاورات مطوّلة بين الكتل النيابية في لبنان للاتفاق على مشروع قانون الانتخاب الجديد,جلسة حوارية مغلقة تجمع رؤساء الكتل النيابية اللبنانية داخل مجلس النواب في بيروت (الفرنسية),سياسة,لبنان
891,"مبادرة ""ديوانية أجيال"" تجمع كبار السن والشباب لإحياء القصص الشعبية في الكويت",مجموعة من الشباب وكبار السن يتحلقون حول مائدة في ديوانية تراثية بمنطقة السالمية، يتبادلون الحكايات والذكريات (الجزيرة),مجتمع,الكويت
892,"الدوحة تحتضن مهرجان ""فن الخط العربي"" بمشاركة فنانين من 12 دولة",فنان قطري يرسم جملة باللغة العربية على لوحة كبيرة خلال افتتاح مهرجان الخط في متحف قطر الوطني (وكالة الأنباء القطرية),ثقافة,قطر
893,الصومال يطلق بورصة جديدة لدعم الشركات المحلية وجذب الاستثمارات الأجنبية,حفل افتتاح البورصة الجديدة في مقديشو بحضور مسؤولين حكوميين ومستثمرين محليين ودوليين (رويترز),اقتصاد,الصومال
894,قافلة طلابية تتعرض لهجوم مسلح في الطريق بين الفاشر ونيالا شمال دارفور,حافلة مهترئة متوقفة على جانب طريق صحراوي، حولها حقائب متناثرة وعدد من قوات الشرطة المحلية يحققون في موقع الحادث (الجزيرة),حوادث,السودان
895,جزر القمر تُطلق أول منصة إلكترونية لتسويق المنتجات البحرية محلياً وعالمياً,صيادون كوموريون يفرغون صيد اليومي على شاطئ موروني استعداداً لعرضه عبر المنصة الجديدة (الأناضول),تقنية,جزر القمر
896,نقص المياه يهدد موسم حصاد الزيتون في الجبل الأخضر شرق ليبيا,مزارعون ليبيون يراقبون أشجار الزيتون شبه الجافة وسط الحقول المتشققة بسبب قلة الأمطار هذا العام (الجزيرة),قضايا اجتماعية,ليبيا
897,البحرين تطلق حملة توعية للحد من التنمر الإلكتروني بين اليافعين,متطوعون يقدمون ورش عمل لطلاب مدارس في المنامة حول الاستخدام الآمن للإنترنت والتعامل مع الإساءة الرقمية (بنا),قضايا اجتماعية,البحرين
898,اتحاد جزر القمر لكرة القدم يعلن تأسيس أول دوري نسائي رسمي في البلاد,مجموعة من اللاعبات الكوموريات يحيين الجماهير بعد نهاية مباراة تجريبية على ملعب موروني البلدي (وكالة الأنباء القمرية),رياضة,جزر القمر
899,مباحثات بين قيادات شرق السودان والحكومة المركزية بشأن الحكم الذاتي تتقدم بصعوبة,وفد من زعماء قبائل شرق السودان خلال اجتماع تفاوضي مع مسؤولين حكوميين في الخرطوم وسط أجواء من التوتر (الفرنسية),سياسة,السودان
900,بدء تشغيل أكبر محطة لتحلية مياه البحر تعمل بالطاقة الشمسية في رأس الخيمة,ألواح طاقة شمسية ضخمة تتلألأ تحت أشعة الشمس بجوار خزانات مياه حديثة في منشأة صناعية حديثة (رويترز),طاقة,الإمارات
901,مستشفى الأطفال بدمشق ينجح في إجراء أول عملية زرع كبد لطفلة تعاني من الفشل الكبدي,الطاقم الطبي السوري يحيط بالطفلة بعد خروجها من غرفة العمليات في مستشفى الأطفال بدمشق (سانا),صحة,سوريا
902,رياح الخماسين تغطي سماء القاهرة بطبقة غبار كثيفة وتحذيرات للمصابين بالحساسية,مشهد ضبابي يلف منطقة الأهرامات جراء تصاعد العواصف الترابية فوق العاصمة المصرية (رويترز),بيئة,مصر
903,البحرين تعلن خطة جديدة لتعزيز قطاع الصناعات الغذائية بحلول 2030,وزير الصناعة والتجارة البحريني خلال مؤتمر صحفي للإعلان عن الاستراتيجية الوطنية للصناعات الغذائية، إلى جانبه عدد من ممثلي الشركات المحلية (وكالة أنباء البحرين),اقتصاد,البحرين
904,ارتفاع في ظاهرة التسرب المدرسي بالمناطق الريفية يثير قلق الأسر التونسية,مجموعة من الأطفال يسيرون عبر طريق وعر نحو قريتهم في محافظة الكاف بعد انتهاء اليوم الدراسي، وملامح التعب واضحة على وجوههم (الأناضول),قضايا اجتماعية,تونس
905,توقيع اتفاقية لتطوير موانئ صومالية بين الحكومة وشركة تركية,وزير النقل الصومالي ومسؤولون من شركة تركية يوقعون وثائق الاتفاق في مقديشو بحضور رجال أعمال وإعلاميين (الأناضول),اقتصاد,الصومال
906,افتتاح أول متحف رقمي للخط العربي في قسنطينة لجذب الزوار الشباب,زوار يتجولون داخل قاعة عرض تفاعلية بالمتحف الجديد في قسنطينة ويشاهدون شاشات تعرض نماذج من الخط العربي عبر العصور (وكالة الأنباء الجزائرية),ثقافة,الجزائر
907,الأهلي المصري يختتم معسكره التدريبي بأسوان استعداداً لموقعة الدوري الحاسمة,لاعبو الأهلي يؤدون تدريبات بدنية في أجواء مشمسة ووسط حضور جماهيري في ملعب أسوان الرياضي (عدسة النادي الأهلي),رياضة,مصر
908,حملة غرس الأشجار البرية تعيد الحياة لوادي بني عوف في الداخلية,متطوعون من شباب القرى ينقلون شتلات الغاف والسمر لزراعتها على ضفاف الوادي في صباح ضبابي (الجزيرة),بيئة,عُمان
909,مبادرة محلية في جيبوتي لمواجهة ظاهرة التسرب المدرسي بين الفتيات,مجموعة من الطالبات الجيبوتيات يشاركن في ورشة توعوية داخل إحدى المدارس الحكومية بالعاصمة (الجزيرة),قضايا اجتماعية,جيبوتي
910,مدارس الموصل تحتضن أول مهرجان للخط العربي للأطفال منذ إعادة إعمارها,أطفال يشاركون في كتابة لوحات فنية بأقلام الحبر في ساحة مدرسة بحي النبي شيت بمدينة الموصل (الأناضول),تعليم,العراق
911,بدء محادثات بين الحكومة والمعارضة حول إصلاحات انتخابية في جيبوتي,جانب من اجتماع وفدي الحكومة والمعارضة داخل قاعة المؤتمرات الرئيسية في العاصمة جيبوتي (وكالة الأنباء الجيبوتية),سياسة,جيبوتي
912,مهرجان الشعر الحساني في أطار يستقطب المواهب الشابة ويحيي التراث الشفهي الموريتاني,مجموعة من الشعراء الشباب يرتدون الدراعة التقليدية ويلقون قصائد بالحسانية أمام جمهور متنوع في ساحة أطار الرئيسية (الجزيرة),ثقافة,موريتانيا
913,فنون الجداد.. مهرجان محلي يحيي التراث الغنائي في كردفان,نساء ورجال يرتدون أزياء كردفانية تقليدية وهم يرددون الأهازيج الشعبية بمسرح مكشوف تحت ظلال أشجار السدر,ثقافة,السودان
914,نساء غزة ينظمن بازارا خيريا لدعم الأسر المتضررة من العدوان,سيدات فلسطينيات يعرضن منتجات يدوية في قاعة صغيرة وسط رفرف أعلام فلسطين وأجواء تضامن مجتمعي (رويترز),مجتمع,فلسطين
915,مستشفيات الجنوب التونسي تعلن اكتظاظ أقسام الأطفال مع موجة أمراض تنفسية حادة,أولياء ينتظرون خارج قسم الطوارئ للأطفال في مستشفى قابس وسط تدفق للمرضى الصغار خلال ساعات الليل (الوكالة التونسية للأنباء),صحة,تونس
916,موجة هجرة داخلية في جيبوتي مع تصاعد آثار الجفاف على المجتمعات الريفية,عائلات تنقل متاعها الصغير على عربات خشبية باتجاه ضواحي العاصمة جيبوتي بعد ندرة المياه في قراهم (الفرنسية),قضايا اجتماعية,جيبوتي
917,تونس تطلق أول مركز رعاية لمرضى الزهايمر في الجنوب وتعوّل على الكوادر الشابة,أخصائية علاج نفسي تواسي سيدة مسنّة في إحدى قاعات المركز الجديد بمدينة قابس (رويترز),صحة,تونس
918,الرياض تطلق أول شبكة نقل ذكية بالكامل للحافلات في الأحياء السكنية,حافلات كهربائية حديثة تتوقف عند محطة في حي النخيل شمال الرياض (الشرق الأوسط),تقنية,السعودية
919,الستيني عبد الحميد يحقق إنجازاً تاريخياً في ماراثون تونس الصحراوي,عبد الحميد بن يوسف يرفع علم تونس وسط ترحيب الجماهير بعد عبوره خط النهاية في صحراء دوز (رويترز),رياضة,تونس
920,نادي الحكمة يطلق أكاديمية لكرة السلة للفتيات في طرابلس.. خطوة رائدة لدعم الرياضة النسوية شمال لبنان,مدربة لبنانية تلقن مجموعة من الفتيات التمارين الأساسية لكرة السلة داخل صالة رياضية حديثة في طرابلس، وسط حضور أهاليهم وتشجيعهم,رياضة,لبنان
921,حادث سير مروع يودي بحياة ثلاثة شبان على طريق الشحانية في قطر,سيارات الإسعاف وقوى الأمن القطري تطوق موقع الحادث بالقرب من تقاطع الشحانية وسط تجمع الأهالي وحطام المركبتين المتصادمتين (الجزيرة),حوادث,قطر
922,"مهرجان ""طرابلس تقرأ"".. مبادرة شبابية لإحياء ثقافة المطالعة في ليبيا",مجموعة من الشباب الليبيين يتبادلون الكتب في ساحة الشهداء بطرابلس خلال الفعالية (الجزيرة),ثقافة,ليبيا
923,بغداد تعلن تفاصيل اتفاق أمني مع تركيا لمواجهة تسلل الجماعات المسلحة عبر الحدود,وزير الداخلية العراقي ونظيره التركي خلال مؤتمر صحفي مشترك في مقر وزارة الداخلية ببغداد، وخلفهم أعلام البلدين (الأناضول),سياسة,العراق
924,موسم الرمان في الباحة: مزارعون سعوديون يصدرون أول شحنة إلى شرق آسيا,مزارع سعودي يعرض صناديق رمان طازج تمهيداً لشحنها من أحد بساتين الباحة (رويترز),اقتصاد,السعودية
925,"قطر تطلق مبادرة ""مدرستي الخضراء"" لنشر ثقافة الاستدامة بين الطلاب",طلاب وطالبات يزرعون أشجاراً في ساحة إحدى المدارس الحكومية بالدوحة ضمن فعاليات المبادرة (الشرق),تعليم,قطر
926,مبادرة جديدة لإدخال الإنترنت عبر الأقمار الصناعية إلى المناطق الريفية في الصومال,تجهيز هوائيات لاستقبال الإنترنت في إحدى القرى بمحيط هرجيسا شمالي الصومال (رويترز),تقنية,الصومال
927,برلمان جيبوتي يوافق بالإجماع على تعديل وزاري موسع وسط توقعات بتغيير السياسات الداخلية,نواب البرلمان يصوتون خلال جلسة عامة في مقر المجلس الوطني بالعاصمة جيبوتي (الأناضول),سياسة,جيبوتي
928,السيول تداهم عدة قرى في ولاية سمائل وتخلف خسائر مادية واسعة,منسوب المياه يرتفع في أحد الشوارع الرئيسية بسمائل بينما يحاول السكان إنقاذ بعض الممتلكات من تدفق السيول (وكالة الأنباء العمانية),حوادث,عُمان
929,انهيار مبنى سكني قديم يودي بحياة 4 أشخاص في حي الميدان بدمشق,رجال الدفاع المدني يبحثون بين أنقاض مبنى متصدع في حي الميدان وسط العاصمة السورية دمشق (وكالة سانا),حوادث,سوريا
930,شبيبة القبائل يطلق أكاديمية جديدة لتطوير المواهب في الجنوب الجزائري,مجموعة من الأطفال يحملون كرات قدم ويرتدون أطقم النادي الجديدة خلال حصة تدريبية في مدينة أدرار (رويترز),رياضة,الجزائر
931,مدارس جيبوتي الحكومية تطلق برنامج التغذية المدرسية لمواجهة تراجع التحصيل,طلاب يتناولون وجبة إفطار جماعية في إحدى مدارس العاصمة جيبوتي (وكالة الأنباء الجيبوتية),تعليم,جيبوتي
932,"قطر تطلق مبادرة ""المدرسة الخضراء"" لتعزيز التعليم البيئي في المناهج الدراسية",طلاب مدرسة قطرية يشاركون في زراعة الأشجار ضمن برنامج التوعية البيئية في الدوحة (الجزيرة),تعليم,قطر
933,البحرين تدعو لإصلاحات انتخابية وسط مطالب بتحسين مشاركة الشباب,طلاب جامعيون بحرينيون يتقدمون بأسئلتهم خلال جلسة حوارية في المنامة لمناقشة دور الشباب في الحياة السياسية (رويترز),سياسة,البحرين
934,نادي جدة البحري يحصد ذهبية بطولة المملكة للتجديف لأول مرة في تاريخه,أعضاء فريق نادي جدة البحري يحتفلون بالفوز بالذهبية على ضفاف كورنيش جدة بحضور جماهيرهم ومدربيهم (اتحاد التجديف السعودي),رياضة,السعودية
935,مبادرة نسائية في صيدا تعيد إحياء حرفة تصنيع الصابون التراثي لدعم الأسر الفقيرة,مجموعة من النساء يعملن في ورشة صغيرة محاطة بقوالب الصابون التقليدي وأدوات يدوية وسط أجواء تعبق برائحة الأعشاب الطبيعية (الجزيرة),مجتمع,لبنان
936,نقص المعلمين يهدد استمرارية التعليم في جزر القمر وسط هجرة الكوادر,طلاب يجلسون على مقاعد خشبية في فصل بسيط بجزيرة أنجوان ينتظرون وصول معلم اللغة الفرنسية (الجزيرة),تعليم,جزر القمر
937,البحرين تفتتح أول مدرسة حكومية متخصصة في الفنون المسرحية,طلاب يؤدون عرضاً مسرحياً على خشبة مسرح حديث في المنامة خلال افتتاح المدرسة الجديدة (رويترز),تعليم,البحرين
938,قلق في الكويت بعد ارتفاع حالات التنمر الإلكتروني بين طلاب المدارس,مجموعة من الطلاب يتصفحون هواتفهم في إحدى ساحات المدارس، بينما يظهر على وجوههم التوتر والانشغال (رويترز),قضايا اجتماعية,الكويت
939,الثورة البرتقالية.. نادي الاتحاد الحلبي يستعيد بريقه ويشعل المنافسة على الدوري السوري,مشجعون يرفعون الأعلام البرتقالية ويهتفون بحماسة في ملعب الحمدانية بمدينة حلب قبل انطلاق مواجهة الاتحاد مع الكرامة (الجزيرة),رياضة,سوريا
940,ارتفاع معدلات التسرب المدرسي بين الفتيات في الريف الجنوبي للعراق يثير قلق الأهالي,مجموعة من الطالبات يجلسن في فناء مدرسة ريفية متهالكة بمحافظة ذي قار بينما تظهر بعض المقاعد فارغة بسبب غياب الطالبات (الجزيرة),قضايا اجتماعية,العراق
941,"متحف قطر الوطني يحتفي بفنون اللؤلؤ في معرض ""حكاية من أعماق الخليج""",امرأة قطرية تتأمل عقد لؤلؤ تقليدي معروض في قاعة زجاجية وسط مقتنيات تعكس تاريخ صيد اللؤلؤ في البلاد (رويترز),ثقافة,قطر
942,الأردن يطلق مبادرة وطنية لزراعة مليون شجرة مثمرة في المناطق الجافة,متطوعون أردنيون يحملون شتلات زيتون ورمان في موقع زراعي بمحافظة المفرق شمال شرقي الأردن ضمن حملة التشجير الوطنية (رويترز),بيئة,الأردن
943,ارتفاع ظاهرة التسرب المدرسي بين أطفال الريف السوداني يثير قلق الأسر والمنظمات,تلاميذ يحملون حقائب مدرسية ممزقة يسيرون في طريق طيني طويل نحو مدرسة مشيدة من القش بإحدى قرى ولاية النيل الأزرق (الأناضول),قضايا اجتماعية,السودان
944,الصومال يوقع اتفاقية لتصدير الأسماك الطازجة إلى الأسواق الأوروبية لأول مرة,صيادون صوماليون يفرغون شباكهم الممتلئة بالأسماك على شاطئ مقديشو عند شروق الشمس، بينما تقف شاحنات تبريد استعداداً لنقل الشحنة الأولى للتصدير (رويترز),اقتصاد,الصومال
945,طرابلس تكشف عن مشروع أول منصة ليبية لتسويق المنتجات الحرفية إلكترونياً,مجموعة من الشابات والشبان يعرضون منتجاتهم التقليدية على أجهزة حاسب محمولة في قاعة عرض بطرابلس (وكالة الأنباء الليبية),تقنية,ليبيا
946,"""مبادرة محلية لتعليم اللغة الفرنسية في قرى نائية بجزر القمر""",معلمة تقف أمام تلاميذ يرفعون كتبهم داخل فصل مدرسي ريفي في جزيرة أنجوان (رويترز),تعليم,جزر القمر
947,تراجع أعداد طيور الفلامينغو في محمية القالة يثير قلق خبراء البيئة الجزائريين,مجموعة من طيور الفلامينغو تحلق فوق مياه ضحلة في محمية القالة الطبيعية شرق الجزائر، وسط أجواء ضبابية وصمت يلف المكان (رويترز),بيئة,الجزائر
948,السعودية تدشّن أول مزرعة رياح بحرية في الخليج لتعزيز مزيج الطاقة المستدامة,رافعات عملاقة تثبّت تربينات الرياح الضخمة في عرض البحر قبالة سواحل جازان (رويترز),طاقة,السعودية
949,اندلاع حريق في سوق المباركية التاريخي يوقع إصابات ويوقف الحركة التجارية,رجال الإطفاء يواصلون جهودهم لإخماد النيران وسط حالة من الترقب لدى أصحاب المحلات في سوق المباركية الشهير بالعاصمة الكويت (الجزيرة),حوادث,الكويت
950,المعارضة الموريتانية تطالب بإصلاحات انتخابية قبل الانتخابات الرئاسية المقبلة,قادة أحزاب المعارضة يتوسطون قاعة الاجتماعات في نواكشوط خلال مؤتمر صحفي مشترك (الجزيرة),سياسة,موريتانيا
951,منجم جديد للذهب الأخضر.. مشاريع التمور العضوية تعيد رسم الخريطة الزراعية في الإمارات,عمال يجمعون ثمار التمر العضوي في مزرعة بأطراف مدينة العين وسط نخيل باسق يظلل الأرض (الجزيرة),اقتصاد,الإمارات
952,ارتفاع معدلات الطلاق في الجزائر يثير قلق الجمعيات النسوية وسط مطالب بإصلاحات قانونية,سيدات يشاركن في ندوة توعوية حول حقوق المرأة بمدينة قسنطينة (رويترز),قضايا اجتماعية,الجزائر
953,المجلس السيادي يدعو لحوار عاجل بين الفصائل وسط تصاعد النزاع بدارفور,أعضاء من المجلس السيادي السوداني خلال اجتماع طارئ لمناقشة تداعيات الاشتباكات في إقليم دارفور (رويترز),سياسة,السودان
954,عدن تعود للإضاءة جزئياً بعد وصول شحنة وقود إسعافية لمحطات الكهرباء,ناقلات النفط تصطف على رصيف ميناء عدن استعداداً لتفريغ الشحنة وسط تواجد فنيين في زي العمل (رويترز),طاقة,اليمن
955,"مكتبات الإسكندرية الشعبية تحيي تقليد ""الحكواتي"" لجذب الأطفال للقراءة",مجموعة من الأطفال يجلسون في دائرة حول راوي قصص يرتدي الزي الشعبي في ساحة مكتبة شعبية بالإسكندرية (مصادر محلية),ثقافة,مصر
956,أمطار غزيرة تُغرق شوارع الدمام وتعطل حركة السير لساعات,سيارات متوقفة وسط تجمعات مياه الأمطار في أحد الشوارع الرئيسية بمدينة الدمام (صحيفة اليوم),حوادث,السعودية
957,جيبوتي تطلق أول شبكة توزيع كهرباء ذكية لتحسين كفاءة الطاقة في الأحياء السكنية,عامل فني يشرف على تركيب عداد كهرباء ذكي في حي سكني بالعاصمة، في خطوة تهدف لخفض الفاقد وتقديم خدمة مستقرة للمواطنين (الفرنسية),طاقة,جيبوتي
958,مبادرة نسائية في موروني لتحويل النفايات إلى حدائق منزلية مستدامة,سيدتان من جزر القمر تحملان صناديق تضم نباتات خضراء في حديقة منزلية صغيرة، وأكوام من السماد العضوي تظهر في الخلفية (الجزيرة),مجتمع,جزر القمر
959,موجة ارتفاع حرارة البحر تهدد الشعاب المرجانية قبالة ساحل طبرق,غواصون ليبيون يوثقون تغيّر ألوان المرجان وسط مياه صافية في البحر الأبيض المتوسط شرق البلاد (رويترز),بيئة,ليبيا
960,الجزائر تدشن أول منصة إلكترونية وطنية لتداول المنتجات الفلاحية,مزارعون جزائريون يستخدمون أجهزة لوحية لتسعير الخضروات في سوق شعبي بمدينة وهران (رويترز),تقنية,الجزائر
961,"الإمارات تطلق برنامج ""المهارات الزرقاء"" لتدريب طلاب المدارس على علوم البحار",مجموعة من الطلاب الإماراتيين يرتدون سترات نجاة أثناء مشاركتهم في ورشة تعليمية على شاطئ مدينة كلباء (رويترز),تعليم,الإمارات
962,الدوحة تستضيف بطولة دولية لرياضة البادل بمشاركة عربية لافتة,لاعبات قطريات وتونسيات خلال مباراة نصف النهائي في بطولة البادل بالدوحة (رويترز),رياضة,قطر
963,غرق قارب صيد يقل عشرة أشخاص قبالة سواحل وهران وعمليات البحث مستمرة,عناصر الحماية المدنية الجزائرية أثناء تمشيط مياه البحر قرب شاطئ الكرمة في وهران بحثاً عن مفقودين (وكالة الأنباء الجزائرية),حوادث,الجزائر
964,"انطلاق ""ماراثون عدن للسلام"" بمشاركة 1200 عداء من مختلف المحافظات اليمنية",عداؤون يمنيون ينطلقون من أمام شارع المعلا الرئيسي في افتتاح ماراثون عدن للسلام وسط حضور جماهيري كبير (الفرنسية),رياضة,اليمن
965,تصادم بين شاحنتين يخلف إصابات ويعطل السير على طريق العين-الوقن,رجال الدفاع المدني والإسعاف في موقع الحادث أثناء انتشال المصابين من بين حطام الشاحنتين قرب مدينة العين (وام),حوادث,الإمارات
966,انقلاب شاحنة وقود يتسبب في حريق هائل على طريق مدني – الخرطوم,رجال الإطفاء يحاولون السيطرة على ألسنة اللهب وسط دخان كثيف بعد انقلاب شاحنة الوقود قرب قرية طيبة الشيخ عبد الباقي (رويترز),حوادث,السودان
967,مهرجان مقديشو للسينما يعيد الحياة إلى الشاشة الفيلمية بالصومال,جمهور صومالي يتابع عرض فيلم محلي في قاعة سينما عتيقة تم ترميمها وسط مقديشو (رويترز),ثقافة,الصومال
968,جيبوتي تطلق أول برنامج وطني لمكافحة داء الملاريا في المناطق الحدودية,فريق صحي جيبوتي يجري فحوصات ميدانية لسكان قرية حدودية ضمن حملة مكافحة الملاريا (الأناضول),صحة,جيبوتي
969,طرابلس تحتضن سباق الجري الليلي الأول بمشاركة واسعة من الشباب الليبي,المئات من العدّائين ينطلقون في شوارع طرابلس القديمة وسط أجواء احتفالية ليلية (الفرنسية),رياضة,ليبيا
970,مدارس الضفة الغربية تستأنف نشاطها رغم التحديات وغياب التمويل الدولي,طلاب وطالبات يجلسون على مقاعد دراسية قديمة في إحدى مدارس مدينة رام الله، وسط جداريات تحمل رسومات الأمل وتحديات التعليم (رويترز),تعليم,فلسطين
971,انهيار جزئي لمبنى سكني يخلّف جرحى في حي باب الزوار بالعاصمة الجزائرية,سيارات إسعاف وإطفاء متوقفة أمام مبنى متضرر جزئياً وسط ازدحام السكان ورجال الدفاع المدني (الأناضول),حوادث,الجزائر
972,"""الخط العربي في بنغازي.. شباب يُعيدون للحرف الليبي سحره على جدران المدينة العريقة""",مجموعة من الفنانين الشباب يرسمون جداريات بخطوط عربية أصيلة تزيّن شوارع بنغازي القديمة (الجزيرة),ثقافة,ليبيا
973,"البحرين تطلق مبادرة ""المعلم المتجول"" لسد فجوات التعليم في القرى النائية",مجموعة من الطلاب في قرية الجسرة يتلقون درساً تفاعلياً على يد معلم زائر ضمن برنامج التنقل الأسبوعي (وكالة أنباء البحرين),تعليم,البحرين
974,الرياض تعلن تشكيل مجلس تنفيذي لتطوير التعاون مع دول الساحل الأفريقي,وزير الخارجية السعودي يجتمع بمسؤولين أفارقة في قصر المؤتمرات بالرياض (واس),سياسة,السعودية
975,ارتفاع نسبة الإصابة بمرض الحصبة بين الأطفال في ريف إدلب يثير قلق المنظمات الصحية,طاقم طبي يفحص طفلاً في إحدى العيادات الميدانية بريف إدلب الشمالي (الهلال الأحمر السوري),صحة,سوريا
976,انقطاع الإنترنت يربك الامتحانات الجامعية في الخرطوم والأسرة التعليمية تطالب بتدخل عاجل,طلاب سودانيون يجلسون أمام مبنى كلية الهندسة بجامعة الخرطوم في انتظار استئناف خدمة الإنترنت لاستكمال امتحاناتهم النهائية (الصورة من وكالة السودان للأنباء),تقنية,السودان
977,انتشار الحمى النزفية يثير قلق الأطباء في شمال سوريا,طاقم طبي يعالج طفلاً صغيراً في وحدة عزل داخل أحد مستشفيات مدينة إدلب، حيث تظهر علامات القلق على وجوه الأطباء وسط نقص المستلزمات الطبية (وكالة الصحافة السورية),صحة,سوريا
978,مهرجان الطائف للورد يسجل مشاركة قياسية من الحرفيين المحليين هذا العام,زوار يتجولون بين أكشاك الحرفيين وسط أكاليل الورد الطائفي في ساحة المهرجان (واس),ثقافة,السعودية
979,جدل سياسي في نواكشوط حول مشروع تعديل قانون الانتخابات وسط تحفظات المعارضة,أعضاء من البرلمان الموريتاني يتبادلون النقاش الحاد أثناء جلسة مناقشة مشروع القانون في قاعة الجلسات الرئيسية (رويترز),سياسة,موريتانيا
980,الاتحاد الليبي يعلن إطلاق دوري نسائي لكرة القدم في موسم استثنائي,تدريبات لفريق كرة قدم نسائي على ملعب طرابلس الدولي استعداداً لانطلاق المنافسات الرسمية (رويترز),رياضة,ليبيا
981,مجلس الجامعات الكويتية يقر نظام القبول الموحد للمرة الأولى بدءاً من العام المقبل,طلاب وطالبات خلال جولة تعريفية حديثة بمقر جامعة الكويت بمنطقة الشدادية (كونا),تعليم,الكويت
982,جزر القمر توقع اتفاقية لإنشاء أول منطقة حرة بحرية لتعزيز صادرات الأسماك,مركب صيد تقليدي قبالة سواحل موروني، حيث يعوّل الصيادون المحليون على المشاريع الجديدة لتحسين دخلهم وزيادة النفاذ إلى الأسواق العالمية (رويترز),اقتصاد,جزر القمر
983,مبادرة شبابية في اللاذقية تعيد الحياة إلى الحدائق العامة المهملة,متطوعون شباب يعملون على تنظيف وزراعة الأشجار في إحدى حدائق اللاذقية وسط تفاعل سكان الأحياء المجاورة,مجتمع,سوريا
984,مدارس الصعيد تشهد مبادرة لدمج الأطفال ذوي الإعاقة في الفصول الدراسية,معلمة ترافق طلاباً من ذوي الإعاقة في أحد فصول مدرسة بمحافظة سوهاج، حيث تظهر فرحة الأطفال بالمشاركة في أنشطة تعليمية جماعية (رويترز),تعليم,مصر
985,مجلس النواب الأردني يناقش مشروع قانون جديد لتنظيم تمويل الأحزاب السياسية,نواب من مختلف الكتل البرلمانية يتبادلون الآراء خلال جلسة تشريعية في مجلس النواب بعمان (رويترز),سياسة,الأردن
986,الحكومة الجزائرية تعلن بدء مشاورات موسعة حول تعديل الدستور لتعزيز مشاركة الشباب,قاعة الاجتماعات بحضور وزراء ومسؤولين شباب يناقشون مقترحات إصلاح دستوري في العاصمة الجزائرية (الوكالة الجزائرية للأنباء),سياسة,الجزائر
987,تزايد حملات التشجير التطوعية في موروني لمواجهة تآكل السواحل,متطوعون شباب من جزر القمر يزرعون أشجار القرم قرب الشاطئ ضمن إحدى المبادرات البيئية المحلية (الأناضول),مجتمع,جزر القمر
988,مدارس الأرياف الجزائرية تواجه شبح الإغلاق وسط نزوح العائلات للمدن,صفوف دراسية شبه خالية في مدرسة ابتدائية ببلدة جبلية قرب سطيف مع بقاء عدد قليل من الطلبة (الأناضول),قضايا اجتماعية,الجزائر
989,عُمان تطلق أول صندوق استثماري لدعم الشركات الناشئة في الصناعات البحرية,سفن صيد عمانية راسية في ميناء خصب ضمن حملة لتعزيز الاستثمارات البحرية المحلية (وزارة الثروة السمكية العمانية),اقتصاد,عُمان
990,الكويت تطلق مبادرة لدعم الأسر محدودة الدخل في مواجهة ارتفاع أسعار السلع الأساسية,مواطنون كويتيون يتسوقون في أحد الأسواق المركزية وسط لافتات تُعلن عن تخفيضات على السلع الغذائية الأساسية (رويترز),قضايا اجتماعية,الكويت
991,حادث تصادم مروع بين حافلتين شمال جدة يسفر عن 8 إصابات متفرقة,سيارات إسعاف تهرع إلى موقع الحادث وسط تجمع عدد من المارة بالقرب من دوار قويزة (واس),حوادث,السعودية
992,مصر تطلق أول منصة إلكترونية لتسويق الحرف اليدوية عالمياً,صانعة فخار من قرية تونس بالفيوم تروج لإبداعاتها عبر جهاز لوحي في ورشة عمل تقليدية (الأهرام),تقنية,مصر
993,القاهرة تدرس تعديل قوانين التنظيم المحلي لتعزيز سلطات المحافظين,اجتماع موسع لمسؤولي وزارة التنمية المحلية بحضور عدد من المحافظين لمناقشة التعديلات المرتقبة (الجزيرة),سياسة,مصر
994,ميناء عدن يستعيد نشاطه بعد اتفاق جديد مع شركات الشحن العالمية,حاويات بضائع تتكدس في ساحة ميناء عدن مع عمال ومعدات تفريغ تعمل في الصباح الباكر (رويترز),اقتصاد,اليمن
995,دراسة قطرية: ارتفاع مستويات القلق الاجتماعي بين المراهقين بسبب الضغوط الأكاديمية,مجموعة من طلاب المرحلة الثانوية أثناء جلسة دعم نفسي في إحدى المدارس بالدوحة (الجزيرة),قضايا اجتماعية,قطر
996,عُمان تعلن اكتشاف حقول غاز جديدة في محافظة الوسطى وتخطط لزيادة الإنتاج,منصة تنقيب عن الغاز في إحدى صحارى محافظة الوسطى تحت أشعة الشمس الحارقة، مع عمال يشرفون على المعدات الثقيلة (رويترز),طاقة,عُمان
997,"نادي ""تسيكانغو"" يحقق أول فوز له بالدوري الممتاز في جزر القمر",لاعبون من نادي تسيكانغو يحتفلون بتسجيل هدف في ملعب موروني الرئيسي وسط حضور جماهيري محدود (رويترز),رياضة,جزر القمر
998,نادي تجكجة يفتتح أكاديمية جديدة لتطوير مواهب كرة القدم في قلب نواكشوط,مجموعة من الأطفال يرتدون زي النادي أثناء تدريبات صباحية في ملعب الأكاديمية الجديد بنواكشوط (الجزيرة),رياضة,موريتانيا
999,السودان يسعى لبناء أول محطة كهرومائية صغيرة لدعم الريف في دارفور,فنيون سودانيون يشرفون على وضع الأساسات بجانب مجرى نهر في ولاية غرب دارفور وسط معدات البناء البسيطة (الفرنسية),طاقة,السودان
1000,الإمارات تعلن عن مبادرة للوساطة في الأزمة بين السودان وتشاد,وزير الخارجية الإماراتي عبد الله بن زايد خلال لقاء دبلوماسي مع نظيره التشادي في أبوظبي (وام),سياسة,الإمارات
1001,عائلات فلسطينية تقيم مخيماً احتجاجياً في غزة للمطالبة بإعادة بناء منازلها المدمرة,"أطفال يجلسون تحت أغطية بلاستيكية وسط أنقاض منازل مدمرة في حي الشجاعية شرق غزة، بينما ترفع لافتة كُتب عليها ""نريد سقفاً آمناً لأطفالنا"" (رويترز)",قضايا اجتماعية,فلسطين
1002,شركات اتصالات سودانية تطلق خدمة تحويل الأموال عبر الهواتف المحمولة في المناطق الريفية,موظفة محلية تشرح لمزارع آلية استخدام تطبيق الدفع الإلكتروني في إحدى قرى ولاية الجزيرة (الصحافة السودانية),تقنية,السودان
1003,حملة شبابية في حلب لترميم الأسواق التاريخية بعد الزلزال,متطوعون شباب يزيلون الأنقاض من إحدى الأزقة القديمة في سوق المدينة، بينما يشرف مختصون على تثبيت الجدران المتصدعة (الصحافة السورية),مجتمع,سوريا
1004,إطلاق أول منصة رقمية لتتبع المنتجات الزراعية المحلية بين مدن الجنوب الليبي,مجموعة من المزارعين الليبيين يستخدمون أجهزة لوحية لفحص بيانات المحاصيل في حقل قرب سبها (رويترز),تقنية,ليبيا
1005,الإمارات تعلن عن مبادرة دبلوماسية جديدة لدعم الحوار الليبي,وزير الدولة الإماراتي للشؤون الخارجية خلال لقائه مبعوث الأمم المتحدة في مقر الوزارة بأبوظبي (وام),سياسة,الإمارات
1006,انهيار مبنى سكني في تعز يسفر عن مقتل وإصابة عدة عائلات,رجال إنقاذ يبحثون بين أنقاض مبنى منهار وسط تجمهر سكان الحي في منطقة الجحملية بتعز (الجزيرة),حوادث,اليمن
1007,"معرض ""النيل مصدر إلهام"" يسلط الضوء على دور النهر في التراث المصري",لوحة فنية تجسد مشهد الحياة اليومية على ضفاف النيل في إحدى قاعات العرض بالقاهرة (الجزيرة),ثقافة,مصر
1008,موريتانيا تدشن أول محطة لتحلية مياه البحر لتعزيز الأمن المائي في نواكشوط,مسؤولون موريتانيون يضغطون على زر التشغيل إيذاناً بانطلاق أعمال المحطة الجديدة على شاطئ العاصمة نواكشوط (المكتب الإعلامي لوزارة المياه),اقتصاد,موريتانيا
1009,حريق ضخم في سوق المباركية التاريخي يودي بخسائر مادية جسيمة,رجال الإطفاء يطوّقون المحال المتضررة وسط دخان كثيف في سوق المباركية بمدينة الكويت (وكالة الأنباء الكويتية),حوادث,الكويت
1010,البحرين تطلق أول صندوق استثماري لدعم مشاريع الطاقة المتجددة المحلية,وزير الصناعة البحريني يوقع اتفاقية تأسيس الصندوق وسط حضور ممثلين عن شركات ناشئة في مجال الطاقة (رويترز),اقتصاد,البحرين
1011,حملات تطوعية في حمص لإعادة تشجير الغابات المتضررة من الحرائق,متطوعون شباب وغابة الحراج الجبلية في حمص خلال زرع شتلات الصنوبر بعد حرائق الصيف الماضي (الجزيرة),بيئة,سوريا
1012,ارتفاع أسعار الأسماك يثير قلق التجار والمستهلكين في نواكشوط,بائعون يعرضون أنواعاً مختلفة من الأسماك الطازجة في سوق ميناء الصيادين بالعاصمة نواكشوط وسط ازدحام الزبائن وأجواء مشمسة (الجزيرة),اقتصاد,موريتانيا
1013,ليبيا تدشّن أول مركز للصيانة الذكية للطائرات المسيرة في مطار معيتيقة,فنيون ليبيون يجرون اختبارات على طائرة مسيرة داخل حظيرة صيانة حديثة في مطار معيتيقة بطرابلس (وكالة الأنباء الليبية),تقنية,ليبيا
1014,محمية جزر فرسان.. الأمل السعودي للحفاظ على التنوع البيولوجي البحري,سرب من طيور القشلة يحلق فوق الشعاب المرجانية الصافية، بينما تلوح في الأفق أشجار المنغروف الكثيفة على الشريط الساحلي لجزر فرسان.,بيئة,السعودية
1015,السعودية تدشن أول محطة شمسية عائمة لتوليد الكهرباء في بحيرة دومة الجندل,ألواح شمسية عائمة على سطح بحيرة دومة الجندل خلال ساعات الصباح الأولى (واس),طاقة,السعودية
1016,مهرجان الموروث الشعبي في إب يحيي أغاني الرعاة ويعيد إحياء الحكايات القديمة,فتيات يرتدين زياً تراثياً يمشين في ساحة مهرجان بوسط إب، بينما يقدم كبار السن عرضاً غنائياً من الموروث الفلاحي (الصحافة اليمنية),ثقافة,اليمن
1017,شباب جيبوتي يتأهلون لنهائي بطولة منطقة شرق أفريقيا لكرة السلة لأول مرة,فرحة لاعبي منتخب جيبوتي لكرة السلة بعد صافرة النهاية، ومشجعون يرفعون أعلام بلادهم في مدرجات الصالة الرياضية (وكالة الأنباء الجيبوتية),رياضة,جيبوتي
1018,تدشين أول ميناء بري للطاقة الشمسية في الظفرة لدعم تصدير الكهرباء إلى دول الخليج,ألواح شمسية تمتد على مساحات شاسعة وسط صحراء الظفرة استعداداً لربط الميناء بالبنية التحتية الكهربائية العابرة للحدود (وام),طاقة,الإمارات
1019,حريق يلتهم سوق الأعلاف التاريخي وسط البصرة والتحقيقات جارية حول أسبابه,رجال إطفاء يتعاملون مع ألسنة اللهب المتصاعدة في أرجاء سوق الأعلاف بين عربات محترقة وأكوام من البضائع المتفحمة (الوكالة العراقية للأنباء),حوادث,العراق
1020,معلمون سودانيون يطلقون مبادرة لدعم الطلاب المتضررين من السيول في كسلا,مجموعة من المعلمين والمتطوعين يوزعون كتباً وحقائب مدرسية على أطفال في إحدى مدارس كسلا المتضررة من الفيضانات (الصحافة السودانية),تعليم,السودان
1021,السودان يطلق حملة وطنية لمكافحة حمى الضنك في الولايات الشرقية,عاملون صحيون يوزعون منشورات توعية في أحد أسواق مدينة القضارف بشرق السودان، ضمن جهود محاصرة انتشار البعوض الناقل للمرض (وكالة السودان للأنباء),صحة,السودان
1022,موريتانيا تطلق أول محطة طاقة شمسية عائمة في نهر السنغال,عمال يتفقدون ألواحاً شمسية مثبتة على منصات عائمة قرب ضفة نهر السنغال شمال مدينة روصو الموريتانية (رويترز),طاقة,موريتانيا
1023,قطر تطلق برنامجاً موسعاً للكشف المبكر عن أمراض القلب في المدارس الحكومية,ممرضة مدرسية تجري فحص نبض لطالب قطري في إحدى المدارس الإعدادية بالدوحة (وزارة الصحة القطرية),صحة,قطر
1024,كرة القدم النسائية في الصومال تحقق نقلة نوعية وسط تحديات مجتمعية,لاعبات فريق بنادر لكرة القدم النسائية يؤدين تدريباتهن على أرضية ترابية في مقديشو تحت إشراف مدربة شابة، بينما تتابع مجموعة من الفتيات الصغيرات المشهد من جانب الملعب (رويترز),رياضة,الصومال
1025,المغرب يطلق برنامجاً لتدريب المدرسين على التعليم الإبداعي في القرى الجبلية,مجموعة من المعلمين يتبادلون الأفكار خلال ورشة عمل في أحد الفصول الدراسية بقرية نائية جنوب جبال الأطلس (الصحافة المغربية),تعليم,المغرب
1026,حملات موسعة لمكافحة التسرب المدرسي في صعيد مصر مع بداية العام الدراسي,متطوعون يوزعون حقائب مدرسية ومواد دراسية على الأطفال في إحدى قرى أسيوط لتعزيز العودة للمدارس (مبادرة أهلية مصرية),مجتمع,مصر
1027,نذر تصحّر تهدد منشية النوبة بالنيل الأزرق والسكان يطلقون حملة تشجير واسعة,متطوعون وشباب من سكان منشية النوبة يغرسون شتلات الأشجار على أطراف القرية لمواجهة زحف الرمال (الجزيرة),بيئة,السودان
1028,ندرة المياه تدفع شباب البادية إلى ابتكار حلول تقليدية في جنوب الأردن,مجموعة من الشبان يحملون أوعية مياه أثناء سيرهم بين الأشجار الجافة في سهول معان (الجزيرة),قضايا اجتماعية,الأردن
1029,الزوراء يحقق فوزاً مثيراً على الشرطة في ديربي بغداد ويشعل سباق الدوري العراقي,لاعبو الزوراء يحتفلون بهدف الفوز أمام جماهير غفيرة في ملعب الشعب الدولي، بغداد (رويترز),رياضة,العراق
1030,موجة جفاف غير مسبوقة تهدد سبل العيش في قرى سهل سايس المغربي,امرأة تحمل دلواً فارغاً في طريقها إلى بئر جاف في ضواحي مدينة صفرو (رويترز),مجتمع,المغرب
1031,عشرات السلاحف البحرية تنفق في سواحل مصراتة وسط تحذيرات من التلوث النفطي,متطوعون محليون يسحبون سلاحف نافقة من الرمال السوداء على شاطئ مصراتة بينما تتصاعد بقع زيت داكنة من المياه (الجزيرة),بيئة,ليبيا
1032,قطر تعلن وساطة جديدة بين فصائل ليبية متنازعة لبحث سبل المصالحة,اجتماع لوفود ليبية رفيعة في إحدى قاعات الدوحة بحضور مسؤولين قطريين (رويترز),سياسة,قطر
1033,قطر تطلق أول منصة رقمية لتوثيق التراث البحري الخليجي,سفينة تقليدية قطرية ترسو أمام شاشة عملاقة تعرض صوراً أرشيفية لصيادي اللؤلؤ القدامى (الجزيرة),تقنية,قطر
1034,مبادرات نسائية في تعز لدعم تعليم الفتيات في الأرياف المحاصرة,مجموعة من الفتيات اليمنيات يحملن حقائب مدرسية ويقطعن طريقاً جبلياً وعراً في ريف تعز (الجزيرة),مجتمع,اليمن
1035,عمان تعلن تدشين أول منطقة حرة بحرية لتعزيز صادرات الأسماك والمنتجات البحرية,عمال عمانيون يفرغون صناديق أسماك مجمدة في ميناء صحار المخصص للمنطقة الحرة الجديدة (الجزيرة),اقتصاد,عُمان
1036,أزمة كهرباء مفاجئة تعيد الجدال حول مستقبل سد مروي في السودان,خطوط نقل كهرباء رئيسية قريبة من سد مروي شمال السودان خلال ساعات المساء، وسط غياب شبه كامل للإنارة في قرى المنطقة (الأناضول),طاقة,السودان
1037,الإمارات تعلن تدشين أول منصة إلكترونية لمزاد السلع الزراعية المحلية لتعزيز الأمن الغذائي,مزارعون إماراتيون يعرضون منتجاتهم الطازجة في سوق إلكتروني جديد بمشاركة مشترين من مختلف إمارات الدولة (وام),اقتصاد,الإمارات
1038,ارتفاع ظاهرة التسرب المدرسي بين الفتيات في القرى النيلية جنوب السودان,ثلاث فتيات يخرجن من مدرسة ريفية بأزياء بسيطة، بينما تظهر خلفهن فصول شبه خالية ومقاعد خشبية قديمة (رويترز),قضايا اجتماعية,السودان
1039,انقلاب شاحنة محملة بالمواد الكيميائية يغلق طريق الشويب السريع لساعات في العين,فرق الدفاع المدني الإماراتي تعمل على إزالة حاويات المواد الخطرة من موقع الحادث وسط إجراءات تأمين مكثفة (وام),حوادث,الإمارات
1040,متحف قرطاج يحتفي بكنوز الفسيفساء التونسية في معرض جديد,زوار يتأملون لوحات فسيفسائية رومانية ضخمة معروضة في قاعة حديثة بمتحف قرطاج (رويترز),ثقافة,تونس
1041,انهيار جرف صخري يقطع طريق لحج-تعز ويخلف إصابات بين المسافرين,عناصر من الدفاع المدني اليمني يتجمعون قرب حافلة متضررة وسط الصخور والأتربة على الطريق الجبلي الرابط بين محافظتي لحج وتعز (الفرنسية),حوادث,اليمن
1042,ارتفاع معدلات التسرب المدرسي بين الفتيات يثير قلق الأسر في ولايات الداخل الموريتاني,مجموعة من الفتيات يقفن أمام مدرسة ريفية في منطقة البراكنة، بعضهن يحمل كتبا ويظهر على وجوههن الحيرة، في ظل بنية تحتية متواضعة ونقص في الكوادر التعليمية (الجزيرة),قضايا اجتماعية,موريتانيا
1043,البحرين تطلق مبادرة لتشجيع زراعة الأسطح في الأحياء السكنية,سيدة بحرينية تزرع نباتات خضراء في صناديق خشبية فوق سطح منزلها في مدينة المحرق (رويترز),مجتمع,البحرين
1044,ارتفاع حالات التسرب المدرسي بين الفتيات في المناطق الجبلية بعُمان يثير قلق الأهالي,مجموعة من الفتيات في إحدى القرى الجبلية بمحافظة الداخلية يتوجهن صباحاً إلى مدرسة بعيدة عن منازلهن عبر ممر جبلي ضيق (الجزيرة - يوسف الهنائي),قضايا اجتماعية,عُمان
1045,الكويت تطلق أول برنامج وطني للكشف المبكر عن هشاشة العظام بين النساء فوق الخمسين,ممرضات كويتيات يقدمن استبياناً صحياً لسيدات في قاعة الانتظار بإحدى عيادات الرعاية الأولية بمدينة الكويت (الجزيرة),صحة,الكويت
1046,جدل سياسي في موريتانيا بعد إعلان تعديل وزاري مرتقب يطال وزارات سيادية,الرئيس الموريتاني محمد ولد الشيخ الغزواني خلال اجتماع وزاري بالعاصمة نواكشوط (أ ف ب),سياسة,موريتانيا
1047,أزمة نفاد الأدوية تهدد حياة مرضى السكري في الحديدة,سيدتان يمنيتان تنتظران خارج صيدلية مغلقة في أحد أحياء الحديدة وسط ملامح قلق واضحة (الأناضول),صحة,اليمن
1048,انقلاب سيارة إسعاف يقل طاقماً طبياً على طريق الصليبية ومصرع ممرضة فلبينية,سيارة إسعاف متضررة تقف على جانب الطريق السريع في منطقة الصليبية وحولها عناصر الدفاع المدني ومسعفون وسط انتشار سيارات الطوارئ (كونا),حوادث,الكويت
1049,جهود ليبية لإنقاذ السلاحف البحرية بعد انتشار المخلفات البلاستيكية على شواطئ طرابلس,متطوعون يجمعون مخلفات بلاستيكية من رمال الشاطئ قرب عش لسلاحف البحر في منطقة تاجوراء شرق طرابلس (رويترز),بيئة,ليبيا
1050,"متحف البحرين الوطني يحتفي بـ""حياة اللؤلؤ"".. معرض يوثق ذاكرة الغوص وأسرار الأعماق",عرض أدوات الغوص التقليدية وزينة من اللؤلؤ البحريني داخل قاعة معرض جديدة في متحف البحرين الوطني (رويترز),ثقافة,البحرين
1051,أول شبكة مغربية لشحن السيارات الكهربائية تفتح المرحلة التجريبية في طنجة,سيارات كهربائية مصطفة بمحطة شحن حديثة قرب كورنيش طنجة (الجزيرة),تقنية,المغرب
1052,نادي الحكمة اللبناني يعلن تأسيس أكاديمية رياضية جديدة لدعم المواهب الشابة,أطفال ومراهقون يتدربون على كرة السلة في صالة مغلقة ضمن إطار برنامج الأكاديمية الجديدة لنادي الحكمة في بيروت (رويترز),رياضة,لبنان
1053,حرائق غابات في جبال الأوراس تهدد التنوع البيولوجي وتدفع السلطات لإجلاء قرى مجاورة,أعمدة الدخان تتصاعد بين أشجار الصنوبر الكثيفة في جبال الأوراس شرق الجزائر بينما يعمل رجال الإطفاء والمتطوعون في محاولة للسيطرة على النيران (الأناضول),بيئة,الجزائر
1054,انهيار جزئي في مبنى سكني قديم بالمنامة وإخلاء عشرات العائلات دون إصابات,فرق الدفاع المدني البحريني تفرض طوقاً أمنياً حول المبنى المتضرر في حي الفاضل وسط العاصمة، فيما يقوم رجال الإنقاذ بتفقد الأنقاض استعداداً لبدء عمليات التأمين والإصلاح (الصحافة البحرينية),حوادث,البحرين
1055,حرائق ضخمة تلتهم مساحات حراجية في جبال اللاذقية وسط صعوبات في السيطرة,عناصر الإطفاء يحاولون إخماد النيران المشتعلة بين الأشجار الكثيفة شمال مدينة اللاذقية (سانا),بيئة,سوريا
1056,تراجع أعداد طيور الفلامينغو في بحيرة مالحة قرب أجدابيا يثير قلق الباحثين,سرب صغير من طيور الفلامينغو يتجمع حول بقعة مائية ضحلة محاطة بالملح والشجيرات الجافة (رويترز),بيئة,ليبيا
1057,البرلمان الصومالي يناقش مشروع قانون جديد لتنظيم الموارد البحرية وسط تصاعد التوتر مع كينيا,صيادون صوماليون يعرضون صيدهم اليومي في ميناء مقديشو مع غروب الشمس (رويترز),سياسة,الصومال
1058,سيول مفاجئة تجتاح سبها وتتسبب في انهيار منازل ومقتل أربعة أشخاص,مياه السيول تغمر أحد أحياء مدينة سبها جنوب ليبيا وتحيط بالمنازل المتضررة (رويترز),حوادث,ليبيا
1059,تحالف المعارضة السودانية يعلن مبادرة جديدة للحوار مع الجيش في دارفور,ممثلو قوى المعارضة السودانية خلال مؤتمر صحفي في أحد فنادق مدينة الفاشر غرب السودان (رويترز),سياسة,السودان
1060,مهرجان تازة الدولي يجمع فنانين من الجبال والريف المغربي لإحياء التراث الشفهي,"مجموعة من النساء والرجال يرتدون أزياء تقليدية يؤدون ""أحيدوس"" في ساحة تاريخية بمدينة تازة شمال المغرب (الجزيرة)",ثقافة,المغرب
1061,سكان بلدة عقربا ينظمون مبادرة بيئية لإعادة تدوير النفايات المنزلية,متطوعون فلسطينيون يجمعون العلب البلاستيكية والأوراق ضمن حملة توعية في شوارع عقربا جنوب نابلس (الجزيرة),مجتمع,فلسطين
1062,تراجع إنتاج الزيتون في الضفة الغربية يهدد دخل آلاف المزارعين الفلسطينيين,مزارعون فلسطينيون خلال جني ثمار الزيتون في أحد بساتين قلقيلية وسط أجواء قلق بسبب تدني المحصول هذا الموسم (الجزيرة),اقتصاد,فلسطين
1063,قطر تُطلق أول منصة رقمية لتعقب استهلاك الطاقة المنزلية بالتعاون مع شركات الاتصالات,وزير الاتصالات القطري يشرح آلية عمل المنصة لكبار المهندسين في مركز بيانات حديث بالدوحة (رويترز),تقنية,قطر
1064,تصاعد الاستثمار في الطاقة الشمسية بالأردن مع بدء تشغيل محطة الأزرق الجديدة,صفوف من الألواح الشمسية على أطراف بلدة الأزرق وسط الصحراء الشرقية الأردنية، ضمن مشروع الطاقة المتجددة الجديد (الأناضول),اقتصاد,الأردن
1065,البحرين تطلق أول منصة رقمية للكتب الصوتية باللغة العربية بدعم حكومي,وزير شؤون الإعلام البحريني يدشن المنصة الجديدة خلال مؤتمر صحفي في المنامة بحضور ناشرين محليين (وكالة أنباء البحرين),تقنية,البحرين
1066,مبادرة تطوعية لترميم منازل كبار السن في قرى المنيا تجمع شبان المنطقة,مجموعة من الشباب يحملون معدات البناء وهم يعملون على إصلاح واجهة منزل ريفي بسيط في إحدى قرى محافظة المنيا (عدسة محلية),مجتمع,مصر
1067,"متحف قطر الوطني يحتفي بالفنون البحرية في معرض ""أصداء الخليج""",زوار يستكشفون مجسمات قوارب تقليدية تروي تاريخ الملاحة في الخليج داخل ردهات المتحف الحديث (الجزيرة),ثقافة,قطر
1068,انهيار مبنى سكني قديم في البصرة يخلف قتلى وجرحى بين السكان,فرق الدفاع المدني ترفع الأنقاض بحثاً عن ناجين في موقع انهيار المبنى وسط حي شعبي بالبصرة (رويترز),حوادث,العراق
1069,تطوع نسائي يضيء دروب المرضى في مستشفيات الكويت,متطوعات يتبادلن الحديث مع مريضة مسنّة في جناح العناية الطويلة بمستشفى الصباح، وهن يحملن علب كتب ترفيهية ووروداً صغيرة (الجزيرة),قضايا اجتماعية,الكويت
1070,سلطنة عمان تدشّن أول محطة تجريبية لإنتاج الأمونيا الخضراء في صحار,محطة الطاقة الجديدة في المنطقة الصناعية بصحار عند لحظة تشغيلها الأولية بحضور عدد من المهندسين والمسؤولين العمانيين (رويترز),طاقة,عُمان
1071,"انطلاق مهرجان ""حكايا الرمل"" للفنون التراثية في مدينة العُلا",فنانون سعوديون يعكفون على نقش رسومات رملية وزخارف تقليدية وسط أجواء المهرجان في العُلا (واس),ثقافة,السعودية
1072,ارتفاع معدلات التسرب المدرسي في شمال لبنان يثير قلق الأهالي والمنظمات المحلية,قاعة صف شبه فارغة في مدرسة رسمية بمدينة طرابلس، حيث تتراجع أعداد الطلاب بسبب الضغوط الاقتصادية وصعوبة الوصول للمدارس (رويترز),قضايا اجتماعية,لبنان
1073,جدل في الأردن بعد موافقة البرلمان على قانون جديد للأحزاب السياسية,نواب أردنيون يتبادلون النقاش خلال جلسة التصويت الأخيرة في مجلس النواب بالعاصمة عمّان (الأناضول),سياسة,الأردن
1074,موريتانيا تعلن إطلاق منطقة حرة جديدة قرب نواكشوط لجذب الاستثمارات الأجنبية,آليات الحفر وتجهيز الأراضي في موقع المنطقة الحرة المقترحة، وسط حضور وفد حكومي ورجال أعمال محليين (الوكالة الموريتانية للأنباء),اقتصاد,موريتانيا
1075,منتخب الناشئين العراقي يتأهل لأول مرة إلى نصف نهائي بطولة غرب آسيا لكرة القدم,لاعبو منتخب العراق للناشئين يحتفلون بالفوز عقب صفارة النهاية على استاد كربلاء وسط حضور جماهيري كبير (الاتحاد العراقي لكرة القدم),رياضة,العراق
1076,مبادرة جزائرية لإدماج التلاميذ ذوي الإعاقة في المدارس الريفية,معلمة جزائرية تساعد طفلة على استخدام لوحة تفاعلية في صف مدرسي بقرية جبلية غرب الجزائر (وكالة الأنباء الجزائرية),تعليم,الجزائر
1077,إطلاق الدورة الأولى لمهرجان الشِّعر النبطي في رأس الخيمة وسط تفاعل جماهيري واسع,شعراء يشدون انتباه الحضور بأبيات نبطية خلال افتتاح المهرجان في ساحة مركز رأس الخيمة الثقافي (الجزيرة),ثقافة,الإمارات
1078,الصومال يطلق أول خدمة للمدفوعات الرقمية عبر الهواتف لتعزيز الشمول المالي,شاب صومالي يستخدم هاتفه المحمول لتحويل الأموال في أحد أحياء العاصمة مقديشو (رويترز),تقنية,الصومال
1079,مناقشات موسعة في مجلس الشورى العماني حول تعزيز الشفافية في العقود الحكومية,أعضاء مجلس الشورى يتبادلون الآراء في قاعة الجلسات الرئيسية، وسط أوراق عمل وتوصيات تشدد على الحوكمة الرشيدة (الجزيرة),سياسة,عُمان
1080,ارتفاع حالات التهاب الكبد الوبائي بين الأطفال في محافظة الداخلية العُمانية,ممرضات يفحصن أطفالاً في عيادة بولاية بهلاء بمحافظة الداخلية (الصحة العمانية),صحة,عُمان
1081,مزارعو غزة يواجهون قيوداً جديدة على تصدير المنتجات الزراعية نحو الأسواق العربية,مزارعون فلسطينيون يجمعون صناديق الطماطم من الحقول الواقعة على أطراف قطاع غزة استعداداً للنقل (رويترز),اقتصاد,فلسطين
1082,مبادرة تطوعية في الشارقة لدعم كبار السن بالزيارات المنزلية,متطوعون شباب يزورون مسناً في منزله بالشارقة ويقدمون له الدعم المعنوي والاحتياجات الأساسية (وام),قضايا اجتماعية,الإمارات
1083,الجزائر تطلق أول منصة رقمية وطنية لتسويق المنتجات الزراعية,مزارعون جزائريون يتصفحون منصة رقمية جديدة على هواتفهم الذكية داخل أحد الحقول في ولاية البليدة,تقنية,الجزائر
1084,مدارس درنة تستأنف الدراسة بعد ترميمها إثر فيضانات العام الماضي,طلاب وطالبات يعودون إلى ساحات مدرسة في مدينة درنة بعد إعادة فتحها، وسط أجواء من الفرح والتفاؤل (رويترز),تعليم,ليبيا
1085,مبادرة نسوية جديدة في حمص لدعم تعليم الفتيات بعد انقطاع طويل,مجموعة من الفتيات يتعلمن في مركز مجتمعي صغير بحي الأرمن في مدينة حمص (تصوير محلي),مجتمع,سوريا
1086,موريتانيا تطلق أول منصة رقمية لإدارة مصايد الأسماك,صيادون موريتانيون يستخدمون أجهزة لوحية لتحديث بيانات الصيد على الساحل قرب نواكشوط (الوكالة الموريتانية للأنباء),تقنية,موريتانيا
1087,الدوري السعودي للسيدات يستقطب أنظار جماهير كرة القدم بعد صعود فريق جديد من القصيم,لاعبات فريق القصيم يحتفلن بالتأهل الأول إلى دوري السيدات السعودي وسط حضور جماهيري في ملعب مدينة بريدة (الجزيرة),رياضة,السعودية
1088,إطلاق أول منصة يمنية للتعليم التقني عبر الإنترنت تستهدف المناطق الريفية,شبان يمنيون يتابعون دروس البرمجة على حواسيب محمولة وسط إحدى قرى محافظة إب (رويترز),تقنية,اليمن
1089,انطلاق مهرجان تيفاوين للأغنية الأمازيغية في جبال الأطلس,فنانة أمازيغية تقدّم عرضاً غنائياً تقليدياً أمام جمهور متحمس في ساحة مفتوحة بقرية تافراوت (رويترز),ثقافة,المغرب
1090,السيول تجتاح ضواحي مدينة فاس وتتسبب في انهيار عدة منازل,عناصر الوقاية المدنية تبحث بين الأنقاض في أحد الأحياء المتضررة بفاس بعد فيضان مفاجئ جرف السيارات وأدى لأضرار مادية جسيمة (وكالة المغرب العربي للأنباء),حوادث,المغرب
1091,جدل في الكويت بعد زيادة أعداد المقيمين في مناطق سكنية خاصة بالمواطنين,مشهد مسائي لحارات سكنية كويتية تتخللها لافتات تحظر تأجير الشقق للأجانب وسط منازل تقليدية وحديثة متجاورة,قضايا اجتماعية,الكويت
1092,"انطلاق مهرجان ""الهجن والتراث"" في صحراء الشحانية احتفاءً بالموروث القطري",آلاف الزوار يتجمعون أمام مضمار الهجن في الشحانية بالدوحة، يتابعون سباقات الجِمال وسط أجواء شعبية وفرق فلكلورية تقدم عروضاً تقليدية قطرية (الجزيرة),ثقافة,قطر
1093,انطلاق مهرجان الأوبرا الصيفي بالإسكندرية وسط إقبال جماهيري لافت,مسرح سيد درويش بالإسكندرية يضيء بأنوار ملونة خلال الحفل الافتتاحي للمهرجان (رويترز),مجتمع,مصر
1094,"انطلاق مهرجان ""الألوان المتوسطية"" في مدينة صفاقس بمشاركة فنانين من أربع دول",جانب من رسامي الجداريات وهم يعملون على تزيين جدران المدينة خلال افتتاح المهرجان (الأناضول),ثقافة,تونس
1095,البحرين تعيد تشكيل مجلسها التشريعي وسط دعوات لتعزيز مشاركة النساء,عضوات من المجلس التشريعي البحريني يرقبن نتائج التصويت خلال جلسة الإعلان عن تشكيل المجلس الجديد (رويترز),سياسة,البحرين
1096,الزوراء يعلن رسمياً افتتاح أكاديميته الكروية لفئات الناشئين في أربيل,أطفال يرتدون قمصان نادي الزوراء يتدربون بإشراف مدربين محليين على ملعب جديد بمدينة أربيل وسط أجواء حماسية (الجزيرة),رياضة,العراق
1097,"مسرح أبوظبي يحتضن عرض ""الصحراء تغني"" احتفاءً بالتراث البدوي الإماراتي","فرقة فنية ترتدي الأزياء البدوية التقليدية تؤدي رقصة ""العيّالة"" على مسرح مفتوح تحت أضواء ذهبية، بينما تعلو خلفهم مشاهد نخيل وكثبان رملية من تصميم ديكور العرض (وام)",ثقافة,الإمارات
1098,"مبادرة ""كتابي رفيقي"" تنطلق في ريف إدلب لدعم تعليم الأطفال النازحين",متطوعون يوزعون حقائب مدرسية وكتباً على أطفال داخل أحد المخيمات التعليمية المؤقتة في ريف إدلب الشمالي (رويترز),تعليم,سوريا
1099,الإماراتيون يواجهون التغيرات المناخية بحملات تطوعية لزراعة الأشجار في المناطق الجافة,متطوعون إماراتيون يغرسون شتلات محلية بأطراف مدينة العين في يوم بيئي حافل (البيان),قضايا اجتماعية,الإمارات
1100,البحرين تعلن عن بدء مشاورات سياسية مع سلطنة عمان لتعزيز التعاون الثنائي,وزير الخارجية البحريني يستقبل نظيره العماني في المنامة لبحث ملفات إقليمية ودعم الاستثمارات المتبادلة بين البلدين (بنا),سياسة,البحرين
1101,العراق يطلق أول بنك دم متنقل لتعزيز الإمدادات في المناطق النائية,مركبة طبية مجهزة بأجهزة حفظ الدم تتوقف في قرية ريفية شمال العراق وسط استقبال الأهالي والطاقم الطبي (رويترز),صحة,العراق
1102,جدل نيابي في بيروت حول مشروع قانون اللامركزية الإدارية,نواب لبنانيون يتبادلون الحوار خلال جلسة لمجلس النواب حول الإصلاحات الإدارية (رويترز),سياسة,لبنان
1103,تدشين أول مشروع لتحلية مياه البحر بالطاقة الشمسية في جيبوتي لدعم القطاع الزراعي,ألواح شمسية ضخمة منصوبة بمحاذاة منشأة تحلية المياه على ساحل جيبوتي، في ظل عمل مهندسين محليين على اختبار الأنظمة الجديدة (وكالة الأنباء الجيبوتية),اقتصاد,جيبوتي
1104,مبادرة نسائية في جيبوتي لمكافحة زواج القاصرات تثير جدلاً مجتمعياً,مجموعة من النساء الجيبوتيات يجتمعن في فناء مفتوح ويحملن لافتات كتب عليها شعارات تدعو إلى حماية حقوق الفتيات وإنهاء الزواج المبكر (الجزيرة),قضايا اجتماعية,جيبوتي
1105,مبادرة بحرينية جديدة لمكافحة العنف الأسري عبر جلسات دعم مجتمعية,مجموعة من النساء البحرينيات يتبادلن الحديث في مركز استشارات اجتماعية بمدينة المحرق (رويترز),قضايا اجتماعية,البحرين
1106,البحرين تطلق مبادرة إقليمية لتعزيز الحوار البرلماني الخليجي,رئيسة مجلس النواب البحريني فوزية زينل خلال لقائها برؤساء المجالس التشريعية في المنامة (وكالة الأنباء البحرينية),سياسة,البحرين
1107,سلطنة عمان تعلن عن مشروع محطة رياح بحرية لتوفير الطاقة النظيفة لجزيرة مصيرة,ساحل جزيرة مصيرة تتخلله منصات توربينات رياح حديثة تحت الإنشاء (الأناضول),طاقة,عُمان
1108,موريتانيا تطلق أول منصة إلكترونية لتسويق المنتجات الحرفية المحلية,حرفية موريتانية تعرض سلالاً ومشغولات يدوية أمام عدسة هاتف ذكي في سوق تقليدي بنواكشوط (الجزيرة),تقنية,موريتانيا
1109,حادث تصادم بين حافلة مدرسية ومركبة خاصة يُسفر عن إصابات عدة في الجهراء,عناصر من الدفاع المدني الكويتي يُسعفون طلاباً خارج حافلتهم المتضررة في تقاطع رئيسي بمحافظة الجهراء (كونا),حوادث,الكويت
1110,حادث تصادم بين حافلتين مدرسيتين في الشارقة يؤدي لإصابة 15 طالباً,فرق الإسعاف والشرطة متجمعة حول حافلتين متضررتين في أحد شوارع الشارقة الرئيسية صباح اليوم (وام),حوادث,الإمارات
1111,حريق ضخم يلتهم سوق المنامة الشعبي وإخلاء عشرات المحال في ساعات الفجر,رجال الإطفاء يحاولون السيطرة على ألسنة اللهب بين محلات سوق المنامة الشعبي وسط تصاعد الدخان الكثيف (رويترز),حوادث,البحرين
1112,مهرجان الزيتون في الكرك يجمع المزارعين والأسر لإحياء تراث الأجداد,نساء وأطفال من الكرك يقطفون الزيتون في بستان عائلي مع سلالهم اليدوية (الجزيرة),مجتمع,الأردن
1113,موريتانيا تطلق أول منصة إلكترونية لدعم التجارة البينية بين ولاياتها,شاشة عرض تُظهر واجهة المنصة الجديدة خلال تدشينها في نواكشوط بحضور مسؤولين حكوميين ورواد أعمال محليين (الوكالة الموريتانية للأنباء),تقنية,موريتانيا
1114,تراجع غابات المانغروف يهدد التنوع البيولوجي في جزر القمر,مشهد لجذور أشجار المانغروف المكشوفة على شاطئ جزيرة موهيلي بعد انحسار المد (وكالة أنباء جزر القمر),بيئة,جزر القمر
1115,حريق ضخم يلتهم سوقاً شعبية في العاصمة موروني وإخلاء عشرات المتاجر,رجال الإطفاء يعكفون على محاولة السيطرة على ألسنة اللهب المتصاعدة من أكشاك السوق الشعبي وسط تجمع الأهالي وملاك المحلات (وكالة الأنباء القمرية),حوادث,جزر القمر
1116,بغداد تطلق أول بوابة إلكترونية وطنية للخدمات الحكومية,موظفون حكوميون يعرضون واجهة البوابة الإلكترونية الجديدة خلال مؤتمر رسمي في العاصمة العراقية بغداد (رويترز),تقنية,العراق
1117,السعودية تعلن إطلاق صندوق وطني لدعم الصناعات الدوائية المحلية,وزير الصناعة والثروة المعدنية السعودي أثناء توقيع اتفاقية إنشاء الصندوق بحضور عدد من رؤساء شركات الأدوية في الرياض (واس),اقتصاد,السعودية
1118,مدارس ريفية في إب تطلق مبادرات لمحو أمية النساء وسط تحديات النزوح,معلمات شابات يدرّسن مجموعة من النساء وسط غرفة صف بسيطة بنوافذ مفتوحة على حقول القات (الصحافة المحلية),تعليم,اليمن
1119,مزارعو النيل الأبيض يحذرون من انتشار نباتات ضارة تهدد الإنتاج الزراعي,مزارعون سودانيون يتفقدون حقول الذرة وقد غطتها أعشاب برية ضارة في ولاية النيل الأبيض (رويترز),بيئة,السودان
1120,مخاوف من تراجع منسوب نهر الليطاني وجفاف آبار في سهل البقاع,مزارعون في سهل البقاع يتفقدون تشققات الأرض المحيطة بمجرى نهر الليطاني بعد تراجع مستوى المياه بشكل ملحوظ هذا الصيف.,بيئة,لبنان
1121,صندوق التنمية الكويتي يطلق مبادرة لدعم المشاريع الشبابية في المناطق النائية,شباب كويتيون يقدمون أفكار مشاريع أمام لجنة تحكيم في إحدى قاعات الصندوق الوطني للتنمية الاقتصادية (الصندوق الكويتي),اقتصاد,الكويت
1122,شركات الاتصالات في لبنان تحذر من توقف خدمات الإنترنت بسبب أزمة الطاقة,موظفون في مركز اتصالات رئيسي في بيروت يتابعون عمل الشبكة وسط أجهزة كهربائية تعمل على المولدات (رويترز),تقنية,لبنان
1123,جامعات العراق تطلق مبادرة لدعم البحث العلمي عبر ربط الطلاب بالصناعة المحلية,طلاب عراقيون يناقشون مشاريعهم الابتكارية مع ممثلين عن شركات محلية في أحد المعارض الجامعية ببغداد (الصحافة العراقية),تعليم,العراق
1124,البرلمان التونسي يناقش مشروع قانون جديد لتعديل النظام الانتخابي قبل الاستحقاق الرئاسي,نواب البرلمان التونسي أثناء جلسة نقاش حول التعديلات الانتخابية وسط حضور إعلامي مكثف (الجزيرة),سياسة,تونس
1125,احتجاجات طلابية في تعز للمطالبة بتحسين الخدمات الأساسية في المدارس الحكومية,مجموعة من الطلاب يحملون لافتات أمام مبنى إدارة التربية وسط مدينة تعز للمطالبة بإصلاح البنية التحتية وتوفير مستلزمات الدراسة (تصوير محلي),تعليم,اليمن
1126,دبي تحتضن أول منصة تداول للسندات الخضراء في الخليج,قاعة تداول بورصة ناسداك دبي مزدانة بشاشات تعرض بيانات السندات البيئية الجديدة (رويترز),اقتصاد,الإمارات
1127,ارتفاع معدلات الزواج المبكر في مناطق البادية الأردنية يثير قلقاً اجتماعياً,مجموعة من الفتيات يجلسن في أحد فصول مدرسة ابتدائية بقرية في البادية الشرقية بالأردن أثناء حصة توعوية حول حقوق الطفل والزواج المبكر (رويترز),قضايا اجتماعية,الأردن
1128,تونس تطلق أوّل منصة إلكترونية لتداول المنتجات الزراعية بين الفلاحين والمشترين,مزارعون تونسيون يستخدمون هواتفهم في أحد أسواق ولاية باجة لعرض محاصيلهم عبر تطبيق المنصة الجديدة (وكالة الأنباء التونسية),تقنية,تونس
1129,مواطنو ظفار يحتفون بعودة طائر النحام الوردي بعد غياب طويل,أسراب من طيور النحام الوردي تستقر عند أحد المستنقعات في سهل صلالة وسط مراقبة عدد من المصورين المحليين (الجزيرة),بيئة,عُمان
1130,سلاحف بحرية تعود إلى شواطئ الجليعة بعد سنوات من الغياب,مجموعة من صغار السلاحف تتحرك نحو البحر مع شروق الشمس على شاطئ الجليعة جنوبي الكويت (تصوير: عبدالله العجمي – وكالة الأنباء الكويتية),بيئة,الكويت
1131,اتفاقية شراكة بين جامعات ليبية وأوروبية لتعزيز البحث العلمي في مجال الطاقة المتجددة,أكاديميون ليبيون وأوروبيون خلال مراسم توقيع الاتفاقية داخل إحدى قاعات جامعة طرابلس (وكالة الأنباء الليبية),تعليم,ليبيا
1132,حملة شبابية لتنظيف شواطئ صور تجمع أكثر من 500 متطوع في عطلة نهاية الأسبوع,شباب وفتيات يرتدون سترات برتقالية يجمعون النفايات من رمال الشاطئ تحت أشعة شمس الصباح في مدينة صور العمانية (الجزيرة),بيئة,عُمان
1133,مبادرة شبابية تطوعية لترميم منازل الأسر الفقيرة في ريف المنيا,مجموعة من الشباب يصبغون جدران منزل متهالك في إحدى قرى محافظة المنيا (الجزيرة),قضايا اجتماعية,مصر
1134,الكويت تستضيف للمرة الأولى بطولة الخليج للرياضات الإلكترونية وسط مشاركة واسعة,متسابقون شباب من مختلف دول الخليج يجلسون أمام شاشات الحواسيب في قاعة واسعة بمركز جابر الثقافي في الكويت (رويترز),رياضة,الكويت
1135,أزمة النفايات تتجدد في صيدا.. ناشطون ينظمون حملة تنظيف للشاطئ الجنوبي,متطوعون يرتدون سترات برتقالية يجمعون أكياساً من النفايات البلاستيكية من رمال شاطئ صيدا وسط مشاركة أطفال وأهالي المدينة (الجزيرة),بيئة,لبنان
1136,مصر تطلق حملة وطنية لمكافحة السمنة بين طلاب المدارس,طلاب وطالبات يشاركون في تمارين رياضية جماعية داخل إحدى مدارس القاهرة ضمن فعاليات الحملة الجديدة (الأهرام),صحة,مصر
1137,الجزائر تشرع في تصدير زيت الزيتون البكر إلى أسواق آسيا لأول مرة,عمال يفرغون صناديق الزيتون في معصرة حديثة قرب منطقة القبائل، حيث يستعدون لشحن دفعة تصدير جديدة نحو ميناء العاصمة (وكالة الأنباء الجزائرية),اقتصاد,الجزائر
1138,الإمارات تطلق صندوقاً لتمويل الطاقة المتجددة بقيمة 600 مليون درهم لدعم المشاريع الصغيرة والمتوسطة,مسؤولون حكوميون إماراتيون يعلنون عن تدشين الصندوق الجديد خلال مؤتمر صحفي في دبي، مؤكدين التزام الدولة بتوسيع استثماراتها في قطاع الطاقة النظيفة (وام),اقتصاد,الإمارات
1139,ليبيا تعلن اكتشاف حقل غاز جديد قبالة سواحل بنغازي,منصة تنقيب بحرية تابعة للمؤسسة الوطنية للنفط الليبية ترفع علم البلاد قبالة الساحل الشرقي بالقرب من بنغازي (رويترز),اقتصاد,ليبيا
1140,منتخب العراق للسباحة يحقق 5 ميداليات في البطولة العربية بالقاهرة,سباحو العراق يرفعون علم بلادهم وسط حوض السباحة بعد التتويج بالميداليات (الاتحاد العراقي للسباحة),رياضة,العراق
1141,انهيار جزء من واجهة مبنى سكني بالرياض ولا إصابات بين السكان,فرق الدفاع المدني السعودي تفرق الحشود حول المبنى المتضرر وسط حي سكني وسط العاصمة الرياض (الجزيرة),حوادث,السعودية
1142,انتشال جثث 5 صيادين بعد غرق قاربهم قبالة سواحل جزيرة موهيلي,رجال الإنقاذ وأهالي الضحايا يتجمعون على الشاطئ وأمواج البحر في الخلفية تحمل شباك الصيد الممزقة (رويترز),حوادث,جزر القمر
1143,صيادو الأسماك في صور يواجهون خسائر فادحة بسبب تراجع محاصيل البحر,قوارب صيد صغيرة راسية على شاطئ مدينة صور، وصيادون يجلسون قرب شباكهم الخالية من الغلّة (الجزيرة),اقتصاد,لبنان
1144,أزمة نقص المعلمين تؤرق المدارس القروية في موريتانيا مع انطلاق العام الدراسي,طلاب يقفون في طابور الصباح أمام مدرسة من الطين في إحدى القرى الموريتانية النائية (الأناضول),تعليم,موريتانيا
1145,مصر تطلق برنامجاً جديداً لتدريب المعلمين على مناهج العلوم الرقمية في الريف,معلمون ومعلمات يشاركون في ورش عمل لتدريس العلوم الرقمية بإحدى مدارس محافظة المنيا (رويترز),تعليم,مصر
1146,احتدام الخلافات السياسية يؤخر تشكيل الحكومة الانتقالية في السودان,اجتماع لقادة أحزاب سودانية رئيسية في أحد فنادق الخرطوم وسط نقاشات متوترة بشأن خارطة الطريق السياسية (رويترز),سياسة,السودان
1147,جامعات عراقية تعتمد نظام التعليم التعاوني لتحسين فرص توظيف الخريجين,مجموعة من طلاب جامعة بغداد أثناء تنفيذ مشروع تطبيقي مشترك مع إحدى شركات البرمجيات المحلية داخل قاعة دراسية حديثة (رويترز),تعليم,العراق
1148,"الأردن يشهد ارتفاعاً في حالات الحصبة.. ""الصحة"" تطلق حملة تطعيم وطنية",أطفال يتلقون لقاحات الحصبة في أحد المراكز الصحية بمنطقة إربد شمالي الأردن ضمن الحملة الجديدة للحد من انتشار الفيروس (رويترز),صحة,الأردن
1149,ليبيا تعلن عن خطة جديدة لإنشاء مناطق صناعية حرة لتعزيز التجارة مع أفريقيا,وزير الاقتصاد الليبي خلال اجتماع مع مستثمرين محليين في طرابلس لمناقشة مشاريع المناطق الحرة (وكالة الأنباء الليبية),اقتصاد,ليبيا
1150,الأهلي المصري يعلن تدشين أكاديمية كرة قدم نسائية في الإسكندرية,مدربات ولاعبات ناشئات يرتدين الزي الأحمر خلال أول تدريبات الأكاديمية في ملعب النادي بالإسكندرية (الأهلي المصري),رياضة,مصر
1151,انطلاق محادثات بين قبائل الجنوب الليبي بشأن السيطرة على المعابر الحدودية,وجهاء من قبائل التبو والطوارق يجتمعون في خيمة كبيرة قرب مدينة مرزق لمناقشة تشكيل لجان مشتركة (رويترز),سياسة,ليبيا
1152,قطر تطلق مبادرة وطنية لمكافحة التمييز الوظيفي بين الجنسين في القطاع الخاص,مسؤولون قطريون خلال مؤتمر صحفي للإعلان عن المبادرة بحضور ممثلات عن منظمات نسوية (الدوحة - وكالة الأنباء القطرية),قضايا اجتماعية,قطر
1153,جامعة قطر تعلن عن إطلاق مركز وطني لتطوير مهارات المعلمين,أكاديميون قطريون خلال حفل تدشين مركز تطوير المعلمين الجديد داخل الحرم الجامعي (الجزيرة),تعليم,قطر
1154,حملة وطنية في الصومال لمكافحة انتشار الكوليرا بعد ارتفاع الإصابات في مقديشو,طواقم صحية محلية توزع عبوات المياه المعقمة وإرشادات توعوية على العائلات في أحد أحياء مقديشو الشعبية (رويترز),صحة,الصومال
1155,معرض صنعاء الدولي يعيد الحياة لفن النحت اليمني التقليدي,أحد الفنانين اليمنيين ينحت تمثالاً حجرياً أمام جمهور من الزوار في قاعة المعرض بصنعاء (الجزيرة),ثقافة,اليمن
1156,السعودية تعلن عن تدشين أول منصة بحرية مخصصة لإنتاج الطاقة من الرياح في الخليج الأحمر,منصة ضخمة مثبتة في أعماق البحر قرب سواحل مدينة ينبع، مزودة بتوربينات ريحية تدور بفعل الرياح (واس),طاقة,السعودية
1157,الحكومة الموريتانية تعلن عن حزمة إصلاحات لتعزيز الشفافية في قطاع الصيد البحري,قوارب صيد صغيرة ترسو على شاطئ نواكشوط بينما يعمل الصيادون على تفريغ شباكهم وسط مراقبة سلطات الموانئ (رويترز),سياسة,موريتانيا
1158,السعودية تطلق مبادرة لتدريب 50 ألف معلم على منهج العلوم الجديد,معلمون ومعلمات سعوديون يشاركون في ورش عمل تدريبية بأحد مراكز التطوير المهني بالرياض (واس),تعليم,السعودية
1159,انطلاق أول منصة رقمية لتسويق منتجات الحرف اليدوية في جزر القمر,حرفي كوموري يقوم بنقش الزخارف على أدوات تقليدية استعداداً لعرضها عبر المنصة الجديدة (غيتي),تقنية,جزر القمر
1160,البحرين تطلق صندوقاً لدعم الشركات الناشئة في قطاع الأغذية والزراعة,وزير الصناعة والتجارة البحريني يعلن تفاصيل المبادرة خلال مؤتمر اقتصادي في المنامة، بحضور ممثلين عن القطاع الخاص (بنا),اقتصاد,البحرين
1161,القطاع السياحي في جبل لبنان يستعيد عافيته وسط انتعاش ملحوظ في الحجوزات الفندقية,فنادق جبل لبنان تشهد ازدحاماً في صالاتها مع عودة السياح اللبنانيين والمغتربين خلال موسم الصيف الحالي (رويترز),اقتصاد,لبنان
1162,التعليم الفني في الكويت.. مبادرات جديدة لدمج أصحاب الهمم في سوق العمل,طلبة من أصحاب الهمم خلال مشاركتهم في ورش للتدريب المهني داخل إحدى المدارس بمدينة حولي (الجزيرة),تعليم,الكويت
1163,شبان من غزة يبتكرون تطبيقاً لتسويق المنتجات الزراعية المحلية رغم الحصار,مجموعة من الشبان يعرضون واجهة تطبيقهم الجديد داخل مركز تكنولوجي بغزة (رويترز),تقنية,فلسطين
1164,جداريات النوبة تروي تاريخ الجنوب في شوارع أسوان,فنان نوبي يرسم لوحة تراثية ملونة على أحد جدران قرية غرب سهيل بأسوان (رويترز),ثقافة,مصر
1165,انهيار مبنى سكني قديم يودي بحياة سبعة أشخاص في صنعاء القديمة,فرق الإنقاذ تواصل البحث بين أنقاض المبنى المنهار وسط الأزقة الضيقة لصنعاء القديمة (الجزيرة),حوادث,اليمن
1166,فنانون جزائريون يحيون مهرجان الألوان في تمنراست احتفالاً بالتراث الصحراوي,مجموعة من الفنانين يرتدون أزياء تقليدية ملونة ويرقصون وسط رمال الصحراء قرب خيام أمازيغية مزينة (رويترز),ثقافة,الجزائر
1167,مشاورات موسعة في صلالة حول تعزيز الشفافية البرلمانية في عُمان,أعضاء من مجلس الشورى العُماني ومسؤولون حكوميون يناقشون تقارير تشريعية في قاعة الاجتماعات الرئيسية بمدينة صلالة (العمانية),سياسة,عُمان
1168,البرلمان الجزائري يناقش إعادة هيكلة الإدارات المحلية لتعزيز اللامركزية,أعضاء البرلمان الجزائري خلال جلسة نقاش حول اقتراحات تطوير الإدارة المحلية في العاصمة الجزائرية (وكالة الأنباء الجزائرية),سياسة,الجزائر
1169,جدة تستعد لإطلاق أول مركز وطني لطب القلب التداخلي للأطفال,فريق طبي سعودي يستعرض مخططات أجهزة حديثة لعلاج أمراض القلب لدى الأطفال داخل منشأة طبية متطورة في جدة (الرياض),صحة,السعودية
1170,العراق يدشن أول مركز وطني لرصد الهجمات السيبرانية في بغداد,وزير الاتصالات العراقي خلال افتتاح المركز بحضور ممثلين عن الأجهزة الأمنية وخبراء تقنيين (الأناضول),تقنية,العراق
1171,الصومال يستضيف أول بطولة إقليمية لكرة القدم الشاطئية بمقديشو,لاعبون صوماليون يجرون تمارين الإحماء على الشاطئ الرملي لخليج عدن استعداداً للمباراة الافتتاحية (رويترز),رياضة,الصومال
1172,معمار صنعاء القديمة على قائمة اليونسكو للتراث المهدد.. جهود محلية لإنقاذ الهوية اليمنية,منظر عام لأبنية صنعاء القديمة بزخارفها الطينية الفريدة في أحد أحياء العاصمة اليمنية عند غروب الشمس (وكالة الأناضول),ثقافة,اليمن
1173,الإمارات تعلن عن مبادرة إقليمية لضمان أمن الملاحة في خليج عدن,وزير الدولة للشؤون الخارجية الإماراتي يقف إلى جانب دبلوماسيين من دول عربية أثناء توقيع مذكرة تفاهم في أبوظبي (وكالات),سياسة,الإمارات
1174,تونس تدشن أول محطة بحرية لتحلية المياه بالطاقة الشمسية في محافظة قابس,ألواح شمسية تمتد على سطح منشأة حديثة وسط الساحل التونسي، بجوار أنابيب ضخمة تنقل المياه المحلاة إلى أحياء قابس (الجزيرة),طاقة,تونس
1175,"انطلاق مهرجان ""المحرق تقرأ"" لتعزيز ثقافة القراءة بين الأطفال في البحرين",أطفال بحرينيون يتجمعون حول راوية في ركن الحكايات بمكتبة المحرق العامة ضمن فعاليات المهرجان الثقافي السنوي (الأناضول),ثقافة,البحرين
1176,حملة تطعيمات شاملة لسكان المناطق الريفية في جيبوتي للتصدي للأمراض الموسمية,طاقم طبي يزور قرية نائية لتطعيم الأطفال والسكان المحليين ضمن الجهود الوطنية لتعزيز الصحة الوقائية (رويترز),صحة,جيبوتي
1177,الحكومة الجزائرية تطلق خطة واسعة لتحديث قطاع النقل البحري وتوسيع الموانئ التجارية,رافعات ضخمة تعمل في ميناء وهران خلال عملية تفريغ حاويات شحن بحضور فرق لوجستية جزائرية (الأناضول),اقتصاد,الجزائر
1178,موجة جفاف غير مسبوقة تهدد المحاصيل الزراعية في جنوب الصومال,مزارع صومالي يقف وسط أرض زراعية متشققة بفعل الجفاف في منطقة شبيلي السفلى، بينما تظهر في الخلفية مجموعات من النساء والأطفال يبحثون عن المياه (رويترز),بيئة,الصومال
1179,مدارس البصرة تعلن إطلاق برنامج لتدريس اللغة اليابانية في الصفوف الإعدادية,معلمة عراقية تعرض حروف اللغة اليابانية على سبورة إلكترونية أمام طلاب يرتدون الزي المدرسي في إحدى مدارس البصرة الحديثة (الفرات نيوز),تعليم,العراق
1180,جهود يمنية مكثفة لإحلال الهدنة في محافظة الحديدة وسط ضغوط دولية,ممثلون عن الحكومة والحوثيين خلال مشاورات غير مباشرة في أحد فنادق العاصمة صنعاء (الجزيرة),سياسة,اليمن
1181,جزر القمر تطلق أول حملة لفحص سرطان عنق الرحم في المناطق الريفية,عاملات صحيات محليات يزرن قرية نائية لإجراء فحوصات طبية ميدانية للسيدات ضمن الحملة الجديدة (الجزيرة),صحة,جزر القمر
1182,"السعودية تطلق حملة ""حياتك بلا تدخين"" لمكافحة تعاطي السجائر في المدارس الثانوية",طلاب سعوديون يشاركون في ورشة توعوية داخل إحدى المدارس بمدينة جدة، ضمن فعاليات الحملة الوطنية للوقاية من أضرار التدخين (وزارة الصحة السعودية),صحة,السعودية
1183,البرلمان الليبي يدعو لاستئناف الحوار الوطني بعد اشتباكات الزاوية الأخيرة,جلسة داخل مقر البرلمان في طبرق تجمع أعضاء من مختلف المناطق الليبية خلال مناقشات حول مستقبل العملية السياسية (فرانس برس),سياسة,ليبيا
1184,الإمارات تطلق أول منصة بحرية هجينة للطاقة الشمسية والرياح في الخليج العربي,عمال وفنيون إماراتيون يجرون أعمال الصيانة على ألواح شمسية ضخمة وتوربينات رياح منصوبة في عرض البحر قبالة ساحل أبوظبي (رويترز),طاقة,الإمارات
1185,القاهرة تعلن بدء الحوار الوطني حول تعديل قانون الانتخابات البرلمانية,رئيس مجلس النواب المصري يفتتح أولى جلسات الحوار بحضور ممثلين عن الأحزاب والقوى المدنية (الشرق الأوسط),سياسة,مصر
1186,مشاورات عمانية موسعة لبحث تطوير مجلس الشورى في ظل المتغيرات الإقليمية,قاعة مجلس الشورى العماني خلال جلسة نقاش شهدت حضور نواب وخبراء سياسيين للنظر في مقترحات جديدة لتعزيز دور المجلس في صناعة القرار (وكالة الأنباء العمانية),سياسة,عُمان
1187,قطر تطلق أول مركز دعم نفسي مجاني لمواجهة الضغوط الأسرية وسط ارتفاع حالات القلق لدى المراهقين,مختصون يقدمون جلسة دعم جماعي لعدد من اليافعين وأمهاتهم في قاعة المركز الجديد بالدوحة (الجزيرة),قضايا اجتماعية,قطر
1188,عُمان تدشّن أول محطة تجريبية لتخزين الطاقة الشمسية في جبال الحجر,ألواح شمسية ضخمة تتوزع على سفوح جبال الحجر بولاية الحمراء مع ظهور معدات فنية وفريق من المهندسين العمانيين يشرفون على تشغيل المحطة التجريبية (الوكالة العمانية للأنباء),طاقة,عُمان
1189,"شباب الكويت يحيون عادة ""الديوانية"" لمواجهة العزلة الرقمية المتزايدة",مجموعة من الشبان الكويتيين يجتمعون حول طاولة تقليدية ويتبادلون الأحاديث في ديوانية عائلية (الصحافة الكويتية),قضايا اجتماعية,الكويت
1190,أحمد حسن يحطم الرقم القياسي المصري في سباق الـ400 متر حواجز بألعاب القوى,العداء أحمد حسن أثناء انطلاقه في مضمار ستاد القاهرة الدولي خلال منافسات البطولة الوطنية لألعاب القوى (الجزيرة),رياضة,مصر
1191,اتحاد الكرة العُماني يعلن إطلاق دوري نسائي لكرة القدم في جميع المحافظات,شابات عمانيات يرتدين الزي الرياضي الكامل يتدربن بحماس على ملعب معشّب في ولاية السيب، وسط تشجيع مدربات واهتمام جماهيري متزايد (وكالة الأنباء العمانية),رياضة,عُمان
1192,"مبادرة ""شجرة لكل بيت"" تنطلق في ضواحي الجهراء لمواجهة التصحر في الكويت",متطوعون وشباب يزرعون شتلات السدر في إحدى حدائق الجهراء ضمن فعاليات الحملة البيئية (الجزيرة),بيئة,الكويت
1193,فيضان نهر النيل الأزرق يهدد مزارع الفقراء بجنوب سنار,مزرعة ذرة غمرتها مياه النيل الأزرق عقب ارتفاع منسوب المياه في ولاية سنار جنوب السودان (الجزيرة),بيئة,السودان
1194,ارتفاع أسعار الخضروات يثقل ميزانية الأسر في الضفة الغربية,بائع خضار في سوق نابلس ينظم صناديق الطماطم وسط حركة متزايدة ووجوه تعكس القلق من ارتفاع الأسعار (الجزيرة),اقتصاد,فلسطين
1195,انقلاب قارب صيد يقل عائلة في سواحل أنجوان ومخاوف من فقدان مزيد من الأشخاص,عناصر من خفر السواحل في جزر القمر يفتشون الشاطئ بحثاً عن ناجين بعد انقلاب القارب قبالة أنجوان (الجزيرة),حوادث,جزر القمر
1196,انطلاق النسخة الأولى من بطولة الكريكيت الوطنية في نواكشوط بمشاركة فرق شبابية,أحد اللاعبين يسدد الكرة أثناء مباراة الكريكيت الافتتاحية وسط تفاعل جماهيري في ملعب العاصمة (وكالة الأخبار الموريتانية),رياضة,موريتانيا
1197,مبادرة مجتمعية في البحرين لدعم دمج ذوي الإعاقة في سوق العمل,شاب بحريني من ذوي الإعاقة يتلقى تدريباً مهنياً في أحد مراكز التأهيل بمدينة حمد، برفقة مشرفة اجتماعية (رويترز),قضايا اجتماعية,البحرين
1198,تكتل سياسي جديد في دارفور يعلن مقترحات لحل الأزمة السودانية,قادة التكتل السياسي الجديد مجتمعون في أحد فنادق مدينة نيالا يناقشون خريطة طريق لإنهاء النزاع (رويترز),سياسة,السودان
1199,السعودية تفتتح أول منطقة حرة متخصصة بصناعة الدواء في جدة,وفد حكومي سعودي يزور منشآت المنطقة الحرة الجديدة خلال جولة تعريفية بحضور ممثلين عن شركات أدوية عالمية ومحلية (واس),اقتصاد,السعودية
1200,"مهرجان ""الفسيفساء"" يعيد إحياء فنون الزخرفة القديمة في مادبا الأردنية",فنانة أردنية تعرض لوحة فسيفساء تقليدية خلال فعاليات المهرجان في ساحة مادبا الرئيسية (الجزيرة),ثقافة,الأردن
1201,عُمان تطلق أول مشروع لتوليد الكهرباء من النفايات العضوية في صحار,عمال وفنيون يشرفون على عمليات تشغيل المحطة الجديدة لتحويل النفايات إلى طاقة في منطقة صحار الصناعية، شمال سلطنة عُمان، 4 يونيو/حزيران 2024 (رويترز),بيئة,عُمان
1202,مدارس موريتانيا الريفية تعتمد التعليم المدمج لتعويض نقص المعلمين,تلاميذ يجتمعون حول شاشة عرض في فصل دراسي بإحدى قرى ولاية لعصابه (الصحافة الموريتانية),تعليم,موريتانيا
1203,حملة تطوعية لتنظيف شواطئ الإسكندرية بعد تزايد المخلفات البلاستيكية,متطوعون من شباب المدينة يجمعون النفايات البلاستيكية على شاطئ السلسلة صباح الجمعة (الجزيرة),بيئة,مصر
1204,البحرين تدشن أول مركز وطني لرعاية اضطرابات الأكل في الخليج,فريق طبي بحريني خلال جولة تفقدية داخل المركز الوطني الجديد لعلاج اضطرابات الأكل بالمنامة (رويترز),صحة,البحرين
1205,مبادرة شبابية لترميم مكتبة “ود مدني” تدعم القراءة وسط أزمات السودان,متطوعون يجمعون كتباً مهترئة ويعيدون ترتيب رفوف مكتبة ود مدني وسط تفاعل سكان المدينة (الأناضول),مجتمع,السودان
1206,اصطدام مركبتين على الطريق الدائري في الطائف يسفر عن إصابات متعددة,رجال الدفاع المدني يباشرون إنقاذ مصابين جراء حادث مروري على الطريق الدائري شمال الطائف (وسائل إعلام سعودية),حوادث,السعودية
1207,نادي مولودية وهران يعلن رسمياً تعيين الإسباني رامون بلانكو مدرباً للفريق الأول,رامون بلانكو يلوّح لجماهير مولودية وهران خلال أولى تدريباته في ملعب أحمد زبانة (الجزيرة),رياضة,الجزائر
1208,مهرجان دولي للموسيقى التقليدية يُعيد إحياء التراث السواحيلي في جزر القمر,عازفون من جزر القمر بملابس تقليدية يؤدون ألحاناً شعبية في الساحة الرئيسية للعاصمة موروني (وكالات),ثقافة,جزر القمر
1209,مسيرة الدراجات الهوائية تحفّز سكان جيبوتي على الفحوصات الدورية للسكري,أطفال وشباب يشاركون في مسيرة توعية صحية بالدراجات وسط شوارع جيبوتي العاصمة (رويترز),صحة,جيبوتي
1210,وزارة الصحة السعودية تطلق حملة وطنية للكشف المبكر عن سرطان القولون,طاقم طبي سعودي يقدم إرشادات توعوية لزوار مركز تجاري في جدة ضمن فعاليات الحملة (واس),صحة,السعودية
1211,انطلاق بطولة الكويت المفتوحة للسباحة بمشاركة 15 نادياً من مختلف المحافظات,متسابقون يقفزون في بداية سباق السباحة خلال فعاليات اليوم الأول على مسبح مجمع الشيخ ناصر الرياضي في العاصمة الكويت (الاتحاد الكويتي للسباحة),رياضة,الكويت
1212,الصومال يفتتح أول محطة للطاقة الشمسية في ولاية بونتلاند لتقليل الاعتماد على المولدات التقليدية,إضاءة ألواح الطاقة الشمسية الجديدة تبرز في ضواحي مدينة غاروي مع حلول المساء، في تحول بيئي تدريجي تشهده الولاية (رويترز),طاقة,الصومال
1213,مزارعو غزة يواجهون خسائر فادحة جراء إغلاق معبر كرم أبو سالم التجاري,شاحنات محملة بالصادرات الزراعية متوقفة على بوابة معبر كرم أبو سالم جنوب قطاع غزة (وكالة الصحافة الفلسطينية),اقتصاد,فلسطين
1214,الكويت تطلق مبادرة لزراعة مليون شجرة محلية لمكافحة التصحر,متطوعون كويتيون يزرعون شتلات السدر في محمية طبيعية شمال العاصمة الكويت (الأناضول),بيئة,الكويت
1215,انفجار قارورة غاز يتسبب بحريق في مطعم شعبي وسط طرابلس اللبنانية,رجال الدفاع المدني يحاولون إخماد ألسنة اللهب داخل مطعم متضرر في سوق الزهر بمدينة طرابلس شمالي لبنان (الجزيرة),حوادث,لبنان
1216,"مدارس الكويت تعتمد برامج ""التعلم بالخدمة المجتمعية"" لأول مرة",طلاب يشاركون في حملات بيئية ضمن مبادرات مدرسية جديدة لتعزيز التعليم العملي وربطه بخدمة المجتمع (القبس),تعليم,الكويت
1217,نادي نهضة بركان يتوج بلقب كأس العرش المغربي للمرة الأولى في تاريخه,لاعبو نهضة بركان يحتفلون بالكأس وسط الملعب بعد صافرة النهاية، والجماهير تلوّح بالأعلام البرتقالية في مدرجات ملعب الأمير مولاي عبد الله بالرباط,رياضة,المغرب
1218,ليبيا تعلن بدء تشغيل أول محطة عائمة لتوليد الكهرباء عبر الغاز في مصراتة,منصة عائمة راسية قرب شاطئ مصراتة يتصاعد منها الدخان مع تواجد مهندسين ليبيين يشرفون على عمليات التشغيل الأولية (رويترز),طاقة,ليبيا
1219,متطوعون ينظمون يومًا ترفيهيًا للأطفال في نابلس رغم أجواء التوتر,مجموعة من الأطفال الفلسطينيين يشاركون في أنشطة رسم ورياضة وسط ساحة مدرسة في نابلس تحت إشراف متطوعين شباب (القدس المحلية),مجتمع,فلسطين
1220,جامعة صنعاء تطلق أول مختبر للبحث في الأمن السيبراني بدعم ألماني,باحثون يمنيون يتلقون تدريباً عملياً في مختبر الأمن السيبراني الجديد بجامعة صنعاء (الجامعة),تقنية,اليمن
1221,غرق مركب يقل عشرات الصيادين قبالة سواحل موهيلي بجزر القمر,رجال إنقاذ وعناصر من البحرية المحلية يحاولون انتشال ناجين من مياه المحيط الهندي بالقرب من شاطئ موهيلي (رويترز),حوادث,جزر القمر
1222,طلاب ريف إب اليمنية يبدعون في إصلاح فصولهم بمواد محلية وسط غياب الدعم,مجموعة من التلاميذ يحملون أدوات بدائية داخل أحد الفصول الطينية التي جُددت بألواح خشب وجذوع أشجار في مدرسة بريف إب (الجزيرة),تعليم,اليمن
1223,العراق يعلن إطلاق حملة وطنية للتطعيم ضد الحصبة بعد تسجيل ارتفاع مفاجئ في الإصابات,فرق صحية تجوب الأحياء الشعبية في بغداد لإعطاء اللقاحات للأطفال وسط تعاون الأهالي (رويترز),صحة,العراق
1224,موجة هجرة ريفية واسعة في ديالى بحثاً عن الأمان وفرص العمل,عائلات عراقية أثناء مغادرتها القرى الريفية في ديالى وسط حقول القمح الجافة، في ظل ارتفاع معدلات النزوح نحو المدن (الفرنسية),مجتمع,العراق
1225,مصر تطلق أول مبادرة وطنية للكشف المبكر عن هشاشة العظام بين كبار السن,طبيبة مصرية تفحص كثافة عظام امرأة مسنة داخل أحد المراكز الصحية في الإسكندرية ضمن الحملة الوطنية الجديدة (رويترز),صحة,مصر
1226,"معرض ""ألوان القرن الإفريقي"" يحتفي بالفن الجيبوتي التقليدي ويستقطب المئات في العاصمة",زوار يتأملون لوحات حرفية تجسد الحياة اليومية والثقافة المحلية داخل قاعة العرض بديفيرفيل (رويترز),ثقافة,جيبوتي
1227,جزر القمر تعلن خطة لإنشاء أول منطقة تجارية حرة لجذب الاستثمارات الأجنبية,اجتماع حكومي في العاصمة موروني لعرض تفاصيل المشروع الجديد بحضور رجال أعمال ومسؤولين اقتصاديين (وكالة الأنباء القمرية),اقتصاد,جزر القمر
1228,قطر تدشن أول مزرعة ألواح شمسية عائمة في الخليج لتعزيز مصادر الطاقة المتجددة,العاملون يشرفون على تركيب ألواح الطاقة الشمسية فوق خزان مائي ضخم شمال الدوحة (رويترز),طاقة,قطر
1229,ميناء مقديشو يشهد ارتفاعاً قياسياً في واردات المواد الغذائية مع بداية موسم الأمطار,عمال يفرغون شحنات من الأرز والسكر بميناء مقديشو وسط حركة نشطة للسفن التجارية (رويترز),اقتصاد,الصومال
1230,البحرين تطلق مبادرة لتحويل الأراضي الصحراوية إلى حدائق مجتمعية مستدامة,متطوعون من مختلف الأعمار يزرعون أشجاراً محلية في موقع جديد بالرفاع ضمن الحملة البيئية (رويترز),بيئة,البحرين
1231,انهيار مبنى سكني في بنغازي يخلف خمسة قتلى ويشعل موجة غضب بين الأهالي,فرق الإنقاذ الليبية تبحث بين أنقاض المبنى المنهار في حي السلماني بمدينة بنغازي شرق البلاد (رويترز),حوادث,ليبيا
1232,مدارس رأس الخيمة تعتمد التعليم الزراعي ضمن مناهجها لتعزيز الاستدامة,طالبات من المرحلة الإعدادية يزرعن شتلات الخضروات في حديقة مدرسية بإشراف معلمة علوم (وام),تعليم,الإمارات
1233,موجة حر غير مسبوقة تدفع الرعاة الموريتانيين للنزوح بحثًا عن الماء,ماشية يقودها رعاة محليون وسط أراضٍ جافة في ولاية الحوض الشرقي بموريتانيا (الجزيرة),بيئة,موريتانيا
1234,مصر تدشن أول محطة عائمة لتوليد الكهرباء من الطاقة الشمسية في بحيرة ناصر,ألواح شمسية ضخمة تطفو فوق مياه بحيرة ناصر وأسفلها عمال مصريون يشرفون على عمليات التشغيل والصيانة (رويترز),طاقة,مصر
1235,موجة جفاف حادة تضرب الأرياف الصومالية وتدفع آلاف الأسر نحو النزوح إلى مقديشو,نساء وأطفال يحملون ما تبقى من أمتعتهم وهم يجتازون أرضاً قاحلة في الطريق إلى مركز استقبال للنازحين في ضواحي مقديشو (رويترز),قضايا اجتماعية,الصومال
1236,عُمان تطلق حملة موسعة لمكافحة الملاريا بعد تسجيل أولى الإصابات المحلية منذ عقدين,فريق طبي عماني يجهز معدات الرش والمكافحة في إحدى المناطق الريفية بولاية بهلاء، وسط متابعة من السكان (وزارة الصحة العمانية),صحة,عُمان
1237,الجزائر تطلق بورصة للسلع الزراعية لدعم المزارعين وتنظيم الأسعار,مسؤولون جزائريون يرفعون الستار عن أول منصة إلكترونية لتداول القمح والشعير في قاعة حديثة بالعاصمة (وكالات),اقتصاد,الجزائر
1238,قطر تدشن أول مركز أبحاث بحرية لدراسة إمكانيات الطاقة المتجددة من الأمواج والخزانات الجوفية,باحثون قطريون يفحصون معدات جمع بيانات في موقع بحري قبالة ساحل الوكرة ضمن جهود تأسيس مركز أبحاث الطاقة البحرية الأول من نوعه في البلاد (تصوير الدوحة تايمز),طاقة,قطر
1239,تحذيرات من تصاعد أزمة المياه الجوفية في الجبل الأخضر الليبي,مزارعون ليبيون يتفقدون بئر مياه جافة في سهل الجبل الأخضر شرقي البلاد، حيث تظهر تشققات الأرض نتيجة قلة الأمطار وتراجع منسوب المياه الجوفية (رويترز),بيئة,ليبيا
1240,مستشفيات الجزائر تواجه ضغطاً غير مسبوق مع تفشي حمى الضنك في الجنوب,فريق طبي يرتدي ملابس وقائية يجهز غرفة طوارئ في مستشفى أدرار لاستقبال مصابين بحمى الضنك (الأناضول),صحة,الجزائر
1241,الدوحة تحتفي بالخط العربي بأكبر جدارية تفاعلية في سوق واقف,زوار من أعمار مختلفة يتجمعون حول فنان يخط حروفاً عربية عملاقة على جدار أبيض في ساحة سوق واقف (الجزيرة),ثقافة,قطر
1242,مهرجان الطائف للورد ينعش حركة السياحة الداخلية ويعيد إحياء المهن التقليدية,سيدات يرتدين أزياء محلية يشاركن في تقطير ماء الورد وسط حقول طائفية مزدهرة وحضور لافت للزوار المحليين (رويترز),ثقافة,السعودية
1243,"""الإسكندرية الذكية"".. تطبيق جديد لإدارة مواقف السيارات يخفف أزمة المرور الساحلية",شباب يختبرون أجهزة حجز مواقف السيارات الذكية لأول مرة أمام كورنيش الإسكندرية,تقنية,مصر
1244,"مهرجان ""أغاني الفرات"" في دير الزور يحتفي بالتراث الموسيقي المحلي ويستقطب المئات",فرقة موسيقية شعبية تؤدي عروضها على مسرح مفتوح بجانب نهر الفرات في دير الزور، وسط حضور جماهيري واسع (رويترز),ثقافة,سوريا
1245,دمشق تدشّن أول محطة طاقة ريحية على السفوح الغربية لجبل قاسيون,عنفات ريحية بيضاء تدور ببطء على تلال قريبة من ضواحي دمشق، بينما يظهر جبل قاسيون في الخلفية تحت سماء صيفية صافية (سانا),طاقة,سوريا
1246,مبادرة شبابية لإحياء الحرف التقليدية في مدينة سوسة,مجموعة من الشباب التونسيين خلال ورشة لتعليم صناعة الفخار التقليدي وسط المدينة العتيقة في سوسة (الصورة من الجمعية التونسية للحرف اليدوية),مجتمع,تونس
1247,نادي السالمية الكويتي يعلن تعاقده مع مدرب تونسي لقيادة الفريق الموسم المقبل,رئيس نادي السالمية يقدم القميص الرسمي للمدرب التونسي الجديد خلال مؤتمر صحفي في مقر النادي بحضور عدد من وسائل الإعلام (كونا),رياضة,الكويت
1248,حادث اصطدام قطار بسيارة نقل يودي بحياة ثلاثة أشخاص في صفاقس,عناصر من الحماية المدنية يحيطون بموقع الحادث بالقرب من سكة القطار في إحدى ضواحي صفاقس (رويترز),حوادث,تونس
1249,"البحرين تحتفي بمرور نصف قرن على تأسيس فرقة ""دارسي الفنون"" الشعبية","راقصون وراقصات بالزي التقليدي البحريني يؤدون رقصة ""العاشوري"" خلال الاحتفال في المنامة (رويترز)",ثقافة,البحرين
1250,عمان تعلن إطلاق مشروع وطني للطاقة الشمسية في صحراء الوسطى,عمال وفنيون يشرفون على تركيب ألواح شمسية في منطقة واسعة وسط الرمال الحمراء بمحافظة الوسطى، ضمن مراحل تدشين المشروع الجديد للطاقة المتجددة (وكالة الأنباء العمانية),اقتصاد,عُمان
1251,السعودية تعلن عن مشروع لتطوير محطات تحلية مياه جديدة على البحر الأحمر بقيمة 1.8 مليار دولار,موقع مقترح لمحطات التحلية الجديدة على الساحل الغربي للمملكة أثناء زيارة ميدانية لوزير البيئة والمياه (وزارة البيئة السعودية),اقتصاد,السعودية
1252,الدوحة تستضيف مؤتمر الوساطة الإقليمية بمشاركة وفود من السودان وليبيا ولبنان,كبار المسؤولين يجتمعون في قاعة مزينة بالأعلام العربية تحت رعاية وزارة الخارجية القطرية (وكالة الأنباء القطرية),سياسة,قطر
1253,"مهرجان ""ألوان الجنوب"" في نجران يشعل النقاش حول تمكين المرأة في الحرف اليدوية",شابات سعوديات يعرضن منتجاتهن التقليدية من السعف والنسيج في أحد أجنحة مهرجان نجران السنوي (واس),قضايا اجتماعية,السعودية
1254,جزائريون يطلقون حملات لمقاطعة حفلات الأعراس الكبرى بسبب تكاليفها الباهظة,قاعة أعراس فخمة خاوية من الضيوف بعد إعلان بعض العائلات إلغاء حجوزاتها تضامناً مع حملة المقاطعة (تصوير محلي),قضايا اجتماعية,الجزائر
1255,مفاوضات القاهرة: ضغوط أوروبية جديدة لإنهاء الانقسام الفلسطيني قبل الانتخابات,مقر المخابرات العامة المصرية حيث تجري جولات الحوار بين وفدي حركتي فتح وحماس (رويترز),سياسة,فلسطين
1256,"مدرّسات عراقيات يطلقن مبادرة ""درسي في الحقل"".. ومناهج العلوم تنتقل للبيئة الريفية",مجموعة من الطالبات يشاركن في تجربة علمية وسط أحد البساتين القريبة من مدينة البصرة (الجزيرة),تعليم,العراق
1257,ارتفاع نسبي في إصابات الملاريا بمقديشو يثير قلق الفرق الطبية,عمال صحة يرتدون سترات واقية يفحصون أطفالاً في مركز طبي بضواحي مقديشو (رويترز),صحة,الصومال
1258,شباب الإمارات يحققون ذهبية كرة الطائرة الشاطئية لأول مرة في تاريخ البطولة الخليجية,الفريق الإماراتي يحتفل برفع الكأس بين الرمال الذهبية على شاطئ كاسر الأمواج في أبوظبي، وسط تصفيق الجماهير المحلية (رويترز),رياضة,الإمارات
1259,الأردن يطلق حملة وطنية لمكافحة السمنة بين طلاب المدارس الحكومية,فحص طلاب مدرسة حكومية في عمان من قبل فريق طبي ضمن فعاليات الحملة الوطنية لمكافحة السمنة (بترا),صحة,الأردن
1260,تصاعد ظاهرة التسرب المدرسي في الأرياف الجزائرية يدق ناقوس الخطر الاجتماعي,تلاميذ يحملون حقائبهم يسيرون على طريق ترابي في منطقة ريفية بولاية باتنة شرقي الجزائر (الجزيرة),قضايا اجتماعية,الجزائر
1261,تراجع الصادرات الزراعية الفلسطينية بنسبة 15% خلال الربع الأول من 2024,مزارع في قطاع غزة يقوم بجني ثمار الطماطم في أحد الحقول المتضررة جراء القيود المفروضة على الحركة (رويترز),اقتصاد,فلسطين
1262,بغداد تطلق أول بوابة إلكترونية موحدة للخدمات الحكومية للمواطنين,موظفون حكوميون يشرحون آلية استخدام البوابة الإلكترونية لمواطنين داخل مركز خدمي حديث في العاصمة العراقية بغداد، حيث تظهر شاشات كبيرة تعرض واجهة البوابة الجديدة ومواطنون يجرّبون الخدمة لأول مرة (الفرات نيوز),تقنية,العراق
1263,مصرع خمسة أشخاص بحريق ضخم داخل فندق شعبي في كربلاء والتحقيقات جارية,فرق الدفاع المدني تنتشل جثث الضحايا وسط ألسنة اللهب والدخان الكثيف بينما يحاول رجال الإطفاء السيطرة على الحريق في أحد أحياء كربلاء القديمة (الفرات نيوز),حوادث,العراق
1264,اكتشاف فسيفساء أثرية نادرة تعود للعهد الروماني في ضواحي سوسة,فريق من علماء الآثار يفحصون تفاصيل فسيفساء تاريخية في موقع الحفريات قرب الساحل التونسي (وكالة تونس أفريقيا للأنباء),ثقافة,تونس
1265,موسم جني الأعشاب الطبية يغير نمط الحياة في قرى الأطلس المتوسط,نساء من قرية جبلية في الأطلس يحملن سلال الأعشاب الطبية وسط المنحدرات الخضراء في الصباح الباكر (الجزيرة),قضايا اجتماعية,المغرب
1266,المغرب يوقع اتفاقيات جديدة لتعزيز صادرات الصناعات الغذائية نحو أسواق غرب أفريقيا,وزير الصناعة المغربي خلال مراسم التوقيع مع ممثلي شركات تصدير في الرباط (رويترز),اقتصاد,المغرب
1267,زيادة ملحوظة في إقبال الكويتيين على زراعة الأسطح وسط دعوات لتعزيز الأمن الغذائي,مواطن كويتي يعاين شتلات طماطم في حديقة صغيرة فوق سطح منزله بحي القرين (الجزيرة),مجتمع,الكويت
1268,معلمون فلسطينيون يبتكرون برنامجاً للتعلّم عن بعد في مخيم جباليا رغم ضعف الإنترنت,طالبة فلسطينية تجلس أمام هاتف محمول داخل غرفة بسيطة في مخيم جباليا بينما تتابع درساً إلكترونياً أعدّه معلمو المنطقة (الأناضول),تعليم,فلسطين
1269,انهيار مبنى سكني في غزة يودي بحياة عائلة كاملة ويشرد عشرات السكان,فرق الإنقاذ الفلسطينية تبحث بين أنقاض مبنى مكون من أربعة طوابق في حي الرمال بغزة بينما يحاول الأهالي المساعدة وانتشال العالقين (رويترز),حوادث,فلسطين
1270,الجزائر تتوَّج ببطولة شمال إفريقيا للأندية لكرة اليد بعد فوز دراماتيكي على الترجي التونسي,لاعبو المجمع البترولي الجزائري يحتفلون مع الجماهير بعد صافرة النهاية في قاعة حرشة حسان بالجزائر العاصمة (وكالة الأنباء الجزائرية),رياضة,الجزائر
1271,حريق في مجمع سكني بمنطقة الدفنة يسفر عن إصابات طفيفة بين السكان,رجال الإطفاء القطريون يرشون المياه لإخماد الحريق بينما يقف بعض السكان في الخارج بقلق قرب مدخل المجمع (رويترز),حوادث,قطر
1272,تزايد المبادرات الشبابية لتنظيف الشواطئ في جيبوتي لمكافحة التلوث البلاستيكي,شباب متطوعون يحملون أكياس نفايات أثناء جمع المخلفات على ساحل تاجورة (رويترز),مجتمع,جيبوتي
1273,افتتاح أول مدرسة ثانوية بحرية في مصراتة تتيح للطلاب التدريب العملي على صيانة السفن,طلاب داخل ورشة عمل ميكانيكية بجانب سفينة تدريب راسية على رصيف ميناء مصراتة (الأناضول),تعليم,ليبيا
1274,ليبيا تدشن أول محطة عائمة لتوليد الكهرباء بالطاقة الشمسية في خليج سرت,ألواح شمسية مثبتة على منصة عائمة قبالة سواحل سرت مع فنيين يشرفون على بدء التشغيل (رويترز),طاقة,ليبيا
1275,مهرجان الشعر الفصيح ينطلق في صيدا بمشاركة شعراء من أنحاء لبنان,منصة المهرجان في قلعة صيدا البحرية تتزين بديكورات تراثية وأضواء خافتة، بينما يلقي أحد الشعراء قصيدته أمام جمهور متنوع مساء أمس,ثقافة,لبنان
1276,مبادرة محلية لإنقاذ التعليم الريفي تجمع تطوعي في كردفان,معلمون متطوعون يدرسون تحت شجرة كبيرة للتلاميذ في إحدى قرى كردفان، يستخدمون سبورات يدوية وأدوات بسيطة وسط نقص حاد في الإمكانيات (الجزيرة),مجتمع,السودان
1277,تزايد ظاهرة التسرب المدرسي بين الفتيات في المناطق الريفية الأردنية يثير قلق الأهالي,مجموعة من الفتيات في قرية بمحيط الكرك يغادرن مبنى المدرسة في منتصف النهار بينما تظهر علامات القلق على وجوه أولياء الأمور (الجزيرة),قضايا اجتماعية,الأردن
1278,فيضان مفاجئ يجتاح مدينة سنار ويغمر عشرات المنازل ويشرد سكانها,رجال ونساء يحملون متاعهم ويسيرون وسط مياه الفيضان بجوار منازل غمرتها المياه بالكامل (الجزيرة),حوادث,السودان
1279,سلطنة عُمان تعلن مبادرة إقليمية جديدة لحماية الممرات البحرية في بحر العرب,سفينة دورية عمانية تبحر قرب ميناء الدقم أثناء تدريبات مشتركة مع قوات خفر السواحل (الأناضول),سياسة,عُمان
1280,وزارة الاتصالات تطلق أول شبكة وطنية لشحن السيارات الكهربائية في المدن الكبرى المصرية,عامل مصري يقوم بتثبيت محطة شحن للسيارات الكهربائية بجانب شارع رئيسي في مدينة الإسكندرية، 10 يونيو/حزيران 2024 (رويترز),تقنية,مصر
1281,انهيار مبنى سكني في تعز يودي بحياة 6 أشخاص ويشرّد عشرات العائلات,قوات الإنقاذ تواصل البحث بين أنقاض مبنى منهار في أحد أحياء مدينة تعز القديمة وسط تجمهر السكان المحليين (الأوروبية),حوادث,اليمن
1282,زحف الرمال يهدد المزارع العضوية في القصيم والحلول تتسابق للإنقاذ,مزارعون سعوديون يراقبون تجمع الرمال حول أشجار النخيل في مزرعة عضوية بمحافظة القصيم (رويترز),بيئة,السعودية
1283,الصومال يطلق حملة للتوعية بمخاطر سوء التغذية لدى الأطفال في المناطق الريفية,عامل صحة محلي يفحص طفلاً صغيراً في قرية قرب مدينة بيدوا ضمن حملة توعية حول التغذية الصحية (رويترز),صحة,الصومال
1284,"قطر تدشّن ""مدينة الطاقة الشمسية"" الأكبر في المنطقة لتعزيز الاكتفاء الكهربائي",ألواح شمسية تمتد على مساحة واسعة من صحراء قطر خلال حفل التدشين الرسمي للمجمع الجديد بحضور مسؤولين حكوميين (الدوحة نيوز),طاقة,قطر
1285,ارتفاع معدلات تسرب التلاميذ من المدارس الريفية يثير قلق الأسر في شمال كردفان,مجموعة من الأطفال يسيرون على طريق ترابي في إحدى قرى شمال كردفان باتجاه مدرسة متواضعة البناء وسط الأراضي الزراعية الجافة (الجزيرة),قضايا اجتماعية,السودان
1286,برنامج صحي جديد في صفاقس لمكافحة السمنة بين الأطفال,مجموعة من الأطفال يشاركون في أنشطة رياضية جماعية داخل إحدى المدارس الابتدائية بمدينة صفاقس ضمن فعاليات برنامج التوعية الصحية (رويترز),صحة,تونس
1287,جيبوتي تعلن عن مبادرة وساطة جديدة لخفض التوتر بين إثيوبيا وإريتريا,وزير خارجية جيبوتي محمود علي يوسف يتحدث خلال مؤتمر صحفي في العاصمة جيبوتي بحضور دبلوماسيين من الاتحاد الأفريقي، 19 يونيو 2024 (رويترز),سياسة,جيبوتي
1288,شركات اتصالات سودانية تدشن خدمات الإنترنت الفضائي في دارفور لتعزيز التواصل,أحد الأبراج الجديدة لشبكات الاتصالات وسط قرية في ولاية غرب دارفور حيث تجري عملية تركيب أجهزة الاستقبال الفضائي (الخرطوم-الجزيرة),تقنية,السودان
1289,ارتفاع نسبة المتطوعين في حملات تنظيف الشواطئ السعودية مع اقتراب الصيف,متطوعون يرتدون قمصاناً بيضاء يجمعون النفايات من شاطئ جدة مع غروب الشمس (الشرق الأوسط),مجتمع,السعودية
1290,إصابة 6 أشخاص بجروح متفاوتة في تصادم بين شاحنتين على شارع الشيخ خليفة بالبحرين,فرق الدفاع المدني خلال محاولتها رفع إحدى الشاحنتين المتضررتين من موقع الحادث صباح اليوم (الصحافة البحرينية),حوادث,البحرين
1291,من بغداد إلى البصرة.. نساء العراق يرفعن شعار حق العمل بأمان,مجموعة من النساء العاملات في مشغل للخياطة بحي الشورجة وسط بغداد (الجزيرة),قضايا اجتماعية,العراق
1292,مستشفيات حلب تواجه أزمة نقص الأدوية الحيوية وسط ارتفاع الحالات المزمنة,صيدلي يُرتب رفوف الأدوية شبه الفارغة في أحد مستودعات المشفى الجامعي بحلب، وإلى جانبه مرضى ينتظرون صرف وصفاتهم الطبية (الجزيرة),صحة,سوريا
1293,جدل في الكويت حول تدريس الموسيقى في المدارس الحكومية بعد قرار وزاري جديد,معلم موسيقى يشرف على مجموعة من الطلاب في أحد الفصول الدراسية بمدرسة حكومية في الكويت (الجزيرة),تعليم,الكويت
1294,"أطباء غزة يطلقون مبادرة ""نبض الحياة"" للتوعية بأمراض القلب بين الأطفال",طاقم طبي فلسطيني ينظم ورشة تفاعلية للأطفال حول الوقاية من أمراض القلب في إحدى مدارس مدينة غزة (الجزيرة),صحة,فلسطين
1295,معرض فني في رام الله يحتفي بالخط العربي التراثي في ظل الحرب,زوار يتأملون لوحات الخط العربي المزينة بآيات وأشعار فلسطينية داخل قاعة المعرض في رام الله (الجزيرة),ثقافة,فلسطين
1296,قطر تعلن تأسيس أول مركز تداول إقليمي للغاز المسال في الخليج,رافعات ضخمة تعمل في أحد أرصفة ميناء راس لفان الصناعي أثناء تفريغ حاويات الغاز المسال (رويترز),اقتصاد,قطر
1297,مهرجان الشعر العُماني ينطلق في نزوى بمشاركة واسعة من الشباب والشاعرات,مجموعة من الشعراء الشبان يلقون قصائدهم أمام جمهور متفاعل في قاعة دار نزوى للثقافة (الجزيرة),ثقافة,عُمان
1298,"مهرجان ""الأطلس للموسيقى الأمازيغية"" يعيد إحياء التراث الشعبي في أزرو",فرقة شعبية تؤدي رقصات أمازيغية تقليدية أمام جمهور من مختلف الأعمار بساحة البلدة الرئيسية في أزرو (الجزيرة),ثقافة,المغرب
1299,تلوث مياه الشواطئ يهدد التنوع البيولوجي في جزر القمر,مجموعة من الأطفال يلعبون بالقرب من شاطئ شهد تغير لون المياه بسبب مخلفات الصيد (الأناضول),بيئة,جزر القمر
1300,مبادرة نسوية جديدة في أسيوط تعيد للنساء الحرف اليدوية بريقها,سيدات مصريات من قرية ريفا يجتمعن حول طاولة يطرزن أقمشة ملونة ضمن ورشة عمل حرفية في أحد مراكز شباب أسيوط (الجزيرة),مجتمع,مصر
1301,مجلس السيادة الانتقالي يدعو إلى مؤتمر شامل لحلحلة الأزمة الدستورية في السودان,أعضاء المجلس السيادي يجتمعون في قاعة مغلقة وسط إجراءات أمنية مشددة بالخرطوم (رويترز),سياسة,السودان
1302,مهرجان الموسيقى الأمازيغية في أكادير يعيد إحياء التراث وسط حضور شبابي متزايد,فِرق فلكلورية ترتدي الأزياء التقليدية تعزف على آلات أمازيغية أمام جمهور متحمس في ساحة عمومية بمدينة أكادير (الجزيرة),ثقافة,المغرب
1303,احتجاجات في نواكشوط للمطالبة بإصلاحات دستورية وتعزيز الحريات السياسية,محتجون يرفعون لافتات أمام مبنى البرلمان الموريتاني وسط حضور مكثف لقوات الأمن، مطالبين بزيادة تمثيل الشباب في المؤسسات الدستورية (الفرنسية),سياسة,موريتانيا
1304,البحرين تطلق أول منصة إلكترونية لتوثيق التراث الشعبي بالأصوات والصور,باحثون بحرينيون يدربون طلاباً على استخدام أجهزة تسجيل حديثة لجمع الأغاني الشعبية وقصص البحر القديمة في المنامة (الجزيرة),تقنية,البحرين
1305,"تحذيرات من ارتفاع الإصابات بمرض التهاب الكبد الوبائي ""أ"" بين الأطفال في ريف حماة","طاقم طبي سوري يفحص أطفالاً داخل إحدى العيادات الميدانية بريف حماة بعد تسجيل زيادة في حالات الإصابة بالتهاب الكبد الوبائي ""أ"" (رويترز)",صحة,سوريا
1306,تصاعد احتجاجات سكان الريف المغربي ضد ندرة المياه وتأثيرها على الزراعة,مزارعون في منطقة الحسيمة يعرضون محاصيلهم الجافة بسبب شح المياه (رويترز),قضايا اجتماعية,المغرب
1307,منتخب البحرين للكرة الطائرة يتوج بلقب البطولة الخليجية للمرة الرابعة,لاعبو المنتخب البحريني يرفعون كأس البطولة وسط أجواء احتفالية في صالة مدينة عيسى الرياضية (الجزيرة),رياضة,البحرين
1308,موريتانيا تطلق حملة موسعة لمكافحة داء الكبد الفيروسي في المناطق الريفية,ممرضون موريتانيون يجرون فحوصات طبية لسكان قرية نائية في ولاية العصابة وسط خيمة ميدانية مؤقتة (الوكالة الموريتانية للأنباء),صحة,موريتانيا
1309,أمطار غزيرة تغمر مزارع القطن في ولاية جوبا وتعرقل موسم الحصاد,مزارعون صوماليون يسحبون أكياس القطن فوق أرض موحلة بعد الفيضانات المفاجئة في إحدى قرى ولاية جوبا (رويترز),بيئة,الصومال
1310,انفجار أسطوانة غاز يتسبب بحريق في أحد أحياء طرابلس اللبنانية,عناصر الدفاع المدني اللبناني يحاولون السيطرة على النيران وسط ازدحام السكان القلقين في حي الزاهرية بطرابلس (الجزيرة),حوادث,لبنان
1311,إضراب طلابي يُعطل الدروس في مدارس رسمية بجنوب لبنان احتجاجاً على نقص الكتب,مجموعة من الطلاب يجلسون أمام إحدى المدارس الرسمية في صور رافعين لافتات تطالب وزارة التربية بتوفير الكتب في أسرع وقت (رويترز),تعليم,لبنان
1312,تراجع غير مسبوق لمنسوب نهر العاصي يهدد الزراعة في حمص,مزارعون سوريون يراقبون مجرى نهر العاصي الجاف جزئياً وسط حقولهم المتشققة في ريف حمص الغربي (وكالة الأنباء السورية),بيئة,سوريا
1313,حريق هائل يلتهم سوقاً شعبياً وسط مقديشو ويفاقم معاناة الباعة,رجال إطفاء صوماليون يصارعون ألسنة اللهب في سوق بكاره الشعبي بينما يحاول باعة إنقاذ ما أمكن من بضائعهم وسط الدخان الكثيف (رويترز),حوادث,الصومال
1314,السيول تُغرق أحياءً سكنية في الأبيض وتؤدي إلى نزوح مئات العائلات,منسوب المياه يرتفع في شوارع مدينة الأبيض بعد هطول أمطار غزيرة، فيما يحاول السكان إخلاء منازلهم (رويترز),حوادث,السودان
1315,تدشين أول مدرسة عائمة في منطقة واحات الطاسيلي لمكافحة التسرب المدرسي,قارب خشبي معدّل يحمل طلاباً يرتدون الزي المدرسي وهم يتلقون درساً جماعياً على سطحه وسط بحيرة صغيرة تحيط بها بيوت طينية ونخيل (تصوير محلي),تعليم,الجزائر
1316,فتيات تطوان يخطفن ذهبية بطولة الريشة الطائرة المدرسية بالمغرب,فريق فتيات تطوان يحتفل بتتويجه بالبطولة وسط تصفيق جماهير القاعة الرياضية بالمدينة (رويترز),رياضة,المغرب
1317,متطوعون إماراتيون يطلقون مبادرة لصيانة منازل كبار السن في عجمان,مجموعة من الشباب يرتدون سترات العمل يقومون بإصلاح واجهة منزل قديم بحضور أحد المسنين (الإمارات اليوم),مجتمع,الإمارات
1318,البحرين تدشن أول مركز وطني لفحص الأمراض الوراثية لدى حديثي الولادة,مختبر حديث مزود بأجهزة متطورة في المركز الوطني الجديد لفحوصات المواليد بالبحرين (بنا),صحة,البحرين
1319,مزارعو جزر القمر يبتكرون نظام ري شمسي لمواجهة الجفاف المتزايد,فلاحون يجمعون المياه من ألواح شمسية مثبتة فوق قنوات الري في أحد حقول جزيرة أنجوان (رويترز),بيئة,جزر القمر
1320,حملة تطوعية لترميم منازل كبار السن في قرى عسير,متطوعون يحملون أدوات البناء ويساعدون مسنًا أمام منزله الطيني شرق مدينة أبها (واس),مجتمع,السعودية
1321,مبادرة شبابية لإعادة إحياء الأسواق القديمة في السلط,شباب متطوعون يزيّنون واجهات المحلات التاريخية بالرسوم والزينة التراثية (الجزيرة),مجتمع,الأردن
1322,"مدارس البادية الشمالية تطلق مبادرة ""تعليم بلا جدران"" لتعزيز التعليم الميداني",طالبات يشاركن في درس علم الأحياء في الهواء الطلق بمنطقة الأزرق شرق الأردن (الجزيرة),تعليم,الأردن
1323,ارتفاع حالات الكوليرا في مقديشو يثير قلق المنظمات الإنسانية,طاقم طبي في مستشفى حكومي بمقديشو يتعامل مع تدفق مصابين بالكوليرا وسط نقص حاد في الإمدادات الطبية (رويترز),صحة,الصومال
1324,قطر تعلن خطة لزيادة إنتاجها من الأسمدة الزراعية بنحو 35% خلال 2025,مجمع صناعي قطري يضم منشآت إنتاج الأسمدة ومعدات حديثة للتعبئة والتغليف (رويترز),اقتصاد,قطر
1325,بغداد تعلن خطة موسعة لتعزيز السيطرة على المنافذ الحدودية مع إيران وتركيا,عناصر من قوات حرس الحدود العراقية خلال انتشار أمني عند معبر حدودي شمال البلاد (وكالة الأنباء العراقية),سياسة,العراق
1326,عمان تطلق أول منصة رقمية لتسويق المنتجات الحرفية التقليدية عبر الإنترنت,حرفية عمانية تعرض منتجات الخزف والنسيج ضمن فعالية إطلاق المنصة في سوق مطرح التاريخي (العمانية),تقنية,عُمان
1327,"معرض ""صوت الرمال"" يحتفي بالموسيقى التقليدية في صحراء ليوا",عازفون إماراتيون يقدمون عروضاً موسيقية على آلات تقليدية بين الكثبان الرملية في مهرجان ليوا الثقافي (وام),ثقافة,الإمارات
1328,اندلاع حريق هائل في سوق شعبي وسط البصرة يخلّف خسائر مادية جسيمة,رجال إطفاء وعمال محليون يحاولون السيطرة على ألسنة اللهب وسط الدخان الكثيف في أحد أزقة سوق العشار القديم بالبصرة (رويترز),حوادث,العراق
1329,البرلمان الأردني يناقش مشروع قانون جديد للحد من التدخل الأجنبي في الجمعيات الأهلية,اجتماع للجنة الشؤون القانونية في مبنى البرلمان الأردني وسط حضور إعلامي مكثف (الأناضول),سياسة,الأردن
1330,إدراج مناهج السلامة المرورية ضمن المدارس الابتدائية في الرياض بدءاً من العام المقبل,معلم يشرح لطلاب صغار إشارات المرور داخل فصل دراسي مزود بوسائل تعليمية تفاعلية في إحدى مدارس العاصمة السعودية (واس),تعليم,السعودية
1331,المغرب يطلق أول مزرعة رياح بحرية قبالة سواحل الجديدة لتعزيز مزيج الطاقة,توربينات رياح ضخمة ترتفع فوق أمواج المحيط الأطلسي بسواحل مدينة الجديدة، بينما يعمل مهندسون مغاربة على مراقبة الأداء وتحليل بيانات التوليد الكهربائي في موقع المشروع (رويترز),طاقة,المغرب
1332,الإمارات تدشن مشروعاً لإعادة تأهيل أشجار المنغروف على سواحل الفجيرة لمواجهة تآكل الشواطئ,متطوعون محليون يزرعون شتلات المنغروف وسط المد البحري في محمية الحفية بالفجيرة (وام),بيئة,الإمارات
1333,احتجاجات سكان أحد أحياء الدار البيضاء تطالب بتحسين خدمات النقل العام,مجموعة من سكان حي الألفة يرفعون لافتات مطالبين بحافلات إضافية أثناء وقفة أمام محطة رئيسية في الدار البيضاء، 17 يونيو 2026 (رويترز),مجتمع,المغرب
1334,الإمارات تطلق مبادرة لدعم الشركات الناشئة في الطاقة النظيفة بميزانية 500 مليون درهم,مسؤولون إماراتيون يعلنون تفاصيل المبادرة بحضور ممثلين عن الشركات الناشئة في قطاع الطاقة خلال مؤتمر صحفي في أبوظبي (وام),اقتصاد,الإمارات
1335,شباب غزة يطلقون مبادرة لإعادة تأهيل الشوارع الداخلية والتخفيف من أزمات المرور,مجموعة من الشبان الفلسطينيين يعملون على تعبيد شارع فرعي بحي الشجاعية شرقي مدينة غزة مستخدمين معدات يدوية بسيطة (رويترز),مجتمع,فلسطين
1336,"مهرجان ""الخط العربي"" يضيء ليالي جدة برسومات حديثة على جدران التاريخ",فنانة سعودية تضع اللمسات الأخيرة على لوحة خط عربي مضيئة في أحد أزقة جدة التاريخية (الفرنسية),ثقافة,السعودية
1337,طلبة غزة يواجهون تحديات التعليم عن بعد وسط نقص الكهرباء والانترنت,طلاب فلسطينيون يتابعون دروسهم عبر الهواتف المحمولة على ضوء الشموع بسبب انقطاع التيار الكهربائي في غزة (رويترز),تعليم,فلسطين
1338,احتجاجات طلابية في بيروت للمطالبة بتخفيض الرسوم الجامعية بالدولار,طلاب يحتشدون أمام مدخل إحدى الجامعات الخاصة وسط العاصمة بيروت رافعين لافتات تطالب بحق التعليم للجميع (الأناضول),تعليم,لبنان
1339,مبادرة تطوعية لترميم منازل الأسر محدودة الدخل في أبها تجمع شباب الحي,متطوعون ينقلون مواد البناء ويطلون جدران أحد المنازل القديمة وسط حي شعبي في مدينة أبها جنوب السعودية (واس),مجتمع,السعودية
1340,الحكومة اللبنانية تعلن بدء مشاورات موسعة لإجراء إصلاحات مصرفية قبل استئناف المفاوضات مع صندوق النقد,اجتماع وزاري في السراي الحكومي بوسط بيروت، حيث يظهر وزراء المالية والاقتصاد يناقشون خطة إصلاح القطاع المصرفي (رويترز),سياسة,لبنان
1341,مبادرة شعبية لترميم المدارس التاريخية في الجبل الأخضر لمواجهة تدهور البنية التعليمية,متطوعون من سكان الجبل الأخضر يباشرون صيانة جدران مدرسة تعود لفترة الخمسينيات (رويترز),مجتمع,ليبيا
1342,تراجع منسوب المياه في بحيرة قبر عزيز يهدد الحياة البرية بجنوب ليبيا,منظر لبحيرة قبر عزيز وقد تقلصت مساحتها، بينما تظهر قطعان الإبل تبحث عن الماء قرب ضفافها الجافة (الجزيرة),بيئة,ليبيا
1343,حريق ضخم يلتهم سوق مواد البناء في جيبوتي ويخلّف خسائر فادحة,رجال إطفاء جيبوتيون يحاولون السيطرة على ألسنة اللهب وسط السوق التقليدية في حي بلبلا (وكالات),حوادث,جيبوتي
1344,البحرين تطلق شبكة مستشعرات بحرية لرصد التغيرات المناخية في الخليج,باحثون بحرينيون يثبتون أجهزة استشعار متطورة على عوامة بحرية قبالة ساحل الجفير (وكالة أنباء البحرين),تقنية,البحرين
1345,مبادرة شبابية في نواكشوط لتجميل الأحياء القديمة وإحياء الذاكرة الموريتانية,متطوعون شباب يزينون جدران حي العون بلوحات فنية تعكس التراث الموريتاني الشعبي (الجزيرة),مجتمع,موريتانيا
1346,"انطلاق مهرجان ""قرطاج للكتاب"" بحضور أدباء من أربع قارات في تونس العاصمة",مجموعة من الزوار يتجمعون أمام جناح دور نشر تونسية وسط أجواء احتفالية في افتتاح المهرجان الوطني للكتاب بقرطاج (الأناضول),ثقافة,تونس
1347,جدل في الأردن بعد مصادقة البرلمان على تعديلات قانون الجمعيات الأهلية,نواب أردنيون يتناقشون بحماس خلال جلسة التصويت في قبة البرلمان بعمان (المصور: رعد محمد/الجزيرة),سياسة,الأردن
1348,الحكومة القمرية تعلن عن خطة لتطوير الموانئ لزيادة الصادرات الزراعية,عمال يفرغون حاويات من شحنات الفانيليا والزيوت العطرية في ميناء موروني الرئيسي بجزر القمر (رويترز),اقتصاد,جزر القمر
1349,الكويت تطلق منصة تداول عقاري رقمية لتعزيز الشفافية ومراقبة الأسعار,موظف في وزارة العدل الكويتية يستعرض واجهة المنصة الإلكترونية الجديدة على شاشة حاسوبه في مقر الوزارة. (رويترز),اقتصاد,الكويت
1350,المغرب يطلق أول بورصة تداول للمنتجات الزراعية لدعم الفلاحين الصغار,افتتاح البورصة الجديدة في مكناس بحضور ممثلين عن الحكومة والجمعيات الفلاحية (وكالة المغرب العربي للأنباء),اقتصاد,المغرب
1351,ارتفاع معدلات الهجرة الداخلية من القرى إلى المدن يثير تساؤلات حول مستقبل الأرياف المغربية,شباب من إحدى القرى الأطلسية يستعدون لصعود حافلة متجهة نحو مدينة مراكش بحثاً عن فرص عمل جديدة (عدسة محلية),مجتمع,المغرب
1352,البحرين تطلق مبادرة وطنية لدعم الأرامل وتوفير فرص عمل مستدامة لهن,مجموعة من النساء البحرينيات خلال ورشة تدريب مهني أقيمت في أحد مراكز تمكين المرأة بمنطقة المحرق، ضمن جهود رسمية لتنشيط سوق العمل للنساء الأكثر احتياجاً (الأوروبية),قضايا اجتماعية,البحرين
1353,مبادرة محلية لإحياء الصناعات اليدوية تلاقي إقبالاً واسعاً في السلط,نساء من السلط يعرضن منتجات يدوية من النسيج والخزف في أحد أسواق المدينة التراثية (الأردنية),مجتمع,الأردن
1354,البحرين تدشن أول محطة عائمة لتخزين الغاز المسال لدعم أمن الطاقة,فرق هندسية تشرف على الرسو الأول للمنصة العائمة في ميناء خليفة بن سلمان (الشرق الأوسط),طاقة,البحرين
1355,مهرجان الشعر الصحراوي ينطلق في سبها بمشاركة شعراء من مختلف أنحاء ليبيا,شاعر ليبي يؤدي قصيدة أمام جمهور متنوع تحت خيمة تراثية في ساحة سبها الرئيسية (الأناضول),ثقافة,ليبيا
1356,ارتفاع أسعار الذرة يفاقم أزمة الخبز في الخرطوم وسط تراجع الإمدادات,طوابير مواطنين أمام مخبز في أحد أحياء الخرطوم يبحثون عن الخبز وسط قلق حيال ارتفاع الأسعار ونقص الدقيق (الجزيرة),اقتصاد,السودان
1357,مصر تعلن تشغيل أول محطة لتحويل النفايات الصلبة إلى طاقة كهربائية في القليوبية,أعمال صيانة في المولدات الجديدة بمحطة تحويل النفايات إلى طاقة بمدينة شبرا الخيمة شمال القاهرة (رويترز),طاقة,مصر
1358,البرلمان العراقي يصوّت بالأغلبية على إجراء انتخابات محلية مبكرة في محافظتين متنازع عليهما,أعضاء البرلمان العراقي أثناء جلسة تصويت حاسمة في مبنى المجلس ببغداد، وسط حضور إعلامي مكثف (رويترز),سياسة,العراق
1359,تصادم قطارين في محافظة الغربية يخلّف عشرات المصابين ويوقف حركة السكك الحديدية,سيارات إسعاف وأطقم إنقاذ تهرع لموقع الحادث بين قريتي كفر الزيات والسنطة وسط تجمهر المواطنين (وكالة أنباء الشرق الأوسط),حوادث,مصر
1360,الكويت تطلق أول مركز وطني لعلاج اضطرابات الأكل بين المراهقين,فريق طبي كويتي يستقبل أول دفعة من المراجعين في المركز الحديث لعلاج اضطرابات الأكل بمستشفى الرازي (الصحافة الكويتية),صحة,الكويت
1361,وفاة 6 أشخاص إثر انقلاب قارب صيد تقليدي قبالة سواحل تاجورة في جيبوتي,عناصر من خفر السواحل الجيبوتي يسحبون قارباً مقلوباً من بين الأمواج بالقرب من ميناء تاجورة، وسط تجمع سكان محليين قلقين (وكالة الأنباء الجيبوتية),حوادث,جيبوتي
1362,قطر تضاعف صادراتها من التمور العضوية إلى أوروبا مع بداية موسم الحصاد,مزارعون قطريون أثناء جمع التمور العضوية في أحد بساتين مدينة الشحانية شمال غرب الدوحة (رويترز),اقتصاد,قطر
1363,"وزارة التربية الإماراتية تعلن عن مبادرة ""المعلم الزائر"" لتعزيز تدريس اللغات الأجنبية في المدارس الحكومية",مجموعة من الطلاب الإماراتيين يتفاعلون مع معلمة أجنبية أثناء حصة لتعليم اللغة الفرنسية في مدرسة حكومية بمدينة العين (وكالة أنباء الإمارات),تعليم,الإمارات
1364,شبح الهجرة يخيّم على قرى عكار بعد تراجع فرص العمل,شباب من إحدى قرى عكار يجتمعون في مقهى شعبي يناقشون خياراتهم وسط تزايد أعداد المهاجرين إلى الخارج (الجزيرة),مجتمع,لبنان
1365,مدارس سبها تعود للافتتاح التدريجي بعد انقطاع الكهرباء الطويل,تلاميذ يجلسون في ساحة مدرسة تحت أشعة الشمس بانتظار بدء الدروس وسط أجواء حارة (رويترز),تعليم,ليبيا
1366,احتجاجات في البصرة للمطالبة بتحسين البنية التحتية وتوفير فرص العمل,متظاهرون عراقيون يرفعون لافتات أمام مبنى المحافظة وسط انتشار أمني مكثف في شوارع البصرة (رويترز),سياسة,العراق
1367,مستشفيات سبها تواجه نقصاً حاداً في الأدوية الأساسية مع تزايد الحالات الطارئة,ممرضون في قسم الطوارئ بمستشفى سبها المركزي يعملون لساعات إضافية وسط ازدحام المرضى ونقص الإمدادات الطبية (رويترز),صحة,ليبيا
1368,قطر تطلق مبادرة وطنية لتعزيز الدمج الاجتماعي للأشخاص ذوي الإعاقة في سوق العمل,مجموعة من الشباب والشابات من ذوي الإعاقة يشاركون في ورشة تدريبية داخل مركز مجتمعي حديث في الدوحة (الجزيرة),قضايا اجتماعية,قطر
1369,السعودية تدشن أول محطة لتحويل النفايات إلى طاقة في المنطقة الشرقية,مسؤولون سعوديون يزيحون الستار عن لوحة تدشين أمام منشآت المحطة الجديدة المجهزة بأبراج وتقنيات حديثة (واس),اقتصاد,السعودية
1370,موجة استثمارات جديدة في الطاقة الشمسية تدفع بتوسيع مصانع ألواح الطاقة بصعيد مصر,عمال يثبتون ألواحاً شمسية في حقل جديد للطاقة بمحافظة قنا (رويترز),اقتصاد,مصر
1371,سلطنة عُمان تطلق برنامجاً وطنياً لمكافحة السمنة بين الأطفال عبر المدارس والمؤسسات الصحية,ممرضات عمانيات يشرفن على قياس مؤشرات النمو الصحية لطلاب إحدى المدارس في مسقط ضمن حملة توعوية موسعة (وزارة الصحة العمانية),صحة,عُمان
1372,قطر تطلق أول منصة محلية لمراقبة جودة الإنترنت في الأحياء السكنية,مهندسون قطريون يراجعون بيانات الأداء داخل مركز عمليات الشبكة التابع لإحدى شركات الاتصالات بالدوحة (الشرق القطرية),تقنية,قطر
1373,قطر تطلق حملة وطنية لحماية السلاحف البحرية على شواطئ خور العديد,متطوعون قطريون يجمعون أعشاش السلاحف المهددة بالانقراض بعناية على رمال خور العديد ضمن جهود الحفاظ على التنوع البيولوجي (وزارة البيئة القطرية),بيئة,قطر
1374,تسجيل نفوق أعداد غير مسبوقة من طيور «النورس» على شاطئ بانياس بسبب تلوث نفطي,طيور نافقة ملقاة على رمال شاطئ بانياس شمال غرب سوريا مع آثار بقع زيتية داكنة تظهر في الخلفية (وكالة سانا),بيئة,سوريا
1375,انطلاق سباق السيارات الكهربائية الأول من نوعه في صحراء ليوا بالإمارات,متسابقون يستعدون للانطلاق وسط كثبان رملية ذهبية خلال فعاليات سباق السيارات الكهربائية في ليوا (الاتحاد),رياضة,الإمارات
1376,خطة لإعادة تأهيل غابة «عراد» في المحرق تعيد الأمل للتنوع البيولوجي في البحرين,عمال بيئة يزرعون شتلات محلية في مناطق متضررة من غابة عراد بمدينة المحرق، البحرين، ضمن حملة وطنية للتشجير (وكالة أنباء البحرين),بيئة,البحرين
1377,موجة حرّ غير مسبوقة تضرب سوس وأكادير وتحذيرات من أزمة مياه حادة الصيف المقبل,حقول زراعية شبه جافة بمحاذاة سد المسيرة قرب أكادير مع ظهور تشققات في الأرض (وكالة أنباء المغرب العربي),بيئة,المغرب
1378,إطلاق أول منصة إماراتية لتداول العملات الرقمية وفق الشريعة الإسلامية,شعار المنصة الجديد يظهر على واجهة إحدى البورصات الرقمية في دبي (وام),تقنية,الإمارات
1379,مزارعو البن اليمني يواجهون تحديات الجفاف وارتفاع التكاليف وسط نقص الدعم الحكومي,مزارع يمني يتفقد شجيرات البن اليابسة في أحد الحقول الجبلية بمحافظة إب (وكالة الأناضول),اقتصاد,اليمن
1380,شباب الأطلس الكبير يُحيون تقاليد الزراعة العضوية لمواجهة تغيّر المناخ,مزارعون شباب في أحد حقول قرية إمليل وهم يجمعون محاصيل الخضراوات الصيفية يدوياً (الأناضول),مجتمع,المغرب
1381,بدء محطة توليد كهرباء شمسية جديدة في ريف حمص لدعم التجمعات الريفية,عاملان سوريان يقومان بتركيب ألواح شمسية على سطح مدرسة في إحدى قرى حمص (سانا),طاقة,سوريا
1382,الشرطة العراقي يتوج بكأس السوبر بعد فوزه على الزوراء في البصرة,لاعبو فريق الشرطة يحتفلون بالكأس مع الجماهير في ملعب البصرة الدولي مساء الأحد (الفرنسية),رياضة,العراق
1383,مراكش تستقبل أول مهرجان للأزياء التقليدية المستدامة بمشاركة مصممين شباب,عارضة مغربية ترتدي قفطاناً حديث التصميم على منصة عرض في ساحة جامع الفنا وسط حضور جماهيري (الأناضول),ثقافة,المغرب
1384,البحرينيون يودعون آخر صيادي اللؤلؤ التقليديين في المحرق,قارب خشبي صغير يحمل الصيادين القدامى أثناء عودتهم إلى ميناء المحرق مع غروب الشمس (تصوير: وكالة أنباء البحرين),مجتمع,البحرين
1385,مهرجان الأقنعة يحيي تقاليد أمازيغية في جبال الأطلس المغربية,نساء يرتدين أقنعة تقليدية وأزياء مزخرفة يشاركن في موكب احتفالي وسط قرية جبلية بالأطلس الكبير (رويترز),ثقافة,المغرب
1386,غزة تبدأ اختبار أول نظام لتخزين الطاقة الشمسية لدعم المستشفيات أثناء الأزمات,عمال فلسطينيون يثبتون ألواح الطاقة الشمسية أعلى مستشفى محلي في غزة في محاولة لتعزيز أمن الطاقة خلال انقطاع الكهرباء الطويل (رويترز),طاقة,فلسطين
1387,نقص الأدوية المنقذة للحياة يفاقم معاناة مرضى الكلى في الخرطوم,مرضى ينتظرون دورهم للعلاج في مركز غسيل الكلى الرئيسي بالعاصمة السودانية وسط مخاوف من نفاد الإمدادات الطبية (الجزيرة),صحة,السودان
1388,تراجع إنتاج الزيتون يرفع أسعار الزيوت النباتية في الأسواق السورية,امرأة تراقب أسعار الزيوت في أحد متاجر دمشق وسط قلق من ارتفاع الأسعار المستمر (رويترز),اقتصاد,سوريا
1389,مدارس حلب تبدأ تجربة ساعات دوام صيفي لمواجهة ارتفاع درجات الحرارة,طلاب مدرسة ابتدائية في مدينة حلب يجلسون في ساحة المدرسة خلال الفسحة الصباحية، بينما تظللهم أشجار الكينا العالية (وكالة الأنباء السورية),تعليم,سوريا
1390,الصومال يعلن اكتشاف حقل غاز طبيعي جديد قبالة سواحله الأطلسية,سفينة أبحاث بحرية ترفع علم الصومال أثناء عمليات مسح جيولوجي في عرض البحر بالقرب من مقديشو (رويترز),طاقة,الصومال
1391,ارتفاع ملحوظ في أعداد الطلاب المتسربين من المدارس الريفية في ريف حماة,أحد صفوف مدرسة ابتدائية شبه خالية في قرية الجلمة بريف حماة الشمالي وسط مقاعد خشبية مهترئة (AFP),مجتمع,سوريا
1392,"انطلاق مبادرة ""فصول بلا جدران"" لدعم التعليم المجتمعي في ضواحي سبها",مجموعة من الأطفال يجلسون في حلقة دائرية تحت ظل شجرة يتلقون دروسهم من متطوعين محليين في إحدى ضواحي سبها (رويترز),تعليم,ليبيا
1393,البحرين تطلق أول منصة رقمية لبيع وتبادل الأعمال الفنية المحلية,فنانون بحرينيون يعرضون لوحاتهم عبر شاشات تفاعلية في فعالية إطلاق المنصة الجديدة بالمنامة (الأيام البحرينية),تقنية,البحرين
1394,انطلاق أول دوري نسائي لكرة السلة في جدة وسط تفاعل جماهيري كبير,لاعبات سعوديات من فريقي الهلال والأهلي يتنافسن على الكرة خلال المباراة الافتتاحية في صالة رياضية حديثة بمحافظة جدة بحضور جمهور متحمس (رويترز),رياضة,السعودية
1395,أزمة ارتفاع المصروفات تضرب الجامعات الأهلية بمصر وسط مخاوف طلابية,طلاب يتجمعون أمام إحدى بوابات جامعة أهلية في القاهرة للتشاور حول قرارات جديدة برفع الرسوم السنوية (الأناضول),تعليم,مصر
1396,إقبال غير مسبوق على مدارس التعليم التقني في صفاقس مع إطلاق تخصصات جديدة,طلاب تونسيون يتدربون على تشغيل معدات ميكانيكية متقدمة داخل ورشة تعليمية بمدينة صفاقس (الصحافة التونسية),تعليم,تونس
1397,قطر تعزز صادراتها من التمور إلى الأسواق الآسيوية وسط ارتفاع الطلب,عمال في مصنع تعبئة التمور بالدوحة يشرفون على تجهيز الشحنات المخصصة للتصدير إلى دول جنوب شرق آسيا (رويترز),اقتصاد,قطر
1398,"مهرجان ""القرنفل والعود"" في موروني يحتفي بفنون جزر القمر التقليدية",عازفات يعرضن رقصات شعبية ويرتدين أزياء قمرية تقليدية وسط حضور جماهيري في ساحة عامة بموروني (رويترز),ثقافة,جزر القمر
1399,مراكز صحية في ولاية الجزيرة تطلق حملة تطعيم منتصف العام لاحتواء تفشي الحصبة,ممرضة سودانية تحمل حقيبة تطعيم متنقلة أثناء دخولها إحدى القرى الريفية بولاية الجزيرة (رويترز),صحة,السودان
1400,جزر القمر تطلق أول منصة إلكترونية لدعم تعليم الفتيات في المناطق النائية,مجموعة من الطالبات يتابعن شرح معلمة عبر جهاز لوحي في فصل دراسي بقرية ريفية بجزيرة أنجوان (الأناضول),تقنية,جزر القمر
1401,انطلاق برنامج الإثراء الثقافي للمعلمين الجدد في ولايات الجزائر الداخلية,معلمون ومعلمات يشاركون في ورش عمل تفاعلية داخل قاعة تدريبية بحضور خبراء تربية في ولاية بسكرة (الجزيرة),تعليم,الجزائر
1402,الكويت تطلق برنامج التدريب الصيفي لطلبة المدارس في المؤسسات الحكومية,مجموعة من الطلاب الكويتيين يتابعون شرح أحد الموظفين داخل إحدى الإدارات الحكومية خلال الأسبوع الأول من البرنامج (الصورة خاصة للصحيفة),تعليم,الكويت
1403,جامعات فلسطينية تعتمد الطاقة الشمسية لتوفير الكهرباء واستدامة التعليم,ألواح شمسية على سطح إحدى الجامعات في مدينة نابلس، يستخدمها الطلاب خلال المحاضرات العملية (الجزيرة),تعليم,فلسطين
1404,مدارس الأطلس المتوسط تعتمد نظام التعليم بالأمازيغية لأول مرة,طالبات يرتدين الزي التقليدي يتلقين دروسهن بالأمازيغية في إحدى المدارس الريفية بمنطقة أزيلال (رويترز),تعليم,المغرب
1405,تراجع الصادرات الزراعية الفلسطينية إلى الأردن بعد تشديد القيود الحدودية,مزارعون فلسطينيون يفرزون محاصيل الخيار في سوق مركزي بمدينة أريحا استعداداً للتصدير (الأناضول),اقتصاد,فلسطين
1406,تضاعف أعداد الأمهات العاملات يدفع مدارس الأردن لتطوير خدمات الرعاية النهارية,مجموعة من الأطفال يلعبون في مركز حديث للرعاية النهارية داخل إحدى المدارس الخاصة في عمان بحضور معلمات يشرفن على الأنشطة (بترا),قضايا اجتماعية,الأردن
1407,"الأردن يطلق مبادرة ""الواحات الحضرية"" لمواجهة التصحر في عمّان والزرقاء",متطوعون يزرعون أشجار الزيتون والبطم في إحدى الحدائق العامة بشرق العاصمة عمّان ضمن مشروع الواحات (رويترز),بيئة,الأردن
1408,الأسر المنتجة في مسقط تواجه صعوبة التسويق وسط ارتفاع تكاليف المعيشة,امرأة عمانية تعرض منتجات تقليدية في جناح صغير بسوق شعبي وتبدو علامات القلق على وجهها مع تكدس سلعها اليدوية (الجزيرة),قضايا اجتماعية,عُمان
1409,البحرين تدشن أول شبكة إنترنت بحرية لخدمة الصيادين في عرض الخليج,صيادون بحرينيون يستخدمون أجهزة لوحية لمتابعة حالة البحر وتحديد مواقع الصيد عبر الشبكة الجديدة (بنا),تقنية,البحرين
1410,المنتخب العماني لكرة القدم الشاطئية يتأهل لنهائي كأس آسيا بعد فوزه على اليابان,لاعبو المنتخب العماني يحتفلون على شاطئ المسيلة عقب انتهاء المباراة (الاتحاد العماني لكرة القدم),رياضة,عُمان
1411,"القاهرة تحتفي بالخط العربي في مهرجان ""حروف على ضفاف النيل""",فنان مصري ينقش كلمات عربية بأنامل دقيقة على لوح خشبي خلال فعاليات مهرجان الخط العربي بحديقة الأزهر في قلب القاهرة (رويترز),ثقافة,مصر
1412,جيبوتي تطلق أول مركز وطني لرصد الطاقة الشمسية لتعزيز الاعتماد على المصادر النظيفة,مهندسون جيبوتيون يفحصون أجهزة قياس الإشعاع الشمسي في المركز الوطني الجديد خارج العاصمة (الفرنسية),طاقة,جيبوتي
1413,السعودية تطلق حملة وطنية للكشف المبكر عن سرطان القولون في المناطق الريفية,فرق طبية تجوب قرى جنوب المملكة لإجراء فحوصات مجانية ضمن البرنامج الوطني لصحة المجتمع (واس),صحة,السعودية
1414,"المغرب يطلق مبادرة وطنية لزراعة ""الغابة الحضرية"" وسط الدار البيضاء",متطوعون وشباب من الدار البيضاء يوزعون شتلات الأشجار ويزرعونها في فضاء حضري بالقرب من حي المعاريف، يحيطهم الأطفال ويشاركهم سكان الحي (وكالة المغرب العربي للأنباء),بيئة,المغرب
1415,"مهرجان ""أصوات دجلة"" يحتفي بإرث الأغنية الشعبية العراقية في بغداد",مجموعة من الفنانين الشعبيين يرتدون الأزياء التراثية ويؤدون أغانٍ عراقية قديمة على ضفة نهر دجلة، وسط حضور جماهيري متنوع يرفع الأعلام العراقية (رويترز),ثقافة,العراق
1416,ارتفاع معدلات الزواج المبكر يثير قلق الأسر في البادية الأردنية,فتيات من إحدى القرى البدوية يجتمعن في ساحة ترابية خلال فعالية اجتماعية توعوية (الفرنسية),قضايا اجتماعية,الأردن
1417,الهلال السوداني يعلن خطة بناء ملعب جديد في أم درمان لدعم المواهب الشابة,رئيس نادي الهلال السوداني يعرض مخطط الملعب خلال مؤتمر صحفي في أم درمان (سونا),رياضة,السودان
1418,مشاورات يمنية سعودية في الرياض لإطلاق جولة جديدة من مفاوضات السلام,رئيس مجلس القيادة الرئاسي اليمني رشاد العليمي خلال وصوله إلى الرياض للمشاركة في المشاورات مع مسؤولين سعوديين (وكالة الأنباء السعودية),سياسة,اليمن
1419,ارتفاع نسبة البطالة بين خريجات الجامعات في عُمان يثير قلق الأسر والمجتمع,مجموعة من الشابات العمانيات بملابس التخرج ينتظرن دورهن في إحدى قاعات الجامعات بمسقط (رويترز),قضايا اجتماعية,عُمان
1420,محطة غاز مسيلة تتوقف فجأة بالكويت وتحذيرات من انخفاض إمدادات الكهرباء في الصيف,طوابير من السيارات أمام محطات التزود بالوقود في العاصمة الكويتية انتظاراً لإعادة التشغيل (وكالة أنباء محلية),طاقة,الكويت
1421,موريتانيا تطلق أول بوابة رقمية لتوثيق التراث الثقافي المحلي,وزير الثقافة الموريتاني يزيح الستار عن منصة رقمية جديدة خلال حفل رسمي في نواكشوط بحضور إعلاميين ومطورين تقنيين (وكالة الأخبار الموريتانية),تقنية,موريتانيا
1422,نساء الهضاب في الجزائر يكسرن الصمت حول العنف الأسري ويتحدين الأعراف الاجتماعية,سيدة جزائرية من منطقة الهضاب ترتدي الحايك التقليدي، تقف أمام باب منزلها الطيني في صباح شتوي ضبابي (رويترز),قضايا اجتماعية,الجزائر
1423,ارتفاع حرارة المتوسط يهدد محميات شمال الدلتا باندثار أنواع نادرة,طيور ملونة تحوم فوق مياه ضحلة وسط الأعشاب البرية بمحافظة كفر الشيخ (الجزيرة),بيئة,مصر
1424,وفاة 7 صيادين إثر غرق قارب في سواحل جزيرة أنجوان بجزر القمر,عناصر من قوات الإنقاذ والقرويون يجتمعون على الشاطئ خلال عمليات البحث عن المفقودين بعد حادثة غرق القارب (وكالة جزر القمر للأنباء),حوادث,جزر القمر
1425,شركات اتصالات سودانية تبدأ تركيب محطات طاقة شمسية لتعزيز الشبكات في المناطق الريفية,فنيون سودانيون يعملون على تركيب ألواح شمسية بمحطة اتصالات جديدة في ولاية القضارف (رويترز),تقنية,السودان
1426,السلطة الفلسطينية تطالب بتدخل دولي فوري لوقف تصاعد الاقتحامات في نابلس,قوات الاحتلال تقتحم أحياء نابلس القديمة وسط انتشار أمني مشدد والقلق يخيّم على الأهالي (رويترز),سياسة,فلسطين
1427,جزر القمر تطلق أول منصة إلكترونية للتعليم عن بعد في المدارس الريفية,طلاب مدارس ريفية يتابعون دروسهم عبر أجهزة حاسوب في أحد الفصول الدراسية بجزر القمر (رويترز),تقنية,جزر القمر
1428,مدارس ريفية في قفصة تواجه تحديات نقص المعلمين مع بداية العام الدراسي,تلاميذ يصطفون أمام مبنى مدرسة قديم في إحدى قرى قفصة بينما تقف إحدى المعلمات تراقبهم بحذر (الجزيرة),تعليم,تونس
1429,حملة تطعيم واسعة ضد الحصبة تستهدف أطفال جزر القمر بعد ارتفاع الإصابات,ممرضة محلية تجهز جرعة لقاح لطفلة في مركز صحي بسيط بجزيرة أنجوان وسط حضور أمهات وأطفال بانتظار دورهم (الأناضول),صحة,جزر القمر
1430,مبادرة شبابية في أسوان لإنقاذ التراث النوبي المهدد بالاندثار,مجموعة من الشبان والشابات النوبيين وهم يرتدون الزي التقليدي ويعيدون ترميم نقوش قديمة على جدار منازلهم بالقرب من ضفاف النيل في قرية توشكى بأسوان (الجزيرة),قضايا اجتماعية,مصر
1431,الكويت تدشن أول مركز وطني لمراقبة الهجمات السيبرانية على البنية التحتية الحيوية,مسؤولون كويتيون يتابعون شاشات تعرض بيانات فورية للهجمات السيبرانية في غرفة عمليات المركز الجديد (كونا),تقنية,الكويت
1432,ارتفاع ملحوظ في معدلات تزويج القاصرات بالمناطق القروية يثير قلق الجمعيات الحقوقية في المغرب,مجموعة فتيات قرويات يرتدين ملابس تقليدية أثناء مشاركتهن في درس محو الأمية بإحدى قرى الأطلس المتوسط (رويترز),قضايا اجتماعية,المغرب
1433,قلق في جزر القمر بعد نفوق الأسماك بكميات غير مسبوقة على شواطئ موتسامودو,عشرات الأسماك النافقة تطفو بالقرب من الساحل الصخري لمدينة موتسامودو فيما يتجمع صيادون وسكان محليون لمراقبة المشهد بقلق (الجزيرة),بيئة,جزر القمر
1434,مبادرة شبابية لإحياء الصناعات اليدوية تلاقي اهتماماً في ظفار,شابات عمانيات يعرضن منتجات تقليدية مصنوعة يدوياً في سوق شعبي بمدينة صلالة (تصوير محلي),مجتمع,عُمان
1435,سكان قرية مصرية يبتكرون نظاماً بيئياً لإعادة تدوير المخلفات العضوية,عاملون من شباب قرية بني عدي يجمعون النفايات العضوية من المنازل ويشرفون على تحويلها إلى سماد طبيعي في منشأة محلية صغيرة (تصوير مراسل الجزيرة),مجتمع,مصر
1436,الإمارات تطلق أول برنامج وطني لدعم صحة المرأة في سن اليأس وتؤسس عيادات متخصصة,طبيبة إماراتية تشرح لمجموعة من السيدات آليات التعامل مع الأعراض الشائعة في إحدى العيادات الجديدة بدبي (وام),صحة,الإمارات
1437,"مهرجان ""حكايات كويتية"" يعيد إحياء فن السمر البحري في السالمية",شبان يرتدون الدشداشة ويلتفّون حول حكواتي مسنّ يروي قصص الغوص والغناء البحري في فناء بيت تراثي مضاء بالفوانيس (رويترز),ثقافة,الكويت
1438,بيروت تحتفي بتراث الخط العربي في مهرجان الفنون البصرية,أحد الخطاطين اللبنانيين يستعرض مهاراته وسط جمهور من الزوار في مهرجان الفنون البصرية ببيروت (الوكالة الوطنية للإعلام),ثقافة,لبنان
1439,مبادرة مجتمعية لإعادة إحياء غابات وديان إب بعد موجات جفاف متكررة,متطوعون من أبناء محافظة إب يزرعون شتلات في منحدرات وادي السحول ضمن برنامج تشجير تشرف عليه منظمات محلية (الأناضول),بيئة,اليمن
1440,نقص حاد في أدوية الأمراض المزمنة يهدد حياة المرضى شمال غزة,ممرضة فلسطينية تنظم رفوف الأدوية شبه الفارغة داخل صيدلية مستشفى بيت حانون الحكومي، حيث تظهر بعض علب الدواء المتبقية وسط إضاءة خافتة وانعكاس حالة التوتر بين الطاقم الطبي، في مشهد يعكس الأزمة المتفاقمة بسبب القيود المفروضة على إدخال الأدوية للمنطقة (تصوير: عبد الكريم أبو شنب),صحة,فلسطين
1441,حملة توعية لتقليل وفيات المواليد في جزر القمر تثير تفاعلاً مجتمعياً واسعاً,ممرضة محلية تشرح للأمهات أهمية الرعاية الصحية قبل الولادة داخل عيادة ريفية بجزيرة موهيلي (الفرنسية),صحة,جزر القمر
1442,مبادرة شبابية في تعز لإعادة إحياء الأسواق الشعبية القديمة,مجموعة من المتطوعين الشباب يرممون واجهات المحلات في أحد أسواق تعز التراثية (الأناضول),مجتمع,اليمن
1443,انفجار لغم أرضي يودي بحياة 3 أطفال أثناء رعي الأغنام في ريف تعز اليمني,سكان من قرية الدمنة يتحلقون حول موقع الانفجار ويواسون ذوي الضحايا وسط حزن عارم (رويترز),حوادث,اليمن
1444,البحرين تطلق حملة وطنية لمحاربة السمنة بين الأطفال بعد ارتفاع معدلاتها,فريق طبي يفحص أطفالا في مدرسة ابتدائية بالعاصمة المنامة ضمن الحملة الجديدة (رويترز),قضايا اجتماعية,البحرين
1445,مبادرة فلسطينية لإطلاق أول تطبيق يربط المزارعين بالأسواق المحلية إلكترونياً,شاب فلسطيني يستعرض واجهة التطبيق الجديد وسط مزرعته في سهل مرج بن عامر شمال الضفة الغربية (الأناضول),تقنية,فلسطين
1446,تونس تدشّن أول منصة إلكترونية وطنية لتوثيق التراث الأثري بتقنيات ثلاثية الأبعاد,مشرفون تونسيون يعاينون نماذج أثرية معروضة افتراضياً عبر شاشات بمتحف باردو في العاصمة تونس (الأناضول),تقنية,تونس
1447,مدارس جيبوتي تعود لاستقبال الطلاب بعد توقف دام أسبوعاً بسبب الأمطار الغزيرة,طلاب يحملون حقائبهم تحت أشعة الشمس أمام بوابة مدرسة حكومية أعيد فتحها بحضور معلمين وإداريين (فرانس برس),تعليم,جيبوتي
1448,حريق ضخم يلتهم سوقاً شعبياً في البصرة ويخلف خسائر مادية فادحة,دخان كثيف يتصاعد من أروقة محلات سوق الجمهورية التاريخي وسط البصرة بينما يحاول رجال الإطفاء إخلاء المتاجر (رويترز),حوادث,العراق
1449,مبادرة كويتية لتأهيل منازل الأسر محدودة الدخل في الجهراء,متطوعون شباب بصدد طلاء جدران منزل قديم في أحد أحياء محافظة الجهراء (كونا),قضايا اجتماعية,الكويت
1450,"""مهرجان الخرطوم الدولي للموسيقى التقليدية يعيد إحياء أغاني التراث النوبي""",مجموعة من العازفين يرتدون الأزياء النوبية التقليدية يؤدون على آلات الطمبور وسط جمهور متنوع في ساحة المتحف القومي بالخرطوم (الجزيرة),ثقافة,السودان
1451,أول محطة بحرية للطاقة الشمسية تبدأ التشغيل التجريبي في رأس الخيمة,ألواح شمسية عائمة على سطح البحر، في مشهد يعكس استثمار الإمارات في تقنيات الطاقة النظيفة لتعزيز إمدادات الكهرباء المحلية (وام),طاقة,الإمارات
1452,نادي الشارقة يطلق أول أكاديمية متخصصة لتدريب حراس المرمى في الخليج,مدربون إماراتيون يشرفون على تدريبات حراس مرمى ناشئين في ملعب أكاديمية الشارقة الجديدة (وام),رياضة,الإمارات
1453,تحذيرات من تدهور نوعية الهواء في القاهرة إثر تصاعد النوبات الرملية,سحب كثيفة من الغبار تغطي شوارع القاهرة وتقلل مدى الرؤية في ساعة ازدحام مروري (الأناضول),بيئة,مصر
1454,أربعة قتلى في حادث تصادم مروع بين حافلة مدرسية وشاحنة بولاية سطيف الجزائرية,فرق الحماية المدنية تحيط بحافلة متضررة بالكامل وسط الطريق الوطني رقم 9 بمحافظة سطيف بعد الحادث المأساوي (وكالة الأنباء الجزائرية),حوادث,الجزائر
1455,"البرلمان العراقي يقر بأغلبية قانون ""حماية التنوع الديني"" وسط ترحيب أممي وتحفظات بعض الكتل",نواب عراقيون يصوتون برفع الأيدي خلال جلسة تشريعية في مبنى البرلمان بالعاصمة بغداد (الأناضول),سياسة,العراق
1456,أزمة كهرباء خان يونس تدفع عائلات لاستخدام الطاقة الشمسية لتدفئة منازلها,ألواح شمسية مثبتة على سطح أحد المنازل في حي الأمل بخان يونس، بينما يجتمع الأطفال حول مدفأة كهربائية صغيرة وسط البرد (رويترز),طاقة,فلسطين
1457,انطلاق أول شبكة لبنانية محلية لتوصيل الإنترنت عبر الأقمار الصناعية,لاقط فضائي مثبت على سطح منزل تقليدي في أحد أحياء بيروت القديمة، مع خطوط أفقية لأجهزة استقبال مختلفة (رويترز),تقنية,لبنان
1458,نفوق جماعي للأسماك في جون الكويت يثير قلق الصيادين والبيئيين,صيادون كويتيون يتفقدون شواطئ الجون المغطاة بعشرات الأسماك النافقة وسط مياه ضحلة ملوثة (رويترز),بيئة,الكويت
1459,مبادرة شبابية لإحياء صناعة الزجاج التقليدية في البصرة تعيد الأمل للحرفيين,شاب عراقي ينفخ الزجاج داخل ورشة صغيرة وسط أحياء البصرة القديمة (الجزيرة),مجتمع,العراق
1460,بدء تشغيل أول محطة للطاقة الشمسية العائمة في إمارة الشارقة,ألواح شمسية عائمة فوق بحيرة صناعية في الشارقة خلال شروق الشمس، تظهر خلفها منشآت صناعية وأبراج المدينة (مؤسسة الطاقة المستدامة بالإمارات),طاقة,الإمارات
1461,اتحاد جزر القمر يعلن عن أول دوري نسائي لكرة القدم في البلاد,لاعبات شابات من جزر القمر خلال تدريباتهن على ملعب محلي في موروني (رويترز),رياضة,جزر القمر
1462,"مبادرة شبابية لتنظيف غابة ""دبين"" تجذب مئات المتطوعين في جرش",متطوعون شباب يحملون أكياس القمامة وسط الأشجار الكثيفة في غابة دبين شمال الأردن (الأناضول),مجتمع,الأردن
1463,"شركات اتصالات سودانية تبدأ اختبار تكنولوجيا ""الإنترنت عبر الأقمار الصناعية"" لمناطق دارفور",مهندس سوداني يركب هوائياً للأقمار الصناعية على سطح مبنى في نيالا (الجزيرة),تقنية,السودان
1464,اتحاد كرة القدم الموريتاني يعلن تأسيس أول دوري نسوي للصالات,لاعبات موريتانيات خلال حصة تدريبية في قاعة رياضية بنواكشوط استعداداً لانطلاق دوري الكرة النسوية للصالات (مواقع التواصل),رياضة,موريتانيا
1465,شركات اتصالات سودانية تطلق أول باقة إنترنت مخصصة للمناطق الريفية,موظفة تجهز معدات شبكة الإنترنت في إحدى القرى بولاية الجزيرة (رويترز),تقنية,السودان
1466,غرق عبارة تقل عائلات في دجلة يوقع ضحايا ومفقودين شمال بغداد,عناصر من الدفاع المدني يحاولون انتشال جثث وأفراد ناجين على ضفة نهر دجلة قرب بقايا العبارة المنكوبة وسط بكاء أقارب الضحايا (رويترز),حوادث,العراق
1467,الرجاء يتوج بكأس العرش المغربي بعد فوزه المثير على الفتح الرباطي في الرباط,لاعبو الرجاء البيضاوي يحتفلون بالكأس وسط أجواء حماسية وجماهير خضراء في ملعب الأمير مولاي عبد الله (الأناضول),رياضة,المغرب
1468,الحكومة الصومالية تعلن خطة لتحفيز الاستثمار الزراعي بالتعاون مع مستثمرين أفارقة,مزارعون صوماليون يحصدون محاصيل الذرة في ضواحي مقديشو ضمن مشاريع دعم القطاع الزراعي (الجزيرة),اقتصاد,الصومال
1469,النجف تستضيف أول ماراثون رياضي للفتيات يجمع مئات المشاركات من مختلف المحافظات,عداءات شابات ينطلقن بحماس من خط البداية في شوارع مدينة النجف القديمة خلال الماراثون الأول للفتيات (الجزيرة),رياضة,العراق
1470,مهرجان التراث الأمازيغي ينطلق في تيزي وزو بمشاركة حرفيين من أنحاء الجزائر,نساء يرتدين الزي الأمازيغي التقليدي ويعرضن منتجات يدوية في إحدى ساحات تيزي وزو (الأناضول),ثقافة,الجزائر
1471,السلطان هيثم يصدر عفواً عن عدد من السجناء بمناسبة يوم النهضة العُمانية,مواطنون عُمانيون يرفعون أعلام السلطنة احتفالاً بيوم النهضة أمام أحد المباني الحكومية في مسقط (وكالة الأنباء العُمانية),سياسة,عُمان
1472,الأمطار غير الموسمية تثير قلق مزارعي النخيل في ولاية بهلاء,مزارع عماني يتفقد التربة المبتلة في إحدى بساتين النخيل التقليدية مع خلفية لواحات خضراء وأشجار تكسو المياه جذوعها (الجزيرة),بيئة,عُمان
1473,تدهور إنتاج الكهرباء في غزة يهدد بإغلاق مستشفيات وخسائر زراعية جسيمة,محطة توليد الكهرباء الوحيدة في قطاع غزة وقد تصاعد الدخان منها وسط انقطاع التيار عن معظم الأحياء (الجزيرة),طاقة,فلسطين
1474,مبادرة جديدة لدعم تعليم اللغة العربية في المدارس الريفية بجزر القمر,طلبة في إحدى المدارس الريفية يتفاعلون مع درس للغة العربية باستخدام لوحات تعليمية بسيطة (الجزيرة),تعليم,جزر القمر
1475,ارتفاع معدلات التسرب المدرسي يهدد مستقبل آلاف الأطفال في دارفور,أطفال يحملون دفاترهم يسيرون في طرقات موحلة بعد خروجهم من مدرسة متهالكة في إحدى قرى غرب دارفور (وكالة الصحافة السودانية),قضايا اجتماعية,السودان
1476,ارتفاع درجات الحرارة يهدد موائل الطيور في بحيرة عسل الجيبوتية,طيور مهاجرة تحلق فوق مياه بحيرة عسل المالحة وسط تصاعد الأبخرة وتراجع الغطاء النباتي حولها (الجزيرة),بيئة,جيبوتي
1477,المغرب يطلق منطقة لوجستية جديدة في فاس لتعزيز حركة الصادرات نحو أوروبا,مسؤولون مغاربة خلال جولة في موقع المنطقة اللوجستية الجديدة قرب مدينة فاس، بحضور ممثلين عن شركات تصدير محلية (رويترز),اقتصاد,المغرب
1478,انهيار مبنى سكني في حلب يودي بحياة خمسة أشخاص وجرح آخرين,عناصر الدفاع المدني يبحثون بين أنقاض المبنى المنهار في حي السكري بمدينة حلب وسط حضور أهالي المنطقة والفرق الطبية (رويترز),حوادث,سوريا
1479,"مهرجان ""الجبل والقصيدة"" في أزيلال يبرز تراث الشعر الأمازيغي ويستقطب المئات","شعراء محليون يرتدون الزي التقليدي يؤدون ""أحواش"" وسط جبال الأطلس الشاهقة خلال فعاليات المهرجان الثقافي في أزيلال (الأناضول)",ثقافة,المغرب
1480,مجلس الأمة الكويتي يوافق بأغلبية على طلب مساءلة وزيرة التعليم حول المناهج الجديدة,أعضاء مجلس الأمة الكويتي خلال جلسة التصويت على مساءلة وزيرة التعليم في القاعة الرئيسية (كونا),سياسة,الكويت
1481,البحرين تطلق حملة تطعيم ضد جدري الماء في المدارس مع بداية الصيف,فريق طبي من وزارة الصحة البحرينية يزور إحدى المدارس الابتدائية في المنامة، يوزع منشورات توعوية ويشرف على تطعيم الطلاب وسط أجواء حماسية بين الأطفال (الجزيرة),صحة,البحرين
1482,الإمارات تعلن عن إطلاق منصة وطنية لتسويق التمور في الأسواق العالمية,عاملان إماراتيان يرتبان صناديق من التمور المحلية في مركز تعبئة حديث بإمارة العين (رويترز),اقتصاد,الإمارات
1483,الإمارات تعلن عن مبادرة لوساطة جديدة بين السودان وتشاد لتهدئة التوترات الحدودية,وزير الدولة الإماراتي للشؤون الخارجية خلال مؤتمر صحفي مشترك في أبوظبي بحضور ممثلين عن السودان وتشاد (وام),سياسة,الإمارات
1484,العراق يطلق خطة موسعة لتنشيط السياحة البيئية في أهوار الجنوب,زوارق تقليدية تبحر على مياه الأهوار وسط مناظر القصب والجاموس قرب مدينة الناصرية (الوكالة العراقية للأنباء),اقتصاد,العراق
