title,caption,topic,country
مقتل وإصابة ٦ مدنيين بينهم نساء وأطفال بانفجار عبوة ناسفة في تعز,سيارة متضررة جراء انفجار في منطقة ريفية بتعز، وشهود عيان يحيطون بالمكان (وكالة الأنباء اليمنية - سبأ),حوادث,اليمن
"البحرين تدشن المرحلة الثانية من ""مدينة الأعمال اللوجستية"" لتعزيز تنافسيتها الإقليمية",صورة جوية تظهر التوسع الجديد لمدينة الأعمال اللوجستية في البحرين وبنيتها التحتية المتطورة للخدمات اللوجستية والمستودعات الحديثة (وكالة أنباء البحرين).,اقتصاد,البحرين
البحرين تطلق التشغيل التجريبي لأكبر محطة طاقة شمسية عائمة بالمنطقة,لقطة جوية بانورامية تظهر امتداد الألواح الشمسية العائمة في مشروع محطة الطاقة الشمسية بمياه البحرين الإقليمية (رويترز),طاقة,البحرين
رغم شح الإمكانيات: نادي مخيم بلاطة يضيء شعلة الرياضة لمئات الشباب في نابلس,مجموعة من الشبان يتمرنون بحماس على ملعب ترابي مضاء بأضواء كاشفة بسيطة، داخل مخيم بلاطة للاجئين في نابلس، فلسطين. (مصدر محلي),رياضة,فلسطين
المغرب يدشن مركزاً وطنياً جديداً لألعاب القوى بتكلفة تتجاوز 150 مليون درهم,المركز الرياضي الجديد في ضواحي الرباط يمثل نقلة نوعية في دعم المواهب الشابة المغربية في ألعاب القوى (وكالة المغرب العربي للأنباء),رياضة,المغرب
"نواكشوط تُطلق مشروع ""التاجر الرقمي"" لتمكين الشركات الموريتانية من الانتقال للبيع عبر الإنترنت","وزير التجارة والصناعة التقليدية الموريتاني يُلقي كلمة خلال إطلاق منصة ""التاجر الرقمي"" في فعالية بالعاصمة نواكشوط، ويظهر خلفه شاشات تعرض واجهة المنصة الجديدة.",تقنية,موريتانيا
نداءات في البحرين لإنشاء منصة وطنية لدعم وتمكين الشباب المتطوع,شباب بحرينيون يشاركون في مبادرة مجتمعية لتنظيف السواحل، في لقطة تعكس حماسهم للعمل التطوعي (وكالة الأنباء البحرينية),قضايا اجتماعية,البحرين
الصحة النفسية للشباب بالبحرين.. تحديات متصاعدة تدفع لمبادرات مجتمعية جديدة,شابة بحرينية تتفاعل مع ورشة عمل حول الدعم النفسي في أحد المراكز الشبابية بالمنامة، في إطار مبادرات مجتمعية حديثة (وكالة أنباء البحرين).,قضايا اجتماعية,البحرين
الاتحاد الجزائري يطلق برنامجاً وطنياً لتأهيل المدربين الشباب ودعم أندية الهواة,مدربون شباب جزائريون يشاركون في ورشة عمل تدريبية ضمن البرنامج الجديد في المركز التقني بسيدي موسى (الجزيرة),رياضة,الجزائر
العراق: انطلاق المرحلة الثانية لمدينة الرافدين الصناعية في ذي قار لتعزيز التنوع الاقتصادي,عمال ومهندسون يشرفون على أعمال البناء ضمن المرحلة الأولى من مدينة الرافدين الصناعية في محافظة ذي قار، جنوبي العراق. (أ ف ب),اقتصاد,العراق
دراسة جديدة تدق ناقوس الخطر: تزايد أعداد الأسر التي ترأسها نساء في الضفة الغربية وتحديات معيشية غير مسبوقة,امرأة فلسطينية تحمل مستلزمات منزلية وهي تسير في أحد أزقة مدينة نابلس، في رمز لصمود الأسر التي تعيلها النساء (رويترز).,قضايا اجتماعية,فلسطين
جيبوتي تدشن منطقة حرة صناعية جديدة لتعزيز صادراتها وتحقيق التنويع الاقتصادي,مسؤولون جيبوتيون ومستثمرون أجانب يشاركون في مراسم قص الشريط لافتتاح إحدى الوحدات الصناعية المتطورة ضمن المنطقة الحرة الصناعية الجديدة في ضواحي مدينة جيبوتي، في خطوة تهدف لتعزيز القدرة التنافسية للدولة (وزارة الاقتصاد الجيبوتية).,اقتصاد,جيبوتي
غابات اللاذقية مهددة بالاندثار: قطع جائر يستنزف الرئة الخضراء لسوريا,أشجار مقطوعة حديثاً وجذوع متناثرة في إحدى غابات جبال اللاذقية، تعكس ظاهرة القطع الجائر التي تستنزف الثروة الحرجية في المنطقة. (وكالات),بيئة,سوريا
السعودية تطلق مبادرة وطنية لدمج مهارات التفكير النقدي في جميع مراحل التعليم العام,طلاب سعوديون من المرحلة المتوسطة يناقشون مشروعاً جماعياً يعتمد على التحليل المنطقي داخل أحد الفصول الدراسية الحديثة.,تعليم,السعودية
لبنان: مبادرات الطاقة المتجددة الخاصة تصطدم بحواجز الربط الشبكي,مهندس لبناني يتفقد لوحات طاقة شمسية مثبتة حديثاً على سطح مبنى في بيروت، بينما تظهر في الخلفية أسلاك شبكة الكهرباء العامة المتشابكة.,طاقة,لبنان
البحرين تدشن مجمعًا صناعيًا متطورًا لترسيخ مكانتها كمركز إقليمي للتصنيع الذكي,لقطة جوية لمجمع البحرين الصناعي الجديد، تظهر مرافقه الحديثة والمتكاملة التي تهدف لاحتضان شركات التقنيات المتقدمة ودعم الابتكار في القطاع الصناعي (وكالة أنباء البحرين).,اقتصاد,البحرين
توابع الجفاف: تراجع الغطاء الشجري يفاقم أزمة النزوح البيئي في غرب السودان,مساحات شاسعة كانت ذات يوم غطاءً شجرياً كثيفاً في ولاية غرب كردفان تتحول إلى أرض قاحلة، مما يدفع السكان للنزوح بحثاً عن موارد معيشية.,بيئة,السودان
مكبّات نفايات عشوائية تهدّد مصادر المياه والزراعة في ريف دمشق: دعوات لتدخل عاجل,مشهد لمكب نفايات عشوائي على أطراف إحدى القرى في ريف دمشق، تظهر فيه أكوام من المخلفات البلاستيكية والعضوية تتجمع بالقرب من مجرى مياه جافة جزئياً (مصدر محلي/ناشطون بيئيون).,بيئة,سوريا
جهود يمنية في حضرموت لإنقاذ كنوز المعرفة: مشروع طموح لرقمنة آلاف المخطوطات التراثية,باحث يمني يتفحص مخطوطة نادرة ضمن مشروع الرقمنة في مكتبة تاريخية بمدينة تريم، حضرموت (مؤسسة الحفاظ على التراث الحضرمي),ثقافة,اليمن
قفزة نوعية: المحافظ الرقمية تعيد تشكيل المشهد الاقتصادي الصومالي,يد تحمل هاتفاً محمولاً يعرض تطبيق محفظة رقمية أثناء عملية دفع في سوق شعبي بمقديشو، مما يسلط الضوء على الانتشار المتزايد للتقنيات المالية.,اقتصاد,الصومال
ليبيا تطلق مبادرة وطنية لتحديث المناهج الدراسية في المرحلة الثانوية لمواكبة التطورات العالمية,طلاب ليبيون يستخدمون أجهزة لوحية تفاعلية في أحد الفصول الدراسية الحديثة ضمن المرحلة التجريبية للمبادرة (وكالة الأنباء الليبية).,تعليم,ليبيا
الجزائر تطلق حملة وطنية موسعة للكشف المبكر عن أمراض القلب والشرايين,فريق طبي جزائري يجري فحوصات مجانية للمشاركين ضمن الحملة الوطنية للكشف المبكر عن أمراض القلب والشرايين في إحدى عيادات الجزائر العاصمة.,صحة,الجزائر
مبادرة سورية ضخمة تستهدف ترميم آلاف المخطوطات التاريخية بدار الوثائق بدمشق,خبراء سوريون يعملون على استعادة الألوان الأصلية لصفحة من مخطوطة نادرة تعود للعصر الأموي، داخل مختبر متخصص في دار الوثائق التاريخية بدمشق.,ثقافة,سوريا
مصر تطلق مبادرة إقليمية لتعزيز الاستقرار البحري بالبحر الأحمر,فرقاطة مصرية تبحر في مياه البحر الأحمر خلال مهمة روتينية (أ ف ب - أرشيف),سياسة,مصر
مبادرات تقنية شبابية تبصر النور في اليمن رغم تحديات البنية التحتية,مجموعة من الشباب اليمني يعملون على أجهزة حاسوب محمولة في إحدى الورش التقنية المؤقتة بالعاصمة صنعاء، في مسعى لتطويع التكنولوجيا لخدمة المجتمع (مبادرة شبابية محلية/رويترز),تقنية,اليمن
الصومال تطلق برنامجاً وطنياً لحماية وتوثيق فنونها الشفهية المهددة بالاندثار,شيخ صومالي يروي إحدى الحكايات الشعبية التقليدية لجيل الشباب في ورشة عمل ثقافية بمدينة هرجيسا (وكالة الأنباء الصومالية),ثقافة,الصومال
"جزر القمر تطلق مشروع ""الربط الرقمي الشامل"" لتعميم الإنترنت فائق السرعة في الأرخبيل",عمال تركيب يقومون بمد كابلات ألياف ضوئية في إحدى القرى الساحلية بجزر القمر، ضمن جهود تعميم الإنترنت فائق السرعة لمختلف أنحاء الأرخبيل. (وزارة الاتصالات القمرية),تقنية,جزر القمر
المغرب: مقتل وإصابة العشرات في انقلاب حافلة نقل مسافرين بطريق جبلي جنوبي البلاد,فرق الإنقاذ تباشر عمليات إجلاء المصابين من موقع حادث انقلاب الحافلة على طريق جبلي وعر جنوب المغرب (وكالة المغرب العربي للأنباء),حوادث,المغرب
"جزر القمر: مبادرات محلية لتأهيل الشباب تحد من ""هجرة العقول"" وتفتح آفاقاً جديدة",مجموعة من الشبان والشابات يشاركون في ورشة تدريب مهني بقطاع صيد الأسماك في موروني، ضمن برنامج لتمكين الكفاءات المحلية (وكالة موروني للأنباء),قضايا اجتماعية,جزر القمر
"صيادو قابس يحذرون من تزايد ""الشباك الشبحية"" وتأثيرها المدمر على التنوع البيولوجي البحري",صياد تونسي يعرض سمكة صغيرة نافقة علقت في بقايا شباك صيد بلاستيكية مهجورة، على شاطئ بمدينة قابس.,بيئة,تونس
صراع النفوذ الإقليمي يلقي بظلاله على تشكيل كابينة بغداد الجديدة,نواب عراقيون أثناء جلسة برلمانية في بغداد، في ظل ترقب دولي وإقليمي لمشهد تشكيل الحكومة المقبلة.,سياسة,العراق
"الكويت تدشن مبادرة ""مسار"" لربط مخرجات التعليم الثانوي بمتطلبات سوق العمل","مجموعة من طلاب المرحلة الثانوية يشاركون في ورشة عمل تدريبية متخصصة تهدف لتنمية المهارات العملية، ضمن مبادرة ""مسار"" التعليمية الجديدة في الكويت (وكالة الأنباء الكويتية).",تعليم,الكويت
كرة القدم النسائية في جيبوتي.. تحديات الحاضر وطموحات المستقبل لجيل جديد,لاعبات من منتخب جيبوتي لكرة القدم النسائية يؤدين تدريبات صباحية على أحد الملاعب المخصصة في مدينة جيبوتي (رويترز),رياضة,جيبوتي
شباب واحات زاكورة يقودون حملات لترميم القصور التاريخية المهددة بالاندثار,متطوعون من أبناء المنطقة يشاركون في جهود ترميم أحد القصور الطينية العريقة بواحات زاكورة، في محاولة للحفاظ على هذا الإرث الثقافي المهدد بالتآكل (صورة أرشيفية),مجتمع,المغرب
ارتفاع مقلق في حالات سوء التغذية الحاد يهدد أطفال مخيمات شمال شرق سوريا,طفلة سورية تعاني من علامات سوء التغذية الحاد تتلقى الفحص الطبي في مركز رعاية صحية بمخيم في ريف الحسكة.,صحة,سوريا
الكويت تعلن عن خطة وطنية شاملة لمكافحة التلوث البلاستيكي وحماية شعابها المرجانية,غواصون كويتيون يزيلون نفايات بلاستيكية من شعاب مرجانية متضررة قبالة سواحل الكويت (صحيفة كويتية محلية),بيئة,الكويت
الصومال تدشن مشروعاً ضخماً للطاقة الشمسية لتعزيز استقرار الشبكة الكهربائية وتقليل الاعتماد على الوقود الأحفوري,عاملون يقومون بتركيب ألواح شمسية ضمن محطة توليد كهرباء جديدة في ضواحي العاصمة الصومالية مقديشو (رويترز).,اقتصاد,الصومال
ارتفاع مقلق في وفيات الأمهات وحديثي الولادة بريف إدلب مع تردي الخدمات الصحية,ممرضة تقدم الرعاية الطارئة لامرأة حامل في أحد المراكز الطبية الريفية المكتظة بريف إدلب، في ظل تحذيرات من نقص حاد في الكوادر والمعدات الضرورية.,صحة,سوريا
مراكز علاج السرطان في سوريا.. صراع من أجل البقاء في ظل تحديات غير مسبوقة,طبيبة سورية تستعرض ملفات مرضى في أحد أروقة مركز للأورام بدمشق، تظهر خلفها أجهزة طبية متهالكة تتحدى نقص الكهرباء والمستلزمات.,صحة,سوريا
"الأردن يطلق مبادرة ""جسر المستقبل"" لسد الفجوة الرقمية وتأهيل 10 آلاف شاب لسوق العمل التقني","مجموعة من الشباب الأردنيين يشاركون بفاعلية في ورشة عمل تدريبية متخصصة ضمن مبادرة ""جسر المستقبل"" داخل أحد المراكز الرقمية الحديثة بالعاصمة عمّان (وكالة الأنباء الأردنية)",تقنية,الأردن
الإمارات تطلق مبادرة وطنية شاملة لمكافحة التلوث البلاستيكي وإنقاذ مياهها الإقليمية,متطوعون يجمعون النفايات البلاستيكية من أحد الشواطئ في إمارة أبوظبي (الجزيرة - أرشيف),بيئة,الإمارات
ارتفاع مقلق في عمالة الأطفال بسوريا يدق ناقوس الخطر بشأن جيل كامل,طفل يحمل صندوقاً ثقيلاً من الخضروات في سوق شعبي بضواحي دمشق، سوريا. (الصورة: ناشط حقوقي سوري),قضايا اجتماعية,سوريا
سوريا تكشف عن فسيفساء فريدة تعود للعصر البيزنطي قرب تدمر,لقطة مقربة تظهر جزءاً من الفسيفساء المكتشفة حديثًا، بألوانها الزاهية وتصاميمها المعقدة التي تحكي قصصاً دينية واجتماعية من العصر البيزنطي، في موقع تنقيب أثري لم يُعلن عنه بعد بالقرب من تدمر وسط سوريا.,ثقافة,سوريا
الدوري العراقي يشهد طفرة جماهيرية غير مسبوقة: الملاعب تستعيد نبضها بمشهد جديد,جماهير غفيرة تملأ مدرجات أحد الملاعب العراقية خلال مباراة في الدوري الممتاز، في مشهد يعكس حيوية جديدة للمسابقة.,رياضة,العراق
"مبادرة ""حدائقنا الخضراء"" تُطلق بمساعٍ مجتمعية لتجميل أحياء البحرين العتيقة","سكان محليون وشباب متطوعون يشاركون في أعمال زراعة وتنسيق حديقة مجتمعية جديدة في أحد الأحياء القديمة بمحافظة المحرق بالبحرين، ضمن مبادرة ""حدائقنا الخضراء"". (تصوير: وكالة الأنباء البحرينية)",مجتمع,البحرين
وزارة التربية الكويتية تطلق استراتيجية وطنية لتوسيع وتوحيد مناهج مرحلة رياض الأطفال,أطفال كويتيون في إحدى دور رياض الأطفال الحديثة، ضمن خطط الوزارة لتعزيز جودة التعليم المبكر (الأناضول).,تعليم,الكويت
متطوعون ليبيون يٌعيدون إحياء المكتبات العامة في درنة بعد سنوات من الإهمال,شباب ومتطوعون من أهالي مدينة درنة يشاركون في تجهيز ورفش الكتب داخل إحدى المكتبات العامة التي أعيد تأهيلها (الأناضول),مجتمع,ليبيا
"الكويت تدشن ""المبادرة الوطنية للمهارات المستقبلية"" لتعزيز جاهزية الخريجين لسوق العمل ورؤية 2035",طلاب كويتيون يشاركون بفاعلية في ورشة عمل تطبيقية ضمن برنامج تدريبي متخصص، يعكس التوجه الجديد لوزارة التربية نحو دمج المهارات التكنولوجية والمهنية المطلوبة (وزارة التربية).,تعليم,الكويت
دمشق تستضيف مهرجان الخط العربي لتعزيز الهوية الثقافية بين الأجيال,لوحات خطية تزين أروقة المركز الثقافي بدمشق خلال افتتاح الدورة السادسة لمهرجان الخط العربي. (وزارة الثقافة السورية),ثقافة,سوريا
مصرع وإصابة العشرات في انقلاب حافلة نقل ركاب بضواحي أزيلال,فرق الإنقاذ والإسعاف تباشر عملها في موقع حادث انقلاب حافلة لنقل الركاب خلف عشرات الضحايا بإقليم أزيلال (الجزيرة),حوادث,المغرب
مبادرات مجتمعية سعودية: تحصين الشباب والأسر ضد تحديات الديون الاستهلاكية,شباب سعوديون يناقشون استراتيجيات الادخار وإدارة الميزانية الشخصية خلال ورشة عمل بالرياض (رويترز),قضايا اجتماعية,السعودية
تصاعد التوترات شمال شرق سوريا يهدد بانهيار اتفاقيات خفض التصعيد,قوات من فصائل محلية مدعومة تركياً تنتشر على طول خطوط التماس في ريف الرقة الشمالي، 15 مايو/أيار 2025 (أسوشيتد برس),سياسة,سوريا
تحذيرات طبية: تلوث المياه يفاقم أزمة الصحة العامة في الشمال اللبناني,طفل يتلقى الفحص الطبي في إحدى عيادات مدينة طرابلس، شمال لبنان، وسط تزايد حالات الإصابة بأمراض الجهاز الهضمي المرتبطة بتدهور جودة مياه الشرب.,صحة,لبنان
"تونس تدشن ""دار المالوف"" في مشروع وطني لإنقاذ وتجديد الموسيقى الأندلسية العريقة","فرقة تونسية تقليدية تعزف مقطوعات من فن المالوف الأندلسي خلال حفل افتتاح ""دار المالوف"" بالعاصمة.",ثقافة,تونس
"الجزائر تطلق مشروع ""القطب الصناعي المستغانمي"" بمليار دولار لتعزيز الصادرات",وزير الصناعة الجزائري يشرف على توقيع اتفاقيات الشراكة لإطلاق مشروع القطب الصناعي الجديد في مستغانم، مع خريطة للمشروع على الشاشة (الوكالة الجزائرية لتطوير الاستثمار).,اقتصاد,الجزائر
"الإمارات تطلق ""واحة الابتكار الأخضر"" لتعزيز ريادتها في الاقتصاد المستدام","صورة جوية لمجمع ""واحة الابتكار الأخضر"" الجديد في الشارقة، يظهر مبانٍ حديثة بتصميم معماري مستوحى من الاستدامة ومساحات خضراء، تعكس التزام الإمارة بتعزيز قطاعات الطاقة النظيفة والتكنولوجيا البيئية.",اقتصاد,الإمارات
المغرب يعزز شبكة الألياف البصرية لخفض الفجوة الرقمية في المناطق القروية,عامل من شركة اتصالات مغربية يقوم بمد كابلات الألياف البصرية عبر تضاريس وعرة بالقرب من إحدى القرى في الأطلس المتوسط (المغرب)، ضمن جهود ربط المناطق النائية بالإنترنت عالي السرعة (رويترز).,تقنية,المغرب
جيبوتي تطلق مشروعاً وطنياً طموحاً لتطوير كرة القدم الشبابية وتأهيل البنية التحتية,فرق من الشباب الجيبوتي تتنافس بحماس في إحدى مباريات دوري الناشئين بالعاصمة جيبوتي (صور خاصة).,رياضة,جيبوتي
المقاهي الشعبية في حلب القديمة: نكهة الماضي تعود لتُلملم شتات الحاضر,تجمع كبار السن في أحد المقاهي الشعبية التي أعيد افتتاحها بحلب القديمة، في مشهد يعكس تمسك الأهالي بلمّ الشمل وصون الموروث الاجتماعي (مصور مستقل).,مجتمع,سوريا
السودان: مدارس بلا جدران.. جهود شعبية لإنقاذ جيل من الضياع التعليمي,أطفال سودانيون يتلقون دروساً في مدرسة مؤقتة تحت مظلة قماشية بمخيم للنازحين قرب بورتسودان (رويترز),قضايا اجتماعية,السودان
الأسواق اليمنية تستغيث: تجار السلع الأساسية يئنون تحت وطأة انهيار العملة وقيود الاستيراد,أحد تجار المواد الغذائية الأساسية في سوق شعبي بالعاصمة صنعاء يترقب بصمت حركة البيع والشراء المتأثرة بتدهور قيمة الريال (الفرنسية - خاص).,اقتصاد,اليمن
البنك المركزي العراقي يطلق برنامجاً وطنياً لدعم قطاع التكنولوجيا المالية,شباب عراقيون يناقشون مشاريعهم في مركز للابتكار المالي بالعاصمة بغداد.,اقتصاد,العراق
"السعودية تدشن ""أكاديمية الفرسان"" لتعزيز رياضة الفروسية وتأهيل أبطال المستقبل",خيّالة يتدربون على قفز الحواجز في مضمار حديث ضمن مرافق أكاديمية الفرسان الجديدة بمدينة الرياض، التي تهدف لدعم رياضة الفروسية في المملكة. (وكالة الأنباء السعودية),رياضة,السعودية
الصومال: تفشي الكوليرا يهدد آلاف الأطفال في مناطق نائية,فريق طبي تابع لمنظمة إنسانية يقدم لقاحات للأطفال في قرية متأثرة بوباء الكوليرا وسط الصومال (رويترز),صحة,الصومال
عقبات الوصول: حراك مجتمعي بالقاهرة لمواجهة تحديات دمج ذوي الهمم,متطوعون يساعدون شخصاً من ذوي الهمم على تجاوز عقبات الرصيف في حي شعبي بالقاهرة خلال إحدى المبادرات المجتمعية (صورة تعبيرية).,قضايا اجتماعية,مصر
البحرين تسجل قفزة قياسية في الاستثمار الأجنبي المباشر بقطاع الصناعات الخضراء,مسؤولون حكوميون وممثلون عن مستثمرين أجانب خلال توقيع اتفاقية استثمارية في قطاع الصناعات الخضراء بالمنامة (الصحافة البحرينية),اقتصاد,البحرين
تفاقم تآكل السواحل يهدد مواقع أثرية وموانئ حيوية في ليبيا,صورة لموقع أثري ساحلي في مدينة لبدة الكبرى يواجه خطر الانهيار بسبب تفاقم تآكل التربة وزحف البحر.,بيئة,ليبيا
تطور نوعي: الدوري الموريتاني لكرة القدم يشهد قفزة في قيمته التسويقية وجاذبيته للاعبين الإقليميين,لقطة جماعية للاعبي أحد الفرق في الدوري الموريتاني الممتاز خلال مباراة حماسية على أرضية ملعب الشيخ ولد بيديه في نواكشوط، مما يعكس الأجواء التنافسية المتزايدة للبطولة.,رياضة,موريتانيا
"جهود مكثفة لمكافحة ""الآكلة"" شمال غرب سوريا: تفشي ""اللاشمانيا"" يثير المخاوف الصحية","فريق طبي ميداني يعاين طفلاً في أحد مخيمات النزوح بريف إدلب شمال غرب سوريا، في إطار حملة للكشف عن حالات ""اللاشمانيا"" وعلاجها. (منظمة أطباء بلا حدود)",صحة,سوريا
"السودان: ""ندوب غير مرئية"".. أعباء الصدمة النفسية تثقل كاهل النازحين في المخيمات المكتظة",طفلة نازحة تجلس وحيدة بين خيام متلاصقة في أحد مخيمات دارفور، تعكس نظراتها عمق المعاناة النفسية والقلق الذي يخيّم على حياة آلاف الأطفال المتأثرين بالنزاع في السودان (وكالات),قضايا اجتماعية,السودان
ضحايا وجرحى جراء انهيار مبنى سكني في حلب شمالي سوريا,فرق الدفاع المدني وأهالٍ يحاولون انتشال الضحايا من تحت أنقاض مبنى سكني منهار في منطقة السكري بحلب (رويترز),حوادث,سوريا
جزر القمر تطلق خطة استراتيجية لتنمية قطاع الصيد البحري وتعزيز مساهمته في الناتج المحلي,قوارب صيد تقليدية ترسو في أحد موانئ جزر القمر الصغيرة مع شروق الشمس (رويترز),اقتصاد,جزر القمر
المغرب يواجه أزمة مائية حرجة: السدود الكبرى تسجل أدنى مستوياتها والجفاف يهدد الموسم الفلاحي,أحد السدود الرئيسية بجهة بني ملال - خنيفرة يظهر وقد انخفض منسوب المياه فيه بشكل كبير، كاشفاً عن قاع متصدع لأول مرة منذ سنوات (وكالة المغرب العربي للأنباء),بيئة,المغرب
"""جيل الشاشات"": دراسة قطرية تدق ناقوس الخطر بشأن تزايد الانعزال الاجتماعي للأطفال",أطفال قطريون يجلسون في صالة منزل حديثة، كل منهم منهمك في جهاز لوحي أو هاتف ذكي، وأشعة الشمس الخفيفة تتسلل من نافذة كبيرة في الخلفية.,قضايا اجتماعية,قطر
استثمارات بمليارات الدولارات: موريتانيا تتأهب لتحويل صحرائها إلى مركز عالمي للهيدروجين الأخضر,تصميم تصوري لمجمع ضخم لإنتاج الهيدروجين الأخضر في منطقة صحراوية موريتانية، يظهر فيه عدد كبير من الألواح الشمسية وتوربينات الرياح العملاقة.,طاقة,موريتانيا
مبادرة وطنية رائدة تستهدف استعادة غابات المانجروف الساحلية المهددة في البحر الأحمر السعودي,متطوعون سعوديون يشاركون في استزراع شتلات المانجروف على أحد الشواطئ ضمن مشروع بيئي في المنطقة الغربية (وكالة الأنباء السعودية),بيئة,السعودية
التعليم في اليمن على المحك: مبادرة مجتمعية لتدريس الأطفال النازحين تُحيي الأمل,فصل دراسي مؤقت يضم أطفالاً نازحين في منطقة ريفية بمأرب، حيث يقوم متطوعون بتدريسهم بجهود ذاتية.,تعليم,اليمن
الدوري السعودي للسيدات يحطم أرقاماً قياسية في عدد الأندية المشاركة والمشاهدات التلفزيونية,لقطة من إحدى المباريات القوية في الدوري السعودي الممتاز للسيدات، حيث يتزايد الاهتمام الجماهيري والإعلامي (الاتحاد السعودي لكرة القدم),رياضة,السعودية
البحرين تطلق حملة وطنية موسعة للكشف المبكر عن أمراض القلب والأوعية الدموية,متطوعة تقوم بفحص ضغط الدم لمواطن ضمن فعاليات حملة توعوية صحية في أحد المراكز المجتمعية بالمنامة (الفرنسية),صحة,البحرين
الدوري اللبناني الممتاز لكرة القدم: دعوات متزايدة لإصلاحات هيكلية لمواجهة تحديات الاستدامة,مشهد من مباراة سابقة في الدوري اللبناني لكرة القدم، حيث تتزايد المطالبات بإصلاحات مالية وإدارية لضمان استمرارية الأندية (رويترز),رياضة,لبنان
بمبادرة محلية.. تونس تتجه لتعميم تقنيات إنترنت الأشياء لترشيد استهلاك المياه,مهندسون تونسيون يعاينون نموذجاً أولياً لأجهزة استشعار ذكية لإنترنت الأشياء مخصصة لمراقبة شبكات المياه في إحدى المدن التونسية.,تقنية,تونس
جيبوتي: تحذيرات من تفاقم التلوث البلاستيكي يهدد الثروة السمكية في خليج تاجورا,صيادون جيبوتيون يقومون بإزالة المخلفات البلاستيكية من شباك الصيد الخاصة بهم على شاطئ في خليج تاجورا، مما يؤثر على سبل عيشهم (الفرنسية),بيئة,جيبوتي
جيبوتي تطلق برنامجاً وطنياً طموحاً لتحديث البنية التحتية التعليمية وتعزيز الشمولية,جانب من المجمع المدرسي الحديث الذي افتتح مؤخراً في منطقة علي صبيح بجيبوتي، وقد تم تجهيزه بفصول دراسية متطورة ومرافق رياضية (الأناضول).,تعليم,جيبوتي
ليبيا تطلق مبادرة وطنية لمد آلاف الكيلومترات من الألياف البصرية لتعزيز الاتصال,فريق هندسي ليبي يشرف على مد خطوط الألياف البصرية في إحدى المناطق النائية جنوب البلاد، في إطار مشروع يهدف لتعزيز البنية التحتية للاتصالات (وكالة الأنباء الليبية).,تقنية,ليبيا
المغرب: تقرير أممي يحذر من تزايد ظاهرة عمالة الأطفال بالقطاع الفلاحي,طفل مغربي يعمل في حقل زراعي بإحدى القرى، في مشهد يعكس التحديات الاجتماعية والاقتصادية (منظمة العمل الدولية),قضايا اجتماعية,المغرب
الجزائر تدشن أكبر مجمع صناعي للأسمدة والمدخلات الزراعية لتعزيز الأمن الغذائي وتصدير الفائض,لقطة جوية لمجمع بلارة الصناعي الجديد بولاية جيجل يضم وحدات إنتاج الأسمدة والمواد الكيماوية الزراعية المتطورة. (وكالة الأنباء الجزائرية),اقتصاد,الجزائر
"العراق: خطة استراتيجية ثلاثية لبناء 2500 مدرسة جديدة لمواجهة ""تحدي الاكتظاظ الطلابي""",فصل دراسي مكتظ بالطلاب في إحدى المدارس الحكومية بمدينة الناصرية، يعكس التحديات التي تواجهها البنية التحتية التعليمية في البلاد (أسوشيتد برس).,تعليم,العراق
سوريا تتوسع في مشاريع الطاقة الشمسية لتلبية احتياجات القطاعين العام والخاص,عمال يضعون اللمسات الأخيرة على مجموعة من الألواح الشمسية المثبتة فوق سطح أحد المباني السكنية الجديدة في اللاذقية، ضمن مشروع دعم الطاقة المتجددة في المدن الساحلية.,طاقة,سوريا
الجزائر تضع خطة طموحة لتغطية 85% من احتياجاتها الدوائية محلياً بحلول 2026,خطوط إنتاج حديثة داخل أحد المصانع الصيدلانية الجزائرية الجديدة التي تساهم في تحقيق الاكتفاء الذاتي (وزارة الصناعة والإنتاج الصيدلاني),اقتصاد,الجزائر
قطر تفتح تحقيقاً عاجلاً في حادث انهيار جزء من جسر قيد الإنشاء شمال الدوحة,فرق الإنقاذ والدفاع المدني منتشرة في موقع انهيار جزء من جسر قيد الإنشاء شمال الدوحة، وسط وجود آليات ثقيلة وسيارات إسعاف (وكالة الأنباء القطرية).,حوادث,قطر
الرياض تدشن حواراً إستراتيجياً لتعزيز الاستقرار والتكامل مع دول القرن الأفريقي,لقطة جماعية لوزراء خارجية من السعودية ودول القرن الأفريقي خلال جلسة افتتاح الحوار الإستراتيجي في الرياض (واس),سياسة,السعودية
تحدي الكلاب الضالة يفاقم المخاوف الصحية والأمنية في أحياء طرابلس,مجموعة من الكلاب الضالة تتجمع بالقرب من حاويات القمامة المفتوحة في أحد الأحياء السكنية بطرابلس، بينما يحاول المارة تجنبها.,قضايا اجتماعية,ليبيا
الصومال يُطلق مبادرات لتعزيز قطاع الثروة السمكية وجذب الاستثمارات الأجنبية,صيادون صوماليون يعرضون صيدهم اليومي من الأسماك الطازجة في سوق بمدينة مقديشو، مما يسلط الضوء على الإمكانات الكبيرة لتنمية القطاع البحري.,اقتصاد,الصومال
الأردن يرفع مستوى التأهب لحماية واحة الأزرق من زحف التصحر وتغير المناخ,لقطة جوية لواحة الأزرق تُظهر المساحات المائية المتبقية ومناطق القصب، مع علامات جفاف واضحة في الأراضي المحيطة (رويترز).,بيئة,الأردن
الصومال تدشن كابلاً بحرياً جديداً لقفزة غير مسبوقة في سرعة الإنترنت بالقرن الأفريقي,فريق من المهندسين والفنيين الصوماليين يشرفون على عملية إنزال الكابل البحري الجديد في نقطة الإنزال الرئيسية على الساحل الصومالي بمناسبة الانتهاء من المشروع (الوكالة الوطنية الصومالية للإعلام),تقنية,الصومال
تحديات مضاعفة: نقص الأدوية والكوادر يعمق الأزمة الصحية بالجنوب الليبي,طبيبة ليبية تفحص مريضة في مركز صحي متواضع بإحدى قرى الصحراء الجنوبية الليبية، حيث تفتقر المنطقة لأبسط الخدمات الطبية (رويترز),قضايا اجتماعية,ليبيا
"""مستقبلنا بأيدينا"": جيبوتي تطلق مبادرة لتعزيز التدريب المهني بالريف",شبان جيبوتيون يشاركون في ورشة عمل تطبيقية لمهارات النجارة ضمن مركز تدريب مهني جديد في منطقة ريفية (رويترز),تعليم,جيبوتي
فلسطين: إصابات جراء انهيار مبنى سكني في البلدة القديمة بالخليل والدفاع المدني يواصل البحث,فرق الدفاع المدني الفلسطينية تستخدم معدات خاصة للبحث عن عالقين تحت أنقاض مبنى سكني منهار في البلدة القديمة بالخليل (الأناضول),حوادث,فلسطين
ليبيا تُراهن على ميناء مصراتة: خطط توسعية بمليارات الدولارات لتحويله لقطب تجاري إقليمي,صورة جوية تُظهر جزءاً من ميناء مصراتة الليبي المكتظ بسفن الشحن والحاويات، مع معدات ثقيلة وهياكل قيد الإنشاء في الخلفية، تعكس أعمال التوسع الجارية. (وكالة الأنباء الليبية),اقتصاد,ليبيا
الموصل تستقبل مبادرة فريدة لإحياء فنون المخطوطات والخط العربي الأصيل,متدربون شباب يشاركون في ورشة لترميم المخطوطات القديمة وفنون الخط العربي بمدينة الموصل (وكالة الأنباء العراقية).,ثقافة,العراق
مبادرة مجتمعية في جنين تطلق مشروعاً للتدوير لمكافحة النفايات البلاستيكية,متطوعون من المجتمع المحلي يفصلون النفايات البلاستيكية المجمعة في مركز فرز بمدينة جنين، تمهيداً لإعادة تدويرها.,بيئة,فلسطين
مبادرة وطنية في قطر لمواجهة تحديات الصحة النفسية لدى الشباب,طلاب يشاركون بنشاط في جلسة حوارية حول الصحة النفسية ضمن مبادرة مدرسية بالدوحة.,قضايا اجتماعية,قطر
الكويت تحقق في ملابسات حريق ضخم التهم مخازن تجارية بالشويخ الصناعية وأسفر عن خسائر فادحة,أعمدة الدخان تتصاعد من موقع حريق المخازن التجارية في منطقة الشويخ الصناعية بالكويت (وكالة الأنباء الكويتية - كونا),حوادث,الكويت
جيبوتي تطلق مبادرة وطنية لمكافحة زواج القاصرات في المناطق الريفية,مجموعة من الفتيات الصغيرات يتلقين دروساً تعليمية في إحدى مدارس القرى بمحافظة عرتا بجيبوتي (وكالات).,قضايا اجتماعية,جيبوتي
تونس: مجمع رياضي تاريخي يستعيد بريقه.. رهان على الأجيال الصاعدة,أطفال يتدربون في أحد الملاعب التي تم تجديدها حديثاً ضمن المجمع الرياضي، في مشهد يعكس الآمال المعلقة على مستقبل الرياضة التونسية (الصحافة التونسية).,رياضة,تونس
تصادم مروع على أوتوستراد ضهر البيدر يودي بحياة خمسة ويصيب العشرات,فرق الدفاع المدني والإسعاف تعمل على إجلاء المصابين من ركاب حافلة صغيرة وشاحنة في موقع حادث التصادم المروع على أوتوستراد ضهر البيدر، وسط حطام المركبات المتناثرة على طول الطريق الجبلي. (الدفاع المدني اللبناني),حوادث,لبنان
الإمارات تطلق مبادرة وطنية ضخمة للكشف المبكر عن أمراض القلب والأوعية الدموية,طبيب إماراتي يشرح خطوات الفحص الطبي لمواطن في مركز صحي بدبي، في إطار برنامج الكشف المبكر لأمراض القلب والأوعية الدموية الذي أطلقته الدولة مؤخرًا (الخليج تايمز).,صحة,الإمارات
نادي أرتا سولار 7 يحصد لقب الدوري الجيبوتي للمرة الخامسة على التوالي,جماهير نادي أرتا سولار 7 تحتفل مع اللاعبين بفوزهم بلقب الدوري الجيبوتي لكرة القدم في الملعب الوطني بالعاصمة (وكالة الأنباء الجيبوتية),رياضة,جيبوتي
جمود يخيّم على مبادرة التسوية الرئاسية في لبنان رغم مساعٍ إقليمية,نواب ومسؤولون لبنانيون خلال جلسة برلمانية سابقة في بيروت لمناقشة الأوضاع السياسية (الأناضول- أرشيف),سياسة,لبنان
"الرياض تطلق مبادرة ""درع البحر"" لتعزيز الاستقرار الإقليمي والأمن البحري في الممرات المائية الحيوية","مسؤولون سعوديون وقادة دول إقليمية خلال قمة إطلاق مبادرة ""درع البحر"" في العاصمة الرياض لبحث تحديات الأمن البحري (وكالات).",سياسة,السعودية
مصرف قطر المركزي يُعلن عن إطلاق استراتيجية وطنية للتقنيات المالية (فينتك),شعار مصرف قطر المركزي الظاهر على واجهة مبنى حديث في منطقة الأبراج بالدوحة، بانعكاسات لمشهد المدينة النابض بالحياة (الشرق الأوسط),اقتصاد,قطر
ورشة محلية في ذمار تكافح لإنقاذ فن النقش على الأحجار البيضاء,حرفي يمني مسنّ يركز على إنجاز قطعة فنية منقوشة على الحجر الأبيض داخل ورشته المتواضعة في مدينة ذمار.,ثقافة,اليمن
موريتانيا: تفاقم بطالة الشباب يدفع الحكومة لمراجعة استراتيجيات التنمية والتدريب المهني,شباب موريتانيون يتجمعون أمام أحد مراكز التكوين المهني في العاصمة نواكشوط بانتظار فرص تدريب وعمل (الفرنسية),قضايا اجتماعية,موريتانيا
المتسابق البحريني الصاعد يتوج بلقب تحدي كاديلاك على حلبة الصخير,السائق البحريني الشاب خالد المحمود يحتفل على منصة التتويج بالكأس بعد فوزه في تحدي كاديلاك CT4 للسرعة على حلبة البحرين الدولية.,رياضة,البحرين
تونس: كارثة بيئية تتهدد سواحل قرقنة جراء زحف النفايات البلاستيكية,كميات هائلة من النفايات البلاستيكية تغطي شاطئاً في جزر قرقنة التونسية، ما يهدد الثروة السمكية وسبل عيش السكان (رويترز),بيئة,تونس
الجزائر تكشف عن استراتيجية وطنية لتعزيز المواءمة بين التكوين المهني ومتطلبات سوق الشغل,شباب جزائريون يتدربون داخل ورشة متخصصة في ميكانيكا السيارات الحديثة ضمن مركز للتكوين المهني بولاية وهران (وكالة الأنباء الجزائرية),تعليم,الجزائر
السودان: خسائر بشرية جراء انهيار منجم للتنقيب التقليدي عن الذهب شرقي البلاد,فرق إنقاذ تفتش عن ناجين في موقع منجم تقليدي للذهب (رويترز - أرشيف).,حوادث,السودان
"الكويت تفتتح ""بيت الواجهة"" الثقافي بعد مشروع ترميم تاريخي للمبنى","الواجهة الخارجية لمركز ""بيت الواجهة"" الثقافي في مدينة الكويت، والذي أعيد افتتاحه بعد مشروع ترميم شامل (كونا)",ثقافة,الكويت
السعودية تطلق استراتيجية شاملة لحماية الأنواع المهددة بالانقراض في البحر الأحمر,فريق من الباحثين البحريين يوثقون كائناً بحرياً نادراً اكتشف حديثاً ضمن منطقة مقترحة كمحمية جديدة قبالة سواحل نيوم (غيتي).,بيئة,السعودية
نضوب الآبار وتأخر الأمطار: أزمة مياه صامتة تضرب مجتمعات الرعاة في كردفان,امرأة من مجتمعات الرعاة في شمال كردفان تحمل دلواً فارغاً عائدة من بئر جفّت مياهها، وتظهر خلفها أراضٍ زراعية متصحرة (أسوشيتد برس).,بيئة,السودان
"قطر تطلق برنامجاً وطنياً لدمج ""التعلم القائم على المشاريع"" في مدارسها الإعدادية لتعزيز الابتكار",جانب من ورشة عمل طلابية في إحدى المدارس الإعدادية القطرية، حيث يتعاون الطلاب على إنجاز مشروع ضمن المبادرة الجديدة لتعزيز التعلم القائم على المشاريع.,تعليم,قطر
جيبوتي تطلق برنامجاً وطنياً طموحاً لتدريب المعلمين على التقنيات الرقمية الحديثة,معلم جيبوتي يشرح درساً باستخدام جهاز لوحي خلال دورة تدريبية حديثة (أرشيف وكالة الأنباء الجيبوتية).,تعليم,جيبوتي
سلسلة تصادمات مروعة على الطريق الصحراوي في الأردن تخلف أكثر من 30 إصابة,فرق الدفاع المدني تتعامل مع موقع حادث تصادم لعدة مركبات على الطريق الصحراوي جنوبي العاصمة عمّان، حيث تظهر سيارات متضررة بشدة وعدد من رجال الإنقاذ (الدفاع المدني),حوادث,الأردن
"برنامج ""أبطال قطر"" للمبارزة يعلن نتائج مرحلته الأولى ويسعى لرفد المنتخبات الوطنية","مجموعة من المبارزين القطريين الشبان يتدربون في أحد مراكز التدريب التابعة لبرنامج ""أبطال قطر"" للمبارزة في الدوحة (اللجنة الأولمبية القطرية).",رياضة,قطر
تقريرٌ جديد يحذّر من نقصٍ حاد في تجهيزات المدارس الرسمية اللبنانية للعام الدراسي المقبل,قاعة صفية قديمة في إحدى المدارس الحكومية اللبنانية، تظهر فيها مقاعد متهالكة ونقص في المستلزمات الأساسية استعداداً للعام الدراسي الجديد (الفرنسية),تعليم,لبنان
عراقيل لوجستية تعرقل استكمال محطة طاقة شمسية حيوية بريف دمشق,عمال يقومون بتركيب ألواح شمسية في موقع لم يكتمل بناءه بعد، محاط بمبانٍ سكنية في ريف دمشق (وكالة سانا/حكومية),طاقة,سوريا
من قلب فاس: شباب مغربي يحيي فنون الصناعة التقليدية المهددة بالاندثار,شاب مغربي يعمل بتركيز على قطعة فخار تقليدية داخل ورشة حِرف بمدينة فاس العتيقة، محاطاً بأدوات يدوية.,مجتمع,المغرب
"المنتخب العماني يشد الرحال لمعسكر خارجي حاسم تحضيراً لـ ""خليجي 26"" وسط طموحات جماهيرية بلقب ثالث",لاعبو المنتخب العماني لكرة القدم خلال حصة تدريبية مكثفة ضمن معسكرهم التحضيري الأخير في مسقط (وكالة الأنباء العمانية),رياضة,عُمان
غرق قارب صيد قبالة سواحل جيبوتي يترك مفقودين وعمليات بحث متواصلة,فرق الإنقاذ التابعة لخفر السواحل الجيبوتي تباشر عمليات البحث عن مفقودين جراء حادث غرق قارب صيد في مياه خليج تاجورا (رويترز),حوادث,جيبوتي
جيبوتي تدشن مشروعاً وطنياً لتعزيز التعليم الرقمي في المدارس بالمناطق النائية,طلاب في إحدى المدارس بمنطقة دخيل في جيبوتي يستخدمون أجهزة كمبيوتر لوحية جديدة ضمن مبادرة تعزيز التعليم الرقمي.,تعليم,جيبوتي
البرلمان الكويتي يطلب استجواباً لوزير المالية بشأن شبهات هدر للمال العام,قاعة مجلس الأمة الكويتي خلال جلسة سابقة، حيث تُعقد مناقشات مهمة حول المساءلة الحكومية (مجلس الأمة).,سياسة,الكويت
"شباب الكويت يطلقون حملة وطنية لتعزيز ""ثقافة التطوع"" بين الأجيال",متطوعون كويتيون يقومون بتوزيع وجبات إفطار صائم على العمالة الوافدة في أحد أحياء مدينة الكويت ضمن مبادرة مجتمعية (الجزيرة),مجتمع,الكويت
الرياض تستقبل قادة عرب وأفارقة في قمة لمواجهة تهديدات الملاحة بالبحر الأحمر,جانب من الجلسة الافتتاحية للقمة التي تستضيفها الرياض لمناقشة أمن الملاحة البحرية.,سياسة,السعودية
الفجوة الرقمية تعمق عزلة القرى الجزائرية.. والحكومة تكشف عن استراتيجية جديدة,سيدة تستخدم هاتفاً تقليدياً في قرية نائية بمنطقة الهقار جنوب الجزائر، ترمز للتحديات التي تفرضها الفجوة الرقمية على المجتمعات المعزولة (مصدر محلي),قضايا اجتماعية,الجزائر
"""بوابة الجيران"": الإمارات تطلق منصات تفاعلية لتعزيز التلاحم المجتمعي في الأحياء السكنية","عائلات ومتطوعون يتفاعلون في إحدى الفعاليات المجتمعية ضمن مبادرة ""بوابة الجيران"" في حديقة عامة حديثة بإمارة دبي (شترستوك)",مجتمع,الإمارات
"تونس: مبادرات شبابية لمواجهة ""آفة"" الهجرة غير النظامية بالمناطق الداخلية",شباب تونسيون يشاركون في ورشة عمل لتأهيل مهني بمركز للتدريب في إحدى القرى بولاية القصرين، ضمن جهود حكومية ومجتمعية لمكافحة البطالة والهجرة (وكالة الأنباء التونسية).,قضايا اجتماعية,تونس
موريتانيا تطلق مشاورات وطنية حول إصلاح الحوكمة وسط ترقب لتوصياتها,جانب من الجلسة الافتتاحية للمشاورات الوطنية حول إصلاح الحوكمة في قصر المؤتمرات بنواكشوط (وكالة الأنباء الموريتانية),سياسة,موريتانيا
سوريا تسرع وتيرة الاعتماد على الطاقة الشمسية لمواجهة تحديات الإمداد وانقطاع الكهرباء,عمال يقومون بتركيب ألواح طاقة شمسية على سطح مبنى سكني في ريف دمشق، في إطار المبادرات المتزايدة لتوليد الكهرباء (الجزيرة),طاقة,سوريا
إضراب المعلمين يُعلق الدراسة بمدارس تعز.. ومخاوف على مصير العام الدراسي لأكثر من 50 ألف طالب,أطفال يمنيون يلعبون أمام بوابة مدرسة مغلقة تحمل لافتة تشير إلى تعليق الدراسة في أحد أحياء مدينة تعز (يونيسف),تعليم,اليمن
الكويت تفتتح مركزاً وطنياً متطوراً لإدارة الأمراض المزمنة,وزير الصحة الكويتي يصافح طبيباً متخصصاً خلال جولة تفقدية في الأقسام العلاجية للمركز الوطني الجديد لإدارة الأمراض المزمنة في العاصمة.,صحة,الكويت
الإمارات تطلق استراتيجية وطنية شاملة لتعزيز الصحة النفسية وجودة الحياة,وزير الصحة ووقاية المجتمع خلال مؤتمر صحفي للإعلان عن المبادرة الوطنية للصحة النفسية في أبوظبي (وام),صحة,الإمارات
تحديات التمويل تعرقل طموحات لبنان لتوسيع مصادر الطاقة المتجددة,مزرعة ألواح شمسية ضخمة في منطقة البقاع اللبنانية، تجسد الأمل المعلق في قطاع الطاقة المتجددة بسبب قلة التمويل اللازم.,طاقة,لبنان
سلطنة عُمان تدشن مشروعاً وطنياً لتعزيز ربط القرى النائية بالإنترنت فائق السرعة,مهندس عماني يراقب مؤشرات تشغيل محطة اتصالات جديدة في منطقة جبلية بولاية الرستاق، في إطار المبادرة الحكومية لتوسيع نطاق التغطية الرقمية للمناطق النائية.,تقنية,عُمان
لبنان يطلق مشروعاً تجريبياً لتعميم الإنترنت فائق السرعة في القرى النائية,مهندسون لبنانيون يشرفون على تركيب هوائيات متطورة ضمن مشروع ربط قرية جبلية بشبكة الإنترنت (الوكالة الوطنية للإعلام),تقنية,لبنان
"الأردن يطلق ""بوابة المستقبل الرقمية"" لتدريب 10 آلاف شاب على مهارات التكنولوجيا المتقدمة",شباب أردنيون يشاركون في ورشة عمل مكثفة لبرمجة تطبيقات الويب ضمن إحدى مبادرات التدريب الرقمي في عمّان (صورة تعبيرية).,تقنية,الأردن
تكتل إقليمي يدعو لتعزيز آليات مراقبة وقف إطلاق النار في السودان,مبعوثون دوليون خلال اجتماع في أديس أبابا لبحث سبل تنفيذ اتفاق وقف العدائيات الأخير في السودان (الأفريقية للأنباء),سياسة,السودان
الأردن يطلق خطة وطنية لتعزيز التعليم المهني وتأهيل الشباب لسوق العمل,شباب وشابات أردنيون يتلقون تدريباً عملياً في أحد المعاهد المهنية ضمن المبادرات الجديدة لربط التعليم بسوق العمل (البترا),تعليم,الأردن
جزر القمر تُعزز جهودها لمكافحة انتشار حمى الضنك بمشاركة مجتمعية واسعة,طلاب متطوعون يشاركون في حملة تنظيف واسعة للمستنقعات ومصادر المياه الراكدة في ضواحي موروني، ضمن جهود مكافحة يرقات البعوض الناقل لحمى الضنك (وزارة الصحة القمرية).,صحة,جزر القمر
جزر القمر تُطلق مشروعاً وطنياً ضخماً لربط الجزر بشبكة ألياف ضوئية وتعزيز الشمول الرقمي,خريطة تفاعلية تعرض مسارات كابلات الألياف الضوئية البحرية والبرية المخطط لها لربط جزر القمر الرئيسية، خلال مؤتمر صحفي لإطلاق المشروع بالعاصمة موروني (مصدر محلي).,تقنية,جزر القمر
عُمان تطلق مشروعاً استراتيجياً لبناء أضخم مجمع لإنتاج الهيدروجين الأخضر في المنطقة,لقطة جوية لموقع مقترح لمجمع الهيدروجين الأخضر في منطقة الدقم الصناعية بسلطنة عُمان، تبرز حجم البنية التحتية المتوقعة للمشروع الحيوي (صورة تخيلية).,طاقة,عُمان
مقديشو تسعى لتعزيز المركزية الأمنية وسط تحذيرات من تصعيد الخلافات مع الولايات,قادة أمنيون من الحكومة الفيدرالية وممثلون عن ولايات صومالية خلال اجتماع تنسيقي سابق في العاصمة مقديشو. (وكالة الأنباء الوطنية الصومالية),سياسة,الصومال
17 قتيلاً في تصادم مروع بين حافلة وشاحنة على طريق التحدي جنوبي السودان,عناصر من الدفاع المدني وسكان محليون يحاولون إنقاذ المصابين وإخماد النيران في موقع حادث تصادم حافلة ركاب وشاحنة نقل على طريق التحدي بولاية الجزيرة (وكالة الأنباء السودانية - سونا),حوادث,السودان
"تهديد لـ ""جنة الغواصين"": جيبوتي تستنفر لمواجهة خطر البلاستيك على شعابها المرجانية الفريدة",لقطة مقربة لشعاب مرجانية حيوية في خليج تاجورة بجيبوتي، وتظهر أكياس بلاستيكية عالقة بين تشكيلاتها، مهددة التنوع البيولوجي البحري (وكالة الأنباء الجيبوتية).,بيئة,جيبوتي
البرلمان التونسي يناقش تعديلات مثيرة للجدل على قانون الاستثمار الجديد,نواب يتداولون خلال جلسة عامة داخل مجلس نواب الشعب التونسي لمناقشة مشروع قانون جديد (الفرنسية),سياسة,تونس
دعوات متصاعدة لتوحيد الجبهة المدنية السودانية لمواجهة تداعيات النزاع,تجمع لرموز سياسية ومدنية سودانية يناقشون سبل تشكيل حكومة انتقالية موحدة في إحدى عواصم المنطقة (وكالات),سياسة,السودان
"الكويت تدشن منصة ""إنجاز"" الرقمية الشاملة لتبسيط الخدمات الحكومية وتعميق الشفافية","واجهة عرض للمنصة الرقمية ""إنجاز"" خلال حفل التدشين الكويتي في العاصمة، 14 فبراير/شباط 2025. (مكتب الإعلام الحكومي الكويتي)",تقنية,الكويت
ورشة حرفية ضخمة تنطلق بقصبة الجزائر لإحياء فن العمارة التقليدية,حرفيون جزائريون يركزون في عمل دقيق على ترميم جزء من واجهة منزل عتيق بأزقة قصبة الجزائر، مستخدمين أدوات ومواد تقليدية لحفظ طابعها المعماري الأصيل. (وكالة الأنباء الجزائرية),ثقافة,الجزائر
طريق حوارة يشهد فاجعة جديدة.. ثلاثة قتلى وعشرة إصابات في تصادم مروع,فرق الإنقاذ تتعامل مع موقع حادث سير مروع شمل عدة مركبات قرب بلدة حوارة جنوب نابلس، حيث تبدو آثار الدمار على السيارات المتصادمة (وكالة الأنباء الفلسطينية - وفا).,حوادث,فلسطين
مجلس النواب البحريني يقر قانوناً جديداً لتعزيز الرقابة المالية على المشاريع التنموية,لقطة من داخل قاعة مجلس النواب البحريني، تظهر أعضاء البرلمان وهم يشاركون في جلسة تصويت حاسمة على مشروع قانون. (بنا),سياسة,البحرين
مبادرات أهلية تواجه شبح ضياع عام دراسي على 3 ملايين طالب سوداني,معلم متطوع يشرح درساً لمجموعة من الأطفال النازحين داخل فصل دراسي مؤقت بمدينة بورتسودان.,تعليم,السودان
الجنوب العراقي: الملوحة تلتهم آلاف الدونمات الزراعية وتهدد الأمن الغذائي,مشهد لأرض زراعية متشققة ومغطاة بالطبقة الملحية البيضاء في إحدى مناطق محافظة ذي قار، فيما يظهر مزارع عراقي بملابس تقليدية يقف حائراً أمام محاصيله المتضررة (رويترز).,بيئة,العراق
**المغرب يخطو خطوات واسعة لتعزيز ربط شبكته الكهربائية بشمال أوروبا عبر الطاقة المتجددة**,عدد من توربينات الرياح العملاقة في حقول الرياح بمنطقة طنجة المغربية، مع خطوط نقل الطاقة تمتد في الأفق (رويترز).,طاقة,المغرب
"الإمارات تطلق ""واحة الأمل"" لزراعة مليون شجرة مقاومة للجفاف: خطوة بيئية لمكافحة التصحر وتعزيز التنوع الحيوي","صورة جوية واسعة لمشروع ""واحة الأمل"" يظهر فيها مهندسون وفنيون يشرفون على زراعة آلاف الشتلات الخضراء الصغيرة ضمن صفوف منتظمة في منطقة صحراوية شاسعة بالإمارات، مع ظهور واضح لنظام ري بالتنقيط يعمل بالطاقة الشمسية.",بيئة,الإمارات
"مبادرة شبابية في تونس تطلق مشروع ""مكتبتك المتنقلة"" لتعزيز القراءة في المناطق النائية","شباب متطوعون يقومون بترتيب الكتب داخل حافلة صغيرة مُعاد تجهيزها، تحمل لافتة ""مكتبتك المتنقلة"" في إحدى القرى التونسية (الأناضول)",مجتمع,تونس
السعودية تطلق أضخم مجمع لإنتاج الهيدروجين الأخضر في منطقة نيوم باستثمارات ضخمة,تصميم متوقع للمنشآت الصناعية في مجمع نيوم للهيدروجين الأخضر (سبلاي تشين ميديا),اقتصاد,السعودية
مستشفى في نابلس يفتتح وحدة متخصصة لأمراض الكلى,طاقم طبي يستعرض أحدث أجهزة غسيل الكلى خلال فعاليات افتتاح الوحدة التخصصية الجديدة في نابلس.,صحة,فلسطين
السعودية تطلق مبادرة وطنية لتعزيز المهارات العملية في المناهج الدراسية,طلاب سعوديون يطبقون مهارات عملية في إحدى الورش التعليمية ضمن المبادرة الجديدة (وزارة التعليم السعودية),تعليم,السعودية
اكتشاف أثري مذهل في شمال السعودية يزيح الستار عن حضارة قديمة غير معروفة,علماء آثار سعوديون خلال أعمال التنقيب في الموقع الأثري الجديد بمنطقة الجوف، حيث عثر على بقايا مدينة قديمة ومجموعة من التحف النادرة (وكالة الأنباء السعودية - واس).,ثقافة,السعودية
"**مصر تُطلق ""رؤية 2030 التعليمية"" لتعزيز التعليم المهني وربطه باحتياجات الصناعة**",**طلاب مصريون في ورشة تدريب مهني حديثة، يطبقون مهاراتهم العملية ضمن أحد المعاهد الفنية الحكومية التي تشهد تحديثاً.**,تعليم,مصر
"موريتانيا تطلق ""مبادرة حكايات الصحراء"" لإنقاذ التراث الشفهي من الاندثار","راوية قصص موريتانية مسنة، ترتدي ""الملحفة"" التقليدية، تحكي بحماس مجموعة من الحكايات الشعبية لجمهور من الشباب خلال حفل إطلاق المبادرة في قصر المؤتمرات بنواكشوط.",ثقافة,موريتانيا
الجزائر تطلق خطة وطنية لتعميم الدفع الإلكتروني وتعزيز الشمول المالي الرقمي,مواطنون جزائريون يُجرون معاملات دفع إلكتروني عبر هواتفهم الذكية في أحد المراكز التجارية بالعاصمة (رويترز),تقنية,الجزائر
الكويت تكشف عن استراتيجية وطنية رائدة لتسريع إنتاج الهيدروجين الأخضر بحلول 2040,رسم توضيحي لمجمع صناعي مستقبلي يضم حقولاً شمسية ضخمة ومحطة متطورة لتحليل المياه، مصمم لإنتاج الهيدروجين الأخضر في صحراء الكويت.,طاقة,الكويت
عمليات بحث مكثفة عن مفقودين إثر غرق قارب صيد قبالة سواحل موهيلي بجزر القمر,قوارب صيد محلية وقوات خفر السواحل تشارك في عمليات البحث قبالة سواحل موهيلي بجزر القمر (وكالة الأنباء القمرية),حوادث,جزر القمر
ورش عمل مبتكرة في القدس تهدف إلى إحياء فن الرواية الشفوية بين الأطفال,أطفال فلسطينيون يستمعون بإمعان إلى حكواتي يؤدي إحدى القصص التراثية ضمن ورشة عمل لتعزيز فن الرواية الشفوية في البلدة القديمة بالقدس، إبريل 2024 (وكالة الأنباء الفلسطينية/صورة أرشيفية).,مجتمع,فلسطين
القاهرة تفتتح مركزاً رياضياً دولياً جديداً لتعزيز استضافة البطولات العالمية لكرة اليد,لقطة علوية تظهر الصالة المغطاة الرئيسية ضمن المركز الرياضي الدولي الجديد الذي افتتحته مصر، مع تجهيزات حديثة ومقاعد الجمهور (وكالة الأنباء المصرية),رياضة,مصر
مصر تطلق منصة إلكترونية موحدة لتسهيل إصدار تراخيص البناء,شاشة حاسوب تعرض واجهة المنصة الرقمية الجديدة لتراخيص البناء في مصر.,تقنية,مصر
وفاة سبعة أشخاص وإصابة 30 آخرين في تصادم حافلة وشاحنة على طريق سريع بتونس,عناصر من الحماية المدنية وسيارات الإسعاف في موقع حادث التصادم المروع بين حافلة وشاحنة على الطريق السريع الرابط بين العاصمة تونس ومدينة صفاقس، حيث تتناثر بقايا الحطام على أسفلت الطريق. (وكالات),حوادث,تونس
جيبوتي تطلق برنامجاً وطنياً لجمع وتوثيق أساطيرها وقصصها الشعبية العريقة,مجموعة من الباحثين يستمعون باهتمام إلى رواية إحدى سيدات المجتمع المسنات في قرية بمنطقة علي صبيح، في إطار مشروع توثيق التراث الشفهي. (مكتب الثقافة الجيبوتي),ثقافة,جيبوتي
انهيار ميزانيات الأندية يُنذر بتغيير جذري في خارطة الكرة اللبنانية: نجوم أندية تاريخية مرشحون للرحيل,لاعبون من أحد أندية كرة القدم اللبنانية العريقة أثناء تمرين صباحي على ملعبهم في بيروت، في ظل حالة من عدم اليقين حول مستقبل بعض الأسماء البارزة مع تفاقم الأزمة المالية التي تضرب القطاع الرياضي. (صورة أرشيفية بتاريخ 2024),رياضة,لبنان
تصادم مروع يتسبب بإغلاق جزئي لطريق الشمال في قطر وإصابة سبعة أشخاص,فرق الإنقاذ والدفاع المدني بصدد التعامل مع آثار حادث تصادم لعدة مركبات على طريق الشمال السريع شمال الدوحة. (رويترز),حوادث,قطر
مبادرة فلسطينية تكنولوجية لسد الفجوة الرقمية في القرى المعزولة بالضفة الغربية,شبان فلسطينيون يعملون على أجهزة حاسوب محمولة داخل مركز مجتمعي رقمي في قرية بالضفة الغربية.,تقنية,فلسطين
فصول فارغة ومستقبل معلق: أطفال السودان ينتظرون عودة كراساتهم وأقلامهم,أطفال سودانيون يجلسون في فصل دراسي بإحدى المدن التي شهدت نزاعات، ويظهر النقص الحاد في المقاعد والمستلزمات التعليمية الأساسية (صورة تعبيرية/مواقع التواصل).,تعليم,السودان
السودان يُطلق مبادرة وطنية طموحة لتوسيع نطاق الإنترنت فائق السرعة عبر الألياف البصرية,فريق من المهندسين والفنيين السودانيين يعملون على مد كابلات الألياف البصرية في منطقة ريفية بالقرب من مدينة ود مدني، مع إظهار معدات حفر متخصصة وعمال يرتدون خوذات السلامة، في إطار جهود تحسين الاتصال الرقمي وتغطية المناطق النائية. (وكالة السودان للأنباء),تقنية,السودان
عُمان تعزز مكانتها كمركز إقليمي للطاقة النظيفة بمشروع الهيدروجين الأخضر المتكامل,عرض مرسوم لمجمع الهيدروجين الأخضر المقترح في منطقة الدقم الاقتصادية، يُظهر دمجًا لمزارع الطاقة الشمسية ومحطات تحلية المياه ووحدات التحليل الكهربائي.,طاقة,عُمان
الساحة السياسية الموريتانية تترقب حزمة إصلاحات دستورية مرتقبة,مقر الجمعية الوطنية الموريتانية في نواكشوط، حيث من المتوقع أن تشهد أروقته نقاشات مكثفة حول التعديلات الدستورية المنتظرة.,سياسة,موريتانيا
ناقوس خطر يدق بالقطاع التعليمي اللبناني: هجرة الأساتذة تهدد مستقبل الأجيال,معلمة لبنانية تتحدث مع طلابها داخل فصل دراسي بإحدى المدارس الحكومية في ضاحية بيروت الجنوبية ( Getty Images),تعليم,لبنان
مقاهي بغداد تعيد إحياء فن الحكاية الشعبية لاستعادة إرث الأجداد,حكواتي يروي قصصاً شعبية أمام جمهور متفاعل في أحد مقاهي بغداد العريقة (الأناضول),ثقافة,العراق
قطاع غزة يُطلق مبادرة لربط محطات تحلية المياه بالطاقة الشمسية لمواجهة شح الموارد,مهندس فلسطيني يتفقد ألواحاً شمسية مثبتة حديثاً بالقرب من محطة لتحلية المياه في دير البلح بقطاع غزة. (رويترز),طاقة,فلسطين
العراق يطلق حزمة مشاريع بمليارات الدولارات لإنهاء حرق الغاز المصاحب في حقوله الجنوبية,مشهد ليلى يظهر لهيب حرق الغاز المصاحب يتصاعد من إحدى محطات التجميع النفطية في البصرة جنوب العراق، قبل بدء تنفيذ مشاريع الاستثمار الجديدة.,طاقة,العراق
جيبوتي تطلق برنامجاً وطنياً للتحصينات الموسعة ضد أمراض الطفولة,عاملة صحية تجري تطعيماً لطفل في مركز صحي بجيبوتي ضمن حملة وطنية (يونيسف).,صحة,جيبوتي
المغرب يعزز ريادته الإقليمية بإطلاق مجمع ضخم لإنتاج الهيدروجين الأخضر قرب طرفاية,لقطة جوية لموقع مشروع مجمع إنتاج الهيدروجين الأخضر المتكامل في سهل طرفاية الساحلي جنوب المغرب، حيث تبرز حقول الألواح الشمسية والمولدات الريحية كركائز أساسية للمشروع. REUTERS/Ahmed Benali,طاقة,المغرب
مبادرة يمنية ناشئة تطلق شبكات إنترنت مجتمعية بالطاقة الشمسية لكسر عزلة القرى,مهندسون شباب يتفقدون محطة طاقة شمسية صغيرة متصلة بجهاز إرسال لاسلكي، ضمن مشروع لتوفير خدمة الإنترنت للمناطق الريفية في محافظة يمنية نائية.,تقنية,اليمن
"الجزائر تطلق ""برنامج قرى الصحة"" لمعالجة تحديات الرعاية الأولية بالمناطق المعزولة",طبيب جزائري يفحص طفلاً خلال حملة طبية في منطقة معزولة بولاية تمنراست، جنوبي البلاد، ضمن جهود تعزيز الرعاية الصحية الأولية (الأناضول).,قضايا اجتماعية,الجزائر
الجزائر تدشن برنامجاً وطنياً طموحاً لدعم الابتكار والنهوض بالشركات التكنولوجية الناشئة,مجموعة من رواد الأعمال الشباب يعرضون مشاريعهم الرقمية المبتكرة أمام مستثمرين ومسؤولين خلال ملتقى للشركات الناشئة بمركز المؤتمرات في قسنطينة.,تقنية,الجزائر
تصادم متسلسل لمركبات على طريق رئيسي شمال جنين يودي بحياة شخصين ويصيب آخرين بجروح,فرق الإسعاف والطوارئ تتعامل مع موقع حادث التصادم الذي تسبب بأضرار بالغة للمركبات شمال جنين. (وفا),حوادث,فلسطين
"العراق يطلق ""مشروع العراق الرقمي"" لتسريع التحول الإلكتروني في الخدمات الحكومية",مسؤولون حكوميون عراقيون يعرضون شاشات توضح واجهة إحدى المنصات الرقمية الجديدة خلال مؤتمر صحفي في بغداد (وكالة الأنباء العراقية).,تقنية,العراق
"مبادرة ""إرث الأجداد"" تستقطب شباب الأردن لإحياء الحرف التقليدية بجرش",شباب أردنيون يتعلمون فن صناعة الفُسيفساء التقليدية في ورشة عمل ضمن مبادرة ثقافية بمدينة جرش الأثرية.,ثقافة,الأردن
البحرين: تصادم متتالي يُشلّ حركة السير على شارع الشيخ خليفة بن سلمان ويُخلّف مصابين,فرق الإسعاف والدفاع المدني في موقع حادث تصادم لعدة مركبات على شارع الشيخ خليفة بن سلمان بالبحرين، حيث بدت أجزاء من الطريق مغلقة جزئياً وسط حطام السيارات المتضررة.,حوادث,البحرين
بشغف العطاء.. مبادرة شبابية في بنغازي تعيد الحياة للمساحات الخضراء,مجموعة من المتطوعين الشباب يشاركون في جهود لتنظيف وتشجير ضمن مبادرة مجتمعية لإعادة تأهيل حديقة عامة بمدينة بنغازي.,مجتمع,ليبيا
الأردن يطلق إستراتيجية وطنية شاملة لمواجهة تحدي مقاومة المضادات الحيوية,وزير الصحة الأردني يشرف على اجتماع لفريق العمل الوطني المعني بتعزيز استخدام المضادات الحيوية الرشيد في أحد المختبرات الطبية (بترا).,صحة,الأردن
"تونس تُطلق منصة ""مواطن 360"" لتوحيد وتسهيل الخدمات الإدارية الرقمية","شاشة عرض تظهر واجهة المستخدم لمنصة ""مواطن 360"" الرقمية الجديدة، مصممة لتبسيط الخدمات الإدارية (وزارة التكنولوجيات والاتصال/ تونس).",تقنية,تونس
ليبيا تعلن عن مبادرة كبرى لحفظ الموروث الشفهي والحكايات الشعبية,امرأة ليبية مسنة (يسار) تروي إحدى الحكايات الشعبية التراثية لمجموعة من الأطفال خلال فعالية ثقافية على هامش المبادرة بمدينة غدامس (الأناضول),ثقافة,ليبيا
تحذيرات أممية من تفاقم أزمة نقص أدوية السرطان في سوريا,ممرضة سورية تتفقد رفوف أدوية شبه فارغة في صيدلية مستشفى بدمشق، في إشارة إلى الأزمة المستمرة في توفر اللوازم الطبية.,صحة,سوريا
"الجزائر تطلق ""مشروع الأهللة"" لإنقاذ فن ""الأهليل"" الغنائي من الاندثار","فنانون شعبيون من منطقة قورارة بالجنوب الجزائري يؤدون ""فن الأهليل"" خلال فعالية ثقافية سابقة تهدف إلى إبراز هذا التراث الأمازيغي العريق.",ثقافة,الجزائر
مبادرة عربية جديدة تصطدم بتعنت الأطراف اللبنانية في ملف الاستحقاق الرئاسي,مبنى البرلمان اللبناني في ساحة النجمة ببيروت، حيث تتعثر جهود انتخاب رئيس جديد للبلاد وسط انقسامات سياسية حادة (صورة أرشيفية).,سياسة,لبنان
الجفاف يهدد أهوار العراق الجنوبية.. وخبراء يحذرون من فقدان التنوع البيولوجي الفريد,قوارب متوقفة على أرض جافة ومتشققة في منطقة الأهوار الوسطى جنوب العراق، بعد التراجع الحاد في مناسيب المياه (أ ف ب).,بيئة,العراق
الأردن يعزز مكانته الإقليمية بتدشين أكبر مجمع للمراكز السحابية بقيمة 300 مليون دولار,مسؤولون أردنيون وأجانب يصافحون بعضهم البعض خلال حفل توقيع اتفاقية إنشاء مجمع المراكز السحابية الجديد في العاصمة عمّان (رويترز).,تقنية,الأردن
"""صور"" تنتظر مركزاً رياضياً متعدد الأغراض بتمويل أوروبي لدعم المواهب الشابة",تصميم متوقع للمركز الرياضي الجديد في مدينة صور جنوب لبنان، يظهر ملاعب ومرافق حديثة (صورة افتراضية من الجهة الممولة),رياضة,لبنان
موريتانيا تستضيف قمة إقليمية عاجلة لبحث التحديات الأمنية في منطقة الساحل الكبير,قادة دول الساحل الخمس خلال اجتماع سابق لمناقشة التنسيق الأمني (رويترز-أرشيفية),سياسة,موريتانيا
تونس تدشن إطاراً تنظيمياً مرناً لدعم الابتكار في قطاع التكنولوجيا المالية,جانب من مؤتمر سابق حول التحول الرقمي في تونس (أرشيفية، وكالة تونس أفريقيا للأنباء).,تقنية,تونس
نجمة جزائرية صاعدة تحطم الرقم القياسي الوطني للقفز بالزانة,الرياضية الجزائرية الشابة، نور السعيد، تحتفل بعد نجاحها في تحقيق قفزة قياسية خلال البطولة الوطنية لألعاب القوى بالبليدة. (أ ف ب),رياضة,الجزائر
"مبادرة فلسطينية شبابية لجمع الحكايات الشعبية: ""صوت الماضي يحيا للحاضر""",شابة فلسطينية تسجل شهادة سيدة مسنة في منزلها بمدينة الخليل، ضمن مشروع توثيق التراث الشفوي المهدد بالاندثار. (وفا),ثقافة,فلسطين
تهديد صامت: نفايات البلاستيك المتراكمة تغزو شواطئ الصومال التاريخية,أكياس ومخلفات بلاستيكية تغطي مساحات واسعة على شاطئ ليدو التاريخي في العاصمة مقديشو، في مشهد يعكس أزمة تلوث بيئي متفاقمة يواجهها الساحل الصومالي. (وكالة الأنباء الصومالية),بيئة,الصومال
أهالي الداخلية يتعاونون لإحياء الأسواق التقليدية ودعم الحرفيين في مبادرة مجتمعية فريدة,لقطة لمجموعة من الحرفيين العُمانيين يعرضون منتجاتهم التقليدية داخل سوق تاريخي تم تجديده، مع حضور واسع للزوار (وكالة الأنباء العمانية).,مجتمع,عُمان
ليبيا تكشف عن خطة استراتيجية لتعزيز قدرتها في الطاقة الشمسية لتأمين إمدادات الكهرباء,مهندس ليبي يشرح مشروع محطة طاقة شمسية واسعة النطاق في منطقة صحراوية جنوب البلاد، تظهر في الخلفية صفوف طويلة من الألواح الشمسية المثبتة حديثًا (رويترز).,طاقة,ليبيا
تحديات غير مسبوقة تواجه زراعة البن اليمني وسط شح المياه وتغير المناخ,مزارع يمني يتفقد شجيرات البن المتضررة في إحدى المدرجات الزراعية بمديرية حراز، حيث تزداد مخاوف المزارعين من تدهور المحصول التاريخي بسبب نقص الأمطار (رويترز),اقتصاد,اليمن
"السعودية تطلق صندوق ""بوابة الشرق للوجستيات"" بـ15 مليار دولار لدعم القطاع الخاص وتحويل المملكة لمركز عالمي",عرض لمجسمات حديثة لمراكز توزيع ضخمة ومستودعات آلية خلال مؤتمر اقتصادي في الرياض، تعكس رؤية السعودية لقطاع اللوجستيات (وكالة الأنبباء السعودية).,اقتصاد,السعودية
مصرع وإصابة 35 شخصاً في حادث تصادم مروع لحافلة ركاب بطريق الساحل الليبي,فرق الإنقاذ والدفاع المدني تباشر عملها في موقع حادث تصادم مروع لحافلة ركاب على طريق رئيسي غربي ليبيا (مصادر محلية),حوادث,ليبيا
أزمة تراكم النفايات في بنغازي تهدد الصحة العامة وتشوّه وجه المدينة,أكوام من النفايات المنزلية متراكمة في أحد الأحياء السكنية بمدينة بنغازي، فيما يسير المارة بالقرب منها وسط تزايد المخاوف من انتشار الأمراض والأوبئة.,مجتمع,ليبيا
مأساة نهرية في البصرة.. غرق عبّارة يخلّف عشرات الضحايا والمفقودين,فرق الإنقاذ والدفاع المدني تواصل البحث عن مفقودين في مياه شط العرب بالبصرة بعد حادث غرق عبّارة كانت تقل عمالاً (الدفاع المدني العراقي),حوادث,العراق
قطر تدشن برنامجاً وطنياً لتعزيز الاستثمار في قطاعات الاقتصاد الأخضر,وزير التجارة والصناعة القطري يلقي كلمة خلال مؤتمر اقتصادي جديد في الدوحة (قنا),اقتصاد,قطر
انهيار مبنى سكني تاريخي شرقي حلب يُوقع قتلى وجرحى,فرق الإنقاذ التابعة للدفاع المدني تستخدم معدات يدوية لإزالة الأنقاض والبحث عن ناجين في حي جب القبة بحلب (وكالات),حوادث,سوريا
"قطر تطلق مبادرة ""جسور الأجيال"" لتعزيز الترابط المجتمعي من خلال المهارات التقليدية",مجموعة من الشباب القطري يشاركون في ورشة لتعلم فن السدو التقليدي بإشراف حرفي كبير السن في الدوحة.,مجتمع,قطر
"مبادرة ""سند"" في الشارقة.. كبار السن يلتحقون بالثورة الرقمية لكسر العزلة","سيدة إماراتية مسنة تستخدم حاسوباً لوحياً بمساعدة متطوعة شابة في أحد المراكز المجتمعية بالشارقة، ضمن فعاليات مبادرة ""سند"" (وام)",قضايا اجتماعية,الإمارات
الصومال تطلق مشروعاً قومياً واسعاً لحماية كنوزها من النقوش الصخرية الأثرية,نقش صخري قديم يصور مشاهد من الحياة البرية في أحد الكهوف التاريخية بالصومال ضمن إطار الجهود الجديدة للحفاظ على التراث الثقافي للبلاد. (رويترز),ثقافة,الصومال
جيبوتي تدشن مرحلة جديدة في مشروعها الحراري الأرضي لخفض الاعتماد على الوقود الأحفوري,"مهندسون وفنيون يشرفون على أعمال الحفر في موقع مشروع ""غوبيت"" للطاقة الحرارية الأرضية بجيبوتي، مع تصاعد أعمدة البخار من إحدى الآبار الجديدة (الفرنسية)",اقتصاد,جيبوتي
"جيبوتي تطلق مهرجاناً دولياً لإحياء فنون السرد الشعبي ""الحسانية""",روائي سوداني يشارك في جلسة حكي شعبي ضمن فعاليات مهرجان ثقافي سابق بجيبوتي (الأناضول),ثقافة,جيبوتي
الجفاف بالمغرب يدفع عائلات ريفية للهجرة الداخلية بحثاً عن الماء والرزق,طفلة مغربية تحمل وعاء ماء فارغاً وتسير بجانب والدتها في منطقة قروية جافة بالمغرب (وكالات),قضايا اجتماعية,المغرب
مبادرة شبابية في اللاذقية لتعزيز الأمن السيبراني في ظل تنامي التهديدات الرقمية,مجموعة من الشباب السوريين يشاركون في ورشة عمل حول أساسيات الأمن السيبراني في أحد المراكز المجتمعية بمدينة اللاذقية (خاص بوكالة الأناضول),تقنية,سوريا
موريتانيا تدفع عجلة التحول الرقمي: مشروع ضخم لربط ألف قرية بالإنترنت عالي السرعة,مهندسون موريتانيون يشرفون على مد كابلات الألياف البصرية في إحدى المناطق النائية ضمن مشروع الربط الرقمي الشامل. (صورة توضيحية),تقنية,موريتانيا
برامج تدريب مهني مكثفة تفتح آفاقاً جديدة لشباب ليبيا في سوق العمل,شابات وشبان ليبيون يشاركون في ورشة عمل لتعلم مهارات تقنية ضمن مبادرة لدعم التوظيف في العاصمة طرابلس (وكالة الأنباء الليبية),قضايا اجتماعية,ليبيا
طرقات وعرة ومخاطر متزايدة: نساء المناطق النائية بالمغرب يدفعن ثمن نقص الرعاية الصحية,امرأة حامل تُنقل على متن مركبة غير مخصصة للإسعاف عبر طريق جبلي وعر في منطقة نائية بإقليم أزيلال، المغرب، في رحلة محفوفة بالمخاطر للحصول على الرعاية الصحية (وكالة الأنباء المغربية),قضايا اجتماعية,المغرب
لبنان يُدشّن محطة شمسية عملاقة بقدرة 100 ميغاواط: خطوة حاسمة نحو استقرار شبكة الكهرباء,الآلاف من الألواح الشمسية تمتد على مساحات واسعة في محطة للطاقة الشمسية جرى تدشينها حديثاً في منطقة البقاع اللبناني (رويترز/أرشيف).,طاقة,لبنان
مسقط تستضيف جولة مباحثات إقليمية سرية لتهدئة التوترات بين دول متجاورة,موكب سيارات دبلوماسية يغادر أحد فنادق العاصمة مسقط الفاخرة بعد اجتماع مغلق لم تُكشف تفاصيله (وكالات),سياسة,عُمان
"""أزمة التسرب المدرسي تتفاقم في شمال سوريا.. آلاف الأطفال خارج مقاعد الدراسة""",طفل يحمل كمية من الحطب الجاف على ظهره بالقرب من منزله، بينما كان يفترض أن يكون في المدرسة، في إحدى القرى بريف إدلب الجنوبي. (صحفيون بلا حدود),قضايا اجتماعية,سوريا
المنامة تقود حراكاً خليجياً لبلورة إستراتيجية موحدة لتأمين الممرات التجارية البحرية,وزراء النقل والتجارة بدول مجلس التعاون الخليجي في اجتماع مشترك بالمنامة لبحث المشروع المقترح (رويترز),سياسة,البحرين
جهود مجتمعية في الصومال: برامج تدريب مهني تضيء مستقبل آلاف الشباب في بيدوا,شاب صومالي يتعلم أساسيات النجارة في ورشة تدريب مهني بمدينة بيدوا، ضمن مبادرة مجتمعية لتمكين الشباب من المهارات الحرفية. (مصدر محلي),مجتمع,الصومال
"الحكومة العراقية تطلق مبادرة ""صناعة المستقبل"" لجذب مليار دولار استثمارات في القطاعات غير النفطية","مهندسون وفنيون عراقيون يتفقدون معدات حديثة في مجمع صناعي جديد أطلقته الحكومة ضمن مبادرة ""صناعة المستقبل"" (الوكالة الوطنية العراقية)",اقتصاد,العراق
"مبادرة ""أجاويد"" تحقق نجاحاً باهراً في تعزيز العمل التطوعي المجتمعي بالسعودية","شباب سعوديون يشاركون بحماس في فعالية لتنظيف أحد الشواطئ ضمن مبادرة ""أجاويد"" (واس)",مجتمع,السعودية
وفاة وإصابات إثر انهيار سقف مبنى قيد الإنشاء بمنطقة لوسيل في قطر,فرق الدفاع المدني القطرية تباشر عمليات إجلاء وإنقاذ في موقع انهيار سقف مبنى بمدينة لوسيل (وكالة الأنباء القطرية),حوادث,قطر
"المغرب يطلق مشروع ""أكاديمية المواهب الذهبية"" بتكلفة ضخمة لتعزيز ريادته الكروية نحو مونديال 2030","صورة جوية لنموذج معماري ضخم يبرز التصميم المستقبلي لأكاديمية ""المواهب الذهبية"" في إحدى ضواحي الرباط، وتظهر فيها ملاعب تدريب عصرية خضراء، ومباني سكنية وتعليمية متطورة، مع إضاءة خافتة توحي ببعد المشروع الاستراتيجي (وكالة المغرب العربي للأنباء).",رياضة,المغرب
"الإمارات تدشن ""تحالف الازدهار"" لدعم الاستقرار الاقتصادي في شرق أفريقيا",وزير الدولة الإماراتي للشؤون الخارجية يتحدث خلال جلسة افتتاحية لقمة شراكة اقتصادية في أبوظبي (وكالة الأنباء الإماراتية),سياسة,الإمارات
سلطنة عُمان تفتتح مركزاً وطنياً متطوراً لأمراض الدم الوراثية,فريق طبي متخصص داخل مختبرات مركز أمراض الدم الوراثية الجديد في مسقط.,صحة,عُمان
"الكويت تطلق ""مشروع بصمة"" لحفظ الذاكرة المعمارية لبيوت ""العدسانية"" التاريخية","صورة جوية تظهر التخطيط العمراني الفريد لحي العدسانية التاريخي في مدينة الكويت، مع التركيز على ساحات المنازل الداخلية المميزة والأسطح الطينية التقليدية التي يسعى ""مشروع بصمة"" للحفاظ عليها.",ثقافة,الكويت
الأمم المتحدة تحذر من انهيار قطاع الكهرباء في تعز جراء نقص الوقود وتدهور المحطات,مولدات كهرباء تعمل في أحد الأحياء السكنية بمدينة تعز اليمنية، وسط أزمة طاقة خانقة (أسوشيتد برس),طاقة,اليمن
"مبادرة ""شعلة الأمل"" تضيء دروب التعليم لآلاف الأطفال في المناطق الريفية الصومالية",أطفال صوماليون يشاركون بحماس في حصة دراسية داخل إحدى المدارس المجتمعية التي أُنشئت حديثاً بإقليم غدو جنوب غرب الصومال (الأسوشيتد برس).,تعليم,الصومال
مقتل وإصابة العشرات في حادث خروج قطار عن سكته بوقفصة التونسية,فرق الإنقاذ والإسعاف تباشر عملها في موقع حادث خروج القطار عن سكته بوقفصة التونسية.,حوادث,تونس
منظمات مجتمع مدني في جزر القمر تدعو لتشديد الرقابة على زواج القاصرات,مجموعة من الفتيات والنساء الكوموريات يشاركن في جلسة توعية مجتمعية بإحدى القرى (رويترز/الأناضول).,قضايا اجتماعية,جزر القمر
البرلمان العراقي يُقر قانوناً جديداً لإعادة هيكلة المجالس المحلية وسط ترقب شعبي,منظر عام لقاعة مجلس النواب العراقي في بغداد أثناء جلسة تصويت حاسمة على قانون صلاحيات المجالس المحلية، 27 مايو/أيار الجاري (رويترز),سياسة,العراق
بلدة في شمال لبنان تطلق مشروعا رائدا لتحويل النفايات إلى فرص عمل وتمكين مجتمعي,متطوعون، بينهم نساء وشباب، يشاركون في فرز المواد البلاستيكية ضمن مركز إعادة التدوير الجديد في إحدى بلدات قضاء عكار شمال لبنان (مصور محلي).,مجتمع,لبنان
التصحر يزحف ويهدد سبل عيش الآلاف في ريف البصرة,مزارع عراقي يقف على أرضه الزراعية الجافة والمتشققة في إحدى قرى ريف البصرة، متأثراً بتداعيات التصحر (رويترز).,مجتمع,العراق
العراق يطلق خطة طموحة لتوطين مراكز البيانات وتعزيز السيادة الرقمية,فنيون يعملون داخل أحد مراكز البيانات الحديثة في العاصمة بغداد (رويترز),تقنية,العراق
البرلمان التونسي يشهد نقاشاً حاداً حول تعديلات مقترحة لقانون الانتخابات المحلية,نواب البرلمان التونسي خلال جلسة عامة لمناقشة مشاريع قوانين في مبنى مجلس نواب الشعب بالعاصمة تونس (أ.ف.ب.),سياسة,تونس
مبادرات مجتمعية في تعز تسعى لإنقاذ صناعة الخزف التقليدية من الاندثار,حرفي يمني يقوم بتشكيل قطعة فخارية يدوياً في أحد المحاجر التقليدية بمدينة تعز، اليمن.,مجتمع,اليمن
نزيف الكفاءات الطبية يُنذر بانهيار وشيك للرعاية الصحية في لبنان,ممرضة لبنانية منهكة تعمل في قسم الطوارئ بأحد المستشفيات في بيروت، في ظل النقص الحاد في الكوادر الطبية والموارد.,صحة,لبنان
الأردن يطلق حزمة حوافز استثمارية ضخمة لدعم قطاع الصناعات الخضراء,منظر بانورامي لمشروع محطة للطاقة الشمسية قيد الإنشاء في منطقة الأزرق بالأردن، ضمن استراتيجية المملكة نحو الاقتصاد الأخضر.,اقتصاد,الأردن
"العراق يطلق المرحلة الثانية من مشروع ""ناقل بيانات العراق"" لتعزيز البنية التحتية الرقمية",مهندس عراقي يشرف على فريق من الفنيين خلال أعمال مد كابلات الألياف الضوئية في إطار مشروع تطوير الشبكة الوطنية للإنترنت بأحد أحياء بغداد.,تقنية,العراق
الجزائر تدشن مركزًا متخصصًا لعلاج الأورام النادرة في وهران,واجهة المركز الجزائري لعلاج الأورام النادرة في مدينة وهران، مع حضور مسؤولين محليين وطاقم طبي خلال الافتتاح. (وكالة الأنباء الجزائرية),صحة,الجزائر
"قطر تطلق ""مبادرة نبض الحياة"" للكشف المبكر عن أمراض القلب والسكري على مستوى الدولة","طبيبة تشرح لمواطنة أهمية الفحص الدوري لأمراض القلب والسكري ضمن فعاليات ""مبادرة نبض الحياة"" في أحد المراكز الصحية بالدوحة. (وزارة الصحة العامة - قطر)",صحة,قطر
تقارير بيئية تحذر: تزايد ملوحة التربة يهدد الإنتاج الزراعي بدلتا النيل في مصر,مزارع مصري يتفقد حقلًا متضررًا من ارتفاع ملوحة المياه الجوفية في منطقة شمال الدلتا (صورة خاصة).,بيئة,مصر
تآكل الشواطئ الليبية يُنذر بكارثة بيئية وثقافية: دعوات لخطط استجابة عاجلة,أمواج البحر تضرب بقوة أساسات قلاع تاريخية متآكلة على الساحل الشرقي لليبيا، مما يبرز خطر الانهيار الوشيك.,بيئة,ليبيا
تحديات ومبادرات: شباب ليبيون يتصدون لإهمال التراث العمراني في قلب طرابلس القديمة,مجموعة من المتطوعين الشباب وهم يعملون على تنظيف وترميم واجهة مبنى تاريخي متضرر في أحد أزقة البلدة القديمة بطرابلس، في إشارة إلى جهودهم المستمرة للحفاظ على الطابع المعماري للمدينة.,مجتمع,ليبيا
"سلطنة عُمان تدشن برنامج ""جيل المبدعين"" لتعزيز الابتكار والمهارات المستقبلية في المدارس","مجموعة من الطلاب العُمانيين يعملون على مشروع ابتكاري ضمن فعاليات برنامج ""جيل المبدعين"" في إحدى المدارس الحكومية (وزارة التربية والتعليم)",تعليم,عُمان
"جزر القمر تطلق مبادرة ""صحة المستقبل"" لتعزيز مكافحة سوء التغذية لدى الأطفال",أمهات ينتظرن مع أطفالهن دورهم في مركز صحي بمدينة موروني، جزر القمر، ضمن مبادرة وطنية لتحسين صحة الأطفال (رويترز),صحة,جزر القمر
تصادم تسلسلي مروع يغلق طريق عمان - إربد ويخلف إصابات متفاوتة,فرق الدفاع المدني تتعامل مع موقع حادث التصادم التسلسلي الذي أغلق طريق عمان - إربد، وتظهر المركبات المتضررة متناثرة على طول المسرب (الدفاع المدني).,حوادث,الأردن
جزر القمر تنجح في تأمين استثمارات ضخمة لتحديث بنيتها التحتية السمكية,قوارب صيد تقليدية ترسو في أحد موانئ جزر القمر، بينما تستعد لتبني تقنيات صيد وتخزين حديثة.,اقتصاد,جزر القمر
حوارات مكثفة بين الفصائل الفلسطينية لبناء استراتيجية موحدة للمرحلة المقبلة,جانب من اجتماع سابق يجمع ممثلين عن الفصائل الفلسطينية لمناقشة قضايا الوحدة الوطنية في أحدى العواصم العربية (الأرشيف),سياسة,فلسطين
رغم الطموح.. شابات جزر القمر يواجهن عقبات تقليدية واقتصادية لدخول سوق العمل الحر,شابة قمرية تعمل بجد في ورشتها الحرفية الصغيرة، وسط تحديات تباطؤ الاقتصاد المحلي وقلة فرص الدعم الموجه للنساء رائدات الأعمال (مصدر محلي).,قضايا اجتماعية,جزر القمر
العراق يطلق منطقة صناعية حرة واسعة في البصرة لجذب استثمارات بمليارات الدولارات,مسؤولون عراقيون يتقدمون الوفود الأجنبية خلال جولة تفقدية لموقع المنطقة الصناعية الحرة الجديدة في البصرة (رويترز),اقتصاد,العراق
منتخب سوريا للشباب يحسم تأهله لنهائيات كأس آسيا بعد انتصار دراماتيكي,لاعبو المنتخب السوري للشباب يحتفلون بحماس كبير على أرض الملعب بعد تحقيق الفوز والتأهل، بينما تلوح الأعلام السورية في أيدي الجماهير المتحمسة خلفهم (وكالات),رياضة,سوريا
وفاة وإصابة 15 شخصاً في حادث تصادم مروع شمالي نواكشوط,سيارات إسعاف ورجال أمن في موقع حادث سير بين شاحنة وحافلة صغيرة على طريق الأمل شمال العاصمة الموريتانية (الأخبار الموريتانية),حوادث,موريتانيا
حرفة النحاس في حلب تواجه الاندثار وسط مساعٍ مجتمعية لإنقاذها,حرفي سوري يطرق قطعة نحاسية في ورشة تقليدية داخل سوق حلب القديم، في ظل تحديات اقتصادية وتهجير تواجه هذه الصناعة العريقة (رويترز),مجتمع,سوريا
ينابيع لبنان الجبلية تحت تهديد النفايات ومخلفات البناء: كارثة بيئية تلوح بالآفاق,أكوام من النفايات المنزلية ومخلفات البناء ملقاة على ضفة أحد الأنهار الجبلية في قضاء البترون اللبناني، مما يهدد بتلوث مصادر المياه العذبة (صورة تعبيرية).,بيئة,لبنان
الجزائر تعتمد نظام إنذار مبكر لمواجهة تصاعد حرائق الغابات الصيفية,طائرة كشف ومراقبة تابعة للحماية المدنية الجزائرية تحلق فوق غابة كثيفة في منطقة تيزي وزو، ضمن جهود الإنذار المبكر لمواجهة الحرائق المتوقعة (وكالة الأنباء الجزائرية).,بيئة,الجزائر
"ليبيا تسعى لجذب استثمارات دولية لتدشين ""منطقة الخضراء"" للطاقة المتجددة جنوب البلاد",بانوراما واسعة لألواح شمسية ضخمة تمتد على مساحات شاسعة في بيئة صحراوية قاحلة على غرار المواقع المقترحة للمشروع الليبي (صورة أرشيفية توضيحية).,طاقة,ليبيا
الرياضة الجزائرية: أندية عريقة تواجه شبح الإفلاس رغم خزائن المواهب الشابة,لاعبون شباب من أحد الأندية الجزائرية يتدربون في ملعب بسيط، في ظل التحديات المالية التي تعصف بمسيرتهم الكروية. (غيتي/الجزيرة),رياضة,الجزائر
جيبوتي تطلق حملة وطنية واسعة لمكافحة نقص فيتامين (أ) بين الأطفال,طفل يتلقى جرعة فموية من فيتامين (أ) في مركز صحي بمدينة جيبوتي ضمن فعاليات الحملة الوطنية لمكافحة النقص.,صحة,جيبوتي
خبراء يحذرون من تدهور الصحة النفسية للشباب الفلسطيني في ظل الأوضاع الراهنة,شاب فلسطيني يجلس وحيداً في أحد أزقة مدينة الخليل القديمة، يظهر عليه التفكير العميق والحيرة وسط التحديات اليومية.,قضايا اجتماعية,فلسطين
تحديات البنية التحتية تحاصر عودة النازحين شمالي العراق,عائلة عراقية نازحة عائدة تقف أمام منزلها المتضرر في إحدى البلدات المحررة بمحافظة نينوى، في ظل نقص حاد في خدمات البنية التحتية الأساسية.,قضايا اجتماعية,العراق
جمود الودائع المصرفية يدفع عشرات الشركات الصغيرة والمتوسطة في لبنان نحو الإفلاس,"مالك أحد المحال التجارية المغلقة في وسط بيروت يعلق لافتة ""للإيجار""، بعد تعثره في الوصول إلى أمواله المحتجزة في البنوك وعجزه عن سداد التزاماته (الفرنسية).",اقتصاد,لبنان
الجزائر تدشن أضخم مركز بيانات وطني لتعزيز السيادة الرقمية,لقطة من داخل أحد ممرات مركز البيانات الوطني الجديد في الجزائر، تظهر صفوفًا من الخوادم الحديثة (وكالة الأنباء الجزائرية).,تقنية,الجزائر
بنك فلسطين يُطلق برنامج تمويل جديد لتعزيز قطاع الثروة الحيوانية في المحافظات الجنوبية,رؤوس ماشية في مزرعة بجنوب الضفة الغربية (الأناضول),اقتصاد,فلسطين
صندوق مصر السيادي ينجح في جذب تحالف عالمي لتطوير أول منطقة صناعية خضراء بالعين السخنة,تصميم متخيل لمدينة صناعية مستقبلية متكاملة تعتمد على الطاقة النظيفة والتكنولوجيا الخضراء في منطقة العين السخنة الاقتصادية.,اقتصاد,مصر
البحرين تعلن عن خطة استراتيجية لتحديث شامل لشبكة الكهرباء الوطنية وتكامل الطاقة المتجددة,مهندسون بحرينيون يستعرضون خرائط رقمية لشبكة الكهرباء المستقبلية في أحد مراكز التحكم بالمنامة.,طاقة,البحرين
"مصر تدشن برنامجاً وطنياً لتدريس ""مهارات المستقبل"" بالتعليم ما قبل الجامعي",طلاب مصريون يشاركون في ورشة عمل تطبيقية بمدينة المنصورة (رويترز),تعليم,مصر
الجفاف والأنشطة البشرية يهددان غابات الأرز الأطلسي بالمغرب بالزوال,مشهد لغابة من أشجار الأرز الأطلسي المعمرة في جبال الأطلس المتوسط بالمغرب، تظهر عليها علامات الجفاف وبعض المناطق المتدهورة.,بيئة,المغرب
الجزائر: دعوات متزايدة لتكييف المناهج لدعم دمج أطفال طيف التوحد في المدارس العمومية,طفل من ذوي طيف التوحد يشارك في نشاط تعليمي تفاعلي داخل فصل دراسي بمدينة وهران، ضمن مبادرة محلية لدعم الدمج المدرسي (الجزيرة).,قضايا اجتماعية,الجزائر
مدن الموصل تنتفض.. العراق يطلق خطة لبعث المصانع المعطلة وخلق فرص عمل جديدة,مهندسون وعمال عراقيون يتفقدون خط إنتاج حديث داخل أحد المصانع التي أعيد تأهيلها في سهل نينوى شمالي العراق (الجزيرة),اقتصاد,العراق
"المنظمات المدنية في العراق تحذر من تصاعد ""عمالة الأطفال الخطرة"" في ورش البناء والحدادة",طفل يناهز العاشرة يعمل في ورشة حدادة قرب بغداد، العراق (وكالة الصحافة الفرنسية),قضايا اجتماعية,العراق
أبواب الورش تتصدع: فنانو الفخار في الجزائر يواجهون شبح الاندثار,حرفي عجوز يعمل بدقة على تشكيل قطعة فخارية في ورشته بمدينة تيزي وزو، وسط مخاوف من تراجع الأجيال الشابة عن هذه المهنة العريقة.,مجتمع,الجزائر
مستشفيات لبنان تحذر: نقص الكوادر والأدوية يرفع معدلات وفيات الرضع,ممرضات يقدمن الرعاية لحديثي الولادة في وحدة العناية المركزة بإحدى مستشفيات بيروت (صورة تعبيرية/الوكالة الوطنية للإعلام),صحة,لبنان
قرية صومالية نائية تصمد أمام التحديات: جهود مجتمعية لضمان حق الأطفال في التعليم,مشهد لأطفال يتابعون درساً في فصل دراسي مفتوح، تم إنشاؤه بمواد محلية بسيطة في إحدى القرى النائية بالصومال.,مجتمع,الصومال
خبراء يحذرون من تآكل الشواطئ الليبية وتأثير التغير المناخي على المدن الساحلية,أمواج البحر تضرب بقوة منطقة ساحلية متآكلة بالقرب من مدينة طبرق شرق ليبيا، تظهر آثار التغيرات المناخية على البنية التحتية الشاطئية (رويترز),بيئة,ليبيا
تحذيرات بيئية: ارتفاع حرارة المياه يهدد الشعاب المرجانية بسواحل عُمان,غواص بيئي يوثق تدهور صحة الشعاب المرجانية قبالة سواحل مسندم العُمانية (منظمة البيئة البحرية العُمانية),بيئة,عُمان
المغرب يسرع وتيرة تعميم التعليم الأولي بمناطق الواحات والقرى الجبلية,أطفال مغاربة صغار يلعبون ويتعلمون في فصل دراسي مجهز حديثاً بإحدى رياض الأطفال الجديدة بمنطقة أيت بوكماز الجبلية.,تعليم,المغرب
"القادسية الكويتي يراهن على ""الجيل الذهبي"" الجديد عبر أكاديمية المواهب",مدير أكاديمية نادي القادسية يتحدث مع مجموعة من اللاعبين الشباب خلال حصة تدريبية مخصصة لتطوير المهارات الفردية (وسائل إعلام محلية),رياضة,الكويت
وفد برلماني ليبي يغادر جولة القاهرة دون توافق حول قاعدة دستورية للانتخابات,أعضاء في مجلس النواب الليبي أثناء جلسة سابقة لمناقشة تعديلات قوانين الانتخابات (الفرنسية),سياسة,ليبيا
قطر تدشن أكبر مركز بيانات سحابي مؤمن في المنطقة لتعزيز التحول الرقمي,لقطة حديثة لمركز البيانات السحابية الضخم، يظهر تصميمه المستقبلي، الذي افتتحته قطر مؤخراً (وكالة الأنباء القطرية),تقنية,قطر
رغم التقدم.. تحديات تواجه رعاية كبار السن في عُمان وتدفع لتعزيز الدعم المجتمعي,مجموعة من المتطوعين الشباب يقدمون المساعدة لكبار السن في إحدى القرى العمانية، في إطار حملة توعية ودعم مجتمعي.,قضايا اجتماعية,عُمان
"البحرين تتقدم بملف لليونسكو: فن ""الفجري"" البحري يتأهب للعالمية","أعضاء فرقة بحرينية متخصصة في فن ""الفجري"" يؤدون طقوس الأداء التقليدية التي تجسد حياة الغواصين في مدينة المحرق (رويترز)",ثقافة,البحرين
"في ظل تحديات السوق.. شباب جيبوتي يتجهون لـ""اقتصاد الأرصفة"" بحثاً عن لقمة العيش",شباب جيبوتي يعرضون بضائع متواضعة على عربات يدوية في أحد شوارع العاصمة، في محاولة لتوفير دخل يومي (رويترز),قضايا اجتماعية,جيبوتي
"الأردن يطلق حملة ""قلبك وصحتك أولاً"" للكشف المبكر عن السكري وأمراض القلب",ممرضة أردنية تجري فحصاً أولياً للضغط لمواطن في مركز صحي بعمان، ضمن فعاليات الحملة الوطنية (رويترز),صحة,الأردن
عُمان تجدد دعوتها للحوار الإقليمي الشامل في مواجهة التوترات المتصاعدة,صورة لقاعة مؤتمرات في وزارة الخارجية العُمانية، والتي احتضنت مبادرات دبلوماسية سابقة (وكالة الأنباء العُمانية).,سياسة,عُمان
افتتاح أول ملعب رياضي معشّب في صعدة اليمنية بعد سنوات من التوقف والدمار,"لقطة جوية تظهر الملعب الرياضي ""الشهيد"" في مدينة صعدة، وقد اكتسى باللون الأخضر استعدادًا لحفل الافتتاح، محاطًا بمبانٍ سكنية تشير إلى الأمل المتجدد (وكالة الأنباء اليمنية).",رياضة,اليمن
ليبيا تُدشّن منصة إلكترونية وطنية موحدة للخدمات الصحية لتحسين إدارة البيانات,مسؤولون ليبيون يتابعون عرضاً حياً لعمل المنصة الرقمية الجديدة للخدمات الصحية خلال حفل التدشين في العاصمة طرابلس (المحلية),تقنية,ليبيا
صندوق إعادة الإعمار الليبي يطلق المرحلة الأولى لتأهيل عشرات المدارس المتضررة بالجنوب الغربي,عمال يقومون بأعمال ترميم وإنشاء في إحدى الفصول الدراسية بمدينة غات، ضمن مشروع إعادة تأهيل المدارس المتضررة في المنطقة الجنوبية الغربية من ليبيا.,تعليم,ليبيا
السعودية تطلق برنامجاً وطنياً لدمج تقنيات إنترنت الأشياء في مدنها الذكية,مهندسون سعوديون يعملون على تركيب أجهزة استشعار ذكية ضمن مشروع تطوير حضري في إحدى المدن الناشئة (واس),تقنية,السعودية
عُمان تدشن المرحلة التشغيلية لمشروعها الرائد للهيدروجين الأخضر كخطوة استراتيجية نحو التحول الطاقي,محطة لإنتاج الهيدروجين الأخضر في منطقة الدقم الاقتصادية الخاصة بسلطنة عُمان (وكالة الأنباء العمانية),طاقة,عُمان
"قطر تعلن عن مبادرة ""مسار الأبطال"" للدراجات الهوائية.. رهان جديد على اكتشاف المواهب الشابة",صورة جوية لمجموعة من الدراجين الشباب يشاركون في سباق على طريق سريع مصمم خصيصاً للدراجات الهوائية في منطقة صحراوية بقطر، مع أبراج الدوحة في الأفق (الجزيرة),رياضة,قطر
البحرين: مبادرات نوعية لتعزيز الترابط الأسري ورعاية كبار السن,لمسة حانية: شاب بحريني يتحدث مع سيدة مسنة في فعاليات يوم الأجداد بالمنامة.,قضايا اجتماعية,البحرين
الإمارات تطلق مبادرة تعليمية رائدة لغرس قيم الاستدامة في الأجيال الناشئة,طلاب ومعلمون يشاركون في ورشة عمل بيئية تفاعلية بإحدى المدارس الحكومية ضمن المبادرة الوطنية لتعزيز الوعي البيئي (وام).,تعليم,الإمارات
"الادعاء العام التونسي يحيل قيادياً معارضاً للمحاكمة بتهمة ""التآمر على أمن الدولة""",محامية تتحدث للصحفيين بحضور نشطاء مدنيين أمام قصر العدالة في تونس العاصمة بعد جلسة استماع (رويترز),سياسة,تونس
جزر القمر تدشن منصة رقمية موحدة للخدمات الحكومية لتعزيز الشفافية والكفاءة,مسؤولون حكوميون في جزر القمر يتابعون عرضاً تقديمياً للمنصة الرقمية الموحدة للخدمات العامة خلال حفل الإطلاق في موروني (خاص),تقنية,جزر القمر
الجزائر تطلق حملة وطنية كبرى لإعادة تشجير مليون هكتار من الغابات المتضررة والمعرضة للتصحر,عمال غابات ومتطوعون يزرعون شتلات صغيرة في منطقة جبلية شمال الجزائر في إطار مشروع وطني لاستعادة الغطاء النباتي (وكالة الأنباء الجزائرية).,بيئة,الجزائر
مبادرات مجتمعية في العراق تطلق برامج لتعليم الحرف التقليدية للشباب,شباب عراقيون يتعلمون فن صناعة الفخار في ورشة ضمن إحدى المبادرات الأهلية لتعزيز التراث المحلي في النجف.,مجتمع,العراق
لبنان: آلاف المعلمين يغادرون المدارس الحكومية.. جرس إنذار لتدهور جودة التعليم العام,طلاب في إحدى قاعات الدراسة المكتظة بإحدى المدارس الحكومية اللبنانية، في ظل النقص المتزايد في الكادر التدريسي بسبب الظروف الاقتصادية الصعبة.,تعليم,لبنان
"الجزائر تدشن المرحلة الكبرى لمشروع ""السد الأخضر"" لمواجهة زحف الرمال وحماية التنوع البيولوجي",لقطة جوية لمناطق شاسعة تغطيها آلاف الشتلات المزروعة حديثاً على أطراف الصحراء الجزائرية، ضمن جهود توسيع مشروع السد الأخضر (وكالة الأنباء الجزائرية).,بيئة,الجزائر
"تونس تطلق ""خارطة طريق"" جديدة لتأهيل خريجي التكوين المهني لسوق العمل المتغير",طلاب تونسيون يتدربون على آلات متخصصة في ورشة تقنية بأحد مراكز التكوين المهني الحكومية في العاصمة (أ ف ب).,تعليم,تونس
السعودية تدشن أكبر مركز بيانات فائق النطاق في المنطقة لدعم التحول الرقمي,صورة جوية لمركز بيانات حديث يضم عدة مبانٍ ضخمة، يرمز للاستثمار السعودي في البنية التحتية الرقمية وتعزيز قدرات الحوسبة السحابية (واس).,تقنية,السعودية
مأساة جديدة في اليمن: لغم أرضي يودي بحياة أسرة من خمسة أفراد في ريف حجة,عاملون في فرق نزع الألغام يقومون بتمشيط منطقة ريفية ملوثة في إحدى المحافظات اليمنية، وسط تحذيرات متجددة من خطورة مخلفات الحرب.,حوادث,اليمن
المنتخب الجزائري لكرة اليد للسيدات يختتم معسكراً تدريبياً مكثفاً استعداداً لتحديات قارية,لاعبات المنتخب الوطني يتدربن بجدية وتركيز في إحدى الصالات الرياضية المتطورة بالجزائر (الجزيرة).,رياضة,الجزائر
السودان: منصات محلية للدفع الرقمي تكتسب زخماً في ظل تحديات البنية المصرفية,مواطن سوداني يُجري معاملة دفع رقمي عبر هاتفه الذكي في سوق محلي بالخرطوم (رويترز),تقنية,السودان
انفجار غاز مدمر يهز قسنطينة.. 5 قتلى وعشرات الجرحى وانهيار مبنى سكني,فرق الحماية المدنية الجزائرية تزيل الركام بحثاً عن ناجين في موقع انفجار للغاز أدى إلى انهيار مبنى سكني بمدينة قسنطينة (الجزيرة/25 أبريل 2024),حوادث,الجزائر
ليبيا تطلق مبادرة وطنية لإحياء المناطق الصناعية المهملة كرافعة للتنوع الاقتصادي,أعمال صيانة وتطوير تجري في أحد المصانع المتوقفة بمدينة مصراتة الصناعية، كجزء من خطة حكومية لدعم القطاع الإنتاجي.,اقتصاد,ليبيا
انهيار هيكل إنشائي بمشروع ضخم غرب الكويت يسفر عن وفيات وإصابات خطيرة,تظهر الصورة فرق الدفاع المدني والإسعاف الكويتي وهي تباشر عمليات إجلاء المصابين والبحث عن محتجزين تحت أنقاض الهيكل المنهار لأحد المشاريع قيد الإنشاء غرب مدينة الكويت.,حوادث,الكويت
حادث اصطدام تسلسلي مروع على الطريق السيارة الرابطة بين تونس وسوسة يودي بحياة 4 أشخاص ويصيب 15 آخرين,فرق الإنقاذ وسيارات الإسعاف في موقع حادث اصطدام تسلسلي لعدة سيارات على طريق سريع، حيث تظهر بعض المركبات المتضررة فيما يُجرى التعامل مع المصابين.,حوادث,تونس
"مبادرة ""الأيادي الخضراء"": جامعات لبنان تتجه نحو تأهيل الشباب لمتطلبات الاقتصاد المستدام","مجموعة من طلاب الجامعة اللبنانية خلال ورشة عمل تطبيقية حول تقنيات الطاقة المتجددة ضمن برنامج ""الأيادي الخضراء"" لتأهيل الشباب لسوق العمل المستدام. (صور خاصة)",تعليم,لبنان
نقص أطباء الأطفال.. تحدٍّ يواجه صحة فلذات أكباد موريتانيا بالبوادي,أم تحمل طفلها داخل عيادة صحية بسيطة في منطقة ريفية نائية بموريتانيا، في ظل نقص الأطباء المتخصصين.,صحة,موريتانيا
الرباط تستضيف مؤتمراً إقليمياً رفيع المستوى لمناقشة آليات التكامل الأمني,المشاركون في المؤتمر الإقليمي خلال الجلسة الافتتاحية بالرباط، بحضور مسؤولين مغاربة ودوليين. (وكالة المغرب العربي للأنباء),سياسة,المغرب
ورش عمل للحرفيين: السودان يسابق الزمن لصون فنون النسيج النوبي الأصيل,حرفية نوبية شابة تعمل على نول يدوي، مزينة بخيوط وملونة تُبرز تعقيد النسيج النوبي التقليدي (خاص بالجزيرة).,ثقافة,السودان
المصرف المركزي الليبي يكشف عن آلية جديدة لتوحيد سعر الصرف وتعزيز الاستقرار المالي,محافظ المصرف المركزي الليبي خلال مؤتمر صحفي في طرابلس يناقش مستجدات السياسة النقدية (رويترز),اقتصاد,ليبيا
مبادرات أهلية في سنار تفتح أبواب التعليم لآلاف الأطفال النازحين,"مجموعة من الأطفال النازحين يشاركون في حصة دراسية داخل مركز تعليمي مؤقت في ولاية سنار، ضمن جهود المجتمع المدني لدعم التعليم (مؤسسة ""المستقبل"" المحلية).",تعليم,السودان
جيبوتي تدشن المرحلة الثانية من مشروع عسال للطاقة الحرارية الجوفية لتحقيق الاكتفاء الذاتي,"أبراج حفر تعمل على التنقيب عن مصادر الطاقة الحرارية الجوفية في منطقة ""غوبيت"" قرب بحيرة عسال بجيبوتي، حيث تتصاعد أعمدة البخار من باطن الأرض. (وكالة الأنباء الجيبوتية)",طاقة,جيبوتي
مبادرة شبابية لبنانية تسعى لإنقاذ مباني طرابلس التاريخية من الاندثار,متطوعون شباب يعملون بحماس على ترميم واجهة أحد المنازل التراثية في حي القبة القديم بمدينة طرابلس اللبنانية، في إطار مشروع يهدف للحفاظ على الطابع المعماري الفريد للمدينة.,ثقافة,لبنان
كارثة طرق.. عشرات القتلى والجرحى في حادث تصادم مروع جنوب الخرطوم,فرق الدفاع المدني وجمع من الأهالي يتفقدون حطام حافلة ركاب متصادمة على طريق ترابي، تزامناً مع جهود إجلاء المصابين.,حوادث,السودان
التعليم في سوريا: جدران مهدمة وأحلام معلقة لآلاف الأطفال,طلاب سوريون يتلقون دروسهم داخل فصل دراسي متضرر جزئياً جراء النزاع، في إحدى المناطق الريفية بسوريا (منظمات إغاثية).,قضايا اجتماعية,سوريا
الصومال يشرق بالطاقة الشمسية: خطة وطنية لإنارة المدن وتخفيض تكاليف الكهرباء,أحد مشاريع الطاقة الشمسية قيد التنفيذ في العاصمة الصومالية مقديشو، يهدف لتوسيع شبكة الكهرباء (الصورة: وكالة الأنباء الصومالية),طاقة,الصومال
"""حكايات الشارع"" بتونس... مبادرة شبابية تنفض الغبار عن فن ""القوالة"" التراثي وتحمله للفضائات الرقمية","أحد رواة الحكايات التقليدية (القوالة) يشد انتباه جمهور من الشباب على إحدى الساحات العمومية بالمدينة العتيقة بتونس، خلال فعالية تنظمها مبادرة ""حكايات الشارع"". (صورة تعبيرية)",ثقافة,تونس
"شباب عمان يعيدون إحياء ""بيوت التبريد"" التقليدية: مبادرات مجتمعية للحفاظ على إرث الجبل الأخضر","مجموعة من الشبان العمانيين يعملون على ترميم جدران طينية لـ""بيت تبريد"" تقليدي في إحدى قرى الجبل الأخضر، وهم ينقلون الأحجار ومواد البناء المحلية. تظهر خلفهم التضاريس الجبلية الوعرة، مما يعكس جهودهم في الحفاظ على التقنيات المعمارية القديمة وتكييفها مع متطلبات الحاضر.",مجتمع,عُمان
جيبوتي تدشن منطقة تجارة حرة متخصصة لاستقطاب الصناعات اللوجستية الإقليمية,عرض تخطيطي لمركز توزيع بضائع حديث ضمن المنطقة التجارية الحرة الجديدة المزمع إنشاؤها قرب ميناء جيبوتي (رويترز),اقتصاد,جيبوتي
لجنة التنسيق السورية-اللبنانية تبحث آفاق التعاون الأمني على الحدود المشتركة,لقطة أرشيفية تظهر مسؤولين من الجانبين السوري واللبناني خلال جولة سابقة على منفذ حدودي مشترك بين البلدين (وكالة الأنباء السورية - سانا),سياسة,سوريا
صراع البراءة والرزق: أطفال ليبيا يواجهون تحديات التعليم ومخاطر سوق العمل,طفل ليبي يستريح لفترة وجيزة وهو يحمل كيساً ثقيلاً من البضائع في سوق شعبية مكتظة، في وقت كان يفترض أن يكون في المدرسة (رويترز).,قضايا اجتماعية,ليبيا
"""معاناة مضاعفة"".. قرى السودان النائية تواجه نقصاً حاداً في الدواء والكوادر الطبية",طبيب يفحص مريضاً في عيادة مؤقتة وسط قرية نائية بولاية النيل الأزرق السودانية (الجزيرة - أرشيف),قضايا اجتماعية,السودان
حملة وطنية جديدة في الكويت تسعى لكسر وصمة العار المرتبطة بالصحة النفسية,مشاركون في ورشة عمل توعوية حول الصحة النفسية ضمن حملة مجتمعية أُطلقت مؤخراً في العاصمة الكويتية.,قضايا اجتماعية,الكويت
وزارة التعليم القطرية تطلق استراتيجية وطنية شاملة لتطوير مهارات المستقبل في المناهج,طلاب قطريون يشاركون في مشروع جماعي لتنمية مهارات التفكير الابتكاري ضمن فعاليات إطلاق الاستراتيجية الجديدة. (قنا),تعليم,قطر
صيدليات تونس تواجه شبح نقص الأدوية المزمنة.. مناشدات شعبية للتدخل الحكومي,رفوف صيدلية شبه خاوية في العاصمة تونس تعكس أزمة نقص الأدوية المزمنة التي تؤرق المرضى وأسرهم (رويترز),صحة,تونس
"الجزائر تطلق ""مشروع الألف هكتار"" لتعزيز الاكتفاء الذاتي من الزيوت النباتية",مزارعون جزائريون يتفقدون حقول بذور اللفت في سهل متيجة، ضمن خطة حكومية لتوسيع زراعة المحاصيل الزيتية. (الأسوشيتد برس),اقتصاد,الجزائر
الكويت: مبادرة تشريعية جديدة لتعزيز الرقابة البرلمانية على المشاريع الحكومية الكبرى,رئيس لجنة الشؤون المالية والاقتصادية بمجلس الأمة الكويتي يترأس اجتماعاً لمناقشة مقترح قانون بشأن آليات الرقابة على تنفيذ المشاريع الإنمائية (الفرنسية),سياسة,الكويت
شباب بلوزداد يصنع التاريخ بتأهله الأول لنصف نهائي دوري أبطال أفريقيا,جماهير نادي شباب بلوزداد تلوح بالأعلام الجزائرية في مدرجات ملعب 5 جويلية الأولمبي بالجزائر العاصمة (رويترز),رياضة,الجزائر
"** الغابات السورية تستغيث: قطع جائر يهدد التنوع البيولوجي في جبال اللاذقية

**",** أشجار صنوبر وسنديان مقطوعة حديثاً ملقاة على منحدر جبلي، مع ظهور مساحات واسعة من الغابات المتضررة خلفها في ريف اللاذقية الشمالي.,بيئة,سوريا
مدارس مهجورة ومستقبل مجهول: الجفاف يجبر مئات الآلاف من أطفال الصومال على ترك مقاعد الدراسة,أطفال صوماليون يتجمعون أمام خيمة دراسية مؤقتة في مخيم للنازحين بالقرب من بيدوا، حيث تعطل موجات الجفاف المتتالية ونزوحهم آفاقهم التعليمية. (الأمم المتحدة),قضايا اجتماعية,الصومال
"برامج ""جسور المستقبل"" في قطر تطلق مرحلتها الجديدة لتدريب الشباب على مهن العصر الرقمي","شباب قطريون يشاركون بورشة عمل تفاعلية ضمن مبادرة ""جسور المستقبل"" لتعزيز مهاراتهم الرقمية في الدوحة. (رويترز)",قضايا اجتماعية,قطر
"المغرب: الحكومة تعرض ""ميثاق اللامركزية"" الجديد وسط انقسام برلماني",وزير الداخلية المغربي يقدم عرضاً أمام لجنة برلمانية مختصة بمجلس النواب في الرباط، أمس، في إطار مناقشة الإصلاحات الحكومية (الفرنسية).,سياسة,المغرب
مبادرة شبابية في جزر القمر لإحياء الحرف التقليدية المهددة بالاندثار,حرفي شاب يعرض قطعاً من الحلي الفضية المصنوعة يدوياً بتقنيات تقليدية في سوق موروني (الجزيرة).,ثقافة,جزر القمر
"البحرين تكشف عن خطط طموحة لتطوير ""مدينة خليفة الرياضية"" كمحور رياضي إقليمي",صورة تخيلية لملعب كرة القدم الرئيسي ضمن مشروع تطوير مدينة خليفة الرياضية في المنامة، البحرين.,رياضة,البحرين
نزوح الكفاءات التعليمية يعرقل استئناف الدراسة بالمناطق الآمنة في السودان,طلاب يجلسون في فصل دراسي شبه فارغ بإحدى المدارس التي أعيد فتحها جزئياً في ولاية الجزيرة، تظهر مقاعد فارغة ترمز لنقص الكوادر التدريسية (رويترز).,تعليم,السودان
لبنان يضيء نفسه ذاتياً.. هل تُنهي الطاقة الشمسية أزمة الظلام أم تزيدها تعقيداً؟,ألواح شمسية تغطي أسطح المنازل في إحدى ضواحي بيروت (رويترز),طاقة,لبنان
ليبيا تدشن مشروعاً استراتيجياً للطاقة الشمسية لدعم استقرار الشبكة الكهربائية في المناطق الجنوبية,عمال يراجعون ألواحاً شمسية حديثة ضمن محطة لتوليد الكهرباء في الصحراء الليبية (رويترز - أرشيف),طاقة,ليبيا
عرقلة برلمانية لمشروع إصلاح وزاري مفصلي تدفع الكويت نحو أزمة سياسية جديدة,جلسة برلمانية متوترة داخل مجلس الأمة الكويتي تتخللها نقاشات حادة حول مشروع قانون إعادة هيكلة الوزارات، وسط مخاوف من تداعيات تعطيله على الاستقرار الحكومي (غيتي).,سياسة,الكويت
الكويت: أكثر من 15 مركبة في تصادم تسلسلي.. وإصابات متعددة تُغلق طريق الفحيحيل,جهود فرق الطوارئ ورجال الأمن في التعامل مع حادث تصادم تسلسلي ضخم شمل أكثر من 15 مركبة على طريق الفحيحيل السريع في الكويت، حيث تظهر سيارات الإسعاف والمركبات المتضررة (رويترز).,حوادث,الكويت
جيبوتي تدشن أكبر مركز بيانات إقليمي لتعزيز محوريتها الرقمية في شرق أفريقيا,خوادم متطورة داخل أحد أقسام مركز البيانات الجديد الذي تم افتتاحه في جيبوتي، والذي سيساهم في استضافة البيانات وتقديم خدمات سحابية متقدمة للمنطقة.,تقنية,جيبوتي
الأردن يطلق برنامجاً وطنياً لتقليص الاكتظاظ الصفي وتحسين البيئة التعليمية,طلاب يغادرون مبنى مدرسياً جديداً تم تشييده ضمن المرحلة الأولى من برنامج التوسعة الحكومي في إحدى مناطق شرق عمان (تصوير: الأناضول),تعليم,الأردن
الحكومة العراقية تطلق خطة استراتيجية لإنهاء حرق الغاز المصاحب بحلول 2028 وتوفير وقود للمحطات الكهربائية,ألسنة لهب تشتعل من أحد حقول النفط في البصرة، جنوب العراق، حيث يُحرق الغاز المصاحب لإنتاج النفط.,طاقة,العراق
"البحرين تطلق ""جسر الحكايات"": مبادرة لتوثيق السرد الشعبي الشفهي","مجموعة من كبار السن البحرينيين يشاركون في جلسة سرد قصصي ضمن مبادرة ""جسر الحكايات"" (هيئة البحرين للثقافة والآثار)",ثقافة,البحرين
بجهود شبابية تطوعية.. شواطئ تيبازة الجزائرية تستعيد بريقها الأخضر استعداداً لموسم الاصطياف,متطوعون شبان يجمعون النفايات وينظفون أحد شواطئ تيبازة ضمن حملة بيئية كبرى أطلقتها جمعيات محلية (وكالة الأنباء الجزائرية).,مجتمع,الجزائر
أزمة سوء التغذية تتفاقم بين الأطفال في تعز مع تدهور الوضع الصحي,طفل يمني يبدو عليه الهزال الشديد ووزنه أقل من الطبيعي، يتلقى رعاية صحية في إحدى المراكز العلاجية بمدينة تعز (رويترز),قضايا اجتماعية,اليمن
سهول الغاب بسوريا تحت تهديد بيئي: تلوث المجاري المائية يهدد الثروة السمكية والزراعة,صياد يفحص شباكه الفارغة قرب مجرى مائي ملوث في سهل الغاب، محاطاً بقوارير بلاستيكية وقمامة طافية (وكالة فرانس برس),بيئة,سوريا
جيبوتي تطلق مشروعاً وطنياً طموحاً لحفظ وإحياء الشعر الشفوي الأفاري والصومالي,شيخ جيبوتي يؤدي قصيدة شفوية تقليدية أمام جمهور من الشباب في إحدى المناسبات الثقافية بالعاصمة جيبوتي (الفرنسية).,ثقافة,جيبوتي
حادث تصادم مروع يودي بحياة أربعة وإصابة آخرين على طريق الشمال في قطر,فرق الإنقاذ تعمل على إزالة حطام حادث تصادم بين عدة مركبات على طريق الشمال في الدوحة (الصحافة القطرية),حوادث,قطر
جيبوتي تدشن مركزاً جديداً للبيانات يعزز مكانتها كبوابة إفريقية للربط الرقمي,خوادم بيانات متطورة داخل المركز الجديد في جيبوتي، محور لتدفق المعلومات عبر القارة السمراء (رويترز),تقنية,جيبوتي
مبادرة مجتمعية في جزر القمر تُحيي الحرف التقليدية وتوفر فرص عمل للشباب,مجموعة من الشبان والشابات في جزر القمر يتعلمون فن صناعة الفخار التقليدي ضمن ورشة عمل محلية (شترستوك),مجتمع,جزر القمر
جزر القمر: جدل حاد يحيط بمشروع قانون يوسع صلاحيات الرئيس في قضايا الأمن,نواب برلمانيون من جزر القمر يشاركون في جلسة تشريعية محتدمة بالعاصمة موروني (الفرنسية),سياسة,جزر القمر
"جيبوتي تدشن ""أكاديمية الأمل"" لرفد كرة القدم بمواهب شابة",أطفال يرتدون زي التدريب أثناء حصة كروية على أرضية عشب صناعي حديثة ضمن أكاديمية الأمل في جيبوتي العاصمة (وكالة الأنباء الجيبوتية),رياضة,جيبوتي
مبادرة إقليمية جديدة تواجه عقبات في مساعيها لفك جمود الملف اليمني,وفود دبلوماسية خلال اجتماع سابق لمناقشة سبل السلام في اليمن (رويترز),سياسة,اليمن
جزر القمر توقع اتفاقية استثمار ضخمة لتحديث ميناء موروني وتعزيز مكانتها الاقتصادية الإقليمية,وفود رسمية من جزر القمر وشركاء دوليون يتبادلون وثائق الاتفاقية في حفل التوقيع بمبنى حكومي في موروني، العاصمة القمرية (رويترز),اقتصاد,جزر القمر
تونس تسرّع خططها الشمسية لمواجهة تحديات فاتورة الطاقة وتكثف الشراكات الخاصة,عمال في موقع تركيب ألواح شمسية ضمن مشروع جديد للطاقة المتجددة جنوب البلاد.,طاقة,تونس
مدارس السودان: صمود التعليم الأهلي في وجه الدمار وتحديات النزوح,أطفال سودانيون يتلقون دروسهم في فصل مؤقت أقامته مبادرات أهلية بإحدى المناطق التي تستضيف نازحين (وكالات),مجتمع,السودان
"ليبيا: مبادرة ""أجيال المستقبل"" تعيد الأمل بـ 7 مدارس مُتضررة في فزان","طلاب يدرسون في فصل دراسي جرى تأهيله مؤخراً ضمن مشروع ""أجيال المستقبل"" بإحدى مدارس منطقة فزان جنوبي ليبيا (أ ف ب).",تعليم,ليبيا
"موريتانيا تترقب لحظة تاريخية.. بدء العد التنازلي لأولى صادرات الغاز من حقل ""السلحفاة الكبرى-أحميم""",منصة عائمة ضخمة لاستخراج الغاز الطبيعي في عرض المحيط الأطلسي قبالة السواحل الموريتانية (رويترز),طاقة,موريتانيا
الصومال يطلق خطة وطنية لتعزيز الاستثمار في الطاقة الشمسية لمواجهة تحديات الكهرباء,مجموعة من الألواح الشمسية المثبتة على أسطح المنازل في إحدى المدن الصومالية الناشئة، كجزء من مبادرات تطوير البنية التحتية للطاقة النظيفة. (شترستوك),طاقة,الصومال
العراق يطلق برنامجاً وطنياً لربط مخرجات التعليم المهني باحتياجات سوق العمل,مجموعة من الشباب العراقي يتلقون تدريباً عملياً على آلات ومعدات حديثة ضمن أحد مراكز التدريب المهني في العاصمة بغداد (وكالة الأنباء العراقية – واع),تعليم,العراق
"مبادرة ""نعم للصحة النفسية"" بالإمارات تكسر حواجز اللجوء للعلاج وتعزز الوعي","تجمع مجتمعي متنوع يشارك في فعالية توعوية ضمن مبادرة ""نعم للصحة النفسية"" في مركز ثقافي بدبي.",صحة,الإمارات
ورشة عمل نوعية بدمشق تحيي فن الموزاييك الخشبي وتجذب جيل الشباب,شاب سوري يتدرب على فن تركيب قطع الموزاييك الخشبي الدقيقة في ورشة لإحياء الحرفة بحي العمارة الدمشقي (الفرنسية),ثقافة,سوريا
"العراق يطلق استراتيجية عشرية لتطوير المواهب الكروية وتأمين مستقبل ""أسود الرافدين""",مدرب عراقي يشرف على تدريبات مجموعة من اللاعبين الناشئين في مركز حديث لتطوير المواهب بمدينة البصرة، ضمن الرؤية الجديدة للكرة العراقية.,رياضة,العراق
"نادي الشارقة الرياضي يطلق مبادرة ""المشجع الرقمي"" لتعزيز تجربة الجماهير وتوسيع قاعدة المتابعين","رئيس مجلس إدارة نادي الشارقة الرياضي يقدم عرضاً توضيحياً لمشروع ""المشجع الرقمي"" خلال مؤتمر صحفي (شركة الشارقة لكرة القدم)",رياضة,الإمارات
"من قلب عسير: مبادرة ""نسيج الأصالة"" تُحيي الحِرف التقليدية وتُعزز تمكين المرأة الريفية",حرفية سعودية تعمل على نول يدوي تقليدي، تُظهر دقة وجمال النسيج في إحدى ورش العمل بقرى عسير التراثية.,مجتمع,السعودية
قطر تقود جهوداً أممية لإطلاق ميثاق دولي جديد لحوكمة التقنيات الناشئة,وزير الخارجية القطري (يسار) خلال مؤتمر دولي يناقش التشريعات التقنية في نيويورك (رويترز - 2024),سياسة,قطر
قطر تدشن برنامجاً وطنياً شاملاً لتعزيز الرعاية التلطيفية المتكاملة,فريق طبي متعدد التخصصات يقدم رعاية متكاملة لمريض في بيئة هادئة ومريحة ضمن أحد مراكز الرعاية التلطيفية بالدوحة (الجزيرة),صحة,قطر
القرى المعزولة تواجه شبح الإقصاء: نقص الأطباء المتخصصين يرهن حياة سكان الأطلس الكبير,مواطنون مغاربة ينتظرون الحصول على الخدمات الطبية بمركز صحي قروي في إحدى مناطق الأطلس، في ظل تحديات الوصول للأخصائيين (رويترز),قضايا اجتماعية,المغرب
فاجعة بحرية قرب نواذيبو: غرق مركب صيد يخلف ضحايا ومفقودين,صيادون موريتانيون في عرض البحر قرب ميناء نواذيبو (صورة تعبيرية).,حوادث,موريتانيا
كارثة صامتة في وادي عين السامرة: النفايات تحول شريان الحياة إلى بؤرة للتلوث تهدد القرى الفلسطينية,أكوام من النفايات المنزلية والصلبة تتراكم بشكل عشوائي على ضفاف وادي عين السامرة شمال الضفة الغربية، مهددة بتلوث المياه الجوفية والأراضي الزراعية المحاذية.,بيئة,فلسطين
اكتشاف أثري بارز في حمص: الكشف عن فسيفساء رومانية ضخمة ونادرة,جانب من الفسيفساء الرومانية المكتشفة حديثاً في ريف حمص، وتظهر تفاصيل فنية دقيقة لمشاهد أسطورية ورموز قديمة (وزارة الثقافة السورية).,ثقافة,سوريا
قطر تدشن مراكز متخصصة لدعم الصحة النفسية للشباب في خطوة رائدة بالخليج,شبان وفتيات خلال جلسة استشارية ضمن أحد المراكز الصحية الجديدة بالدوحة، التي تركز على تعزيز وعي الصحة النفسية لديهم.,صحة,قطر
إطلاق مبادرة نوعية في فلسطين لتدريب الشابات على البرمجة المتقدمة لولوج الأسواق العالمية,شابات فلسطينيات يتابعن محاضرة متخصصة في لغات البرمجة خلال ورشة عمل في مركز تدريبي حديث بمدينة رام الله، ضمن فعاليات المبادرة الجديدة.,تقنية,فلسطين
القوة الجوية يظفر بلقب دوري نجوم العراق بعد نهائي ملحمي أمام الزوراء,جماهير نادي القوة الجوية تحتفل بفوز فريقها بلقب دوري نجوم العراق في المدرجات الصاخبة لملعب الشعب الدولي في بغداد (الفرنسية),رياضة,العراق
مجتمعات صومالية تكافح زحف الصحراء بمشاريع تشجير مبتكرة,أهالي قرية بمنطقة شبيلى الوسطى يشاركون في زراعة أشجار مقاومة للجفاف ضمن مبادرة لمكافحة التصحر (شينخوا),بيئة,الصومال
"الجزائر تطلق ""منصة حوار الساحل"" لتعزيز الأمن والتنمية الإقليمية بمشاركة فاعلة",وزير الخارجية الجزائري يصافح أحد الوفود المشاركة في اجتماع تحضيري لمنصة حوار الساحل (الوكالة الجزائرية للأنباء),سياسة,الجزائر
توازن دقيق بين التحديث الحضري وحفظ الذاكرة الجماعية في أحياء تونس العتيقة,مشهد من أحد أزقة المدينة العتيقة بتونس، حيث تتجاور البيوت التقليدية المطلية باللونين الأبيض والأزرق مع لافتات صغيرة يدويّة الصنع تدعو للحفاظ على الطابع الأصيل للمنطقة، بينما تظهر في الخلفية علامات لمشاريع تحديث أو ترميم قيد الإعداد (الصحافة التونسية).,قضايا اجتماعية,تونس
عُمان تدشن مجمعاً صناعياً متطوراً لمكونات الطاقة الخضراء في الدقم,مشهد جوي للمجمع الصناعي الجديد المخصص لتصنيع مكونات الطاقة الخضراء في مدينة الدقم الاقتصادية، يعكس النهج العُماني نحو التوطين الصناعي. (وكالة الأنب,اقتصاد,عُمان
شركة سورية ناشئة تطلق نظاماً لحساسات ذكية لتعزيز كفاءة الإنتاج الزراعي,مزارع سوري يتفحص شاشة عرض البيانات من أجهزة استشعار التربة الذكية التي طورتها شركة محلية في مزرعته قرب حماه.,تقنية,سوريا
المغرب يسرّع وتيرة تعميم التعليم الأولي بالمناطق القروية بخطة خمسية طموحة,أطفال مغاربة من إحدى القرى الجبلية في الأطلس يشاركون في نشاط تعليمي داخل روضة أطفال حديثة افتُتحت ضمن برنامج تعميم التعليم الأولي بالمناطق النائية (المكتب الوطني للتعليم الأولي).,تعليم,المغرب
"وفد صنعاء يرفض مقترحاً أممياً لآلية صرف الرواتب ويتمسك بـ""شروطها السيادية""",المبعوث الأممي الخاص لليمن خلال اجتماع سابق مع ممثلين عن الأطراف اليمنية (رويترز),سياسة,اليمن
مسقط تحتضن حواراً استراتيجياً حول مستقبل الأمن المائي في المنطقة,"رؤساء وفود عربية خلال افتتاح الجلسة الرئيسية لـ ""منتدى مسقط للأمن المائي"" في العاصمة العمانية (وكالة الأنباء العمانية)",سياسة,عُمان
الرياض تستضيف جولة حاسمة من محادثات السلام اليمنية برعاية سعودية أممية,وزير الخارجية السعودي الأمير فيصل بن فرحان خلال لقائه المبعوث الأممي إلى اليمن هانس غروندبرغ في الرياض (واس),سياسة,السعودية
أرقام قياسية لطلبات الإسكان: عقود انتظار تثقل كاهل الأسر الكويتية المتعطشة للمنزل الحكومي,صفوف طويلة من المراجعين أمام المدخل الرئيسي للمؤسسة العامة للرعاية السكنية في دولة الكويت تعكس الضغط المتزايد على الخدمات الإسكانية (وكالة الأنباء الكويتية - كونا).,قضايا اجتماعية,الكويت
"في قلب التحديات.. جهود سودانية لصون ""الدوبيت"" وحفظ إرث الشعر الشفوي","شاعر سوداني مسن يرتدي الجلباب التقليدي ويحمل عصا، يلقي قصيدة ""دوبيت"" بحماس أمام تجمع من المستمعين في إحدى القرى النوبية.",ثقافة,السودان
البرلمان التونسي يشهد انقساماً حاداً حول قانون التحول الرقمي للإدارة العامة,نواب تونسيون خلال جلسة برلمانية لمناقشة مشروع قانون التحول الرقمي للإدارة العمومية (وكالة الأنباء التونسية - وات),سياسة,تونس
القطاع الخاص في قطر يسجل نمواً لافتاً ويساهم بنسبة تجاوزت الـ 60% في الناتج المحلي الإجمالي غير النفطي,منظر حديث لأحد الأحياء التجارية النشطة في الدوحة، يظهر مبانٍ شاهقة ومركبات حديثة، ليعكس الديناميكية الاقتصادية بالبلاد (الجزيرة),اقتصاد,قطر
"قوى سياسية سودانية تقترح ""ميثاق وطني"" لإنهاء الحرب وتأسيس مرحلة انتقالية",تجمع لممثلين عن قوى مدنية سودانية خلال نقاشات سابقة حول مستقبل البلاد (الفرنسية),سياسة,السودان
"""أكثر من 3 ملايين طفل عامل في مصر.. تحديات التعليم والحماية الاجتماعية تتفاقم""",طفلان يجهزان خضروات في سوق شعبي بالقاهرة الكبرى في ساعات الصباح الباكر (رويترز),قضايا اجتماعية,مصر
قطر تطلق مبادرة وطنية لتعزيز الاستجابة السريعة للهجمات السيبرانية المعقدة,خبراء أمن سيبراني يراقبون شبكات رقمية معقدة في مركز عمليات حديث بالدوحة، خلال تدريبات مكثفة على الاستجابة للطوارئ السيبرانية (الجزيرة),تقنية,قطر
البرلمان المغربي يشرع في مناقشة مشروع قانون الإصلاح الإداري لتعزيز الحكامة المحلية,واجهة مبنى البرلمان المغربي في الرباط قبيل بدء جلسة تشريعية مهمة (وكالة الأنباء المغربية).,سياسة,المغرب
"قطر تدشن ""مجمع الأجيال الرياضي"" بطاقة استيعابية غير مسبوقة لتدريب 500 موهبة سنوياً","لقطة جوية بانورامية تُظهر ""مجمع الأجيال الرياضي"" الفسيح بقطر، والذي يضم عدة ملاعب كرة قدم بالحجم الكامل وقاعات تدريب مغطاة حديثة، مع ظهور مجموعات من الرياضيين الشباب يمارسون التدريبات في إحدى الساحات المفتوحة.",رياضة,قطر
الأردن يطلق استراتيجية متوسطة المدى لتعزيز الاستثمار في الصناعات التحويلية,صورة لمدير هيئة الاستثمار الأردنية ورئيس غرفة صناعة الأردن خلال مؤتمر صحفي في عمان، يستعرضان أبرز محاور الاستراتيجية الجديدة.,اقتصاد,الأردن
الصومال: مبادرات أهلية تسعى لترميم الصحة النفسية في مجتمعات منكوبة,متطوعون يقدمون الدعم النفسي لسيدات وأطفال في مركز مجتمعي بإحدى القرى المتأثرة بالصراعات والجفاف جنوب الصومال.,صحة,الصومال
قطر تدشن مشروعاً وطنياً طموحاً لتوسيع غابات القرم بملايين الشتلات,مشهد جوي خلاب لغابات القرم المزدهرة على السواحل الشمالية لقطر (وكالة الأنباء القطرية),بيئة,قطر
قفزة تاريخية في صادرات زيت الزيتون المغربي تعزز مداخيل الفلاحين,مزارع يجمع محصول الزيتون في إحدى الضيعات بمنطقة سايس، مع أوعية ممتلئة بالثمار الذهبية في المقدمة.,اقتصاد,المغرب
مكبّات عشوائية تبتلع مدن ليبيا.. أزمة بيئية وصحية في تصاعد,أدخنة متصاعدة من مكب نفايات عشوائي ضخم على أطراف مدينة طرابلس (رويترز),بيئة,ليبيا
الكويت تكشف عن خطة طموحة لتعزيز مرافقها السحابية الوطنية,مركز بيانات حديث يضم خوادم متطورة، في إطار رؤية الكويت لترسيخ بنيتها التحتية الرقمية.,تقنية,الكويت
مستشفيات لبنان الحكومية تحذر من توقف خدمات القلب المفتوح مع تفاقم هجرة الأطباء ونقص التمويل,طبيب جراح لبناني يقف في غرفة عمليات للقلب المفتوح في أحد المستشفيات الحكومية بالعاصمة بيروت، بينما تبدو بعض الأجهزة الطبية الحديثة معطلة أو غير مكتملة، في مشهد يعكس التحديات الهائلة التي يواجهها القطاع الصحي.,صحة,لبنان
نفايات صناعية سامة تهدد نهر الفرات في سوريا.. دعوات عاجلة للتحرك لإنقاذ مصادر المياه,تغير لون مياه نهر الفرات وتراكم الرواسب الكيميائية قرب منشآت صناعية في ريف الرقة الشرقي، مما يهدد صحة السكان (ناشطون بيئيون محليون),بيئة,سوريا
نداء فلسطيني عاجل: أزمة مستلزمات السكري تهدد حياة الآلاف بالضفة الغربية,مواطن فلسطيني مسن يفحص مستوى السكر في دمه بمنزله بمساعدة أحد أقاربه، في ظل نقص حاد في أجهزة وشرائط الفحص وأدوية الأنسولين بمحافظات الضفة الغربية. (تصوير: متطوعون طبيون),صحة,فلسطين
تونس: جدل برلماني حاد حول حزمة الإصلاحات الاقتصادية الجديدة للحكومة,أعضاء في مجلس نواب الشعب التونسي خلال جلسة لمناقشة مشروع قانون الإصلاحات الاقتصادية المقترحة (الفرنسية),سياسة,تونس
مبادرة نسائية بقلب الصومال توفر المياه النظيفة لعشرات الأسر بعد سنوات من المعاناة,نساء صوماليات يملأن أوعية المياه من بئر تم تدشينه حديثاً في قرية نائية بمحافظة هيران، بعد جهود مجتمعية قادتها سيدات المنطقة للتغلب على شح المياه (رويترز),مجتمع,الصومال
البحرين: انتشال جثتين ومواصلة البحث عن مفقودين إثر حادث انقلاب قارب صيد قبالة منطقة الحد,زورق تابع لخفر السواحل البحريني يجري عمليات مسح في المنطقة البحرية قبالة الحد حيث وقع حادث انقلاب القارب.,حوادث,البحرين
مأساة سير جنوب المغرب: 7 وفيات وإصابات خطيرة في انقلاب حافلة ركاب,مشهد من موقع حادث انقلاب حافلة ركاب على الطريق الوطنية رقم 12 جنوب المغرب، حيث تعمل فرق الإغاثة على إسعاف المصابين (أرشيف).,حوادث,المغرب
برامج تدريب مهني بمقديشو تمنح آلاف الشباب الصومالي فرصاً جديدة للحياة,مجموعة من الشباب الصومالي منهمكون في تعلم مهارات الخياطة والنسيج بمركز تدريب مهني في العاصمة مقديشو.,مجتمع,الصومال
تونس تعزز التكوين المهني: شراكات استراتيجية لسد فجوة سوق الشغل,طلاب تونسيون في ورشة تدريب فني حديثة ضمن أحد مراكز التكوين المهني بالعاصمة تونس (أرشيف وكالة تونس أفريقيا للأنباء),تعليم,تونس
اليونيسف تدعم إدماج أكثر من 15 ألف طفل نازح بالمدارس في ولايات جنوب غرب الصومال,أطفال نازحون يجلسون على مقاعد دراسية داخل فصل مؤقت في مخيم للنازحين بضواحي مدينة بيدوا، ولاية جنوب غرب الصومال، ضمن جهود ضمان حقهم في التعليم (صورة أرشيفية/اليونيسف).,تعليم,الصومال
"مسقط تدشن مشروع ""بوابة عُمان الرقمية"" لربط 90% من الأسر بشبكة الألياف البصرية بحلول 2027","جانب من مراسم تدشين مشروع ""بوابة عُمان الرقمية"" في مسقط بحضور مسؤولين حكوميين (وكالة الأنباء العمانية)",تقنية,عُمان
الأردن يخطو نحو لامركزية أوسع: خطة حكومية لتعزيز صلاحيات المجالس المحلية,وزير الإدارة المحلية الأردني يترأس اجتماعاً مع رؤساء بلديات لمناقشة تفعيل الخطط الجديدة لتعزيز الحكم المحلي.,سياسة,الأردن
موريتانيا تدشن مشروعاً صناعياً ضخماً لتصنيع الأسمدة الفوسفاتية بقيمة مليار دولار,وزير الصناعة الموريتاني يوقع مذكرة تفاهم مع ممثل الشركة الأجنبية خلال حفل تدشين المشروع في نواكشوط (الوكالة الموريتانية للأنباء).,اقتصاد,موريتانيا
وفود ليبية تختتم جولة مباحثات مكثفة في الرباط دون توافق على التشكيلة الحكومية,مسؤولون ليبيون يتبادلون الحديث في كواليس اجتماع سابق في العاصمة المغربية الرباط (رويترز - أرشيف),سياسة,ليبيا
الأهلي البحريني يتوج بلقب دوري السلة للمرة الأولى منذ 15 عاماً بعد نهائي مثير,لاعبو نادي الأهلي البحريني يحتفلون بكأس دوري زين لكرة السلة في صالة الاتحاد البحريني لكرة السلة بالمنامة.,رياضة,البحرين
جهود مضنية لحفظ كنوز اليمن المعرفية: مخطوطات نادرة في مواجهة التحديات,باحث يمني يقوم بفحص وترميم مخطوط قديم يعود لمئات السنين، في محاولة للحفاظ عليه من عوامل التلف والاحتفاظ به للأجيال القادمة (مكتبة وطنية),ثقافة,اليمن
كرة القدم النسائية في موريتانيا.. من الهامش إلى التألق الإقليمي رغم شح الإمكانيات,لاعبات المنتخب الموريتاني لكرة القدم للسيدات يحتفلن بتأهل تاريخي لبطولة إقليمية، مؤكدات قدرتهن على تجاوز التحديات.,رياضة,موريتانيا
مصرف لبنان يشدد قيود تمويل المستوردات، وشركات تخشى انهيار سلاسل الإمداد,رافعات شحن عملاقة شبه متوقفة في ميناء بيروت، مع تراجع ملحوظ في حركة الحاويات بسبب صعوبات تمويل عمليات الاستيراد (غيتي).,اقتصاد,لبنان
عُمان تُطلق مبادرات مجتمعية لمواجهة التحديات النفسية وتعزيز الدعم الأسري,مشاركون في ورشة عمل توعوية حول الصحة النفسية ودور الأسرة في الدعم، ضمن مبادرة مجتمعية في محافظة الداخلية (وكالة الأنباء العمانية),قضايا اجتماعية,عُمان
البحرين تطلق مبادرات مجتمعية لتعزيز جودة حياة كبار السن وحمايتهم من التهميش,كبار السن يشاركون في فعالية ثقافية بأحد المراكز الاجتماعية في المنامة، ديسمبر 2023 (وكالة أنباء البحرين),قضايا اجتماعية,البحرين
"السعودية تطلق برنامج ""جيل الأبطال"" لتعزيز الرياضة المجتمعية وتنمية المواهب الشابة",أطفال وشباب يمارسون أنشطة رياضية متنوعة في أحد المراكز الرياضية المجتمعية الحديثة بالرياض (واس),رياضة,السعودية
تآكل الشواطئ يهدد قرى الدلتا المصرية ويزيد من تحديات الأمن الغذائي,مشهد يوضح تغلغل مياه البحر المتوسط في الأراضي الزراعية والمنازل القريبة من الساحل بإحدى قرى شمال الدلتا، مع تآكل واضح لخط الشاطئ.,بيئة,مصر
مبادرات مجتمعية جديدة تواجه تحدي أطفال الشوارع في الأحياء الهامشية بالدار البيضاء,أطفال يتلقون وجبة طعام في مركز رعاية مؤقت ضمن مبادرة مجتمعية بالدار البيضاء (وكالة المغرب العربي للأنباء),قضايا اجتماعية,المغرب
ليبيا: الإعلان عن خارطة طريق جديدة لتوحيد المؤسسات السيادية المتنافسة,مسؤولون ليبيون وخبراء يطالعون وثائق خلال اجتماع لبحث توحيد المؤسسات السيادية في إحدى القاعات الرسمية بطرابلس (وكالة الأنباء الليبية),سياسة,ليبيا
غاز العراق حبيس الأرض.. مليارات الدولارات سنوياً تعرقل مسعى بغداد للاكتفاء الذاتي الصناعي,عمال عراقيون في مصنع لإنتاج الحديد بمنطقة البصرة، يعتمد على إمدادات الطاقة المستوردة، بينما ترزح البلاد فوق مخزون ضخم من الغاز الطبيعي غير المستغل (رويترز).,اقتصاد,العراق
سلطنة عُمان تطلق مبادرة وطنية كبرى لتعزيز الصحة النفسية وتفكيك وصمة العار المجتمعية,شباب عمانيون يشاركون بفاعلية في جلسة حوار مفتوحة حول الصحة النفسية ضمن فعاليات المبادرة بمسقط (منظمة أهلية),قضايا اجتماعية,عُمان
"مبادرة روسية جديدة لـ ""الإدارة الذاتية"" بشمال شرق سوريا تثير جدلاً محلياً",تجمع لفعاليات مدنية وممثلين عن العشائر في مدينة الحسكة يناقشون تداعيات المقترحات السياسية الأخيرة.,سياسة,سوريا
"مبادرة ""أفق جديد"" في الخليل تطلق برامج تدريب لتمكين الشباب مهنياً","شباب وفتيات فلسطينيون يشاركون بورشة عمل حول برمجة وتطوير الويب، ضمن برامج مبادرة ""أفق جديد"" في الخليل (منظمة أهلية محلية).",مجتمع,فلسطين
مقتل وإصابة العشرات إثر تصادم مروع بين حافلة وشاحنة قرب سرت الليبية,فرق الدفاع المدني وسيارات الإسعاف في موقع حادث السير المروع قرب سرت، فيما تتصاعد ألسنة الدخان من حطام المركبات المتفحمة. (مواقع التواصل),حوادث,ليبيا
الأردن يدشن أكبر محطة رياح: قفزة نوعية نحو استقلال الطاقة بمنطقة معان,صورة مقربة لمجموعة من التوربينات الهوائية الشاهقة تدور بانسجام في سهل معان، مع ظهور الأفق الصحراوي في الخلفية، تعكس جهود الأردن لتعزيز مصادر الطاقة المتجددة.,طاقة,الأردن
جروح غير مرئية: أزمة الصحة النفسية تتفاقم بين الأطفال والشباب في السودان,طفلان سودانيان يرتسم الحزن على وجهيهما داخل خيمة في أحد مراكز إيواء النازحين بضواحي بورتسودان، وسط دعوات لتوفير دعم نفسي عاجل (رويترز).,قضايا اجتماعية,السودان
جزر القمر تكشف عن خطة وطنية شاملة لمكافحة التلوث البلاستيكي وحماية شعب مرجانها الفريدة,متطوعون محليون يجمعون المخلفات البلاستيكية على أحد شواطئ جزر القمر في إطار مبادرة بيئية (رويترز),بيئة,جزر القمر
حادث مأساوي في جنين: وفاة عامل وإصابة ٤ آخرين جراء انهيار سقالة بناء,فرق الدفاع المدني والطوارئ في موقع انهيار سقالة بناء بمشروع سكني جديد بمدينة جنين، حيث تظهر أعمال البحث والتحقيق.,حوادث,فلسطين
نساء جبال جرجرة يتحدين التهميش الاقتصادي ويحيين حرفة النسيج التقليدي,حرفيات جزائريات ينسجن زرابي وأغطية صوفية بأناملهن داخل ورشة تقليدية في منطقة تيزي وزو، 15 نوفمبر/تشرين الثاني 2024 (الجمعية المحلية لتنمية الحرف),قضايا اجتماعية,الجزائر
العراق يطلق مشروعًا رقميًا ضخمًا لتعزيز الوصول للخدمات في الأرياف,وزير الاتصالات العراقي يشرف على تدشين منصة رقمية جديدة في قاعة بمحافظة ذي قار، بحضور عدد من المواطنين وممثلي المجتمع المحلي (وكالة الأنباء العراقية).,تقنية,العراق
تحدّيات فنية تُعيق تشغيل وحدة تكرير رئيسية بمصفاة الزاوية الليبية,عمال صيانة يفحصون إحدى الوحدات الفنية داخل مصفاة الزاوية النفطية غرب العاصمة طرابلس (الأناضول),طاقة,ليبيا
جزر القمر تسعى لتعزيز خدمات غسيل الكلى وسط تزايد الإصابات,ممرضة كومورية تراقب إحدى آلات غسيل الكلى في مركز صحي بمدينة موروني (الفرنسية),صحة,جزر القمر
جيبوتي ترسخ مكانتها كبوابة رقمية لأفريقيا بكابل بحري جديد يعزز الاتصال الإقليمي,سفينة متخصصة لمد الكابلات البحرية قبالة سواحل جيبوتي، الدولة التي تعد عقدة رئيسية لشبكة الإنترنت العالمية (رويترز).,تقنية,جيبوتي
"إطلاق مشروع ""نصوغ التراث"": السعودية تحتضن أكبر مبادرة للحفاظ على صناعة ""الخناجر النجدية"" التقليدية",حرفي سعودي ماهر يعرض خنجراً نجدياً تقليدياً مزخرفاً، يعكس دقة التصميم وجودة المواد المستخدمة في صناعة هذه التحف التراثية (غيتي),ثقافة,السعودية
ارتفاع مقلق في معدلات السكري بالمغرب يدفع خبراء للصيحة بتطوير استراتيجيات وطنية جديدة,طبيبة مغربية تشرح لمريضة أهمية الفحص الدوري والأنماط الغذائية الصحية للوقاية من داء السكري خلال حملة توعوية بأحد المراكز الصحية بالرباط.,صحة,المغرب
"جيبوتي تدشن المرحلة الثانية من مشروع ""غغادي"" للطاقة الحرارية الأرضية لتعزيز استقلاليتها الطاقوية","معدات حفر جيولوجي متطورة تعمل في حقل ""غغادي"" للطاقة الحرارية الأرضية في جيبوتي، ضمن مساعي البلاد لتحويل إمكاناتها الباطنية إلى مصدر دائم للطاقة النظيفة (وكالة الأنباء الجيبوتية).",طاقة,جيبوتي
موريتانيا: إطلاق خطة استراتيجية لتعزيز الرعاية الصحية الأولية في المناطق الريفية,طبيب يفحص طفلاً في عيادة صحية متنقلة بإحدى القرى بولاية تكانت الموريتانية (منظمة الصحة العالمية),صحة,موريتانيا
"قطر تدشن ""معهد البيت الخليجي"" للحفاظ على فنون العمارة التقليدية وتعزيز هويتها المعمارية الحديثة","مهندسون معماريون قطريون شباب يتفحصون نماذج لمبانٍ تراثية داخل ""معهد البيت الخليجي"" الجديد في الدوحة، الذي يسعى للحفاظ على فنون العمارة المحلية وتعزيزها.",ثقافة,قطر
تصاعد مقلق لظاهرة أطفال الشوارع في السودان مع تفاقم الأزمات الإنسانية,مجموعة من الأطفال يتجمعون عند تقاطع طرق رئيسي في إحدى مدن السودان، بعضهم يحاول بيع بضائع بسيطة بينما آخرون يتوقون للمساعدة (منظمات إنسانية محلية).,قضايا اجتماعية,السودان
"مصر تطلق مبادرة ""صناع التراث"" لإنقاذ الحرف اليدوية في القاهرة التاريخية","أحد الحرفيين المهرة يعمل على ترميم قطعة أثرية خشبية داخل ورشته بحي الجمالية، ضمن مبادرة ""صناع التراث"" في القاهرة. (وكالة الأنباء المصرية)",مجتمع,مصر
تحديات متزايدة: أكثر من 60 ألف طفل نازح في ليبيا يواجهون خطر الحرمان من التعليم الأساسي,أطفال ليبيون نازحون يجلسون خارج خيمة مؤقتة في أحد المخيمات، حيث يعاني الآلاف من صعوبة الوصول إلى الفصول الدراسية في المناطق المتأثرة بالنزاع.,قضايا اجتماعية,ليبيا
جيل ضائع في السودان: النزاع يهدد مستقبل آلاف الأطفال بتعطيل التعليم,أطفال نازحون يتلقون دروساً تحت خيمة مؤقتة في أحد مخيمات النازحين بولاية النيل الأبيض، السودان. (مفوضية اللاجئين),قضايا اجتماعية,السودان
مبادرات جريئة تصمد أمام شح المياه: تقنيات الري الذكي تدعم صمود الزراعة الفلسطينية,نظام ري حديث يروي حقولاً زراعية في المناطق الريفية بفلسطين، في سعي لمواجهة تحديات شح المياه (الأناضول),اقتصاد,فلسطين
منطقة درعة تافيلالت.. مبادرات أهلية تنعش تراث القصور والقصبات المهدد بالزوال,إحدى القصور الطينية التاريخية في واحة زيز بمنطقة درعة تافيلالت، حيث يكافح السكان المحليون للحفاظ على طرازها المعماري الفريد (رويترز).,مجتمع,المغرب
جزر القمر تدشن أول محطة طاقة هجينة لتعزيز الاكتفاء الذاتي من الكهرباء,لقطة علوية تظهر الألواح الشمسية الضخمة ومجموعة توربينات رياح متصلة بمحطة لتخزين الطاقة في جزيرة موهيلي، 27 نوفمبر/تشرين الثاني 2024 (الوكالة القمرية للطاقة).,طاقة,جزر القمر
ملاعب ترابية ببورتسودان.. مبادرة شبابية تبعث الأمل في نفوس أطفال السودان عبر كرة القدم,أطفال سودانيون يتنافسون بحماس على ملعب ترابي في بورتسودان، ضمن فعاليات دوري كرة القدم الذي أطلقته مبادرة شبابية لدعم الرياضة المجتمعية ورسم البسمة على وجوههم.,رياضة,السودان
نقص حاد في الكادر التعليمي يؤجل انطلاقة العام الدراسي في عدد من المدارس اللبنانية,تلميذة تحمل حقيبتها المدرسية تقف أمام بوابة إحدى المدارس الرسمية في طرابلس، والتي لا تزال مغلقة في موعد بدء العام الدراسي المتوقع (الأناضول).,تعليم,لبنان
"قطر تطلق المرحلة الأولى من مشروع ""واحة الدوحة الخضراء"" لتعزيز التنوع البيئي الحضري","تصور فني لمشروع ""واحة الدوحة الخضراء"" يوضح المساحات الخضراء المخطط لها ومسارات المشاة وسط المدينة (وزارة البلدية القطرية)",بيئة,قطر
البرلمان المصري يشهد جدلاً واسعاً حول تعديلات قانون تنظيم مؤسسات المجتمع المدني,‎⁨أحد النواب يلقي كلمة أثناء جلسة لمجلس النواب المصري لمناقشة التعديلات القانونية المقترحة⁩ (وكالات),سياسة,مصر
"السعودية تطلق مشروع ""الصحراء الرقمية"" لربط القارات عبر الكابلات البحرية",فرق هندسية تعمل في موقع إرساء كابل بحري جديد على شواطئ المملكة العربية السعودية (واس).,تقنية,السعودية
منظمات إغاثية تدق ناقوس الخطر: عمالة الأطفال تتسع في سوريا بفعل الأزمة الاقتصادية,طفل سوري يحمل كيساً بداخله مواد قابلة لإعادة التدوير، يجمعها من أحد أحياء ريف دمشق، في مشهد متكرر يعكس تفاقم أزمة عمالة الأطفال.,قضايا اجتماعية,سوريا
"جيبوتي تدشن ""أكاديمية الأمل"" لتطوير المواهب الكروية الصاعدة",مجموعة من اللاعبين الشباب يتدربون بحماس في ملعب حديث بالعاصمة جيبوتي، ضمن فعاليات الأكاديمية الوطنية الجديدة لكرة القدم.,رياضة,جيبوتي
تداعيات أزمة الأدوية المزمنة في لبنان: مستشفيات تكافح ومرضى يدفعون الثمن,أحد المرضى في صيدلية ببيروت يبحث عن أدوية ضرورية وسط نقص حاد في الإمدادات. (رويترز),صحة,لبنان
الجزائر تقود مبادرة إقليمية لتعزيز الاستقرار الأمني ومكافحة الجريمة المنظمة في الساحل,وزير الخارجية الجزائري يستقبل وفوداً دبلوماسية من دول الساحل في قصر المؤتمرات بالجزائر العاصمة لبحث آليات التعاون الأمني المشترك (الوكالة الجزائرية للأنباء),سياسة,الجزائر
مبادرات أهلية في ريف حماة.. الأهالي يتصدون لنقص الموارد بزراعة جماعية,مزارعون سوريون يعملون في حقل زراعي جماعي ضمن مبادرة لدعم الاكتفاء الذاتي الغذائي في إحدى قرى ريف حماة (صورة تعبيرية/ Getty Images),مجتمع,سوريا
التسرب المدرسي بالأردن: مبادرات مجتمعية تسعى لإنقاذ مستقبل آلاف الطلاب في المناطق النائية,متطوعون يقدمون حصصاً تعليمية إضافية لطلاب في إحدى القرى التابعة لمحافظة معان، في إطار مبادرة مجتمعية لمكافحة التسرب المدرسي (الصحافة الأردنية).,قضايا اجتماعية,الأردن
الحكومة المغربية تواجه تحديات لفرض مشروع القانون المتعلق بالخدمة العسكرية الإجبارية,جنود مغاربة خلال عرض عسكري سابق، في ظل استعدادات لفتح باب التجنيد الإجباري للدفعة الجديدة.,سياسة,المغرب
السويحلي يحكم قبضته على وصافة الدوري الليبي ويحجز مقعداً قارياً تاريخياً,لاعبو نادي السويحلي يحتفلون بفوزهم الذي ضمن لهم المركز الثاني والتأهل للمنافسات الأفريقية، على أرضية ملعب مصراتة الأولمبي. (صورة للنادي),رياضة,ليبيا
دمشق وبغداد تطلقان مبادرة أمنية اقتصادية مشتركة على الحدود,مسؤولون سوريون وعراقيون خلال توقيع اتفاقية تعاون مشترك عند أحد المعابر الحدودية الرئيسية، تمهيدًا لتفعيل المبادرة الأمنية الاقتصادية المشتركة (شترستوك),سياسة,سوريا
جيبوتي تدشن توسعة جديدة لميناء دوراليه لزيادة طاقته الاستيعابية 30% ودعم التجارة الإقليمية,لقطة جوية بانورامية لميناء دوراليه للحاويات في جيبوتي، تُظهر صفوفًا طويلة من الحاويات المكدسة وعددًا من الرافعات العملاقة المستخدمة في عمليات التفريغ والتحميل، مع سفينة حاويات راسية على أحد أرصفة الميناء الحديثة.,اقتصاد,جيبوتي
خسائر بيئية فادحة: الجزائر تستنفر لمواجهة موسم حرائق قياسي محتمل,مساحات شاسعة من الأشجار المتفحمة في غابات منطقة القبائل بالجزائر، تظهر آثار الدمار البيئي جراء حرائق سابقة (الأناضول),بيئة,الجزائر
مجمع الدقم يستقطب استثمارات صينية كبرى في تصنيع مكونات الطاقة المتجددة,صورة جوية لمرافق متطورة في المنطقة الاقتصادية الخاصة بالدقم، تبرز التوسعات المخصصة لمصانع مكونات الطاقة المتجددة.,اقتصاد,عُمان
ضباب كثيف يتسبب بتصادم مروع على طريق كركوك – بغداد يودي بحياة وإصابة العشرات,جانب من موقع التصادم المروع على الطريق الرابط بين كركوك وبغداد، حيث تعمل فرق الإنقاذ وسط انتشار ركام السيارات والضباب الخفيف (وكالات).,حوادث,العراق
جيبوتي: مصرع وإصابة عدد من الأشخاص جراء حادث تصادم بحري قبالة السواحل,فرق الإنقاذ الجيبوتية تباشر عمليات البحث عن ناجين وضحايا في موقع الحادث البحري قبالة العاصمة (الأناضول),حوادث,جيبوتي
أطفال الشوارع في جيبوتي: مبادرات مجتمعية لمواجهة ظاهرة متفاقمة,أطفال يتلقون وجبات غذائية في مركز لرعاية الأطفال بالعاصمة جيبوتي، ضمن مبادرات مجتمعية لمكافحة ظاهرة أطفال الشوارع (صورة خاصة).,قضايا اجتماعية,جيبوتي
العراق: تصاعد مقلق لأعداد المدمنين الشباب يدفع مراكز التأهيل للاستغاثة,شباب عراقيون يشاركون في جلسة توعية حول مخاطر تعاطي المخدرات في مركز مجتمعي بمدينة الموصل، في ظل الضغوط المتزايدة على مراكز العلاج والتأهيل التي تناضل لتلبية الاحتياجات المتزايدة. (رويترز),قضايا اجتماعية,العراق
تصادم عنيف يودي بحياة وإصابة العشرات على طريق جنين - نابلس,فرق الإنقاذ والدفاع المدني تتعامل مع آثار تصادم عنيف بين عدة مركبات على طريق جنين-نابلس، وسط حالة من الاستنفار.,حوادث,فلسطين
مبادرة مدنية سودانية جديدة.. هل تنجح في تضييق هوة الانقسام؟,لقاءات مكثفة بين قوى مدنية سودانية في أديس أبابا لبحث رؤية موحدة لمستقبل البلاد (رويترز),سياسة,السودان
السقايات التاريخية تعود للحياة: شباب مغربي يطلق مبادرة لإنقاذ كنوز المدن العتيقة,شباب متطوعون يعملون بجد على ترميم ونقش تفاصيل سقاية تاريخية بأحد الأزقة الضيقة في المدينة القديمة بمراكش. (المصدر: وكالة المغرب العربي للأنباء),مجتمع,المغرب
فواتير باهظة وشلل صناعي: أزمة الكهرباء المزمنة تخنق الاقتصاد العراقي,صاحب ورشة صغيرة في بغداد يقف عاجزاً أمام فواتير الكهرباء المرتفعة وفاتورة صيانة مولد الكهرباء الخاص به، الذي يعمل لساعات طويلة يومياً لتعويض النقص الحاد في الشبكة الوطنية.,اقتصاد,العراق
عُمان تدشن برنامجاً وطنياً للكشف المبكر عن هشاشة العظام لتعزيز صحة المجتمع,طبيب يشرح نتائج فحص كثافة العظام لمواطنة عُمانية ضمن حملة توعوية في أحد المراكز الصحية بالسلطنة (وكالة الأنباء العُمانية).,صحة,عُمان
تونس: مشروع قانون جديد للجمعيات يثير مخاوف منظمات المجتمع المدني,نشطاء المجتمع المدني في تونس خلال وقفة احتجاجية أمام مقر البرلمان (رويترز),سياسة,تونس
"فلسطين تدشن ""أكاديمية الأمل"" في بيت لحم ل nurturing المواهب الكروية الشابة",لقطة واسعة من الأعلى تظهر الملاعب الخضراء الحديثة والمرافق المتكاملة لأكاديمية كرة القدم الجديدة في بيت لحم، مع مجموعة من اللاعبين الشباب يرتدون الزي الرياضي ويقومون بتدريبات خفيفة (وكالة الأنباء الفلسطينية).,رياضة,فلسطين
منظمات مجتمع مدني تحذر من تفاقم ظاهرة عمالة الأطفال في اليمن,طفل يمني يحاول بيع عبوات المياه في تقاطع مروري بالعاصمة صنعاء، في مشهد بات مألوفاً يعكس حجم الأزمة الإنسانية (رويترز).,قضايا اجتماعية,اليمن
مخلفات الحروب تهدد حياة الفلاحين والأطفال في الأرياف العراقية,مواطن عراقي يشير إلى علامة تحذير من الألغام في أرض زراعية بمنطقة جنوب العراق.,قضايا اجتماعية,العراق
"نادي الوحدة يزيح الستار عن ""برنامج النجوم الواعدة"" لتطوير المواهب الشابة",مدربون يقدمون توجيهات للاعبين صغار داخل أحد ملاعب أكاديمية الوحدة الجديدة والمتطورة في أبوظبي.,رياضة,الإمارات
