title,caption,topic,country
شاحنة تدهس ثلاثة عمال في أبوظبي وتسبب بإصابات خطيرة,موقع الحادث في أبوظبي حيث تواجدت سيارات الإسعاف والشرطة، في حين كان العمال المصابون يتلقون العناية الطبية من المسعفين (الإمارات اليوم),حوادث,الإمارات
منتخب المغرب يستعد لمواجهة قوية في تصفيات كأس العالم 2026,تجمع اللاعبين المغاربة في معسكرهم التدريبي بمدينة الرباط استعدادًا للمباراة الحاسمة أمام منتخب غانا، حيث يظهر المدرب وليد الركراكي وهو يعقد جلسة توجيه مع اللاعبين (الصحافة المغربية),رياضة,المغرب
تونس تطلق مشروعًا لتحسين جودة المياه في مناطق الريف لمواجهة التغير المناخي,خبراء بيئيون يقومون بفحص عينات المياه في إحدى القرى التونسية، وسط جهود الحكومة لتحسين مستوى الخدمات المائية (موقع وزارة البيئة التونسية),بيئة,تونس
تزايد حالات التشرد في الجزائر العاصمة.. من يدافع عن حقوق الأطفال الضائعين؟,أطفال مشردون يجلسون في شوارع الجزائر العاصمة، يتامى من الظروف القاسية، في انتظار مساعدات المجتمع والسلطات المحلية (الجزائر الآن).,قضايا اجتماعية,الجزائر
انفجار خط أنابيب يوقف حركة القطارات في الإسكندرية ويثير قلق المواطنين,رجال الإطفاء يعملون على السيطرة على النيران الناتجة عن انفجار خط الأنابيب، بينما يتجمع المواطنون في حالة من الذهول والقلق في الخلفية (الشرق الأوسط),حوادث,مصر
مهرجان الفنون الأردني يحتفي بالتنوع الثقافي ويشجع على الحوار بين الأجيال,فعاليات المهرجان شهدت عروضاً موسيقية ورقصات شعبية من مختلف مناطق الأردن، حيث اجتمع الفنانون المحليون والدوليون في أجواء من التفاعل والتبادل الثقافي (مصور محلي).,ثقافة,الأردن
تدشين أول مدرسة تفاعلية في سلطنة عُمان لتعزيز أساليب التعليم الحديثة,المعلمون والطلاب يتفاعلون مع التكنولوجيا الحديثة داخل الفصل الدراسي في المدرسة التفاعلية الجديدة، التي تركز على التعلم النشط والابتكار (المديرية العامة للتربية والتعليم بعمان).,تعليم,عُمان
تحذيرات من تزايد حالات الإصابة بالأمراض التنفسية في العراق مع دخول فصل الشتاء,أطباء في أحد المستشفيات العراقية يقدمون الرعاية الطبية للمرضى الذين يعانون من أمراض تنفسية خلال الأيام الباردة (Getty Images),صحة,العراق
"إطلاق برنامج ""التعليم الإلكتروني"" في الأردن لتعزيز المهارات الرقمية لدى الطلاب",طلاب يستخدمون أجهزة الكمبيوتر في فصل دراسي حديث ضمن مشروع التعليم الإلكتروني الجديد، مع معلم يوجههم خلال الدروس التفاعلية (الدستور),تعليم,الأردن
حادث مروري مأساوي على طريق الجهراء يسفر عن وفاة شخصين وإصابة آخرين,فرق الطوارئ تتواجد في موقع الحادث، حيث تظهر المركبات المتضررة والأضواء الزرقاء لمركبات الإسعاف وسط حطام الحادث (القبس),حوادث,الكويت
قطر تطلق برنامجاً وطنياً لتعزيز مهارات الطلاب في مجال البرمجة,وزير التعليم يتحدث أمام حشد من الطلاب في مركز التعليم والتدريب، حيث تم الإعلان عن البرنامج الجديد الذي يستهدف تطوير مهارات القرن الواحد والعشرين (الصحافة القطرية),تعليم,قطر
تطورات إيجابية في رياضة الكارتينغ بالمغرب.. تنظيم بطولة وطنية جديدة لجذب الشباب,صورة تجمع المتسابقين المشاركين في بطولة الكارتينغ الوطنية، حيث تظهر الحماس والإثارة في أوجههم قبل بدء المنافسات (المغرب اليوم),رياضة,المغرب
"""منجزات شبابية في عُمان: مهرجان الابتكار يعزز روح الإبداع بين الطلاب""",مجموعة من الطلاب العمانيين تعرض مشاريعهم الابتكارية في مهرجان الابتكار، حيث يتفاعلون مع الزوار ويشرحون أفكارهم بأفكار جديدة ومبتكرة (الخليج العربي),مجتمع,عُمان
تونس تطلق منصة وطنية لتعزيز الابتكار في مجال الطاقة المتجددة,وزير الطاقة التونسي يعلن عن إطلاق المنصة الجديدة في مؤتمر صحفي، متحدثًا عن أهمية الابتكار في تحقيق الاستدامة البيئية (الوكالة التونسية للأنباء),تقنية,تونس
البحرين تعلن عن مبادرة جديدة لدعم المشاريع الصغيرة والمتوسطة في ظل التحديات الاقتصادية,وزير التجارة والسياحة البحريني خلال المؤتمر الصحفي الذي أعلن فيه عن تفاصيل المبادرة الجديدة، بحضور مجموعة من رواد الأعمال والمستثمرين (الأيام),اقتصاد,البحرين
قطر تتصدر قائمة دول الشرق الأوسط في استثمارات الطاقة المتجددة لعام 2023,مشهد من مشروع الطاقة الشمسية الجديد في قطر، حيث تتمركز الألواح الشمسية تحت أشعة الشمس الساطعة، مما يعكس التزام الدولة بالتحول نحو مصادر الطاقة المستدامة (الوكالة القطرية).,طاقة,قطر
منتخب الأردن يتأهل إلى نصف نهائي بطولة غرب آسيا بعد انتصاره على العراق,لاعبو المنتخب الأردني يحتفلون بتسجيل الهدف الثاني خلال المباراة المثيرة ضد العراق، والتي انتهت بفوزهم 2-1 وتأهلهم للدور نصف النهائي (رويترز),رياضة,الأردن
حادث مروع في العاصمة القطرية.. انقلاب شاحنة يسبب فوضى مرورية,لحظة وصول فرق الطوارئ إلى موقع الحادث، حيث تُظهر الصورة الشاحنة المنقلبة وسط الطريق ووجود عدد من المركبات المتضررة حولها (الشرق),حوادث,قطر
قطر تطلق مشروعاً جديداً لتطوير الطاقة المتجددة وتعزيز الاستدامة الاقتصادية,مشهد لخبراء ومهندسين في مجال الطاقة المتجددة أثناء توقيع اتفاقية المشروع الجديد في الدوحة، مع خلفية تضم توربينات الرياح وألواح الطاقة الشمسية (القطرية).,اقتصاد,قطر
كرة القدم النسائية العراقية تحقق إنجازاً تاريخياً بالتأهل لنهائيات كأس آسيا,لاعبات المنتخب العراقي يحتفلن بالتأهل بعد الفوز في مباراة حاسمة على منتخب الأردن، معبرين عن فرحتهم أمام جماهيرهم في ملعب الشعب ببغداد (الوكالة الوطنية العراقية للأنباء).,رياضة,العراق
الجزائر تطلق مبادرة جديدة لتعزيز الابتكار في القطاع الزراعي,مجموعة من المزارعين في الجزائر يتبادلون الأفكار حول التقنيات الحديثة في الزراعة خلال ورشة عمل خاصة بالابتكار الزراعي (الجزائر اليوم),اقتصاد,الجزائر
وزارة الاقتصاد اللبنانية تتبنى خطة جديدة لتعزيز الاستثمار المحلي وتخفيف الأعباء عن الشركات,اجتماع لوزير الاقتصاد اللبناني مع مجموعة من رجال الأعمال والمستثمرين لعرض الخطة الجديدة في مقر الوزارة وسط بيروت (الوكالة الوطنية للإعلام),اقتصاد,لبنان
"انطلاق مشروع ""مدرستي"" لتحسين بيئة التعليم في الكويت","طالبات في إحدى المدارس الكويتية يتفاعلن مع المعلمين ضمن الأنشطة التفاعلية التي ينظمها مشروع ""مدرستي""، الهادف إلى تعزيز التعليم الذاتي وتوفير بيئة تعليمية محفزة (كويت نيوز).",تعليم,الكويت
انطلاق حملة وطنية للتوعية بسرطان الثدي في الأردن بمشاركة فنانين وإعلاميين,مجموعة من الفنانين والإعلاميين الأردنيين يرفعون لافتات تحمل رسائل توعوية حول أهمية الكشف المبكر عن سرطان الثدي خلال حدث انطلاق الحملة في عمان (الأناضول),صحة,الأردن
انطلاق حملة توعية صحية لمكافحة السمنة في الكويت,مجموعة من المتطوعين يوزعون منشورات توعوية حول التغذية السليمة وأهمية ممارسة الرياضة في أحد المنتزهات العامة بالعاصمة الكويت (الكويت اليوم),مجتمع,الكويت
وزارة الصحة الأردنية تطلق حملة للتوعية بأهمية الكشف المبكر عن سرطان الثدي,مشهد من فعالية إطلاق الحملة التي تجمع بين الأطباء والمتطوعين لتوزيع منشورات توعوية على السيدات في مركز صحي بالعاصمة عمان (السبيل),صحة,الأردن
الإمارات تطلق حملة توعوية للكشف المبكر عن سرطان الثدي,مشاركة نساء إماراتيات في فعالية توعوية عن سرطان الثدي، حيث يتلقين معلومات طبية وفحوصات مجانية بمناسبة شهر التوعية بالسرطان (الإمارات اليوم),صحة,الإمارات
طلاب لبنانيون يبتكرون مشروعًا لتسهيل الوصول إلى التعليم عن بُعد في المناطق النائية,مجموعة من الطلاب في مختبر مدرسي، يعملون على تطوير تطبيق يتيح للطلاب في القرى البعيدة الاستفادة من الدروس الافتراضية (الجزيرة),تعليم,لبنان
ابتكار تقنية جديدة لفحص مرض السكري في الإمارات بتكلفة منخفضة,الباحثون في مركز الابتكار الطبي بالإمارات يتفاعلون مع الأجهزة الجديدة المصممة لتحسين طرق الكشف المبكر عن مرض السكري (رويترز),صحة,الإمارات
وزارة التعليم السعودية تطلق برنامجاً جديداً لتطوير مهارات المعلمين في التعليم الرقمي,مشهد من ورشة عمل تدريبية للمعلمين في الرياض، حيث يتلقون دورات متخصصة حول استخدام التكنولوجيا الحديثة في التعليم (الإخبارية السعودية),تعليم,السعودية
مصر تطلق مشروعاً جديداً لتنمية الصناعات الغذائية في صعيد البلاد,وزيرة التجارة والصناعة المصرية تتفقد أحد المصانع الجديدة في محافظة المنيا، ضمن جهود الحكومة لدعم الصناعات الغذائية وتعزيز الاقتصاد المحلي (رويترز),اقتصاد,مصر
"تونس تستضيف مهرجان الأدب العربي الأول تحت شعار ""الكلمة سلاح""",مجموعة من الكتّاب والمفكرين العرب يتبادلون الأفكار خلال جلسة حوارية في مهرجان الأدب العربي بتونس، حيث يهدف الحدث إلى تعزيز الثقافة الأدبية وتبادل التجارب بين الأجيال. (وكالة الأنباء التونسية),ثقافة,تونس
ارتفاع معدل البطالة بين الشباب في قطر ينذر بتحديات اجتماعية جديدة,شاب قطري يبحث عن فرص عمل في أحد معارض التوظيف، حيث تتزايد الطلبات على الوظائف وسط منافسة قوية بين الخريجين الجدد (رويترز),قضايا اجتماعية,قطر
"""مهرجان الإبداع الفني في القاهرة ينطلق بمشاركة 300 فنان من 15 دولة عربية""",جمهور متنوع في حديقة الأزهر يستمتع بالعروض الفنية والرقصات الشعبية، فيما تتلألأ الأضواء في سماء الليل (الشرق الأوسط),ثقافة,مصر
"""مبادرة شبابية لتعزيز الوعي البيئي في قطر من خلال الفنون""",مجموعة من الشباب القطريين يجتمعون في حديقة عامة حيث يعرضون أعمالهم الفنية المستوحاة من قضايا البيئة، بمشاركة فعاليات تفاعلية لنشر الثقافة البيئية (الجزيرة).,مجتمع,قطر
الجزائر تعلن عن انطلاق الحوار الوطني لإنهاء الأزمات السياسية والاقتصادية,رئيس الحكومة الجزائرية خلال إعلانه عن تفاصيل الحوار الوطني في مؤتمر صحفي، مؤكدًا أهمية إشراك جميع الأطراف في العملية السياسية (الوكالة الوطنية للأنباء الجزائرية),سياسة,الجزائر
الجزائر تستعد لإطلاق مبادرة وطنية للتوعية البيئية في المدارس,أطفال يتفاعلون مع ورشة عمل حول أهمية حماية البيئة، حيث تتضمن المبادرة أنشطة تفاعلية لتعزيز الوعي البيئي في صفوف الطلاب (الصحافة الجزائرية),بيئة,الجزائر
تونس تبدأ حواراً وطنياً لتعزيز الديمقراطية ومواجهة التحديات الاقتصادية,الجلسة الافتتاحية للحوار الوطني في تونس، حيث تجمع ممثلون عن الحكومة والأحزاب السياسية والمجتمع المدني لمناقشة سبل تعزيز الديمقراطية وتحسين الأوضاع الاقتصادية في البلاد (الوكالة التونسية للأنباء).,سياسة,تونس
أزمة التعليم في لبنان تتفاقم.. طلاب المدارس يواجهون تحديات اقتصادية واجتماعية,طلاب يتجمعون أمام مدرستهم في أحد الأحياء الشعبية في بيروت، حيث يعبرون عن قلقهم من ارتفاع أسعار الكتب والمستلزمات المدرسية (الوكالة الوطنية للإعلام),تعليم,لبنان
"انطلاق مشروع ""المعلم الرقمي"" لتعزيز المهارات التقنية في مدارس عمان","معلمون في أحد الفصول الدراسية يتلقون التدريب على استخدام تقنيات التعليم الحديثة ضمن مشروع ""المعلم الرقمي"" الذي يهدف إلى تحسين جودة التعليم في عمان (العمانية)",تعليم,عُمان
"الكويت تطلق مشروع ""الطاقة المتجددة الذكية"" لتعزيز استقلالها الطاقي",صورة توضح الانطلاق الرسمي لمشروع الطاقة المتجددة في الكويت، حيث يقوم ممثلو الحكومة بتدشين أولى محطات الطاقة الشمسية في الصحراء الكويتية (الكويت نيوز),طاقة,الكويت
"""المغرب يطلق مبادرة جديدة لتعزيز التنافسية الرقمية في السوق المحلية""",وزيرة الصناعة والتجارة المغربية خلال تقديم المبادرة في مؤتمر صحفي، حيث تركز على أهمية التكنولوجيا الرقمية في تطوير الأعمال وتحقيق التنمية المستدامة (المغرب اليوم),تقنية,المغرب
تظاهرات في الجزائر تنديداً بارتفاع أسعار المواد الغذائية وتأثيرها على الأسر الفقيرة,آلاف المواطنين في العاصمة الجزائر يحملون لافتات تعبر عن استنكارهم لارتفاع الأسعار، وسط أجواء من التضامن والمشاركة الشعبية (الجزيرة),قضايا اجتماعية,الجزائر
"انطلاق مهرجان ""الدوحة للثقافة والفنون"" بمشاركة 30 دولة عربية وأجنبية","مشهد من افتتاح مهرجان ""الدوحة للثقافة والفنون""، حيث تتزين الساحات بألوان الفن والثقافة ويشارك فنانون من مختلف دول العالم (وكالة الأنباء القطرية).",ثقافة,قطر
البحرين تطلق برنامجًا جديدًا لمساعدة الأسر المتعففة وتعزيز التماسك الاجتماعي,موظفون حكوميون يتحدثون مع المستفيدين من البرنامج الجديد خلال فعالية إطلاقه، حيث تم توزيع المساعدات الغذائية والمالية على الأسر المحتاجة (البحرين اليوم),قضايا اجتماعية,البحرين
تونس تطلق حملة وطنية للتوعية بمخاطر التغير المناخي وتأثيراته على الزراعة,مزارعون من مختلف المناطق التونسية يجتمعون في ورشة عمل لبحث سبل التكيف مع التغير المناخي وتعزيز الاستدامة الزراعية (التونسية),بيئة,تونس
البحرين تطلق مبادرة جديدة لتعزيز التعليم الرقمي في المدارس الابتدائية,طلاب في إحدى المدارس الابتدائية في البحرين يتفاعلون مع أجهزة الكمبيوتر المحمولة في إطار مبادرة تعليمية جديدة تهدف إلى تطوير مهاراتهم الرقمية (الصحافة البحرينية),تعليم,البحرين
تزايد ظاهرة العنف الأسري في الكويت تثير القلق الاجتماعي,إحصائيات رسمية توضح ارتفاع حالات العنف الأسري خلال السنوات الأخيرة، مما يستدعي تكثيف الجهود للتوعية والدعم (الكويت اليوم),قضايا اجتماعية,الكويت
موجة أمطار غزيرة تودي بحياة 5 أشخاص في عمان وتدمّر بنى تحتية واسعة,مشهد مأساوي لمجموعة من المتطوعين يقومون بإزالة الأنقاض من أحد الشوارع المدمرة بعد الفيضانات في ولاية بهلاء، بينما تظهر الأضرار الجسيمة في المباني والسيارات (الأسوشيتد برس),حوادث,عُمان
عمان تطلق مشروعاً رائداً لتوليد الطاقة الشمسية بقدرة 500 ميغاوات,وزير الطاقة والمعادن في عمان يشارك في احتفالية إطلاق مشروع الطاقة الشمسية، حيث تتطلع البلاد إلى تحقيق استقلالية طاقية وتعزيز الاستدامة البيئية (العمانية).,طاقة,عُمان
"""السعودية تحتفل باليوم الوطني لتعزيز الوحدة الوطنية والتنوع الثقافي""",فعاليات الاحتفال باليوم الوطني السعودي تشمل عروضاً فنية وثقافية تعكس التنوع في المجتمع السعودي، حيث تظهر العائلات والأطفال يتفاعلون مع الأنشطة المختلفة في أحد المنتزهات العامة بالرياض.,سياسة,السعودية
"قطر تطلق المرحلة الأولى من مشروع ""المدينة الذكية"" في العاصمة الدوحة",رئيس الوزراء القطري خلال مراسم إطلاق المشروع الذي يهدف إلى تحسين البنية التحتية الرقمية وتقديم خدمات متطورة للمواطنين والمقيمين (الجزيرة),تقنية,قطر
حريق مهول يلتهم مصنعاً للملابس في تونس العاصمة,ألسنة اللهب تتصاعد من المصنع المتضرر، بينما فرق الإطفاء تسارع لإخماد الحريق الذي اندلع في ساعة مبكرة من صباح اليوم (تونس 24).,حوادث,تونس
السعودية تُطلق حملة للتشجير تهدف لزراعة 10 ملايين شجرة بحلول 2025,جانب من انطلاق الحملة الوطنية للتشجير في العاصمة الرياض، حيث يُظهر المتطوعون يزرعون الأشجار في إحدى الحدائق العامة (واس),بيئة,السعودية
مهرجان بيروت للثقافة يُكرم رواد الأدب والفن في دورته الخامسة,جمهور كبير من محبي الأدب والفن في لبنان يحتشد في ساحة النجمة ببيروت خلال افتتاح مهرجان بيروت للثقافة، الذي شهد تكريم كوكبة من الكتّاب والفنانين المحليين.,ثقافة,لبنان
مهرجان الأردن الثقافي يحتفل بالتراث الشعبي بمشاركة فنانين محليين وعرب,مجموعة من الفنانين يقدمون عروضاً فنية تقليدية على مسرح مهرجان الأردن الثقافي في مدينة مادبا، مع حضور جماهيري كبير يتفاعل مع الأنغام الشعبية (الأناضول),ثقافة,الأردن
عُمان تطلق حملة توعوية لمكافحة التلوث البحري وحماية البيئة البحرية,الحملة تتضمن أنشطة تنظيف الشواطئ وورش عمل توعوية للمجتمعات المحلية بهدف تعزيز الوعي بأهمية حماية البيئة البحرية (الهيئة العامة للتعدين),بيئة,عُمان
الإمارات تعلن عن مشروع جديد لتطوير الطاقة الشمسية في الصحراء الكبرى,مشهد يظهر الألواح الشمسية المنتشرة في الصحراء الكبرى، حيث تمثل هذه التكنولوجيا خطوة مهمة نحو تحقيق الاستدامة الطاقية في المنطقة.,طاقة,الإمارات
"""قطر تستضيف قمة الأمن الإقليمي لتعزيز التعاون في مكافحة الإرهاب""",قادة الدول العربية خلال جلسة الافتتاح لقمة الأمن الإقليمي في الدوحة، حيث تم تناول التحديات الأمنية المشتركة وسبل تعزيز التعاون لمكافحة الإرهاب.,سياسة,قطر
انطلاق مهرجان القاهرة الدولي للكتاب في نسخته الـ54 بمشاركة 30 دولة,تمثال الكاتب المصري الراحل نجيب محفوظ في ساحة معرض الكتاب بالقاهرة، حيث يحتفي المهرجان بأدبائه وكتبه (الجزيرة),ثقافة,مصر
"""عُمان تطلق مشروعاً جديداً للطاقة الشمسية لتوليد 500 ميغاواط""",إنطلاق مشروع الطاقة الشمسية في عُمان الذي يسعى لتلبية احتياجات البلاد المتزايدة من الطاقة المستدامة (العمانية).,طاقة,عُمان
البحرين تعزز استثماراتها في الطاقة المتجددة بمشاريع جديدة,افتتاح محطة للطاقة الشمسية في البحرين، حيث تظهر الألواح الشمسية اللامعة تحت أشعة الشمس، مع حضور رسمي يضم وزراء وصناع قرار في مجال الطاقة (الجزيرة),طاقة,البحرين
قطر تطلق استراتيجيتها الجديدة لتنمية الاقتصاد الرقمي وتعزيز الابتكار,رئيس الوزراء القطري يعلن عن الاستراتيجية خلال مؤتمر صحفي في الدوحة، بحضور عدد من رجال الأعمال والمستثمرين في مجال التكنولوجيا (الجزيرة).,اقتصاد,قطر
"""الأحياء الشعبية في الجزائر تشهد تزايداً ملحوظاً في المبادرات الثقافية والاجتماعية""",مجموعة من الشباب الجزائريين يشاركون في ورشة عمل فنية في أحد الأحياء الشعبية، حيث تهدف المبادرة إلى تعزيز الإبداع الفني وبناء جسور التواصل بين السكان (الجزيرة),قضايا اجتماعية,الجزائر
"""بحرينية تطلق مبادرة لدعم ذوي الاحتياجات الخاصة في المجتمع المحلي""",مجموعة من الشباب البحرينيين يتلقون تدريبات في ورشة عمل ضمن مبادرة لدعم ذوي الاحتياجات الخاصة، حيث يتعلمون مهارات جديدة لتعزيز الاندماج الاجتماعي.,قضايا اجتماعية,البحرين
انطلاق مهرجان الفنون الشعبية الإماراتي في الشارقة بمشاركة دول عربية,مشهد من افتتاح مهرجان الفنون الشعبية في الشارقة حيث تتنوع الألوان والأزياء التقليدية من مختلف الدول العربية، مع فرقة فنية تؤدي رقصات شعبية جذابة تحت الأضواء.,ثقافة,الإمارات
حادث مروري مأساوي يُسفر عن وفاة ثلاثة أشخاص في مسقط,سيارة محطمة بعد وقوع الحادث على الطريق السريع بمسقط، حيث تشير التحقيقات الأولية إلى فقدان السائق السيطرة على السيارة.,حوادث,عُمان
"""البحرين تطلق مبادرة لتعزيز الوعي البيئي بين الشباب في المدارس""",طلاب من مختلف المدارس البحرينية يشاركون في ورشة عمل تفاعلية حول أهمية الحفاظ على البيئة في حديقة عامة بالعاصمة المنامة.,مجتمع,البحرين
"""ارتفاع نسبة البطالة في العراق إلى مستويات قياسية وسط الأزمة الاقتصادية""",شباب عراقيون يبحثون عن فرص عمل في إحدى مناطق بغداد وسط تزايد المخاوف من تداعيات الأزمة الاقتصادية على مستقبلهم (الجزيرة).,مجتمع,العراق
وزارة الصحة السعودية تطلق حملة للتوعية بأهمية الفحص المبكر لسرطان الثدي,وزيرة الصحة السعودية خلال إطلاق الحملة الوطنية، حيث تم توزيع كتيبات توعوية على الحضور في مركز صحي بالرياض.,صحة,السعودية
المغرب يستضيف قمة دولية لمكافحة التغير المناخي وتعزيز الاستدامة,قادة دوليون يجتمعون في قاعة المؤتمرات بمدينة مراكش لمناقشة الاستراتيجيات الحديثة لمواجهة آثار التغير المناخي والحد من انبعاثات الكربون (الجزيرة),بيئة,المغرب
"""مبادرة شبابية في المغرب تعزز حقوق النساء في المناطق النائية""",مجموعة من الشابات المغربيات يشاركن في ورشة عمل تعليمية حول حقوق المرأة في قرية نائية في جبال الأطلس (الجزيرة),قضايا اجتماعية,المغرب
لبنان يشهد تحولاً في قطاع الطاقة المتجددة بفضل مشروع جديد,متخصصون في الطاقة الشمسية يعملون على تركيب الألواح الشمسية في إحدى القرى اللبنانية، حيث تسعى البلاد إلى تحقيق الاستقلال الطاقي وتقليل الاعتماد على المصادر التقليدية.,طاقة,لبنان
"""دراسة إماراتية تكشف عن زيادة ملحوظة في حالات السكري بين الشباب""",شاب إماراتي يجري فحص مستوى السكر في الدم في إحدى العيادات الصحية الحديثة بأبوظبي.,صحة,الإمارات
انفجار في مصنع للبلاستيك في الجيزة يسفر عن إصابات متعددة,رجال الإطفاء يعملون على إخماد الحريق الناتج عن الانفجار داخل المصنع، فيما يتجمع الأهالي لمتابعة الأحداث (مصر اليوم),حوادث,مصر
تأهل المنتخب الإماراتي إلى نصف نهائي كأس العرب بعد فوز مثير على المغرب,لحظة احتفال لاعبي المنتخب الإماراتي بعد تسجيل هدف التأهل في المباراة المثيرة ضد المغرب (Getty Images),رياضة,الإمارات
الجزائر تطلق منصة جديدة لتعليم البرمجة للأطفال,مشهد من حفل إطلاق المنصة التعليمية، حيث يتفاعل الأطفال مع المدربين في ورش عمل تفاعلية (الجزيرة),تقنية,الجزائر
"""تونس تحتفل بإطلاق أول مهرجان ثقافي للإبداع النسائي في شمال البلاد""",لحظة مميزة من المهرجان، حيث تعرض الفنانات التونسيات أعمالهن في الفنون التشكيلية والموسيقية، وسط أجواء احتفالية تعكس التنوع الثقافي (مواقع التواصل الاجتماعي).,مجتمع,تونس
"""جمعيات مغربية تحتفل باليوم العالمي للطفل بحملات توعية في الشوارع""",أطفال يتجمعون حول نشاط توعوي في شوارع مدينة الرباط بمناسبة اليوم العالمي للطفل، حيث تقدم الجمعيات المحلية ورش عمل تفاعلية لتعزيز حقوق الطفل.,مجتمع,المغرب
السعودية تدعو لتعاون عربي لمواجهة التحديات الإقليمية في القمة العربية القادمة,وفود الدول العربية تجتمع في الرياض للتنسيق حول القضايا السياسية والاقتصادية المشتركة (الأناضول),سياسة,السعودية
تفشي ظاهرة التسول في لبنان يثير قلق المجتمع المحلي,مجموعة من المتسولين في شوارع بيروت يعكسون معاناة العديد من الأسر بسبب الأزمات الاقتصادية المستمرة (الجزيرة),قضايا اجتماعية,لبنان
تونس تتبنى استراتيجية جديدة لمكافحة ظاهرة العنف الأسري,احتفالية بمناسبة إطلاق الاستراتيجية الجديدة لمكافحة العنف الأسري في تونس، حيث تجمع عدد من الناشطين في مجال حقوق المرأة أمام وزارة المرأة والأسرة والطفولة (الجزيرة),قضايا اجتماعية,تونس
"""المنتخب الأردني للشباب يحقق فوزاً تاريخياً في بطولة غرب آسيا لكرة القدم""",لحظة احتفال لاعبي المنتخب الأردني بعد تسجيل هدف الفوز في المباراة النهائية ضد المنتخب السعودي، وسط أجواء جماهيرية حماسية في الملعب.,رياضة,الأردن
"""الحكومة الكويتية تطلق مبادرة جديدة لدعم الأسر المتعففة في البلاد""",مبادرة تهدف إلى تقديم المساعدات الغذائية والمالية للأسر المتعففة، حيث يظهر عدد من المتطوعين وهم يقومون بتوزيع السلال الغذائية على العائلات المحتاجة في إحدى المناطق السكنية بالكويت.,قضايا اجتماعية,الكويت
البحرين تطلق حملة توعية صحية للحد من السمنة بين الشباب,شباب بحرينيون يشاركون في نشاط رياضي ضمن الحملة الوطنية للتوعية بالصحة واللياقة البدنية (مواقع التواصل الاجتماعي),صحة,البحرين
تونس تعلن عن مشروع جديد للحفاظ على التنوع البيولوجي في البحيرات المالحة,البحيرات المالحة في تونس تعتبر موطناً لعدد كبير من الأنواع المهددة، وتطلق الحكومة مشروعًا للحماية والتأهيل البيئي (الجزيرة),بيئة,تونس
البحرين تستضيف المؤتمر السنوي للابتكار الاجتماعي بمشاركة محلية ودولية,وفود من مختلف الدول تشارك في جلسات المؤتمر، حيث يبرز الابتكار الاجتماعي كوسيلة لتحسين جودة الحياة في المجتمع البحريني (الأخبار المحلية),مجتمع,البحرين
تونس تشهد احتجاجات ضد قانون المالية الجديد والمحتجون يطالبون بتأجيل تطبيقه,مظاهرة حاشدة في وسط العاصمة تونس، حيث يحمل المحتجون لافتات تعبر عن مطالبهم بتأجيل تطبيق قانون المالية الجديد.,سياسة,تونس
انطلاق مؤتمر جدة للأمن الإقليمي بمشاركة 20 دولة عربية ودولية,وفود الدول المشاركة تتجمع في مركز الملك عبد العزيز الثقافي، حيث تتصدر الأجندة مناقشة التحديات الأمنية المشتركة في المنطقة.,سياسة,السعودية
البحرين تحتفل باليوم الوطني للمرأة بتكريم الرائدات في مختلف المجالات,احتفالية مميزة بمناسبة اليوم الوطني للمرأة في البحرين، حيث تم تكريم النساء الرائدات اللاتي ساهمن في تعزيز دور المرأة في المجتمع البحريني (الأيام),سياسة,البحرين
قطر تطلق مبادرة جديدة لتعزيز التكافل الاجتماعي في المجتمع المحلي,أفراد من المجتمع القطري يشاركون في حملة للتبرع بالملابس والأغذية للأسر المحتاجة، في إطار المبادرة التي تهدف إلى تعزيز الروابط الاجتماعية وتقديم الدعم للمحتاجين (الجزيرة).,مجتمع,قطر
عمان تطلق برنامجاً جديداً لتعزيز المهارات الرقمية في المدارس,طلبة في إحدى المدارس العمانية يتلقون دروساً في المهارات الرقمية ضمن البرنامج الجديد الذي أطلقته وزارة التربية والتعليم (العمانية).,تعليم,عُمان
"""مصر تُطلق حملة وطنية لتعزيز القراءة لدى الأطفال في المناطق النائية""",أطفال في قرية نائية في مصر يتلقون الكتب كجزء من حملة القراءة الوطنية التي تستهدف تعزيز ثقافة القراءة في المجتمعات الصغيرة (الجزيرة),مجتمع,مصر
الجزائر تطلق حملة وطنية لزرع 10 ملايين شجرة في عام 2024,حفل انطلاق الحملة الوطنية لزرع الأشجار، بحضور وزراء البيئة والزراعة وممثلين عن المنظمات البيئية، حيث يتم غرس أول شجرة في موقع رمزي بالعاصمة الجزائر (الجزائر).,بيئة,الجزائر
انطلاق مهرجان الدوحة الثقافي لتسليط الضوء على الفنون التقليدية,مجموعة من الفنانين يعرضون مهاراتهم في الفنون التقليدية القطرية خلال مهرجان الدوحة الثقافي، حيث تشهد الفعالية إقبالاً كبيراً من الزوار.,ثقافة,قطر
حريق هائل يلتهم أحد المصانع في جدة ويؤدي لإصابة عدد من العمال,ألسنة اللهب تتصاعد من المصنع المحترق في جدة، بينما تحاول فرق الدفاع المدني السيطرة على الحريق ونجدة المصابين (الشرق الأوسط),حوادث,السعودية
قطر تستضيف القمة العربية الطارئة لبحث التطورات في المنطقة,قادة الدول العربية يتجمعون في الدوحة لمناقشة سبل التعاون والأمن الإقليمي خلال القمة الطارئة التي تعقد في فندق الشيراتون (الجزيرة),سياسة,قطر
"""انهيار جزئي لمبنى سكني في الدوحة يثير قلق السكان""",مشهد من موقع الانهيار حيث يتجمع رجال الإنقاذ وسط حطام المبنى ويقومون بتفتيش المنطقة بحثاً عن ناجين.,حوادث,قطر
عُمان تطلق مبادرة جديدة لتعزيز الوعي الصحي بين الأطفال في المدارس,أطفال في إحدى المدارس العمانية يشاركون في فعاليات توعوية حول أهمية التغذية السليمة والنشاط البدني (مسقط),صحة,عُمان
"""عمان تُطلق مبادرة جديدة لتعزيز الابتكار في قطاع التكنولوجيا الصحية""",وزيرة التقنية والاتصالات في عمان تتحدث في المؤتمر الصحفي الذي تم فيه الإعلان عن المبادرة الجديدة، بحضور عدد من رواد الأعمال والمستثمرين في مجال التكنولوجيا الصحية.,تقنية,عُمان
البرلمان العراقي يناقش قانون الانتخابات وسط مخاوف من تدهور الأوضاع الأمنية,جلسة البرلمان العراقي أثناء مناقشة قانون الانتخابات، حيث يظهر النواب في قاعة الجلسات يعبّرون عن آرائهم بحضور وزراء الأمن (الجزيرة),سياسة,العراق
تصادم مروع على طريق الرياض – الدمام يسفر عن عدة إصابات,سيارات متضررة بشكل كبير بعد حادث التصادم الذي وقع على الطريق السريع، حيث تظهر آثار الفوضى والازدحام في المنطقة (الشرق),حوادث,السعودية
حريق مهول يلتهم مصنعاً للمواد الكيميائية في القاهرة ويؤدي لإصابة 15 شخصاً,رجال الإطفاء يحاولون السيطرة على النيران المشتعلة في المصنع وسط تصاعد أعمدة الدخان الأسود في سماء القاهرة (مواقع التواصل الاجتماعي),حوادث,مصر
منتخب عُمان لكرة القدم يستعد لمواجهة لبنان في تصفيات كأس آسيا 2024,لاعبو منتخب عُمان يتدربون في ملعب مجمع السلطان قابوس الرياضي، حيث يظهر الحماس على وجوههم قبل المواجهة المرتقبة ضد لبنان ضمن تصفيات كأس آسيا 2024 (المنتخب العماني),رياضة,عُمان
الأخضر الشاب يحصد ذهبية كرة اليد في البطولة العربية تحت 18 عاماً بالسعودية,منتخب السعودية تحت 18 عاماً يحتفل بعد الفوز بالميدالية الذهبية في البطولة العربية لكرة اليد، وسط الأجواء الاحتفالية في الملعب (مواقع التواصل).,رياضة,السعودية
الحكومة الأردنية تعلن عن حزمة إصلاحات اقتصادية لمواجهة التحديات المالية,وزير المالية الأردني خلال مؤتمر صحفي في عمان، حيث تم عرض تفاصيل الحزمة الجديدة والمستهدفات الاقتصادية (مواقع التواصل الاجتماعي),سياسة,الأردن
لبنان يطلق مشروع الطاقة الشمسية في المناطق النائية لتعزيز الاستدامة,عمال يركبون الألواح الشمسية في إحدى القرى النائية في لبنان، في إطار مشروع الحكومة الجديد لتعزيز استخدام الطاقة المتجددة (موقع وزارة الطاقة),طاقة,لبنان
الجزائر تعلن عن استثمارات جديدة في قطاع الطاقة المتجددة لتعزيز الاستدامة,مشهد من محطة الطاقة الشمسية الجديدة في الجزائر، حيث تعمل الألواح الشمسية على توليد الطاقة النظيفة وسط المناظر الطبيعية الخلابة (الفرنسية),طاقة,الجزائر
الأردن يطلق مشروعا رائدا في الطاقة الشمسية لتعزيز الاستدامة البيئية,العاملون في الموقع يركبون الألواح الشمسية الجديدة في أحد مواقع المشروع الواقع جنوب العاصمة عمان (مواقع التواصل),طاقة,الأردن
عمان تطلق حملة توعية لحماية الحياة البحرية وتعزيز الاستدامة,فريق من المتطوعين خلال تنظيف شواطئ عمان، حيث يظهرون وهم يجمعون النفايات البلاستيكية والأصداف في إطار جهود الحملة الوطنية لحماية البيئة البحرية (أرشيف خاص).,بيئة,عُمان
الإمارات تطلق حملة جديدة لتعزيز الصحة النفسية بين الشباب في المدارس,مجموعة من الطلاب في إحدى المدارس الإماراتية يشاركون في ورشة عمل حول الصحة النفسية، حيث يتم توجيههم حول كيفية التعامل مع الضغوط النفسية ومهارات الرفاهية (البيان).,صحة,الإمارات
ارتفاع معدلات الطلاق في المغرب يدق ناقوس الخطر ويستدعي تدخل المجتمع المدني,مجموعة من الشباب المغاربة يناقشون قضايا الأسرة والعلاقات الزوجية في ورشة عمل حول تعزيز الوعي الأسري (مواقع التواصل),قضايا اجتماعية,المغرب
الجزائر تطلق حملة توعوية لمكافحة العنف الأسري في 30 ولاية,مجموعة من الناشطات في مجال حقوق المرأة خلال إطلاق الحملة أمام المركز الثقافي بالعاصمة الجزائر، حيث تم توزيع منشورات توعوية وموارد الدعم للضحايا (الجزائرية),قضايا اجتماعية,الجزائر
تونس تعلن عن استراتيجيتها الجديدة لمكافحة الفساد وتعزيز الشفافية,وزيرة المالية التونسية خلال المؤتمر الصحفي الذي عقد في العاصمة تونس، حيث تم استعراض الخطط الجديدة لمكافحة الفساد وتحسين الشفافية في المؤسسات الحكومية (الأناضول),سياسة,تونس
وزارة الصحة المصرية تطلق حملة توعوية لمكافحة الأمراض المزمنة,جانب من فعاليات الحملة التوعوية التي نظمتها وزارة الصحة في أحد المراكز الصحية بالقاهرة، حيث يتم توزيع المنشورات الطبية على المواطنين (الشرق الأوسط),صحة,مصر
البحرين تطلق مشروع الطاقة الشمسية الأكبر في الخليج لتعزيز الاستدامة,فريق من المهندسين يعمل على تركيب الألواح الشمسية في موقع المشروع الجديد الذي يهدف إلى توفير الطاقة النظيفة لمئات الآلاف من المنازل في البحرين (مواقع التواصل الاجتماعي),طاقة,البحرين
تونس تحتفل باليوم الوطني للمرأة بتكريم رائدات في مجالات متنوعة,وزير الشؤون الاجتماعية يكرم مجموعة من النساء التونسيات البارزات في حفل خاص بمناسبة اليوم الوطني للمرأة، بحضور عدد من الشخصيات السياسية والمجتمعية (وكالة تونس إفريقيا للأنباء).,مجتمع,تونس
الأردن يعلن عن خطة جديدة لتعزيز التعاون التجاري مع العراق,وزير التجارة الأردني يتحدث خلال مؤتمر صحفي حول تعزيز العلاقات الاقتصادية مع العراق، بحضور عدد من رجال الأعمال والاقتصاديين في العاصمة عمان (الأناضول),اقتصاد,الأردن
البحرين تستضيف البطولة العربية للفنون القتالية في ديسمبر المقبل,لاعبو الفنون القتالية يتنافسون في إحدى البطولات السابقة، حيث تمثل البطولة القادمة فرصة لتعزيز روح المنافسة الرياضية في البحرين (الفرنسية),رياضة,البحرين
قطر تستضيف القمة العربية الاقتصادية لتعزيز التعاون الإقليمي,قادة الدول العربية يجتمعون في الدوحة لمناقشة سبل تعزيز التجارة والاستثمار بين الدول الأعضاء، وسط أجواء من التفاؤل بشأن مستقبل التعاون الاقتصادي (الجزيرة),سياسة,قطر
العراق يستعد لاستقبال قمة التعاون العربي في بغداد وسط تحديات اقتصادية وسياسية,وفود الدول العربية تتوافد إلى العاصمة العراقية بغداد تحضيرًا لقمة التعاون العربي، حيث يركز جدول الأعمال على تعزيز التعاون الاقتصادي والأمني بين الدول الأعضاء (الفرنسية),سياسة,العراق
عمان تطلق مشروعاً طموحاً للطاقة الشمسية بمشاركة شركات دولية,مشهد من حفل إطلاق المشروع الجديد للطاقة الشمسية في عمان، حيث يتواجد مسؤولون حكوميون ورؤساء الشركات المشاركة في المشروع (الشرق الأوسط),طاقة,عُمان
الجزائر تحتفل باليوم الوطني للعلم في أجواء من الفخر والاعتزاز بالهوية الثقافية,طلاب المدارس في الجزائر يرتدون الزي التقليدي ويعرضون الأعلام الوطنية خلال احتفالهم بمناسبة اليوم الوطني للعلم، الذي يصادف ذكرى إصدار أول قانون للتعليم في البلاد (الجزائرية).,مجتمع,الجزائر
انفجار هائل في أحد الأسواق الشعبية بالرياض يؤدي إلى إصابة عشرات الأشخاص,فرق الدفاع المدني تعمل على إطفاء النيران ورفع الأنقاض في سوق شعبي بالرياض بعد الانفجار الذي خلف دمارًا واسعًا وأضرارًا جسيمة في الممتلكات (واس),حوادث,السعودية
وفاة ثلاثة أشخاص في حادث سير مروع على الطريق السريع قرب الجزائر العاصمة,موقع الحادث يظهر فيه السيارات المتضررة وتجمع رجال الإطفاء والشرطة على الطريق السريع بعد وقوع الحادث (مواقع التواصل الاجتماعي),حوادث,الجزائر
وزارة الاتصالات المصرية تطلق مبادرة لتدريب الشباب على تطوير البرمجيات,شاب مصري يتلقى تدريبات في إحدى ورش العمل بمبادرة وزارة الاتصالات لتطوير المهارات التقنية (الجزيرة),تقنية,مصر
المغرب يطلق منصة إلكترونية جديدة لتعزيز الابتكار في القطاع الزراعي,وزير الفلاحة المغربي يتحدث خلال افتتاح المنصة الجديدة، التي تهدف إلى دعم المزارعين من خلال توفير أدوات رقمية لتحسين إنتاجيتهم (الفرنسية),تقنية,المغرب
حريق مدمر يلتهم مساحات شاسعة من غابات الريف المغربي ويثير مخاوف المواطنين,فرق الإطفاء تعمل على السيطرة على النيران المشتعلة وسط أشجار الصنوبر الكثيفة في غابات الريف، بينما يتصاعد الدخان الكثيف في السماء (الأناضول),حوادث,المغرب
وزارة التربية العراقية تطلق منصة تعليمية جديدة لدعم التعليم عن بعد في المناطق النائية,معلمون وطلاب يتفاعلون مع المنصة التعليمية الجديدة من خلال أجهزة الكمبيوتر في مدرسة بإحدى القرى النائية في العراق (مواقع التواصل الاجتماعي),تعليم,العراق
حريق ضخم يلتهم مخزناً للمواد الغذائية في الكويت ويثير قلق السكان,ألسنة اللهب تتصاعد من المخزن المدمر، بينما رجال الإطفاء يتعاونون لمحاصرة الحريق في منطقة الشويخ (الكويت اليوم),حوادث,الكويت
المغرب يطلق حملة وطنية للتوعية بأهمية التغذية الصحية في المدارس,طالبات مغربيات يشاركن في ورشة عمل حول التغذية الصحية في إحدى المدارس الابتدائية بمراكش، حيث تم توزيع مطبوعات توعوية عن فوائد الأغذية المتوازنة (مواقع التواصل),صحة,المغرب
إطلاق منصة تعليمية جديدة في لبنان لتعزيز مهارات الشباب في التكنولوجيا,مجموعة من الشباب اللبنانيين يتلقون تدريباً على استخدام المنصة التعليمية الجديدة في أحد المراكز الثقافية في بيروت (الوكالة الوطنية للإعلام).,تعليم,لبنان
قطر تستضيف المنتدى الاقتصادي العربي الأول لتعزيز الشراكات الاستثمارية,وزراء الاقتصاد والمال العرب يتناقشون خلال جلسة في المنتدى الاقتصادي العربي الأول في الدوحة، حيث تسعى قطر لتشجيع الاستثمارات المشتركة بين الدول العربية (الجزيرة),اقتصاد,قطر
قطر تستضيف قمة التعاون الخليجي لتعزيز الأمن الإقليمي ومواجهة التحديات المشتركة,قادة دول مجلس التعاون الخليجي يجتمعون في الدوحة لمناقشة القضايا الأمنية والاقتصادية في المنطقة (الجزيرة),سياسة,قطر
"وزارة التربية التونسية تطلق مبادرة ""التعلم الذكي"" لتعزيز المهارات الرقمية في المدارس",طالبات في فصل دراسي يستخدمن الأجهزة اللوحية خلال درس يركز على المهارات الرقمية، ضمن مبادرة جديدة من وزارة التربية التونسية (مواقع التواصل الاجتماعي),تعليم,تونس
الحكومة الكويتية تعلن عن مبادرة جديدة لتعزيز حقوق المرأة في العمل,وزيرة الشؤون الاجتماعية في مؤتمر صحفي تكشف عن تفاصيل المبادرة الجديدة لدعم حقوق المرأة في السوق العمل الكويتي (مواقع التواصل الاجتماعي),سياسة,الكويت
"""عُمان تطلق مبادرة لتعزيز مهارات القرن الحادي والعشرين في المدارس""",طلاب عمانيون يتفاعلون خلال ورشة عمل تعليمية تهدف إلى تطوير مهارات التفكير النقدي والإبداع في أحد المدارس العمانية (الشبيبة),تعليم,عُمان
الجزائر تطلق حملة وطنية للتوعية بأهمية الصحة النفسية في المدارس,طلاب يتلقون محاضرة حول الصحة النفسية في إحدى المدارس الجزائرية خلال الحملة الوطنية التي تهدف إلى تعزيز الوعي والدعم النفسي في الوسط التعليمي (المؤسسة التعليمية),قضايا اجتماعية,الجزائر
"البحرين تحتفل بإطلاق مبادرة ""بيئتنا مسؤوليتنا"" لتعزيز الاستدامة البيئية",مجموعة من المشاركين في الحملة التطوعية لتنظيف الشواطئ في البحرين، حيث يحملون لافتات تدعو لحماية البيئة (مواقع التواصل الاجتماعي),مجتمع,البحرين
منتخب لبنان لكرة السلة يعبر إلى النهائيات بعد انتصار تاريخي على الأردن,لاعبو منتخب لبنان يحتفلون بعد تحقيق الفوز في مباراة حاسمة ضمن تصفيات كأس آسيا، وسط أجواء من الفرح والتشجيع في صالة الرياضة ببيروت (الوكالة الوطنية للإعلام).,رياضة,لبنان
البحرين تطلق برنامجاً جديداً لتحفيز المشروعات الصغيرة والمتوسطة في ظل الأزمات الاقتصادية,مجموعة من رواد الأعمال في البحرين يتبادلون الأفكار خلال ورشة عمل تهدف لتعزيز الابتكار في المشروعات الصغيرة والمتوسطة (البحرين اليوم),اقتصاد,البحرين
عمان تطلق برنامجاً جديداً لدعم الأسر المنتجة وتعزيز الاقتصاد المحلي,مجموعة من النساء العمانيات المشاركات في ورشة عمل حول المهارات الحرفية، حيث يسعين لتطوير مشاريعهن الصغيرة في بيئة داعمة ومشجعة (الأنباء العمانية).,قضايا اجتماعية,عُمان
وزارة الصحة الكويتية تُطلق حملة توعية شاملة لمكافحة الأمراض المزمنة,أطباء ومختصون يشاركون في فعالية توعوية في أحد المراكز الصحية في الكويت، حيث يتم توزيع كتيبات ومعلومات حول الوقاية من الأمراض المزمنة مثل السكري وارتفاع ضغط الدم (الكويت اليوم),صحة,الكويت
وزارة الصحة السعودية تطلق حملة للتوعية بأهمية الفحص المبكر لسرطان الثدي,موظفات وزارة الصحة السعودية خلال تنظيمهن فعالية توعوية تتضمن فحوصات مجانية وورش عمل للنساء في أحد المراكز الصحية بالرياض (واس),صحة,السعودية
رئيس الوزراء العراقي يدعو إلى حوار شامل مع القوى السياسية لتعزيز الاستقرار,رئيس الوزراء محمد شياع السوداني خلال مؤتمر صحفي، حيث أكد على ضرورة الوحدة الوطنية وتكاتف الجهود لبناء مستقبل أفضل للعراق (الوكالة الوطنية).,سياسة,العراق
"إطلاق مبادرة ""حياتنا بيدينا"" لتعزيز العمل التطوعي في المجتمع السعودي","متطوعون من مختلف الأعمار يشاركون في فعالية زراعة الأشجار ضمن مبادرة ""حياتنا بيدينا"" في إحدى حدائق الرياض (مواقع التواصل الاجتماعي)",مجتمع,السعودية
الجزائر تطلق أول منصة إلكترونية لدعم المشاريع الناشئة,وزير التكنولوجيا والرقمنة الجزائرية يعلن عن إطلاق المنصة خلال مؤتمر صحفي بحضور مجموعة من رواد الأعمال المحليين (الأخبار الجزائرية),تقنية,الجزائر
عمان تستعد لإطلاق مشروع الطاقة الشمسية الأكبر في المنطقة بقدرة 500 ميغاوات,رؤية لموقع المشروع الضخم الذي يمتد على مساحات شاسعة في صحراء عمان، حيث يتم تركيب الألواح الشمسية في بيئة مثالية لاستغلال الطاقة المتجددة (الهيئة العامة للكهرباء والمياه),طاقة,عُمان
البحرين: حادث تصادم مروع على جسر الملك فهد يسفر عن إصابات متعددة,رجال الأمن والإسعاف يتعاملون مع حطام السيارات المتضررة على جسر الملك فهد بعد وقوع الحادث المؤسف (الأيام البحرينية),حوادث,البحرين
الجزائر تحتفل باليوم الوطني للثقافة بفعاليات فنية وتراثية مميزة,زوار يعبرون عن فرحتهم خلال عرض فني تقليدي في ساحة الأمير عبد القادر وسط الجزائر العاصمة، احتفالاً باليوم الوطني للثقافة (الجزائرية),ثقافة,الجزائر
"مبادرة ""حكايات القرى"".. كيف يعيد شباب المغرب الحياة للفنون الشعبية التقليدية؟",مجموعة من الشباب يتجمعون في ساحة قرية صغيرة، يعزفون على الآلات الموسيقية التقليدية ويرتدون الأزياء المحلية، في إطار فعاليات مبادرة تهدف لإحياء الفنون الشعبية (الجزيرة),قضايا اجتماعية,المغرب
السعودية تطلق أول محطة للطاقة الشمسية في منطقة الجوف بقدرة 100 ميغاوات,المهندسون يعملون في موقع محطة الطاقة الشمسية، حيث تتكون الألواح الشمسية من صفوف متراصة تعكس أشعة الشمس في قلب الصحراء (الجزيرة),طاقة,السعودية
"الكويت تطلق مبادرة ""حدائق المستقبل"" لتعزيز المساحات الخضراء في المدن",عمال في الكويت يزرعون الأشجار والزهور في حديقة جديدة تم إنشاؤها في قلب العاصمة، حيث تهدف المبادرة إلى تحسين جودة الهواء وزيادة الوعي البيئي بين السكان (الجزيرة),بيئة,الكويت
حادث تصادم مروع يؤدي إلى إغلاق طريق الشيخ خليفة في البحرين,سيارات محطمة على جانبي الطريق، والشرطة تعمل على تنظيم حركة المرور وتقديم المساعدة للمصابين (الجزيرة),حوادث,البحرين
الكويت تتبنى خطة جديدة لتعزيز الوعي البيئي في المدارس,طالبات في أحد الصفوف الدراسية يتابعن ورشة عمل حول إعادة التدوير وإجراءات الحفاظ على البيئة (الكويت اليوم),بيئة,الكويت
"""تشكيل فرقة فنية جديدة في بغداد لتعزيز الثقافة المحلية من خلال الفن الشعبي""",مجموعة من الفنانين العراقيين يتدربون على تقديم عرض مسرحي يجسد التراث الثقافي، وسط أجواء من الحماس والتفاعل مع الجمهور (الجزيرة),مجتمع,العراق
الكويت تطلق مبادرة جديدة لتعزيز الشفافية الحكومية ومكافحة الفساد,وزير الدولة لشؤون مجلس الوزراء أثناء الإعلان عن المبادرة خلال مؤتمر صحفي، حيث تم توزيع كتيبات توضح خطوات وآليات الإبلاغ عن الفساد (الكويت اليوم),سياسة,الكويت
الإمارات تعزز جهودها في مكافحة السكري بإطلاق حملة توعية جديدة,أطفال وشباب يتفاعلون في فعالية صحية مخصصة للتوعية بأهمية التغذية السليمة والتمارين الرياضية للوقاية من مرض السكري، حيث تم توزيع منشورات ومواد توعوية في المركز التجاري (الإمارات اليوم),صحة,الإمارات
"مبادرة ""صوت الشباب"" تطلق فعالياتها في بغداد لتعزيز المشاركة المجتمعية",شباب عراقيون يشاركون في ورشة عمل حول حقوق الشباب وأهمية الانخراط في العمل المجتمعي، بحضور عدد من الخبراء والنشطاء في مركز ثقافي ببغداد. (الجزيرة),مجتمع,العراق
"جهود قطرية لمواجهة تغير المناخ عبر مبادرة ""شجرة لكل مواطن""",فرق تطوعية وزراعية تزرع الشتلات في الحدائق العامة، وسط إشراف رسمي يهدف لتعزيز المساحات الخضراء في البلاد (الجزيرة),بيئة,قطر
"وزارة التعليم المغربية تطلق مبادرة ""تعليم بلا حدود"" لتعزيز المهارات الرقمية لدى الطلاب",طلاب مغاربة يتفاعلون مع المدربين خلال ورشة عمل حول البرمجة وتصميم المواقع في إحدى المدارس الإعدادية بالرباط (الجزيرة),تعليم,المغرب
مصر تطلق مشروعًا طموحًا لتحسين كفاءة استهلاك الطاقة في المباني الحكومية,وزير الكهرباء المصري خلال الإعلان عن المشروع الجديد، حيث يُظهر المخطط الخاص بتجديد المرافق الحكومية بتركيز على الطاقة المتجددة وكفاءة الاستهلاك (الجزيرة),طاقة,مصر
تونس تطلق منصة إلكترونية لتعزيز الابتكار في القطاع الزراعي,وزير الفلاحة التونسي يتحدث خلال حفل تدشين المنصة الجديدة، التي تهدف إلى دعم المزارعين من خلال توفير موارد رقمية ومعلومات حول أحدث التقنيات الزراعية (الجزيرة),تقنية,تونس
"""مهرجان الألوان الأردني يعزز التراث الثقافي عبر الفنون الشعبية""",مجموعة من الفنانين المحليين يشاركون في رسم جدارية ضخمة مستوحاة من التراث الأردني، بينما يتجول الزوار حولهم مستمتعين بالعروض الحية (الجزيرة).,ثقافة,الأردن
القاهرة: انفجار غاز يسفر عن إصابة 10 أشخاص في حي المعادي,رجال الإطفاء يقومون بإخماد النيران المشتعلة في المبنى المتضرر بينما تُعالج الفرق الطبية المصابين في مكان الحادث (الجزيرة),حوادث,مصر
"""كأس الأمم الإفريقية تحت 23 عامًا.. مصر تستعد لاستضافة البطولة في أجواء مليئة بالحماس""",الجماهير المصرية تتجمع في شوارع القاهرة، بينما تتزين الأماكن بالأعلام واللافتات، استعدادًا للبطولة المرتقبة (الجزيرة),رياضة,مصر
لبنان يطلق منصة جديدة لترويج الابتكارات التكنولوجية الناشئة,مع انطلاق المنصة، تظهر مجموعة من رواد الأعمال اللبنانيين في معرض يعرض أحدث ابتكاراتهم التقنية، حيث يهدف المشروع إلى دعم الشباب وتوفير الفرص للمشاريع الناشئة (الجزيرة),تقنية,لبنان
حادث سير مروع يسفر عن وفاة ثلاثة أشخاص على الطريق السريع بمدينة فاس,فرق الإنقاذ تعمل على إزالة حطام السيارات المدمرة بعد الحادث المؤلم الذي وقع في الساعات الأولى من الصباح (الجزيرة),حوادث,المغرب
"""الحرف اليدوية في عُمان.. نهضة ثقافية تعزز الهوية الوطنية""",حرفيون عمانيون يبتكرون أشكالاً فريدة من الفخار والنسيج، مستعرضين مهاراتهم في المعرض السنوي الذي يعكس التراث العماني الغني (الجزيرة),قضايا اجتماعية,عُمان
العراق يطلق مشروعًا جديدًا لتحسين كفاءة الطاقة المتجددة في المناطق النائية,مهندسون يعملون على تركيب الألواح الشمسية في قرية نائية، حيث يسعى المشروع لمد المنازل بالكهرباء المستدامة ويعزز الاعتماد على الطاقة النظيفة (الجزيرة),طاقة,العراق
شجرة الزيتون في تونس.. رمز صمود الأجيال رغم التغيرات المناخية,عمال يعتنون بأشجار الزيتون في إحدى مزارع الشمال الغربي التونسي، حيث يكافح الفلاحون للحفاظ على المحاصيل في ظل الظروف المناخية القاسية (الجزيرة),بيئة,تونس
"انطلاق حملة ""أشجارنا.. مستقبلنا"" لزراعة 100 ألف شجرة في الأردن",متطوعون من مختلف الأعمار يشاركون في زراعة الأشجار في أحد المواقع الجبلية، في إطار حملة تهدف لتعزيز الغطاء النباتي ومكافحة التصحر في المملكة (الجزيرة).,بيئة,الأردن
افتتاح أكاديمية قطر للغات: خطوة جديدة نحو تعزيز التعليم متعدد اللغات,مجموعة من الطلاب يتفاعلون بحماس خلال ورشة عمل في الأكاديمية، حيث يتم تعليمهم لغات جديدة بأساليب تعليمية مبتكرة (الجزيرة).,تعليم,قطر
"""مهرجان القهوة السعودي.. احتفاء بموروث ثقافي وأذواق متنوعة""",زوار المهرجان يتذوقون أنواع القهوة السعودية في أجواء مبهجة تعكس التراث الغني للمملكة، حيث تزينت الأركان بأدوات القهوة التقليدية (الجزيرة),ثقافة,السعودية
توسيع التعاون الاقتصادي بين الإمارات وتركيا.. قمة في أبوظبي تعزز الشراكات التجارية,قادة الأعمال يمثلون مختلف القطاعات خلال المنتدى الذي شهد توقيع اتفاقيات جديدة لتعزيز العلاقات التجارية بين البلدين (الجزيرة),سياسة,الإمارات
شجار بين عائلتين في طرابلس يؤدي إلى مقتل شخصين وإصابة آخرين,عناصر من القوى الأمنية يقومون بتطويق مكان الحادث، فيما تتجمع حشود من الناس في محاولة لمعرفة ما حدث (الجزيرة),حوادث,لبنان
الإمارات تستضيف مؤتمرًا دوليًا حول الأمن الغذائي في ظل التحديات المناخية,وزير التغير المناخي والبيئة الإماراتي يتحدث خلال افتتاح المؤتمر، حيث يشارك ممثلون من 15 دولة لمناقشة استراتيجيات تحسين الإنتاج الزراعي وتقليل الفاقد في الموارد الغذائية (الجزيرة),سياسة,الإمارات
قطر تطلق حملة وطنية لزراعة الأشجار ضمن استراتيجيتها للتنمية المستدامة,متطوعون يزرعون أشجاراً في حديقة عامة في الدوحة، في إطار مبادرة تهدف إلى تعزيز المساحات الخضراء ومكافحة التصحر (الجزيرة),بيئة,قطر
"""حياة جديدة في حي النبطية.. نساء لبنانيات يطلقن مشروعهن الخاص وسط الأزمات""",مجموعة من النساء المحليات يجتمعن في ورشة عمل لتصنيع المنتجات اليدوية، مبتكرات من الخامات المحلية، ويعملن على تعزيز ثقافة الاستدامة في المجتمع (الجزيرة),قضايا اجتماعية,لبنان
المنتخب الإماراتي للشباب يستعد للمنافسات الآسيوية بمعسكر تدريبي في إسبانيا,لاعبو المنتخب الإماراتي يشاركون في تدريبات مكثفة تحت إشراف مدربهم الإسباني، مع استعدادات خاصة لمواجهة الفرق القوية في البطولة الآسيوية القادمة (الجزيرة).,رياضة,الإمارات
"الكويت تطلق برنامج ""التميز الأكاديمي"" لدعم الطلاب الموهوبين في المدارس","طلاب من مختلف الأعمار يشاركون في ورش عمل تفاعلية ضمن برنامج ""التميز الأكاديمي""، الذي يهدف إلى تعزيز مهاراتهم الإبداعية والتفكير النقدي (الكويت اليوم).",تعليم,الكويت
الشباب العراقي ينظمون حملة تطوعية لتنظيف شواطئ البصرة من النفايات,مجموعة من المتطوعين يتجمعون على شاطئ البصرة، حاملين أكياس النفايات، بينما تشرق الشمس في الأفق، في مشهد يعكس روح التعاون والالتزام بالبيئة (الجزيرة),قضايا اجتماعية,العراق
"السعودية تُطلق مشروع ""طاقة المستقبل"" لتطوير مصادر الطاقة المتجددة",وزيرة الطاقة السعودية تتحدث أمام حشد من المستثمرين خلال حفل إطلاق المشروع الذي يهدف إلى زيادة نسبة الطاقة المتجددة في البلاد بحلول عام 2030 (الجزيرة),طاقة,السعودية
الجزائر تطلق حملة وطنية للتشجير في مناطق التصحر لمواجهة التغير المناخي,متطوعون من مختلف الأعمار يزرعون الأشجار في المناطق القاحلة، وسط تفاعل مجتمعي كبير، مؤكدين على أهمية حماية البيئة وتحقيق التنمية المستدامة (الجزيرة).,بيئة,الجزائر
السعودية تعلن عن اكتشاف حقل غاز جديد يُعد الأضخم في تاريخها,المهندسون السعوديون أثناء عملهم في موقع الاكتشاف، حيث أظهرت الدراسات الأولية احتياطات ضخمة قد تُسهم في تعزيز قطاع الطاقة بالمملكة (الشرق الأوسط),طاقة,السعودية
البحرين تطلق استراتيجيتها الوطنية للعدالة المناخية لتعزيز الاستدامة البيئية,وزير البيئة البحريني يعلن عن الاستراتيجية الجديدة خلال مؤتمر صحفي، حيث يظهر خلفه شاشات تعرض الرسوم البيانية المتعلقة بتأثير التغير المناخي. (الجزيرة),سياسة,البحرين
منتخب تونس للشباب يستعد للمشاركة في كأس أفريقيا تحت 20 عاماً,تدريبات مكثفة للمنتخب التونسي في معسكره التحضيري بمدينة سوسة، حيث يسعى اللاعبون لإظهار مهاراتهم قبل انطلاق البطولة. (الجزيرة),رياضة,تونس
"""الحوار الوطني العراقي ينطلق من بغداد بمشاركة واسعة من القوى السياسية""",قادة سياسيون ونشطاء مجتمع مدني يتجمعون في قاعة المؤتمر، حيث يعقدون جلسات نقاش حول مستقبل العراق وتعزيز الديمقراطية (الجزيرة),سياسة,العراق
عُمان تطلق استراتيجيتها الجديدة للاستدامة الاقتصادية: نحو تنمية شاملة ومستدامة,وزير المالية العماني خلال المؤتمر الصحفي الذي عقد بمناسبة الإعلان عن الاستراتيجية الجديدة، حيث أكد على أهمية التعاون بين القطاعين العام والخاص لتحقيق الأهداف المستقبلية (العمانية).,اقتصاد,عُمان
"""حملات توعوية لمكافحة التحرش في المدارس المصرية.. خطوة نحو حماية الفتيات""",طالبة ترتدي سترة تحمل شعار الحملة، تتحدث مع زميلاتها حول أهمية التصدي للتحرش في ساحة المدرسة. (الجزيرة),قضايا اجتماعية,مصر
المنتخب العراقي يستعد لمواجهة ودية أمام المنتخب الكويتي في البصرة,جماهير غفيرة في مدرجات ملعب البصرة الدولي تستعد لاستقبال لاعبي المنتخب العراقي في المباراة الودية المرتقبة، حيث أظهرت اللافتات دعمها الحار للفريق (الجزيرة).,رياضة,العراق
لبنان يطلق مبادرة زراعة الأشجار في المدارس لتعزيز الوعي البيئي,طلاب من مختلف الأعمار يشاركون في زراعة الأشجار داخل حديقة مدرسة، حيث تزين الابتسامات وجوههم وسط أجواء من الحماس والتعاون (الجزيرة),بيئة,لبنان
"الجزائر تحتضن مهرجان ""أيام المسرح العربي"" في دورته الخامسة",فنانة جزائرية تقدم عرضاً مسرحياً مبهراً يجسد القضايا الاجتماعية الحالية، وسط تصفيق حار من الجمهور المتنوع (الجزيرة),ثقافة,الجزائر
وزارة المالية السعودية تعلن عن خطة جديدة لتعزيز الاستثمارات الأجنبية في القطاعات الحيوية,وزير المالية السعودي خلال مؤتمر صحفي، حيث تم استعراض المبادرات الجديدة لجذب الاستثمارات الأجنبية في مجالات الطاقة والتكنولوجيا والزراعة (الجزيرة),اقتصاد,السعودية
مراكز دعم الأسرة في الجزائر: خطوة نحو تعزيز التماسك الاجتماعي,موظفون في مركز دعم الأسرة يتفاعلون مع الزوار من خلال تقديم استشارات نفسية واجتماعية، وسط أجواء مليئة بالأمل والتفاؤل (الجزيرة),قضايا اجتماعية,الجزائر
"الجزائر تحتضن ""ماراثون المحبة"" لدعم الأيتام وتعزيز ثقافة العطاء",عشرات المتسابقين ينطلقون في شوارع الجزائر العاصمة، حاملين لافتات تعبر عن التضامن مع الأيتام، بينما تتعالى أصوات التشجيع من الحشود المتجمعة على جوانب الطريق (الجزيرة),قضايا اجتماعية,الجزائر
قطر تستضيف منتدى الاستثمار العربي لتعزيز الشراكات الاقتصادية,قادة الأعمال والمستثمرون من مختلف الدول العربية يتبادلون الأفكار خلال جلسات النقاش في المنتدى الذي يعقد بفندق مرموق في الدوحة (الجزيرة),اقتصاد,قطر
الجزائر: ارتفاع حصيلة ضحايا حريق غابة بجبل تسالة إلى 10 أشخاص,فرق الإطفاء مستمرة في عمليات إخماد النيران التي أتت على مساحات شاسعة من الغابة، فيما تتزايد المخاوف من انحسار الحياة البرية في المنطقة (الجزيرة),حوادث,الجزائر
إطلاق حملة توعوية في عُمان للحد من انتشار الأمراض المزمنة,مجموعة من المتطوعين في عُمان يوزعون منشورات توعوية حول أهمية الفحص المبكر للسكري وضغط الدم، مع التركيز على نمط الحياة الصحي (الجزيرة),صحة,عُمان
"مبادرة ""التراحم"" في قطر: تعزيز الروابط الأسرية والمجتمعية من خلال الفنون","جانب من ورشة العمل التي أقيمت بمبادرة ""التراحم""، حيث يتشارك المشاركون في تجسيد مشاعرهم من خلال الرسم والأشغال اليدوية (الجزيرة).",مجتمع,قطر
العراق يوقع اتفاقية شراكة اقتصادية مع تركيا لتعزيز التجارة البينية,وزراء الاقتصاد من العراق وتركيا يتصافحون خلال توقيع اتفاقية شراكة اقتصادية جديدة في بغداد، تهدف إلى تعزيز التبادل التجاري وتوسيع آفاق التعاون الثنائي بين البلدين (وكالة الأنباء العراقية),اقتصاد,العراق
العراق يطلق مشروعاً وطنياً للتشجير وسط ارتفاع درجات الحرارة,وزير البيئة العراقي خلال حفل إطلاق مشروع التشجير الوطني في أحد المنتزهات العامة بالعاصمة بغداد، حيث يهدف المشروع إلى مواجهة آثار التغير المناخي وتعزيز المساحات الخضراء (وكالة الأنباء العراقية).,بيئة,العراق
"""الأردن يطلق مشروع تطوير المناهج الدراسية لتعزيز التفكير النقدي والإبداع""",مجموعة من الطلاب في صف دراسي حديث يستخدمون أساليب تعليمية مبتكرة ضمن مشروع تطوير المناهج في الأردن (الوكالة الأردنية),تعليم,الأردن
الجزائر تحتفل بيوم البيئة الوطني بحملة تنظيف شاملة في العاصمة,مجموعة من المتطوعين يجمعون النفايات في حديقة التجارب الجزائرية خلال الاحتفال بيوم البيئة الوطني، الذي يهدف لتعزيز الوعي البيئي والممارسات المستدامة بين المواطنين (الوكالة الوطنية للإعلام).,بيئة,الجزائر
حريق هائل يلتهم مصنعًا للمواد الكيميائية في الدوحة,ألسنة اللهب تتصاعد من مصنع للمواد الكيميائية في منطقة الصناعية بالدوحة، حيث هرعت فرق الإطفاء للسيطرة على الحريق الكبير الذي اندلع في وقت متأخر من الليل (الأوروبية).,حوادث,قطر
"""ارتفاع ملحوظ في نسب الفقر في الأردن يثير قلق المجتمع المدني""",مجموعة من المواطنين الأردنيين يتجمعون في أحد الأسواق الشعبية، يعبرون عن معاناتهم الاقتصادية في ظل الظروف الراهنة (وكالة الأنباء الأردنية),قضايا اجتماعية,الأردن
النصر يتأهل إلى نصف نهائي كأس رئيس الدولة بعد فوز مثير على العين,لحظة احتفال لاعبي نادي النصر بتسجيل هدف الفوز في الدقيقة الأخيرة من المباراة ضد العين، في ملعب ال مكتوم في دبي (تصوير: الأرشيف الرياضي).,رياضة,الإمارات
الإمارات تعزز استثماراتها في الطاقة الشمسية بإنشاء أكبر محطة في المنطقة,محطة الطاقة الشمسية الجديدة في منطقة الظفرة، والتي تعد الأكبر في الشرق الأوسط، تمتد على مساحة واسعة وتساهم في تحقيق أهداف الإمارات للاستدامة (الأوروبية),طاقة,الإمارات
حادث تصادم مروع يودي بحياة 3 أشخاص على طريق دبي-العين,رجال الإنقاذ والإطفاء يتجمعون حول حطام السيارات المتشابكة في موقع الحادث على طريق دبي-العين، حيث تم إغلاق الطريق لتسهيل عملية إنقاذ الضحايا ونقلهم إلى المستشفى (وكالة أنباء الإمارات),حوادث,الإمارات
"وزارة التعليم السعودية تطلق برنامج ""المستقبل التعليمي"" لتأهيل المعلمين","وزير التعليم السعودي أثناء مؤتمر صحفي لإعلان إطلاق برنامج ""المستقبل التعليمي"" والذي يهدف لتطوير مهارات المعلمين وتمكينهم من استخدام أساليب تدريس مبتكرة. (وزارة التعليم السعودية)",تعليم,السعودية
البحرين تستعد لإطلاق منصة جديدة لدعم المشاريع الصغيرة والمتوسطة,مسؤولون بحرينيون خلال مؤتمر صحفي للإعلان عن المنصة الجديدة في المنامة، تهدف لتعزيز الابتكار وتوفير التمويل للمشاريع الناشئة (الأوروبية),اقتصاد,البحرين
وفاة شخصين وإصابة أربعة آخرين في حادث مروري مروع على طريق الجهراء بالكويت,سيارات الإسعاف تتواجد في موقع الحادث بعد تصادم عنيف على طريق الجهراء، حيث أظهرت آثار الحادث تدميراً كبيراً للسيارات المشاركة (الكويتية).,حوادث,الكويت
قطر تطلق حملة صحية للتوعية بأهمية الفحص المبكر لسرطان الثدي,فريق من الأطباء يتفاعل مع النساء في حملة توعوية لفحص سرطان الثدي في أحد المراكز الصحية بقطر (الدوحة نيوز),صحة,قطر
"""عُمان تعزز استثماراتها في الطاقة المتجددة بحلول 2030""",صورة تظهر مزارع الرياح الضخمة في ولاية هيماء، حيث تشهد السلطنة نمواً ملحوظاً في مشاريع الطاقة النظيفة. (وكالة الأنباء العمانية),طاقة,عُمان
وقوع حادث تصادم مروع في محور 26 يوليو بالقاهرة يخلف 4 إصابات,موقع حادث التصادم بين سيارتين على محور 26 يوليو في القاهرة، حيث تظهر آثار الحادث ووجود سيارات الإسعاف في الموقع (الأهرام),حوادث,مصر
جهود مصرية لتعزيز التوعية بالصحة النفسية في المدارس,مجموعة من الطلاب أثناء ورشة عمل توعوية حول الصحة النفسية في إحدى المدارس المصرية، حيث يشارك الأخصائيون النفسيون في تقديم نصائح للتعامل مع الضغوط الدراسية. (الأوروبية),صحة,مصر
جمعية البحرين لرعاية الطفولة تطلق حملة توعية حول حقوق الأطفال,"مجموعة من الأطفال يشاركون في فعالية توعوية تحت شعار ""حقوقنا في يدينا"" بحضور أعضاء جمعية البحرين لرعاية الطفولة في أحد الحدائق العامة (جمعية البحرين لرعاية الطفولة)",مجتمع,البحرين
تصادم مروع على الطريق السريع في الكويت يوقع 10 إصابات,سيارات مهشمة ومتضررة على جانب الطريق السريع بعد وقوع حادث تصادم كبير بين عدة مركبات، حيث هرعت سيارات الإسعاف إلى موقع الحادث لنقل المصابين إلى المستشفيات (الأوروبية).,حوادث,الكويت
العراق يطلق مشروعاً جديداً لتنمية المناطق الريفية وتعزيز الإنتاج الزراعي,وزير الزراعة العراقي خلال إعلان إطلاق المشروع في إحدى المناطق الريفية، حيث يظهر المزارعون في الخلفية وهم يزرعون المحاصيل (الوكالة الوطنية العراقية للأنباء),اقتصاد,العراق
قطر تستضيف مؤتمر الأمن الإقليمي لتعزيز التعاون في مواجهة التحديات المشتركة,وفود من دول عربية وأجنبية تتباحث حول قضايا الأمن الإقليمي في مركز قطر الوطني للمؤتمرات، خلال انطلاق فعاليات المؤتمر الذي يهدف لتعزيز الحوار والتعاون بين الدول المشاركة (مكتب الإعلام القطري),سياسة,قطر
الكويت تطلق حملة وطنية للتوعية بأهمية الصحة النفسية في المجتمع,مجموعة من المشاركين في الحملة الوطنية للتوعية بالصحة النفسية خلال فعالية في أحد المراكز الثقافية في الكويت، حيث تم توزيع منشورات ومعلومات حول الدعم النفسي (الكويت اليوم),صحة,الكويت
مقتل 4 أشخاص في حادث تصادم مروع على طريق الزرقاء - عمان,موقع الحادث حيث تضررت سيارتان بشكل كبير على طريق الزرقاء، مع وجود سيارات الإسعاف ورجال الدفاع المدني في الخلفية (الأردنية للأنباء),حوادث,الأردن
"""معرض البحرين الدولي للفنون ينطلق بمشاركة فنانين من 15 دولة عربية""",زوار يتجولون بين الأعمال الفنية المعروضة في المعرض الذي يسلط الضوء على التنوع الثقافي والفني في العالم العربي (المنامة، البحرين),ثقافة,البحرين
العراق يطلق منصة جديدة لدعم الابتكار التكنولوجي في قطاع التعليم,وزير التعليم العالي والبحث العلمي العراقي يفتتح المنصة الجديدة أمام مجموعة من الأكاديميين والطلاب في بغداد، حيث تهدف المبادرة لتعزيز مهارات الطلاب في مجالات التكنولوجيا الحديثة (الأوروبية),تقنية,العراق
"""المنتخب اللبناني يحقق انتصاره الأول في التصفيات الآسيوية بفضل تألق نجومه الشباب""",لاعب المنتخب اللبناني يحتفل بتسجيل الهدف الأول في المباراة التي أقيمت في بيروت، حيث أظهر الفريق أداءً مميزًا في التصفيات الآسيوية (Getty Images),رياضة,لبنان
"الإمارات تطلق مشروع ""الطاقة المتجددة 2030"" لتعزيز الاستدامة البيئية","مسؤولون إماراتيون خلال الإعلان عن مشروع ""الطاقة المتجددة 2030"" في مؤتمر صحفي بأبوظبي، حيث تم تسليط الضوء على أهمية تطوير مصادر الطاقة النظيفة (وزارة الطاقة الإماراتية).",طاقة,الإمارات
"تونس تطلق مشروع ""تعليم مفتوح"" لتعزيز المهارات الرقمية بين الطلاب","وزير التربية التونسي خلال مراسم إطلاق مشروع ""تعليم مفتوح"" الذي يهدف إلى توفير موارد تعليمية رقمية مجانية للطلاب في جميع أنحاء البلاد (الصحافة التونسية)",تعليم,تونس
مصر تستضيف مؤتمر القمة العربية المقبل وسط تحديات اقتصادية وسياسية,صورة لقاعة مؤتمرات في القاهرة تم إعدادها لاستقبال قادة الدول العربية في القمة المرتقبة، مع لافتات تحمل شعارات القمة ومشاهد من الاستعدادات الجارية (الأناضول),سياسة,مصر
الإمارات تعلن عن تأسيس صندوق استثماري لدعم الابتكار في العالم العربي,الشيخ محمد بن راشد آل مكتوم خلال مؤتمر صحفي في دبي للإعلان عن مبادرة الصندوق الاستثماري لدعم المشاريع الناشئة في الدول العربية (الشرق الأوسط),سياسة,الإمارات
الكويت تطلق حملة توعية بيئية للحد من التلوث البلاستيكي,مجموعة من المتطوعين في الكويت يشاركون في حملة تنظيف شواطئ الخليج العربي، حيث تظهر الحاويات المليئة بالمواد البلاستيكية المنبوذة التي تم جمعها خلال النشاط (الأناضول),بيئة,الكويت
"""مصر تسجل حادث تصادم مروع بين حافلة وسيارة خاصة في المنصورة""",حافلة مقلوبة على جانب الطريق بجوار سيارة محطمة بالكامل بعد تصادم قوي في مدينة المنصورة، حيث هرعت سيارات الإسعاف لنقل المصابين إلى المستشفيات القريبة (الأهرام),حوادث,مصر
تونس تطلق مبادرة جديدة لدعم المشاريع الصغيرة والمتوسطة لتعزيز النمو الاقتصادي,وزير الاقتصاد التونسي يعلن عن إطلاق مبادرة جديدة تهدف لدعم وتمويل المشاريع الصغيرة والمتوسطة خلال مؤتمر صحفي في تونس العاصمة (وزارة الاقتصاد التونسية),اقتصاد,تونس
"""نساء لبنان يتصدرن الساحة في مواجهة تحديات المجتمع المدني""",مجموعة من النساء اللبنانيات خلال اجتماع لمبادرة مجتمعية تهدف إلى تعزيز حقوق المرأة ومشاركتها في الحياة السياسية والاجتماعية (الجزيرة),قضايا اجتماعية,لبنان
شاب عراقي يتخرج بامتياز من جامعة بغداد رغم التحديات الاقتصادية,الطالب العراقي الشاب خلال حفل تخرجه في جامعة بغداد، حيث رفع شهادته بفخر وسط احتفالات زملائه (Getty Images),مجتمع,العراق
قطر تعلن عن مشاريع جديدة للطاقة الشمسية لتحسين الاستدامة البيئية,مشهد لألواح الطاقة الشمسية المثبتة في إحدى المنشآت الجديدة في قطر، حيث تهدف البلاد إلى تعزيز استخدام الطاقة المتجددة في السنوات القادمة (القطرية).,طاقة,قطر
إطلاق حملة وطنية للتطعيم ضد الإنفلونزا الموسمية في العراق,موظف صحي يقوم بتلقيح أحد المواطنين ضد الإنفلونزا الموسمية ضمن الحملة الوطنية التي انطلقت في بغداد (الفرنسية),صحة,العراق
"""مبادرة كويتية لدعم أصحاب الهمم في سوق العمل: مشروع لتأهيلهم وتأمين وظائف لهم""",مجموعة من الشباب من ذوي الإعاقة يشاركون في ورشة عمل تدريبية لتطوير مهاراتهم الوظيفية في أحد المراكز التخصصية بالكويت (الأناضول),قضايا اجتماعية,الكويت
قطر تطلق حملة توعية صحية لتعزيز نمط الحياة النشط بين الشباب,مجموعة من الشباب القطريين يشاركون في أنشطة رياضية ضمن الحملة الوطنية لتعزيز الصحة العامة في الدوحة (وزارة الصحة العامة),صحة,قطر
المنتخب العماني يحقق انتصاراً تاريخياً على نظيره الأسترالي في تصفيات كأس آسيا,لحظة احتفال لاعبي المنتخب العماني بعد تسجيل الهدف الحاسم في المباراة التي أقيمت في مسقط، مما ضمن لهم التأهل إلى المرحلة النهائية من التصفيات (الوكالة العمانية للأنباء).,رياضة,عُمان
الأردن يطلق حملة توعية للحد من انتشار الأمراض المزمنة في المجتمع,مجموعة من الأطباء والمتطوعين خلال فعالية توعوية في أحد الأحياء الشعبية في عمان، حيث يقومون بفحص ضغط الدم ومستويات السكر في الدم للمواطنين (الأناضول),صحة,الأردن
إطلاق حملة تطعيم شاملة ضد الأنفلونزا في الأردن بالتعاون مع منظمة الصحة العالمية,فريق طبي يتعاون مع منظمة الصحة العالمية أثناء تقديم اللقاحات للأطفال في مركز صحي في عمان (الأردنية),صحة,الأردن
مهرجان الكويت الثقافي يحتفي بالتراث الشعبي ويعزز الهوية الوطنية,زوار المهرجان يستمتعون بالعروض التراثية والفنون الشعبية في أجواء احتفالية تعكس تاريخ الكويت العريق (الكويت اليوم),ثقافة,الكويت
"""الإمارات تطلق مبادرة جديدة لتعزيز حقوق ذوي الاحتياجات الخاصة في المجتمع""",مجموعة من الأطفال ذوي الاحتياجات الخاصة يشاركون في ورشة عمل تفاعلية في مركز دبي للمؤتمرات، تحت إشراف مختصين في دعم حقوقهم ودمجهم في المجتمع (تصوير خاص).,قضايا اجتماعية,الإمارات
قطر تطلق برنامجاً مبتكراً لتعزيز مهارات القرن 21 في التعليم الثانوي,طلاب من إحدى المدارس الثانوية في قطر يتفاعلون مع تقنيات التعليم الحديثة خلال ورشة عمل ضمن البرنامج الجديد (وزارة التعليم القطرية),تعليم,قطر
ارتفاع نسبة العنف الأسري في البحرين يدفع إلى إطلاق حملات توعية جديدة,نشطاء حقوقيون في البحرين يوزعون منشورات توعوية حول العنف الأسري في إحدى الشوارع الرئيسية بالعاصمة المنامة (تصوير: محمد حسين),قضايا اجتماعية,البحرين
"البحرين تطلق مشروع ""مستقبل المدن الذكية"" لتعزيز الاستدامة الحضرية","وزيرة المواصلات والاتصالات البحرينية تتحدث خلال المؤتمر الصحفي لإطلاق مشروع ""مستقبل المدن الذكية"" في المنامة، حيث تم الكشف عن خطط تطوير البنية التحتية وتطبيق التكنولوجيا الحديثة لتحسين جودة الحياة في المدن (الصورة من وزارة المواصلات والاتصالات البحرينية).",مجتمع,البحرين
الاتحاد السعودي لكرة القدم يعلن استضافة نهائيات كأس آسيا 2027,شعار بطولة كأس آسيا 2027 يظهر في المؤتمر الصحفي الذي عقده الاتحاد السعودي لتسليط الضوء على استعدادات المملكة لاستضافة البطولة (واس),رياضة,السعودية
تونس تطلق منصة رقمية لدعم المشروعات الصغيرة والمتوسطة في ظل الأزمة الاقتصادية,وزيرة الاقتصاد والتخطيط التونسية خلال إطلاق المنصة الرقمية الجديدة لدعم رواد الأعمال في العاصمة تونس، بحضور عدد من المستثمرين المحليين والدوليين (وكالة تونس إفريقيا للأنباء),اقتصاد,تونس
عمان تحتضن مهرجان الفنون الشعبية لتعزيز التراث الثقافي,فرق شعبية تؤدي رقصات تقليدية خلال فعاليات مهرجان الفنون الشعبية في مسقط، حيث يشارك الزوار في تجربة التراث العماني الأصيل (الأناضول),مجتمع,عُمان
"""عُمان تعزز استثماراتها في الطاقة المتجددة بإنشاء محطة شمسية جديدة""",محطة الطاقة الشمسية الجديدة في عُمان التي تعكس جهود البلاد نحو تحقيق أهداف الاستدامة وتقليل الاعتماد على الوقود الأحفوري (وزارة الطاقة والمعادن العمانية),طاقة,عُمان
انطلاق مشروع إعادة تشجير مناطق الدلتا المصرية لتأمين مستقبل البيئة,عمال يتعاونون في زرع شتلات الأشجار الجديدة على ضفاف النيل في دلتا مصر، وسط تواجد فرق من الشباب المتطوعين الذين يسعون لتحسين البيئة المحلية (الأناضول),بيئة,مصر
قطر تعلن عن إطلاق مشروع ضخم لإعادة تأهيل المناطق الساحلية لحماية البيئة البحرية,"""عمال يقيمون حواجز للحماية في إحدى المناطق الساحلية بقطر، حيث يسعى المشروع الجديد إلى تحسين جودة المياه والحفاظ على التنوع البيولوجي (الجزيرة)""",بيئة,قطر
العراق يعلن خطة طموحة لتطوير الطاقة المتجددة بحلول 2030,وزير الكهرباء العراقي يشرح تفاصيل خطة الطاقة المتجددة خلال مؤتمر صحفي في بغداد، حيث يُظهر خريطة لمشاريع جديدة تشمل محطات الطاقة الشمسية والرياح (الجزيرة),طاقة,العراق
قطر تطلق مشروعا جديدا لتطوير الطاقة المتجددة في الصحراء,مهندسون يعملون على تركيب الألواح الشمسية في مشروع الطاقة المتجددة في صحراء قطر (الجزيرة),اقتصاد,قطر
"الجزائر تحتفي بالتراث الثقافي: مهرجان ""الألوان في الحياة"" يضيء شوارع العاصمة","أطفال يشاركون في عرض فني خلال مهرجان ""الألوان في الحياة"" في الجزائر العاصمة، حيث تتزين الشوارع بالأضواء واللوحات الفنية المستوحاة من التراث الثقافي الجزائري (فرانس برس).",ثقافة,الجزائر
البرلمان اللبناني يستعد لمناقشة قانون انتخابي جديد يهدف إلى تعزيز التمثيل النسائي,أعضاء من البرلمان اللبناني أثناء اجتماع في قاعة المجلس، حيث يستعدون لمناقشة مقترحات قانون الانتخاب الجديد (الوكالة الوطنية للإعلام),سياسة,لبنان
انقلاب حافلة في الكرك يسفر عن إصابات متعددة,فرق الإنقاذ والإسعاف تتجمع حول موقع الحادث بعد انقلاب حافلة بالقرب من منطقة مؤتة، حيث تم نقل المصابين إلى مستشفى الكرك (الجزيرة).,حوادث,الأردن
وفاة شاب كويتي في حادث مروري مروع على طريق الدائري السابع,رجال الأمن والإنقاذ يتجمعون حول موقع الحادث على طريق الدائري السابع في الكويت حيث تم نقل الضحية إلى المستشفى (كونا),حوادث,الكويت
منتخب الكويت للشباب يتألق في البطولة العربية تحت 20 عامًا ويعبر إلى نصف النهائي,لاعبو منتخب الكويت للشباب يحتفلون بعد تسجيل هدف في المباراة ضد منتخب الجزائر في ربع النهائي، حيث أظهروا أداءً متميزًا ومهارات فنية رائعة (وكالة الأنباء الكويتية).,رياضة,الكويت
العراق يطلق منصة رقمية لتعزيز التعليم الإلكتروني في المناطق النائية,معلمون وطلاب يستخدمون أجهزة الكمبيوتر في فصل دراسي حديث بمدينة الموصل، حيث تم تدشين المنصة الرقمية الجديدة لدعم التعليم عن بُعد (الأخبار العراقية),تقنية,العراق
تونس تطلق حملة توعوية لحماية الشواطئ من التلوث البحري,متطوعون يرتدون قمصاناً تحمل شعار الحملة خلال تنظيف أحد الشواطئ في صفاقس، بينما تظهر أكوام من النفايات التي تم جمعها (الجزيرة),بيئة,تونس
اجتماع طارئ للبرلمان المصري لمناقشة تعزيز الأمن الغذائي وسط الأزمات العالمية,أعضاء البرلمان المصري في جلسة نقاش حيوية حول سبل تأمين احتياجات البلاد من الغذاء وسط الظروف الاقتصادية العالمية الحالية (رويترز),سياسة,مصر
البحرين تطلق مبادرة جديدة لتعزيز التعليم الرقمي في المدارس,مجموعة من الطلاب في مدرسة بحرينية يستخدمون أجهزة الكمبيوتر اللوحية خلال درس تفاعلي حول البرمجة، ضمن المبادرة الحكومية الجديدة لتعزيز التعليم الرقمي (البحرين اليوم),تعليم,البحرين
تزايد حالات العنف ضد المرأة في المغرب يدفع إلى إطلاق حملة وطنية للتوعية,مجموعة من النساء المغربيات يشاركن في ورشة عمل حول حقوق المرأة في الرباط، حيث يرفعن لافتات تدعو إلى إنهاء العنف ضد النساء (الأناضول),قضايا اجتماعية,المغرب
تونس تطلق برنامجًا جديدًا لتطوير المهارات الرقمية لدى الشباب,مجموعة من الشباب التونسيين يتلقون تدريبًا في مجال البرمجة ضمن برنامج جديد يهدف إلى تعزيز المهارات الرقمية في العاصمة تونس (رويترز),تعليم,تونس
مصر تطلق مشروعاً رائداً لتحويل المخلفات إلى طاقة نظيفة,فريق عمل مصري يقوم بإشراف فني على عملية تحويل المخلفات إلى طاقة في إحدى المحطات الجديدة بالقاهرة (الجزيرة),طاقة,مصر
إطلاق مبادرة تعليمية جديدة لتعزيز مهارات الطلاب السعوديين في الابتكار,طلاب سعوديون يشاركون في ورشة عمل تفاعلية حول الابتكار في التعليم، حيث يتبادلون الأفكار مع مدربين محليين وعالميين (واس),تعليم,السعودية
المنتخب الجزائري يتأهب لمواجهة نظيره المصري في تصفيات كأس إفريقيا,اللاعبون الجزائريون يجتمعون في معسكرهم التحضيري بملعب الشهيد مصطفى تشاكر، حيث يركزون على تكتيكات المباراة القادمة ضد مصر (الجزيرة),رياضة,الجزائر
تونس تستعد لإطلاق مهرجان السياحة البيئية في مناطقها الجبلية,مشهد بانورامي لجبال الأطلس التونسية مع الزهور البرية في فصل الربيع، حيث تُعدُّ هذه المنطقة وجهة مثالية للسياحة البيئية (تونس اليوم),مجتمع,تونس
الجزائر تستضيف القمة الإفريقية للمناخ بمشاركة 20 دولة,وزراء البيئة الأفارقة يجتمعون في قاعة القمة بالعاصمة الجزائرية لمناقشة التحديات المناخية وسبل التعاون الإقليمي (الجزيرة),سياسة,الجزائر
حادث تصادم مروع على طريق الدائري في الكويت يسفر عن إصابات متعددة,رجال الأمن والإسعاف يتواجدون في موقع حادث التصادم الذي وقع بين عدة مركبات على الطريق الدائري، حيث يُظهر المشهد سيارات محطمة وأفراد طواقم الإسعاف يقدمون المساعدة للمصابين (الأنباء),حوادث,الكويت
تصادم مروع على طريق الشيخ زايد يسفر عن إصابات متعددة,سيارات متضررة بشكل كبير في موقع الحادث على طريق الشيخ زايد، حيث هرعت سيارات الإسعاف إلى المكان لنقل المصابين إلى المستشفى (البيان),حوادث,الإمارات
الجزائر تعلن عن استثمارات جديدة لتعزيز الطاقة المتجددة بحلول 2025,وزير الطاقة الجزائري يتحدث خلال مؤتمر صحفي حول خطط البلاد للانتقال إلى مصادر الطاقة المتجددة (الجزيرة),سياسة,الجزائر
"تونس تطلق مشروع ""مدن ذكية"" لتعزيز التنمية المستدامة وتحسين جودة الحياة","عمال يقومون بتركيب أجهزة استشعار في أحد الأحياء السكنية بالعاصمة تونس كجزء من مشروع ""مدن ذكية"" (الجزيرة)",تقنية,تونس
الجزائر تطلق مشروعاً طموحاً للطاقة الشمسية في منطقة الصحراء الكبرى,عمال يقومون بتركيب الألواح الشمسية في أحد المواقع الصحراوية الجزائرية، في إطار الجهود لتعزيز إنتاج الطاقة المتجددة (الجزيرة).,طاقة,الجزائر
البحرين تحتفل بختام مهرجان البحرين الدولي للموسيقى بليلة ساحرة,فرقة موسيقية تؤدي عرضها أمام الجمهور في ساحة الثقافة بالمحرق خلال مهرجان البحرين الدولي للموسيقى (موقع المهرجان الرسمي),ثقافة,البحرين
مصر تطلق منصة جديدة لتسريع نمو الشركات الناشئة في قطاع التكنولوجيا,وزير الاتصالات وتكنولوجيا المعلومات المصري، خلال الإعلان عن المنصة الجديدة التي تهدف لدعم الابتكار ورعاية رواد الأعمال في البلاد (رويترز),تقنية,مصر
تزايد المبادرات التطوعية في السعودية لتعزيز العمل المجتمعي,مجموعة من الشباب السعودي يتعاونون في مشروع زراعي مجتمعي في إحدى القرى، حيث يساهمون في غرس الأشجار وتحسين البيئة المحلية (الشرق الأوسط),مجتمع,السعودية
"عمان تطلق مشروع ""الابتكار الرقمي"" لتعزيز قدرات الشباب في التكنولوجيا الحديثة",شاب عماني يعمل على مشروع تقني مبتكر خلال ورشة عمل في مركز الابتكار بصلالة، حيث يسعى المشروع إلى تزويد المشاركين بالمهارات اللازمة في مجالات البرمجة والتصميم. (الجزيرة),تقنية,عُمان
الجزائر تطلق حملة توعية لحماية التنوع البيولوجي في الصحراء الكبرى,مجموعة من الناشطين البيئيين في الجزائر يوزعون منشورات توعوية حول أهمية الحفاظ على النباتات والحيوانات النادرة في الصحراء الكبرى، وسط مناظر طبيعية خلابة تعكس ثراء البيئة الصحراوية (الجزيرة).,بيئة,الجزائر
"مبادرة ""القرية المستدامة"" تدعم المجتمعات الزراعية في الجنوب اللبناني",مجموعة من الفلاحين في قرية قعقعية الجسر بلبنان، يعملون على زراعة المحاصيل باستخدام تقنيات زراعية مستدامة خلال ورشة عمل نظمتها جمعية محلية (الأناضول),مجتمع,لبنان
المغرب يطلق حملة وطنية للتحسيس بأهمية التلقيح ضد فيروس الأنفلونزا,طبيب مغربي يشرح للمرضى في عيادة محلية فوائد تلقي لقاح الأنفلونزا خلال حملة توعوية (المغرب اليوم),صحة,المغرب
العراق يعلن عن إطلاق برنامج جديد لتعليم البرمجة في المدارس الابتدائية,أطفال عراقيون يجلسون أمام أجهزة الكمبيوتر في فصل دراسي مخصص لتعليم البرمجة، حيث يتم استخدام تقنيات حديثة لتعزيز مهاراتهم الرقمية (الجزيرة),تعليم,العراق
مهرجان فاس للموسيقى الروحية يضيء ليالي المدينة بتنوع ثقافي متميز,فرقة موسيقية تعزف على أنغام تقليدية أمام أضواء مدينة فاس التاريخية، حيث يتجمع الزوار للاستمتاع بأداء يعكس تنوع الثقافة المغربية والعالمية (الجزيرة).,ثقافة,المغرب
"البحرين تحتفل بإطلاق حملة ""معاً لنزرعها"" لتعزيز الزراعة المستدامة","مجموعة من الشباب البحرينيين يشاركون في زراعة الأشجار خلال إطلاق حملة ""معاً لنزرعها"" في إحدى الحدائق العامة، وسط أجواء من الحماس والتعاون (البحرين اليوم)",مجتمع,البحرين
الكويت تستضيف بطولة غرب آسيا لكرة السلة للشباب بمشاركة 8 دول,لاعبو منتخب الكويت للشباب أثناء التحضيرات النهائية للبطولة في صالة الألعاب الرياضية بالكويت، حيث يتطلعون لتحقيق نتائج مميزة أمام فرق قوية من المنطقة (الكويت اليوم),رياضة,الكويت
تونس تطلق حملة وطنية للتطعيم ضد الأنفلونزا قبل موسم الشتاء,مواطنة تونسية تتلقى لقاح الأنفلونزا في مركز صحي محلي، وسط جهود متزايدة من وزارة الصحة لحماية المجتمع من الأمراض الوبائية (تونس الآن),صحة,تونس
الحكومة الأردنية تطرح خطة جديدة لتعزيز الاستثمارات في القطاع الزراعي,وزير الزراعة الأردني يشارك في مؤتمر حول الاستدامة الزراعية، حيث تم عرض الخطط الجديدة لجذب المستثمرين في الزراعة (الأناضول),اقتصاد,الأردن
الكويت تطلق مشروعاً طموحاً لتحويل الطاقة الشمسية إلى مصدر رئيسي للكهرباء,مجموعة من الفنيين يعملون على تركيب الألواح الشمسية في موقع المشروع الجديد شمال الكويت، في خطوة نحو تحقيق الاستدامة البيئية (الجزيرة),طاقة,الكويت
الجزائر تعلن عن خطط جديدة لتعزيز الاستثمارات الأجنبية في قطاع الطاقة المتجددة,وزير الطاقة الجزائري يتحدث خلال مؤتمر صحفي حيث يشرح المبادرات الجديدة لجذب المستثمرين الدوليين في مجالات الطاقة الشمسية وطاقة الرياح (الجزيرة),سياسة,الجزائر
الجزائر تطلق حملة وطنية للتوعية بمخاطر الأمراض المزمنة في المدارس,طلاب في إحدى المدارس الجزائرية يشاركون في ورشة عمل توعوية حول أهمية نمط الحياة الصحي والوقاية من الأمراض المزمنة (الجزيرة),صحة,الجزائر
"""مهرجان البحرين الدولي للفنون يستقطب مبدعين من مختلف الدول العربية""",فنانة تشكيلية تعرض لوحاتها أمام جمهور متنوع خلال مهرجان البحرين الدولي للفنون في المنامة (الجزيرة),ثقافة,البحرين
عُمان تستضيف قمة الحوار الاستراتيجي لتعزيز الأمن الإقليمي,وفود من الدول المشاركة في القمة الاستراتيجية خلال جلسة افتتاحية في مسقط، حيث يتبادل الوزراء الأفكار حول قضايا الأمن الإقليمي (رويترز),سياسة,عُمان
الجزائر تتوجه نحو الاستثمار في الطاقة الشمسية بتوقيع اتفاقيات مع شركات دولية,مسؤولون جزائريون وشركاء دوليون يوقعون اتفاقيات التعاون في مجال الطاقة الشمسية خلال مراسم احتفالية في الجزائر العاصمة (الجزيرة),طاقة,الجزائر
انطلاق مهرجان بغداد للفنون البصرية وسط احتفاء بالتراث المعماري العراقي,مجموعة من الفنانين العراقيين تعرض أعمالهم الفنية في أحد المواقع التاريخية ببغداد، حيث تتجلى الألوان والتفاصيل في لوحات مستلهمة من التراث المعماري للعراق (الجزيرة).,ثقافة,العراق
إطلاق منصة رقمية جديدة لدعم المشاريع الصغيرة في العراق,مجموعة من رواد الأعمال الشباب يتناقشون حول خططهم في مركز احتضان التكنولوجيا في بغداد، حيث يتم تقديم الدعم والإرشاد لأصحاب المشاريع الناشئة (الجزيرة),تقنية,العراق
البحرين تُطلق برنامجاً جديداً لدعم رواد الأعمال الشباب في القطاع الزراعي,شباب بحرينيون يزرعون المحاصيل في مشروع زراعي حديث ضمن البرنامج الجديد في إحدى المناطق الريفية بالبحرين (الجزيرة),اقتصاد,البحرين
المنتخب المغربي يستعد لمواجهة ساحل العاج في تصفيات كأس إفريقيا,اللاعبون المغاربة أثناء حصة تدريبية مكثفة في مركب محمد السادس لكرة القدم استعداداً للمباراة المقبلة ضد ساحل العاج، حيث يظهر الحماس والالتزام في عيونهم (الفرنسية).,رياضة,المغرب
مصر تطلق مشروع الطاقة المتجددة في صعيد البلاد لتعزيز الاستدامة,عمال يركبون الألواح الشمسية في محطة جديدة للطاقة المتجددة بمحافظة سوهاج، في إطار جهود الحكومة المصرية لتأمين مستقبل بيئي مستدام (الجزيرة),طاقة,مصر
مهرجان القصة القصيرة بالجزائر يبرز أصوات الأدباء الجدد,مجموعة من الكتاب الشبان يقدمون نصوصهم القصصية أمام جمهور متفاعل في قاعة المعرض الثقافي بالعاصمة الجزائر (الأخبار الجزائرية),ثقافة,الجزائر
جهود إماراتية لزيادة مساحة الغابات المحلية وتعزيز التنوع البيولوجي,عمال في حديقة وطنية بالإمارات يزرعون شتلات جديدة ضمن حملة إعادة تشجير واسعة تهدف إلى حماية البيئة وتعزيز الحياة البرية (المصدر: وكالة أنباء الإمارات),بيئة,الإمارات
مهرجان الفنون البصرية في عمّان يجذب المواهب الشابة من كافة أنحاء الوطن العربي,فنانة شابة تعرض لوحاتها في أحد أروقة المعرض ضمن مهرجان الفنون البصرية في مركز الحسين الثقافي (الجزيرة),ثقافة,الأردن
الحكومة المصرية تطلق مبادرة جديدة لدعم المشاريع الصغيرة والمتوسطة,رئيس الوزراء المصري يتحدث خلال المؤتمر الصحفي للإعلان عن المبادرة الجديدة في إحدى القاعات الكبرى بالقاهرة (رويترز),اقتصاد,مصر
حريق يلتهم مخزناً للأغذية في الكويت ويؤدي إلى إصابات,رجال الإطفاء يكافحون النيران التي اندلعت في مخزن للأغذية في منطقة الجهراء، بينما تتصاعد سحب الدخان الأسود في السماء (القبس),حوادث,الكويت
انتعاش كرة اليد الكويتية بعد فوز منتخب الشباب ببطولة غرب آسيا,لاعبو منتخب الشباب الكويتي يحتفلون بالفوز بالبطولة بعد المباراة النهائية، وسط أجواء من الفرح والبهجة (الأنباء الكويتية),رياضة,الكويت
تونس تطلق مشروعاً جديداً لتوليد الطاقة الشمسية في المناطق النائية,جانب من ورشة عمل حضرها عدد من الخبراء المحليين والدوليين لبحث سبل تنفيذ مشروع الطاقة الشمسية في إحدى المناطق الريفية التونسية (مواقع التواصل),طاقة,تونس
اصطدام مروع بين حافلتين في الكويت يُسفر عن إصابات خطيرة,الحافلتان المتضررتان بعد حادث الاصطدام على أحد الطرق الرئيسية في الكويت، حيث تظهر آثار الضرر الكبير على الهيكل الخارجي للحافلتين (مواقع التواصل الاجتماعي).,حوادث,الكويت
مبادرة جديدة في مصر لتأهيل ذوي الاحتياجات الخاصة في سوق العمل,مجموعة من الشباب ذوي الاحتياجات الخاصة يتلقون تدريبات عملية في أحد مراكز التأهيل بالقاهرة (مواقع التواصل),قضايا اجتماعية,مصر
البحرين تعلن عن استثمارات جديدة في قطاع الطاقة المتجددة لتعزيز الاستدامة,وزيرة الطاقة البحرينية تتحدث خلال مؤتمر صحفي حول استراتيجيات الطاقة المتجددة في المنامة (الأخبار البحرينية),اقتصاد,البحرين
ارتفاع أسعار المواد الغذائية في العراق يثير قلق المواطنين,طوابير طويلة من المواطنين أمام محلات بيع المواد الغذائية في بغداد، مع تكدس السلع وارتفاع الأسعار بشكل ملحوظ (الجزيرة),اقتصاد,العراق
البحرين تطلق أول منصة تقنية مبتكرة لتحسين جودة التعليم عن بُعد,وزير التربية والتعليم البحريني يفتتح المنصة الجديدة خلال مؤتمر صحفي في المنامة، بحضور عدد من المعلمين والطلاب (مواقع التواصل),تقنية,البحرين
الإمارات تطلق مبادرة جديدة لزراعة مليون شجرة خلال عام 2024,فريق من المتطوعين يشارك في زراعة الأشجار ضمن المبادرة البيئية الجديدة في منطقة العين، تعبيراً عن التزام الإمارات بالاستدامة وحماية البيئة (البيان),بيئة,الإمارات
"انطلاق حملة ""نظافة البيئة"" في جدة بمشاركة المجتمعات المحلية",متطوعون يشاركون في تنظيف الشواطئ بجدة خلال الحملة، حيث تظهر حاويات جمع النفايات والمشاركين في العمل الجماعي.,بيئة,السعودية
الحكومة المصرية تعلن عن خطة جديدة لتعزيز الاستثمار في قطاع الطاقة المتجددة,وزير الكهرباء المصري خلال مؤتمر صحفي للإعلان عن تفاصيل خطة الاستثمار في الطاقة المتجددة، حيث يظهر خلفه رسومات بيانية توضح الأهداف المستقبلية (الشرق الأوسط).,سياسة,مصر
الإمارات تطلق مبادرة جديدة لدعم الابتكار في قطاع الصحة الرقمية,مجموعة من الخبراء والمبتكرين في مجال التكنولوجيا الصحية خلال مشاركتهم في ورشة عمل حول الابتكار الصحي في دبي (وام),تقنية,الإمارات
عمان تُعلن عن إطلاق مشروع طاقة شمسية بقدرة 500 ميجاوات في محافظة الداخلية,فنيون يقومون بتركيب الألواح الشمسية في موقع المشروع الجديد الذي يُعتبر خطوة نحو تحقيق الاستدامة في إنتاج الطاقة (الهيئة العامة للكهرباء والمياه),طاقة,عُمان
تونس تطلق منصة رقمية لدعم الابتكار في المجال الصحي,وزير الصحة التونسي يتحدث خلال مؤتمر صحفي بمناسبة إطلاق المنصة الرقمية الجديدة، بينما يظهر خلفه شاشة عرض توضح مميزات المنصة (مواقع التواصل),تقنية,تونس
جهود مصرية لتعزيز التعاون الأمني مع دول الجوار لمكافحة الإرهاب,وزير الداخلية المصري خلال مؤتمر صحفي مع نظرائه من دول شمال إفريقيا لمناقشة استراتيجيات مكافحة الإرهاب (مواقع التواصل),سياسة,مصر
انطلاق حوار وطني في مصر لمواجهة التحديات الاقتصادية والسياسية,أعضاء الحوار الوطني في جلسة افتتاحية تعقد في القاهرة، حيث يتبادلون الأفكار حول سبل تعزيز التنمية والاستقرار (الشرق الأوسط),سياسة,مصر
الكويت تطلق برنامجاً تعليمياً جديداً لتعزيز المهارات الرقمية لدى الطلاب,معلمون وطلاب يتفاعلون خلال ورشة عمل في إحدى المدارس الكويتية، حيث تم تقديم أدوات تعلم رقمية حديثة (مواقع التواصل الاجتماعي),تعليم,الكويت
تونس تحقق نمواً اقتصادياً غير مسبوق بفضل مشروعات الطاقة المتجددة,أحد مشاريع الطاقة الشمسية في تونس، حيث تتلألأ الألواح الشمسية تحت أشعة الشمس الساطعة في الصحراء (وكالة الأنباء التونسية),اقتصاد,تونس
"المغرب يطلق حملة للتطعيم ضد فيروس ""أوميكرون"" بين كبار السن",موظفو الصحة في المغرب يقومون بتلقيح كبار السن في مركز صحي بأحد الأحياء الشعبية (مواقع التواصل الاجتماعي),صحة,المغرب
الأمن الأردني يضبط شبكة تهريب مواد مخدرة عبر الحدود مع سوريا,عناصر من قوات الأمن الأردني أثناء قيامهم بتفتيش الشاحنات التي تم ضبطها في منطقة الحدود مع سوريا (الأردنية),سياسة,الأردن
العراق يطلق برنامجاً وطنياً لتعزيز التعليم المهني في المدارس الثانوية,طلاب في ورشة عمل تدريبية ضمن برنامج التعليم المهني، حيث يتعلمون مهارات جديدة في مجالات الحرف اليدوية والتكنولوجيا الحديثة (الجزيرة),تعليم,العراق
تصاعد الاحتجاجات في لبنان بسبب ارتفاع أسعار المحروقات وتأثيرها على المعيشة,جانب من الاحتجاجات الشعبية في بيروت، حيث ترفع اللافتات المطالبة بتحسين الوضع الاقتصادي وخفض الأسعار (الجزيرة),سياسة,لبنان
شبان تونسيون ينظمون حملة للتوعية بمخاطر المخدرات في الأحياء الشعبية,مجموعة من الشباب التونسيين يوزعون منشورات توعوية أمام مركز شبابي في حي شعبي بالعاصمة تونس (مواقع التواصل الاجتماعي),قضايا اجتماعية,تونس
"مهرجان قرطاج الدولي يفتح أبوابه لدورة جديدة تحت شعار ""الحوار الثقافي""",مشهد من الافتتاح الرسمي لمهرجان قرطاج الدولي، حيث تجمع حشود من الزوار حول المسرح الروماني الشهير في تونس، وسط أجواء احتفالية وموسيقية مميزة (مواقع التواصل).,ثقافة,تونس
قطر تطلق مشروعًا طموحًا لتحسين كفاءة استخدام الطاقة في القطاع الصناعي,وفد رسمي يشارك في حفل إطلاق المشروع الجديد لتحسين كفاءة استخدام الطاقة، حيث يظهر الرئيس التنفيذي لشركة قطر للطاقة في لقاء مع المهندسين والمختصين (وكالات).,طاقة,قطر
حادث اصطدام مروع على الطريق السريع في الجزائر يُسفر عن 5 وفيات,مشهد من موقع الحادث حيث تضررت عدة سيارات على الطريق السريع، وعناصر من الحماية المدنية في حالة تأهب (مواقع التواصل),حوادث,الجزائر
انطلاق مشروع تعليمي جديد لتعزيز مهارات التلاميذ في المناطق القروية بالمغرب,تلاميذ في إحدى المدارس القروية بالمغرب يتلقون دروسًا في التكنولوجيا الحديثة خلال إطلاق المشروع الجديد (الأناضول),تعليم,المغرب
"انطلاق مهرجان ""مراكش للثقافة والفنون"" بمشاركة فنانين من مختلف الدول","صورة لجمهور متحمس في حفل افتتاح مهرجان ""مراكش للثقافة والفنون""، حيث يشارك الفنانون بألوانهم التقليدية ويعكسون التنوع الثقافي (الأخبار المغربية)",ثقافة,المغرب
السعودية تعلن عن مبادرة جديدة لتعزيز التعاون الأمني مع الدول العربية,مسؤولون سعوديون يجتمعون في مقر وزارة الداخلية لمناقشة تفاصيل المبادرة الأمنية المشتركة (واس),سياسة,السعودية
حريق هائل يلتهم منطقة صناعية في أبوظبي ويخلف أضراراً جسيمة,أعمدة الدخان الكثيف تتصاعد من موقع الحريق في المنطقة الصناعية بأبوظبي، وسط جهود رجال الإطفاء للسيطرة عليه (وكالات),حوادث,الإمارات
"تدشين مبادرة ""شجرة لكل طفل"" لتعزيز الوعي البيئي في مدارس الإمارات",طلاب في إحدى المدارس الإماراتية يشاركون في زراعة الأشجار ضمن المبادرة الجديدة (تصوير خاص),قضايا اجتماعية,الإمارات
منتخب عمان يحقق انتصارًا هامًا في تصفيات كأس آسيا 2023,لاعب منتخب عمان يحتفل مع زملائه بعد تسجيل هدف الفوز في مباراة مثيرة ضد المنتخب الهندي (الأناضول),رياضة,عُمان
انزلاق شاحنة يؤدي إلى حادث مروع على طريق الصحراوي في الأردن,الشاحنة المنقلبة وسط الطريق، مع وجود أفراد الدفاع المدني يحاولون السيطرة على الموقف (الراي),حوادث,الأردن
فعاليات ثقافية وفنية تعزز الهوية العمانية في مسقط,جانب من المهرجان الثقافي الذي يجمع بين الفنون التقليدية والمعاصرة في حديقة النسيم، حيث تجتمع العائلات للاستمتاع بالعروض الفنية والمأكولات العمانية. (الجزيرة),مجتمع,عُمان
"""الأردن يشهد ارتفاعاً في استثمارات الطاقة المتجددة مع توجه الحكومة نحو الاستدامة""",محطة للطاقة الشمسية في الصحراء الأردنية تعكس جهود البلاد في تحقيق أهداف الطاقة النظيفة (مواقع التواصل),اقتصاد,الأردن
جلالة الملك عبدالله الثاني يدعو لتعزيز الحوار الوطني في مواجهة التحديات الاقتصادية,جلالة الملك عبدالله الثاني خلال لقائه مع ممثلي الأحزاب السياسية والنقابات في العاصمة عمان، حيث ناقش سبل تعزيز الحوار الوطني (بترا),مجتمع,الأردن
حادث سير مروع في البحرين يسفر عن إصابات متعددة,مركبتان متضررتان بشكل كبير نتيجة الاصطدام القوي على الطريق السريع، وفرق الإنقاذ تعمل على تقديم المساعدة للمصابين (البحرين اليوم),حوادث,البحرين
الجزائر تستضيف بطولة كأس شمال إفريقيا لكرة القدم للشباب في 2024,منتخب الجزائر للشباب يتدرب استعدادًا لاستضافة البطولة في ملعب 5 يوليو بالعاصمة الجزائر (الأهرام),رياضة,الجزائر
الإمارات تؤكد دعمها لجهود السلام في ليبيا خلال مؤتمر دولي في أبوظبي,وزير الخارجية الإماراتي يتحدث مع نظرائه العرب والأفارقة خلال مؤتمر السلام في ليبيا (وكالات),سياسة,الإمارات
وزارة الصحة القطرية تطلق حملة للتوعية بأهمية التطعيم ضد الأنفلونزا الموسمية,مجموعة من الأطباء في أحد المراكز الصحية القطرية خلال توزيع منشورات توعوية حول فوائد التطعيم ضد الأنفلونزا الموسمية (الجزيرة),صحة,قطر
حادث مروري مروع يودي بحياة أربعة أشخاص في الكويت,جانب من الحادث الأليم الذي وقع على الطريق السريع، حيث تظهر سيارات مدمرة وحطام في موقع الحادث (الأنباء).,حوادث,الكويت
وزارة الصحة السعودية تطلق حملة جديدة للتطعيم ضد الأنفلونزا الموسمية,طبيب يشرح أهمية التطعيم للمرضى في أحد المراكز الصحية خلال فعاليات الحملة (الصحافة السعودية),صحة,السعودية
عمان تُطلق منصة جديدة لتبادل المعرفة في مجال التقنية والابتكار,وفد من المختصين في التقنية يتبادلون الأفكار خلال مؤتمر إطلاق المنصة الجديدة في مسقط (أ.ف.ب),تقنية,عُمان
البحرين تعزز التعليم الفني بإنشاء مراكز جديدة لتدريب الشباب,افتتاح مركز التدريب الفني في المنامة بحضور وزير التربية والتعليم، حيث يتلقى الشباب تدريبًا عمليًا في مجالات التكنولوجيا والهندسة (الأخبار البحرينية),تعليم,البحرين
الكويت تطلق مبادرة جديدة لحماية البيئة البحرية وتعزيز التنوع البيولوجي,"مجموعة من المتطوعين يقومون بتنظيف شاطئ ""المارينا"" في الكويت ضمن حملة توعية بيئية تهدف لحماية الحياة البحرية (الكويت اليوم)",بيئة,الكويت
"الجزائر تفتح أول محمية طبيعية للطيور المهاجرة في منطقة ""الأوراس""",طيور مهاجرة تتجمع في محمية الأوراس، حيث تحتضن المنطقة تنوعاً بيولوجياً فريداً (الجزيرة),بيئة,الجزائر
الكويت تحتضن بطولة الخليج لكرة السلة بمشاركة ثماني دول,الفرق المشاركة في البطولة تتجمع لالتقاط صورة جماعية قبل انطلاق المنافسات في صالة نادي الكويت (القبس),رياضة,الكويت
الكويت تطلق منصة جديدة للتجارة الإلكترونية لدعم رواد الأعمال المحليين,وزير التجارة والصناعة خلال حفل إطلاق المنصة الجديدة للتجارة الإلكترونية، حيث يجتمع عدد من رواد الأعمال والشباب الكويتيين لاستعراض أفكارهم ومشاريعهم (الكويت اليوم),تقنية,الكويت
المنتخب العماني يستعد لبطولة كأس الخليج في الرياض بمعسكر تدريبي مكثف,تدريبات المنتخب العماني على ملعب الخور، حيث يسعى اللاعبون لتعزيز لياقتهم البدنية وتطوير استراتيجيات اللعب قبل انطلاق كأس الخليج (الصفا الرياضي),رياضة,عُمان
فعاليات ثقافية تحتفي باليوم الوطني للثقافة في الأردن,مهرجان ثقافي يعكس التراث الأردني من خلال العروض الفنية والحرف اليدوية، حيث يتجمع الزوار من مختلف الأعمار للاستمتاع بالفنون الشعبية والمأكولات التقليدية (الجزيرة),ثقافة,الأردن
سكان مخيم الزعتري بالأردن يطلقون مبادرة فنية لتعزيز السلام والتسامح بين الثقافات,مجموعة من الأطفال السوريين والأردنيين يعملون معًا على لوحة جدارية تعبر عن السلام والتعاون في مخيم الزعتري، حيث يسعون لتعزيز الروابط الإنسانية من خلال الفن (الجزيرة).,مجتمع,الأردن
"انطلاق مهرجان جدة للثقافة والفنون تحت شعار ""إبداع بلا حدود""",فعاليات المهرجان تتضمن عروضاً فنية مميزة وورش عمل تفاعلية تستقطب الزوار من مختلف الأعمار (الجزيرة),ثقافة,السعودية
حريق مروع في أحد أسواق الكويت القديمة يثير الذعر بين السكان,ألسنة اللهب تلتهم أكشاك السوق الشعبي في منطقة الشرق بالكويت، بينما تتصاعد أدخنة كثيفة إلى السماء، وفرق الإطفاء تتسابق لإخماد النيران (الصحافة الكويتية).,حوادث,الكويت
قطر تطلق مبادرة جديدة لتحسين جودة الهواء من خلال زراعة الأشجار,عمال يقومون بزراعة أشجار جديدة في أحد المنتزهات العامة في الدوحة، تزامناً مع إطلاق المبادرة الحكومية لتحسين جودة الهواء وتعزيز المساحات الخضراء في المدينة (الجزيرة).,بيئة,قطر
العراق يشهد حواراً وطنياً حول تحقيق المصالحة الاجتماعية بين مكونات المجتمع,ممثلو مختلف القوى السياسية والمدنية يجلسون في قاعة النقاش خلال جلسة الحوار الوطني التي عقدت في بغداد، حيث يتبادلون الأفكار حول تعزيز الوحدة الوطنية وبناء الثقة بين الأطراف المختلفة (الجزيرة),سياسة,العراق
انفجار في مصنع للكيماويات في جبل لبنان يوقع عدة إصابات,عمال الإغاثة يعملون على نقل المصابين من موقع الانفجار في المصنع، حيث تصاعدت سحب الدخان الكثيفة في سماء المنطقة (الوكالة الوطنية للإعلام).,حوادث,لبنان
منتخب عمان لكرة القدم يخوض معسكرًا تدريبيًا استعدادًا لتصفيات كأس العالم,لاعبو المنتخب الوطني العماني خلال تدريبات مكثفة على الملعب الفرعي في مسقط، حيث يسعى المدرب لتطبيق استراتيجيات جديدة قبل انطلاق التصفيات (الاتحاد العماني لكرة القدم),رياضة,عُمان
مشروعات جديدة في قطر تعزز دور الشباب في العمل الاجتماعي والتنمية المستدامة,مجموعة من الشباب القطريين يشاركون في ورشة عمل حول التنمية المستدامة، مع التركيز على كيفية استخدام التكنولوجيا الحديثة في تحسين حياة المجتمع (الجزيرة).,قضايا اجتماعية,قطر
البحرين تعلن عن استضافة قمة إقليمية لمناقشة الأمن الغذائي في العالم العربي,وفود من مختلف الدول العربية تشارك في قمة الأمن الغذائي، مع التركيز على التنسيق الإقليمي لتحقيق الاكتفاء الذاتي وزيادة الإنتاج الزراعي (وزارة الزراعة البحرينية),سياسة,البحرين
"وزارة التعليم التونسية تطلق مشروع ""مدرسة الغد"" لتحسين جودة التعليم الرقمي","معلمون وطلاب يستعرضون تقنيات التعليم الحديثة خلال فعالية إطلاق مشروع ""مدرسة الغد"" في تونس، حيث تم التركيز على دمج التكنولوجيا في المناهج الدراسية (الجزيرة)",تعليم,تونس
الجزائر تطلق حملة وطنية لمكافحة الفساد في المؤسسات الحكومية,مسؤولون جزائريون يتحدثون خلال مؤتمر صحفي لإطلاق الحملة الوطنية لمكافحة الفساد، حيث تم عرض الخطوات والإجراءات التي سيتم اتخاذها لتعزيز الشفافية ومساءلة المسؤولين (الجزائر اليوم).,سياسة,الجزائر
البحرين تطلق مشروعاً جديداً لتعزيز الاستثمار في القطاع السياحي,مسؤولون بحرينيون خلال توقيع مذكرة تفاهم مع شركات سياحية عالمية لتعزيز الاستثمارات السياحية في البلاد، حيث يظهر في الصورة جانب من الاحتفالية التي تمت في المنامة (وكالة أنباء البحرين).,اقتصاد,البحرين
الأردن يطلق حملة توعية جديدة لمواجهة الأمراض الموسمية مع بدء فصل الشتاء,مجموعة من الأطباء الأردنيين يتحدثون إلى المواطنين في أحد المراكز الصحية خلال إطلاق الحملة، حيث يظهرون وسائل التوعية والوقاية من الأمراض المرتبطة بفصل الشتاء. (وزارة الصحة الأردنية),صحة,الأردن
قطر تطلق منصة جديدة لدعم الابتكار في مجال التكنولوجيا المالية,فريق من رواد الأعمال في قطر يناقشون الأفكار الجديدة حول حلول التكنولوجيا المالية في بيئة حضارية تدعم الابتكار (الجزيرة),تقنية,قطر
استئناف الحوار السعودي-الأمريكي لتعزيز الأمن الإقليمي والتعاون الاقتصادي,الاجتماع الذي جمع بين المسؤولين السعوديين والأمريكيين في الرياض، حيث تم تبادل الآراء حول القضايا الأمنية والتجارية لتعزيز الاستقرار في المنطقة (وكالة الأنباء السعودية).,سياسة,السعودية
مشاورات سياسية في تونس لتشكيل حكومة وحدة وطنية وسط أزمة اقتصادية خانقة,الاجتماع الذي ضم ممثلين عن مختلف الأحزاب السياسية في تونس لمناقشة سبل تشكيل حكومة جديدة وتعزيز الاستقرار السياسي (رويترز),سياسة,تونس
حريق ضخم يلتهم سوقاً شعبياً في دبي ويخلف أضراراً جسيمة,النيران تلتهم المحلات وسط دخان كثيف وتصاعد ألسنة اللهب، بينما يحاول رجال الإطفاء السيطرة على الحريق الذي اندلع في سوق نايف الشعبي (الصحافة الإماراتية).,حوادث,الإمارات
البحرين تسجل حوادث غرق في الشواطئ بسبب عدم الالتزام بإجراءات السلامة,رجال الإنقاذ يتعاملون مع حالة غرق على أحد شواطئ البحرين، حيث يتم نقل المصابين إلى المستشفى لتلقي العلاج اللازم (الوكالة الوطنية).,حوادث,البحرين
مهرجان الفلكلور الأردني يضيء ليالي عمان بألوان التراث,راقصون يرتدون أزياء تقليدية يؤديون رقصات شعبية على أنغام الموسيقى التراثية خلال مهرجان الفلكلور الأردني الذي يقام في الهواء الطلق وسط العاصمة عمان (وكالة الأنباء الأردنية).,ثقافة,الأردن
ملتقى الفنون التراثية في القاهرة يشهد إقبالاً كبيراً من الزوار,مجموعة من الفنانين المصريين يعرضون أعمالهم التقليدية، وسط تفاعل كبير من الجمهور خلال ملتقى الفنون التراثية في قلب العاصمة القاهرة (الجزيرة),ثقافة,مصر
"الإمارات تطلق مشروع ""النمو الأخضر"" لتعزيز الاستدامة الاقتصادية","وزيرة التغير المناخي والبيئة الإماراتية خلال إعلانها عن تفاصيل مشروع ""النمو الأخضر"" في مؤتمر صحفي، حيث يهدف البرنامج إلى تشجيع الابتكار في مجال الطاقة المتجددة وتقنيات الحفاظ على البيئة (وزارة التغير المناخي والبيئة الإماراتية)",اقتصاد,الإمارات
مبادرة زراعية في العراق لتعزيز الأمن الغذائي وسط التحديات المناخية,مزارعون عراقيون يعملون في حقول القمح خلال فصل الربيع، فيما تظهر شاحنات محملة بالمحاصيل الجديدة في الخلفية (الجزيرة),بيئة,العراق
مصر تطلق حزمة تحفيز اقتصادي لدعم المشاريع الصغيرة والمتوسطة,وزير التجارة والصناعة المصري يتحدث خلال مؤتمر صحفي، حيث تم الإعلان عن المبادرات الجديدة لدعم رواد الأعمال في البلاد (الصحافة المصرية).,اقتصاد,مصر
"معرض ""الألوان التراثية"" يحتفل بالحرف اليدوية القطرية ويعزز الهوية الثقافية",حرفيون قطريون يعرضون أعمالهم الفنية من الأقمشة المطرزة والأدوات التقليدية في المعرض الذي يقام في مركز قطر الثقافي، حيث تتنوع الألوان والتصاميم لتعكس غنى التراث المحلي (الجزيرة).,ثقافة,قطر
"الإمارات تحتضن معرض ""المستقبل المالي"": الابتكار والتقنيات الحديثة في قلب الاقتصاد العربي","الحضور يتفاعلون مع العروض التفاعلية في معرض ""المستقبل المالي""، الذي يجمع رواد الصناعة والمستثمرين لاستكشاف أحدث الابتكارات في مجال التكنولوجيا المالية (البيان)",اقتصاد,الإمارات
الأردن يطلق منصة جديدة لتعزيز التحول الرقمي في التعليم,وزير التربية والتعليم الأردني يتحدث خلال مؤتمر صحفي لإطلاق المنصة التعليمية الجديدة التي تهدف إلى تحسين جودة التعليم الإلكتروني في المدارس (وكالة الأنباء الأردنية).,تقنية,الأردن
مبادرات مجتمعية لتعزيز التلاحم الأسري في السعودية: دعم نفسي واجتماعي للأسر المتضررة,فعاليات ورشة عمل تهدف إلى تقوية الروابط الأسرية، حيث يجتمع المشاركون في أجواء من التعاون والإيجابية لتبادل الخبرات والنصائح (المملكة).,قضايا اجتماعية,السعودية
"إطلاق مشروع ""مدارس المستقبل"" في أبوظبي لتعزيز التعلم الذاتي لدى الطلاب","طلاب إماراتيون يتفاعلون مع تقنيات التعليم الحديثة في أحد الفصول الدراسية المبتكرة ضمن مشروع ""مدارس المستقبل""، الذي يسعى لتطوير مهارات التعلم الذاتي والإبداع لدى الشباب (وزارة التعليم الإماراتية).",تعليم,الإمارات
العراق يستعد لإطلاق مشروع طاقة شمسية عملاق في الصحراء الغربية,العمال يجهزون الألواح الشمسية في موقع المشروع، الذي يهدف إلى تعزيز الاعتماد على الطاقة المتجددة وتقليل الانبعاثات الكربونية في البلاد (وكالة الأنباء العراقية).,طاقة,العراق
تدشين مركز طبي جديد في عمان لتقديم خدمات الرعاية النفسية,افتتاح المركز الطبي بحضور وزير الصحة الأردني، مع تسليط الضوء على أهمية الدعم النفسي والعلاج النفسي الجماعي (الجزيرة),صحة,الأردن
مشاريع بيئية في السعودية تعزز الاستدامة وتحافظ على التنوع البيولوجي,مجموعة من العاملين في إحدى المشاريع البيئية بزراعة الأشجار في منطقة عسير، حيث يسهمون في تعزيز المساحات الخضراء وحماية التنوع البيولوجي المحلي (وزارة البيئة والمياه والزراعة السعودية),بيئة,السعودية
جهود حكومية لزيادة المساحات الخضراء في المدن الأردنية لمواجهة التغير المناخي,"عمال بلدية عمّان يزرعون الأشجار في حديقة عامة جديدة ضمن مشروع ""عمّان الخضراء"" الذي يهدف لتعزيز البيئة الحضرية (البوابة الأردنية).",بيئة,الأردن
المبادرات الاجتماعية في عمان تدعم الأسر المتضررة من الفيضانات,متطوعون في سلطنة عمان يوزعون المساعدات الغذائية والملابس على الأسر المتضررة من الفيضانات في إحدى القرى، حيث تظهر الابتسامات على وجوه الأطفال بين الأنقاض (الجزيرة).,قضايا اجتماعية,عُمان
العراق يطلق حملة وطنية لزراعة مليون شجرة لمكافحة التصحر,موظفون حكوميون ومتطوعون يشاركون في زراعة الأشجار في منطقة السليمانية ضمن الحملة الوطنية للحفاظ على البيئة وتخفيف آثار التصحر (الجزيرة),بيئة,العراق
المغرب يعزز شراكته مع الدول الإفريقية من خلال قمة اقتصادية جديدة في الرباط,ممثلون عن الدول الإفريقية يتبادلون الآراء خلال الجلسة الافتتاحية للقمة الاقتصادية التي تحتضنها الرباط، مما يعكس التوجه لتعزيز التعاون الاقتصادي بين الدول. (الجزيرة),اقتصاد,المغرب
جمعية الكويتيين المتقاعدين تطلق حملة لدعم حقوق المتقاعدين في مواجهة التحديات الاقتصادية,مجموعة من المتقاعدين الكويتيين يتجمعون أمام مقر الجمعية، حاملين لافتات تطالب بتحسين المعاشات وتأمين صحي أفضل (موقع الجمعية),قضايا اجتماعية,الكويت
"""مهرجان عماني يحتفي بالتراث البحري ويعزز السياحة الثقافية""",مجموعة من الحرفيين العمانيين يعرضون مهاراتهم في صناعة السفن التقليدية خلال مهرجان التراث البحري الذي أقيم في ولاية صور، حيث شهد المهرجان إقبالاً كبيراً من الزوار المحليين والسياح (وزارة التراث والسياحة العمانية).,ثقافة,عُمان
عائلات عراقية تسعى لاستعادة الأرض الزراعية المفقودة بعد سنوات من النزاع,مزارعون عراقيون يتجمعون في أحد الحقول المجاورة لمدينة الموصل، حيث يتبادلون التجارب والخبرات لاستعادة زراعة أراضيهم بعد عودتهم إليها بعد سنوات من النزاع (الجزيرة),قضايا اجتماعية,العراق
حادث مروع على طريق الرياض- جدة يسفر عن وفاة خمسة أشخاص وإصابة عشرين آخرين,فرق الإنقاذ والطوارئ تعمل على إزالة الحطام من موقع الحادث الذي وقع صباح اليوم، حيث تصادم عدة سيارات على طريق سريع شهير في السعودية (وكالة الأنباء السعودية).,حوادث,السعودية
"مهرجان الجزائر الدولي للكتاب يعود بنسخة جديدة تحت شعار ""القراءة جسر للتواصل""",زوار يتجولون بين أروقة المعرض، حيث يضم مجموعة متنوعة من الكتب والمصنفات الأدبية من مختلف الدول العربية والعالمية (الجزائر),ثقافة,الجزائر
مبادرة تطوعية في الرياض: شباب يتبرعون بوقتهم لدعم الأسر المتعففة,"مجموعة من المتطوعين في حديقة عامة بالرياض، يوزعون المواد الغذائية والملابس على الأسر المحتاجة، في إطار حملة ""يد بيد"" للتكافل الاجتماعي (الجزيرة).",قضايا اجتماعية,السعودية
"الأردن يحتفل بإطلاق مبادرة ""قرية الألوان"" لتعزيز الفن والمجتمع المحلي",مجموعة من الفنانين المحليين يعملون على تزيين جدران المباني في قرية جبلية بالأردن، حيث يتم استخدام الألوان الزاهية لتعكس ثقافة وتراث المنطقة (الجزيرة).,مجتمع,الأردن
الإمارات تحتضن بطولة العرب للملاكمة.. أبطال من 15 دولة يتنافسون على اللقب,الملاكمون العرب يتأهبون للمنافسة في البطولة التي تجمعهم تحت سقف واحد، وسط أجواء حماسية تملأ صالة العرض في دبي (الجزيرة).,رياضة,الإمارات
البحرين تطلق مبادرة جديدة لدعم ريادة الأعمال الصغيرة في مجال التكنولوجيا,مجموعة من رواد الأعمال البحرينيين يتبادلون الأفكار خلال ورشة عمل تفاعلية حول الابتكار التكنولوجي في أحد مراكز الأعمال بالمنامة (البحرين اليوم),اقتصاد,البحرين
المنتخب القطري يتألق في تصفيات كأس آسيا بفوز تاريخي على المنتخب الأردني,لاعبو المنتخب القطري يحتفلون بعد تسجيل الهدف الثاني في مرمى المنتخب الأردني خلال المباراة التي أقيمت على ملعب أحمد بن علي (الاتحاد القطري لكرة القدم).,رياضة,قطر
"إطلاق مهرجان القاهرة السينمائي الدولي في دورته الـ45 تحت شعار ""السينما أمل""",حفل افتتاح مهرجان القاهرة السينمائي الدولي بحضور مجموعة من النجوم والمخرجين المصريين والعرب الذين يستعرضون أعمالهم السينمائية الجديدة على السجادة الحمراء (الجزيرة),ثقافة,مصر
انطلاق بطولة دوري المدارس السعودي لكرة القدم 2023 بمشاركة واسعة من مختلف المناطق,فرق المدارس تحتفل ببدء البطولة مع الأعلام والشعارات، حيث تجمع اللاعبين في ساحة الملعب قبل بداية المباراة الافتتاحية (الأخبار الرياضية).,رياضة,السعودية
قطر تستضيف قمة الاستثمار العربي لتعزيز التعاون الاقتصادي بين الدول العربية,ممثلو الدول العربية يجتمعون في الدوحة لمناقشة فرص الاستثمار وتحديات الاقتصاد الإقليمي (وكالة الأنباء القطرية),اقتصاد,قطر
"""حادث مروع في الدار البيضاء: تصادم بين حافلة وشاحنة يوقع إصابات عديدة""",رجال الإنقاذ يتعاملون مع الحادث بينما تتعالى أصوات سيارات الإسعاف في موقع التصادم على أحد الطرق الرئيسية بالدار البيضاء (المغرب اليوم),حوادث,المغرب
عمان تحتضن مؤتمرًا دوليًا حول الابتكار في الرعاية الصحية,وفود من مختلف الدول تتبادل الأفكار في جناح الابتكار خلال المؤتمر الذي يعقد في مسقط (الشرق الأوسط).,صحة,عُمان
السعودية تعلن عن أول مشروع طاقة شمسية عائمة في البحر الأحمر,صورة تظهر الألواح الشمسية العائمة على سطح مياه البحر الأحمر، حيث تعكس أشعة الشمس وتساهم في توفير الطاقة النظيفة للمملكة (واس),طاقة,السعودية
الكويت تستضيف البطولة العربية لكرة الطائرة للشباب بمشاركة 8 دول,الفرق المشاركة تتجمع في حفل الافتتاح الرسمي للبطولة في صالة نادي الكويت، وسط أجواء احتفالية وعروض فنية. (الكويت اليوم),رياضة,الكويت
انطلاق مهرجان الدوحة للموسيقى التقليدية بمشاركة فنانين من مختلف الدول العربية,عازفون ينشرون أجواءً من الفرح والتراث في حفل الافتتاح الذي شهد تفاعلاً كبيرًا من الجمهور (الصحافة القطرية),مجتمع,قطر
الجزائر تعلن عن مشروع طموح للحفاظ على التنوع البيولوجي في جبال الأوراس,فرق من الباحثين البيئيين يقومون بجمع عينات من النباتات النادرة في جبال الأوراس للحفاظ على التنوع البيولوجي (الأخبار الجزائرية),بيئة,الجزائر
"""مهرجان الثقافة الشعبية في بغداد يعيد إحياء التراث العراقي بمشاركة فنانين محليين ودوليين""",مشهد من فعاليات المهرجان حيث يتواجد الزوار وسط الأجواء الاحتفالية والأعمال الفنية التقليدية، بينما يشارك فنانون يعزفون على الآلات الموسيقية العراقية التقليدية (الشرق الأوسط),ثقافة,العراق
"""أيام الثقافة الأردنية"" تحتفي بالفنون الشعبية في عمان",فرقة موسيقية تقليدية تقدم أداءً حياً في إحدى الساحات العامة، حيث تتفاعل الجماهير مع الإيقاعات الشعبية المميزة (موقع الثقافة الأردنية),ثقافة,الأردن
انطلاق أول معرض لتقنيات البلوكشين في الكويت بمشاركة دولية واسعة,المعرض يضم مجموعة من الشركات الناشئة والمتحدثين العالميين في مجال البلوكشين، وسط أجواء من التفاعل والنقاشات حول مستقبل هذه التقنية (رويترز),تقنية,الكويت
الكويت تستثمر في الطاقة المتجددة لتعزيز الاكتفاء الذاتي بحلول 2030,مشاريع الطاقة الشمسية في الكويت تهدف إلى تحقيق 15% من احتياجات البلاد من الكهرباء عبر مصادر مستدامة (الجزيرة),طاقة,الكويت
الكويت تطلق حملة توعوية لتعزيز الصحة النفسية بين الشباب,الحملة تشمل ورش عمل تفاعلية ومحاضرات توعوية تهدف إلى مساعدة الشباب على التعامل مع الضغوط النفسية (الكويت اليوم),صحة,الكويت
ورشة عمل بحرينية لتعزيز دور الشباب في العمل التطوعي,مجموعة من الشباب البحرينيين المشاركين في ورشة العمل، يتبادلون الأفكار حول كيفية تطوير مبادرات تطوعية تخدم المجتمع المحلي (المنامة).,مجتمع,البحرين
الكويت تطلق مبادرة جديدة لحماية الحياة البحرية والحد من التلوث البلاستيكي,"مجموعة من المتطوعين تعمل على تنظيف الشواطئ الكويتية من المخلفات البلاستيكية ضمن حملة ""بحرنا نظيف"" (الكويت اليوم)",بيئة,الكويت
"حملة للتوعية الصحية في قطر تحت شعار ""صحتك أولاً"" تستهدف المدارس والجامعات",طلاب من مختلف الأعمار يشاركون في ورشة عمل تفاعلية حول التغذية السليمة وأهمية النشاط البدني في إحدى المدارس القطرية (الشرق),صحة,قطر
انفجار مفاجئ في مصنع للكيماويات بالبحرين يوقع عدة إصابات,فرق الدفاع المدني تتعامل مع حريق كبير في موقع الانفجار، وسط جهود لإنقاذ العالقين (البحرين اليوم),حوادث,البحرين
"""تزايد الإصابات بفيروس كورونا في مصر يدق ناقوس الخطر مجددًا""",عيادات فحص كورونا في القاهرة تشهد ازدحامًا مع زيادة الطلب على اختبار الفيروس (الجزيرة),صحة,مصر
مبادرة جديدة في تونس لتعزيز صحة الأم والطفل من خلال برامج توعوية,خبراء صحة يقدمون ورش عمل تعليمية حول التغذية السليمة ووسائل الرعاية الصحية للأمهات في مركز صحي بتونس العاصمة (مواقع محلية),صحة,تونس
"انطلاق مهرجان الفنون التشكيلية بالمغرب تحت شعار ""ألوان من الثقافة""",لوحات فنية تمثل التنوع الثقافي المغربي وسط أجواء من الاحتفالات في المعرض الفني بمدينة مراكش (الصحافة المغربية),ثقافة,المغرب
عمان تطلق حملة جديدة للحد من انتشار الأمراض المزمنة وتعزيز نمط الحياة الصحي,فرق طبية تعقد ورش عمل توعوية حول التغذية السليمة وممارسة الرياضة في المدارس والمراكز الصحية (العمانية),صحة,عُمان
عمان تتجه نحو الطاقة الشمسية.. توقيع اتفاقية جديدة لتطوير مشروع ضخم في صلالة,جانب من توقيع الاتفاقية بين وزارة الطاقة والمعادن ومجموعة استثمارية دولية في حفل رسمي بصلالة (الشروق العمانية),طاقة,عُمان
البحرين تطلق مبادرة جديدة لتسريع التحول الرقمي في القطاع المالي,وزير المالية البحريني خلال مؤتمر صحفي يعلن عن تفاصيل المبادرة التي تهدف إلى تعزيز الابتكار المالي والرقمنة في الخدمات المصرفية (البحرين اليوم),تقنية,البحرين
"""استثمارات سعودية رائدة في الطاقة النظيفة تعزز التحول الاقتصادي""",معمل حديث لتوليد الطاقة الشمسية في مدينة الرياض، يشهد انطلاق أولى مراحل المشروع الضخم الذي يهدف إلى تعزيز الاستدامة البيئية في المملكة (العربية).,طاقة,السعودية
حريق مهول يدمر جزءًا كبيرًا من سوق الجملة في مراكش,رجال الإطفاء يكافحون النيران وسط سحب من الدخان الكثيف الذي يحيط بالمكان، بينما يحاول المتسوقون الهروب من منطقة الحريق (مواقع محلية),حوادث,المغرب
"""مأساة في صلالة.. غرق مركب يقل صيادين أثناء رحلة صيد في البحر العربي""",فرق الإنقاذ تتجهز للبحث عن المفقودين في ساحل صلالة بعد غرق المركب (العمانية),حوادث,عُمان
السعودية تطلق مشروع الطاقة الشمسية الأكبر في الشرق الأوسط لتوليد 20 جيجاوات,تسعى المملكة لتحقيق التنوع في مصادر الطاقة من خلال تطوير محطات طاقة شمسية متقدمة في عدة مناطق، مع التركيز على استدامة البيئة (الشرق الأوسط).,طاقة,السعودية
الأردن يطلق منصة وطنية لدعم ريادة الأعمال التقنية وتعزيز الابتكار,وزير الاقتصاد الرقمي يعلن عن إطلاق المنصة خلال مؤتمر صحفي، مشدداً على أهمية دعم المشاريع الناشئة في قطاع التكنولوجيا (الأردن24),تقنية,الأردن
زيادة المخاطر البيئية.. لبنان يشهد تدهوراً في نوعية المياه الجوفية,تدهور مستوى المياه الجوفية في لبنان يهدد صحة المواطنين ويزيد من مخاطر التلوث (الأخبار اللبنانية),بيئة,لبنان
الإمارات تستضيف منتدى الطاقة المستدامة لتعزيز الابتكار في الحلول البيئية,خبراء ومبتكرون يناقشون أحدث التطورات في تقنيات الطاقة المتجددة خلال المنتدى، مع التركيز على تحقيق أهداف الاستدامة العالمية (وكالة أنباء الإمارات).,طاقة,الإمارات
الجزائر تطلق حملة وطنية لزراعة 10 ملايين شجرة لمواجهة التغير المناخي,وزير البيئة الجزائري يشارك في زراعة شجرة في إحدى الغابات، مع إظهار المشهد الطبيعي الخلاب للمنطقة (الجزائر اليوم),بيئة,الجزائر
الحكومة المغربية تعلن خطة جديدة لدعم الصناعة المحلية وتعزيز التنافسية,وزيرة الصناعة المغربية تستعرض تفاصيل الخطة الجديدة في مؤتمر صحفي، حيث تهدف إلى تحسين بيئة الأعمال وزيادة الصادرات (وكالة المغرب العربي للأنباء),اقتصاد,المغرب
المغرب يستضيف قمة دولية لتعزيز التعاون البيئي في منطقة البحر الأبيض المتوسط,قادة وزعماء من مختلف دول البحر الأبيض المتوسط يجتمعون لمناقشة استراتيجيات حماية البيئة والموارد الطبيعية (المغرب اليوم),بيئة,المغرب
"""مبادرة جديدة لدعم ذوي الإعاقة: مصر تطلق برنامجاً لتوفير فرص العمل والتدريب المهني""",مجموعة من الشباب ذوي الإعاقة يتلقون التدريب في ورشة عمل متخصصة ضمن البرنامج الجديد الذي أطلقته الحكومة المصرية (الوزارة المعنية).,قضايا اجتماعية,مصر
"""قطر تطلق مبادرة جديدة لتعزيز الوعي الصحي بين الشباب عبر الأنشطة الرياضية""",مجموعة من الشباب القطريين يشاركون في فعالية رياضية توعوية تتضمن ورش عمل حول التغذية السليمة والنشاط البدني (الدوحة نيوز),صحة,قطر
"مبادرة ""الكتاب في كل بيت"" تعزز القراءة بين الأطفال في الأرياف المصرية",مجموعة من الأطفال في قرية المنيا يتصفحون مجموعة من الكتب الجديدة في إطار حملة توزيع الكتب المجانية (مواقع التواصل الاجتماعي),مجتمع,مصر
قطر تعلن عن مشروع جديد للطاقة الشمسية بطاقة 500 ميغاوات في الصحراء,صورة تظهر الألواح الشمسية اللامعة تمتد على مساحات شاسعة من الصحراء القطرية، وسط أفق مدينة الدوحة في الخلفية (الجزيرة),طاقة,قطر
انفجار في مصنع للبتروكيماويات بجدة يسفر عن إصابات وأضرار مادية,فرق الدفاع المدني تعمل على السيطرة على الحريق الناتج عن الانفجار، وسط سحب من الدخان الكثيف في سماء المدينة (واس),حوادث,السعودية
السعودية تطلق استراتيجيتها الجديدة لتعزيز الابتكار في قطاع الطاقة المتجددة,وزير الطاقة السعودي يتحدث خلال مؤتمر صحفي، مؤكدًا على أهمية الابتكار في تحقيق أهداف الاستدامة البيئية (واس),اقتصاد,السعودية
نجاح حملة تطعيم واسعة ضد الإنفلونزا في السعودية قبل موسم الشتاء,فرق طبية متخصصة تبذل جهودها لتلقيح المواطنين في مراكز صحية بجدة، مع التزام بالإجراءات الاحترازية (وكالة الأنباء السعودية),صحة,السعودية
"""مبادرة توعوية في عُمان لتعزيز حقوق ذوي الاحتياجات الخاصة في المجتمع""",مجموعة من المشاركين في ورشة عمل تتعلق بحقوق ذوي الاحتياجات الخاصة، حيث يتبادلون الأفكار والخبرات تحت إشراف متخصصين (الراية),قضايا اجتماعية,عُمان
مبادرة شبابية في المغرب لتعزيز القراءة عبر المكتبات المتنقلة,شباب مغاربة يستقبلون المكتبة المتنقلة في حي شعبي، حيث يشاركون في ورش عمل حول فوائد القراءة والثقافة (الأناضول),مجتمع,المغرب
"""مبادرة زراعية تونسية تحارب التصحر وتعزز الأمن الغذائي""",مزارعون تونسيون يعملون في حقول مزروعة حديثاً بالقمح، بفضل تقنيات الزراعة المستدامة والمبتكرة (الجزيرة),بيئة,تونس
انطلاق مشروع إعادة إعمار البنية التحتية في لبنان بتمويل دولي,المقاولون في موقع العمل بمدينة طرابلس اللبنانية، حيث بدأ تنفيذ مشروع إعادة تأهيل الطرقات والمرافق العامة بتكلفة تصل إلى 50 مليون دولار (رويترز).,اقتصاد,لبنان
الحكومة المغربية تعلن عن مبادرة جديدة لتعزيز حقوق المرأة في الحياة السياسية,وزيرة التضامن والإدماج الاجتماعي، جميلة المصلي، خلال مؤتمر صحفي لتسليط الضوء على الاستراتيجيات الجديدة لتمكين المرأة في المغرب (الوكالة المغربية للأنباء),سياسة,المغرب
المبادرات الشبابية في المغرب.. أمل جديد لتحسين البيئة المحلية,مجموعة من الشباب المغاربة يتطوعون لتنظيف أحد الشواطئ في مدينة أكادير، متحدين الظروف الجوية لتحقيق بيئة نظيفة (الشرق الأوسط).,مجتمع,المغرب
"""الاستثمار في الطاقة المتجددة.. الإمارات تستعد لإطلاق أكبر مشروع للطاقة الشمسية في المنطقة""",مشروع الطاقة الشمسية سيعتمد على أحدث تقنيات الألواح الشمسية لتحقيق كفاءة عالية وتقليل الانبعاثات الكربونية (الإمارات اليوم),اقتصاد,الإمارات
"""حملة توعية جديدة في الكويت تركز على مواجهة التنمر في المدارس""",طلاب في إحدى المدارس الكويتية يشاركون في ورشة عمل توعوية حول آثار التنمر وكيفية التعامل معه، بحضور متخصصين في علم النفس والتربية (كونا),قضايا اجتماعية,الكويت
انفجار يودي بحياة شخصين ويدمر عدة منازل في العاصمة البحرينية المنامة,آثار الدمار واضحة على المباني المحيطة بموقع الانفجار، حيث تظهر فرق الإنقاذ تعمل على إزالة الأنقاض والبحث عن ناجين (وكالة الأنباء البحرينية),حوادث,البحرين
مصر تطلق مشروعاً جديداً للطاقة الشمسية في صعيد البلاد لتعزيز الاستدامة البيئية,محطة الطاقة الشمسية الجديدة في محافظة الأقصر، حيث تتوزع الألواح الشمسية على مساحة شاسعة تحت أشعة الشمس الساطعة، مما يعكس التوجه نحو الطاقة المتجددة (مصر اليوم),طاقة,مصر
منتخب قطر لكرة اليد يستعد لمواجهة قوية أمام منتخب فرنسا في نصف نهائي البطولة العالمية,تدريبات مكثفة للمنتخب القطري على ملعب الوكرة استعدادًا للقاء المرتقب، حيث يسعى اللاعبون لتحقيق إنجاز تاريخي في عالم كرة اليد (الجزيرة),رياضة,قطر
الجزائر تطلق حملة وطنية للتطعيم ضد مرض الحصبة لتعزيز المناعة المجتمعية,أفراد من الفرق الصحية يجرون عمليات تطعيم للأطفال في إحدى المدارس بمدينة الجزائر، مع التأكيد على أهمية الحماية من الأمراض المعدية. (مواقع التواصل الاجتماعي),صحة,الجزائر
البحرين تطلق حملة وطنية للتوعية بأهمية التطعيم ضد الأمراض الموسمية,مواطنون يتلقون اللقاحات في مركز صحي في البحرين، حيث تسعى وزارة الصحة إلى تعزيز الوعي بأهمية التطعيم في الحماية من الأمراض الموسمية. (الشرق الأوسط),صحة,البحرين
انقلاب حافلة في عسير يُسفر عن إصابات خطيرة لـ12 شخصًا,عناصر الدفاع المدني يقومون بمساعدة المصابين من حادث انقلاب حافلة في منطقة عسير، حيث تنتشر عربات الإسعاف في موقع الحادث. (مواقع التواصل),حوادث,السعودية
مصر تطلق منصة إلكترونية جديدة لتعزيز الابتكار في مجال التكنولوجيا الزراعية,وزير الزراعة المصري يتحدث خلال حفل إطلاق المنصة الجديدة، مع وجود مختصين في المجال الزراعي في الخلفية (الشرق الأوسط).,تقنية,مصر
"انطلاق مهرجان عمان الثقافي تحت شعار ""التنوع والتراث""",حشود من الزوار يتجولون في أروقة مهرجان عمان الثقافي، حيث تعرض الفنون الشعبية والمأكولات التقليدية في قلب العاصمة الأردنية، 15 أكتوبر/تشرين الأول 2023. (تصوير خاص),ثقافة,الأردن
الجزائر تطلق مشروعاً طموحاً لتعزيز الطاقة المتجددة بحلول 2030,عمال يقومون بتركيب الألواح الشمسية في موقع لإنتاج الطاقة المتجددة بالقرب من الجزائر العاصمة، حيث تسعى الحكومة لتلبية 27% من احتياجاتها الكهربائية عبر مصادر الطاقة المتجددة. (وكالة الأنباء الجزائرية),اقتصاد,الجزائر
حريق ضخم يلتهم مصنعاً في مدينة العين بالإمارات ويؤدي إلى إجلاء السكان,تصاعد الدخان الكثيف من المصنع المدمر في مدينة العين، بينما تتواجد سيارات الإطفاء في موقع الحريق لاحتواء الوضع (وكالات).,حوادث,الإمارات
تعزيز التعاون التجاري بين مصر ودول شرق إفريقيا من خلال منتدى استثماري,ممثلو الحكومات والشركات في منتدى الاستثمار المنعقد بالقاهرة، حيث تم توقيع عدة اتفاقيات للتعاون التجاري والاقتصادي (الأناضول),اقتصاد,مصر
مصرع خمسة أشخاص في انفجار ضخم بمصنع للمواد الكيميائية في المغرب,أعمدة من الدخان الأسود تتصاعد من موقع الانفجار الذي هز المصنع، فيما تواجدت عربات الإسعاف والإطفاء في الموقع لإنقاذ المصابين (الأناضول),حوادث,المغرب
العراق يطلق مشروعاً جديداً للطاقة الشمسية في محافظة كربلاء,باحثون ومهندسون يتفقدون ألواح الطاقة الشمسية الجديدة في موقع المشروع بكربلاء، حيث يُتوقع أن يساهم المشروع في تعزيز إنتاج الطاقة النظيفة. (مواقع التواصل),طاقة,العراق
تزايد حالات العنف الأسري في لبنان يدق ناقوس الخطر,تجمع ناشطون أمام وزارة الشؤون الاجتماعية في بيروت خلال وقفة احتجاجية للمطالبة بحماية حقوق النساء وتفعيل قوانين مكافحة العنف الأسري، 15 نوفمبر/تشرين الثاني 2023. (رويترز),قضايا اجتماعية,لبنان
انطلاق حملة توعية للحد من استهلاك البلاستيك في الكويت,مجموعة من المتطوعين يرتدون القمصان الخضراء خلال حملة لتنظيف الشواطئ الكويتية وتوزيع منشورات توعوية حول مخاطر البلاستيك على البيئة، 15 أكتوبر/تشرين الأول 2023. (البابا),مجتمع,الكويت
إطلاق برنامج دراسي جديد لتعزيز مهارات القيادة في الجامعات الإماراتية,طلاب وطالبات من مختلف الجامعات الإماراتية يتفاعلون خلال ورشة عمل عن مهارات القيادة في دبي، حيث يتلقون تدريباً عملياً يهدف لتأهيلهم لسوق العمل. (مواقع التواصل الاجتماعي),تعليم,الإمارات
عمان تستضيف أول معرض دولي للابتكار في التقنية الحديثة,زوار يتفاعلون مع أحدث التقنيات المعروضة في المعرض الدولي للابتكار في عمان، حيث تُعرض الأجهزة الذكية والحلول التقنية الرائدة (مواقع التواصل),تقنية,عُمان
حادث مروري مروع في أبوظبي يسفر عن إصابات متعددة,سيارات محطمة على الطريق السريع في أبوظبي، حيث كانت الفرق الطبية والإسعاف تعمل على نقل المصابين إلى المستشفيات (البيان),حوادث,الإمارات
المنتخب الأردني يحقق فوزًا كبيرًا على فلسطين في تصفيات كأس آسيا,لاعبو المنتخب الأردني يحتفلون بالهدف الثاني خلال المباراة التي أقيمت على استاد الملك عبدالله الثاني في عمان، وسط تشجيع حار من الجماهير (التلفزيون الأردني),رياضة,الأردن
الأردن يطلق منصة جديدة لتحفيز الابتكار في قطاع التكنولوجيا,وزير الاتصالات وتكنولوجيا المعلومات الأردني خلال حفل إطلاق المنصة، بحضور مجموعة من رواد الأعمال والمستثمرين في عمان، 15 أكتوبر 2023. (الرأي),تقنية,الأردن
مصر تعلن عن خطط جديدة لتعزيز استثمارات الطاقة المتجددة بحلول 2030,موظفون في محطة طاقة شمسية بمصر يتفقدون الألواح الشمسية تحت أشعة الشمس الساطعة، وسط استعدادات لزيادة الإنتاج. (رويترز),اقتصاد,مصر
"""مشروع طاقة شمسية جديد في الأردن يسهم في تحقيق أهداف الاستدامة""",لقطات توثق تركيب الألواح الشمسية الجديدة في أحد المزارع بالقرب من مدينة الكرك، حيث يسعى المشروع لتوليد طاقة نظيفة وخلق فرص عمل محلية. (الأردن 24),بيئة,الأردن
"الكويت تطلق مشروع ""المدينة الذكية"" لتعزيز الابتكار في القطاع التقني",رسم تخيلي لمشاريع المدينة الذكية في الكويت، حيث تظهر الأبنية الحديثة والأضواء الساطعة التي تعكس الطابع العصري للتكنولوجيا المتقدمة (وكالات),تقنية,الكويت
لبنان يطلق منصة جديدة لتعزيز الابتكار في مجال التكنولوجيا المالية,مجموعة من الخبراء والمستثمرين يتبادلون الآراء خلال حفل إطلاق المنصة الجديدة للتكنولوجيا المالية في العاصمة بيروت، وسط أجواء من الحماس والطموح (الوكالة الوطنية للإعلام).,تقنية,لبنان
المنتخب العراقي يحقق فوزاً ثميناً على نظيره البحريني في تصفيات كأس آسيا,لاعبو المنتخب العراقي يحتفلون بعد تسجيل هدف الفوز في المباراة التي أقيمت على ملعب البصرة الدولي، 15 أكتوبر/تشرين الأول 2023. (Getty Images),رياضة,العراق
قطر تطلق حملة توعية جديدة لمكافحة السمنة بين الأطفال,أطفال يتفاعلون مع أنشطة رياضية ضمن حملة توعية لمكافحة السمنة في أحد المدارس القطرية، حيث تهدف الحملة إلى تعزيز الأنشطة البدنية وتوعية الأهل بأهمية التغذية السليمة. (الجزيرة),صحة,قطر
البرلمان العراقي يقر قانوناً جديداً لتعزيز حقوق المرأة في سوق العمل,أعضاء البرلمان العراقي يشاركون في جلسة التصويت على القانون الجديد في بغداد، 15 أكتوبر/تشرين الأول 2023. (رويترز),سياسة,العراق
تونس تطلق برنامجاً جديداً لتحسين جودة التعليم في المناطق الريفية,معلمون وطلاب في فصل دراسي حديث بمدرسة ريفية في تونس، حيث تم تجهيزها بوسائل تعليمية جديدة بهدف تعزيز التجربة التعليمية (مواقع التواصل الاجتماعي).,تعليم,تونس
مصر تطلق مشروعاً رائداً للطاقة الشمسية في أسوان لتعزيز الاستدامة البيئية,عمال يقومون بتركيب الألواح الشمسية في أحد مواقع المشروع الجديد بأسوان، وسط أشعة الشمس الساطعة التي تميز المنطقة (رويترز),طاقة,مصر
الأردن يطلق مشروع الطاقة الشمسية لتوفير 300 ميغاوات بحلول 2025,مشهد لحقول شاسعة من الألواح الشمسية تلمع تحت أشعة الشمس في منطقة الأزرق بالأردن، حيث يسعى المشروع الجديد لدعم التحول نحو الطاقة المتجددة (رويترز),طاقة,الأردن
"انطلاق أول مؤتمر تقني لرواد الأعمال في مصر تحت شعار ""ابتكار بلا حدود""",مجموعة من رواد الأعمال المصريين يتناقشون حول أفكار مشاريع جديدة خلال فعاليات المؤتمر التقني في القاهرة، بينما تُظهر الشاشة الخلفية شعارات متعددة لشركات ناشئة ومؤسسات دعم. (مواقع التواصل),تقنية,مصر
انفجار مروع يهز منطقة جديدة المتن في لبنان ويوقع إصابات متعددة,طواقم الدفاع المدني تعمل على إطفاء النيران في موقع الانفجار، بينما تتجمع حشود من المواطنين في محيط الحادث الذي وقع في وقت متأخر من الليل. (رويترز),حوادث,لبنان
"الإمارات تطلق مشروعاً رائداً لتوليد الطاقة الشمسية بتقنية ""التحويل الضوئي الديناميكي""",عمال يقومون بتركيب الألواح الشمسية الحديثة في موقع المشروع الجديد الذي يعد من الأكبر في الشرق الأوسط، الإمارات، 12 أكتوبر 2023. (رويترز),طاقة,الإمارات
تأهل منتخب العراق لكرة القدم إلى نصف نهائي بطولة كأس العرب بعد انتصار مثير على البحرين,لاعبون عراقيون يحتفلون بتسجيل هدف الفوز في مباراة ربع النهائي أمام البحرين، وسط أجواء حماسية من الجمهور في ملعب البصرة، 15 أكتوبر/تشرين الأول 2023. (الفرنسية),رياضة,العراق
البحرين تحتفل بذكرى اليوم الوطني لتعزيز الوحدة الوطنية,احتفالات مفعمة بالألوان والفرح في المنامة، حيث يتجمع المواطنون حول المسرح الرئيسي في ساحة الفاتح للاحتفاء باليوم الوطني، مع الأعلام البحرينية ترفرف في السماء. (البحرين اليوم),سياسة,البحرين
العراق يطلق مشروعاً جديداً للطاقة الشمسية في الصحراء الغربية,عمال يقومون بتركيب الألواح الشمسية في مشروع الطاقة الشمسية الضخم، وسط الرمال الذهبية للصحراء الغربية، حيث يُتوقع أن يسهم المشروع في تحسين إمدادات الكهرباء في المناطق النائية (الشرق الأوسط).,طاقة,العراق
انقلاب شاحنة محملة بالمواد الغذائية في شمال لبنان يؤدي إلى انقطاع الطريق,شاحنة منقلبة على جانب الطريق، والمساعدة تتوافد لإزالة الحمولة المشتتة من المواد الغذائية في منطقة طرابلس (مواقع التواصل).,حوادث,لبنان
تصادم مروع بين حافلة وشاحنة في البحرين يسفر عن إصابات خطيرة,مشهد من موقع الحادث الذي وقع على الطريق السريع في البحرين، حيث تمتد الحافلة المحطمة وسط حطام الشاحنة المقلوبة، وفرق الإنقاذ تعمل على إجلاء المصابين (رويترز),حوادث,البحرين
"السعودية تطلق مشروع ""البيئة المتجددة"" لزيادة المساحات الخضراء في المدن الكبرى",أعمال زراعة الأشجار في حديقة جديدة بالعاصمة الرياض، حيث تسعى الحكومة لتعزيز التنوع البيولوجي وتحسين جودة الهواء (الرياض).,بيئة,السعودية
تصادم مروع بين شاحنة وحافلة في تونس: 8 إصابات وخسائر مادية كبيرة,رجال الإسعاف يقومون بإجلاء المصابين من موقع الحادث بعد تصادم مروع على الطريق السريع بالقرب من العاصمة تونس، حيث خلف الحادث مشهدًا مأساويًا وحركة مرور متوقفة (تونس الآن).,حوادث,تونس
"افتتاح مهرجان ""قطر الثقافي"" يعزز التبادل الفني والأدبي في المنطقة",مجموعة من الفنانين والأدباء من مختلف الدول العربية يتبادلون الأفكار في أجواء المهرجان، وسط أعمال فنية وموسيقية تعكس تنوع الثقافة العربية. (تصوير: الجزيرة),ثقافة,قطر
جامعة الكويت تطلق برنامجاً جديداً لدعم التعليم الرقمي في المدارس,مشهد من ورشة عمل في جامعة الكويت حيث يتلقى المعلمون تدريبات على استخدام التكنولوجيا في التعليم، وسط تفاعل إيجابي من المشاركين. (وكالة الأنباء الكويتية),تعليم,الكويت
الحكومة اللبنانية تعلن خطة جديدة للإصلاح الاقتصادي وسط احتقان شعبي,تجمع لمئات المتظاهرين أمام مبنى الحكومة في بيروت، مطالبين بإجراءات فعالة لتحسين الوضع الاقتصادي في البلاد، 15 أكتوبر/تشرين الأول 2023. (رويترز),سياسة,لبنان
الإمارات تُطلق مبادرة جديدة لتعزيز التسامح بين الأديان,ممثلون عن الأديان المختلفة يشاركون في فعالية حوارية حول التسامح في أبوظبي، 15 نوفمبر/تشرين الثاني 2023. (الإمارات اليوم),مجتمع,الإمارات
"البحرين تطلق مبادرة ""جسور الابتكار"" لدعم المشاريع الناشئة",مجموعة من رواد الأعمال البحرينيين يتبادلون الأفكار خلال ورشة عمل في مركز البحرين للابتكار (البحرين اليوم),مجتمع,البحرين
العراق يخطط لإطلاق مشروع طاقة شمسية عملاق في صحراء النجف,عمال يقومون بتثبيت الألواح الشمسية في موقع المشروع الجديد، الذي يهدف إلى تعزيز إنتاج الطاقة المتجددة في العراق، 15 أكتوبر 2023. (رويترز),طاقة,العراق
الأردن يعلن عن مشروع جديد للطاقة الشمسية باستثمار يصل إلى 150 مليون دولار,فريق من المهندسين الأردنيين يتفقدون موقع محطة الطاقة الشمسية الجديدة في منطقة المفرق، حيث يتوقع أن تسهم في توفير الكهرباء لأكثر من 50 ألف منزل (الأردنية).,طاقة,الأردن
انقلاب حافلة في غور الصافي يسفر عن إصابة 15 راكباً,الحافلة المنقلبة على جانب الطريق في غور الصافي، حيث هرعت فرق الإنقاذ لنقل المصابين إلى المستشفى. (صحيفة الغد),حوادث,الأردن
انقلاب حافلة في ولاية باتنة الجزائرية يسفر عن 10 مصابين,رجال الإطفاء والفرق الطبية يسارعون إلى مكان الحادث لإنقاذ المصابين بعد انقلاب حافلة على الطريق الوطني في ولاية باتنة الجزائرية. (الجزائر الآن),حوادث,الجزائر
ورشة عمل في القاهرة لتعزيز الوعي البيئي بين الشباب,مجموعة من الشباب المصريين يشاركون في ورشة عمل حول أهمية الحفاظ على البيئة، حيث يقومون بزراعة الأشجار في أحد الحدائق العامة بالقاهرة، 15 أكتوبر/تشرين الأول 2023. (الشرق الأوسط),مجتمع,مصر
تونس تطلق حملة وطنية لحماية الغابات من الحرائق,فرق الإطفاء تطفئ النيران في إحدى الغابات التونسية خلال حملة وطنية لمكافحة الحرائق، مع لافتة تدعو لحماية البيئة في الخلفية. (الأناضول),بيئة,تونس
الإمارات تطلق منصة جديدة للابتكار في مجال الطاقة المتجددة,مجموعة من المهندسين يتعاونون في مختبر الابتكار في أبوظبي، حيث يتم اختبار تقنيات جديدة لتحسين كفاءة الطاقة الشمسية. (البيان),تقنية,الإمارات
تأهل منتخب تونس إلى نصف نهائي كأس العرب بعد انتصار مثير على الجزائر,لاعبو منتخب تونس يحتفلون بتأهلهم إلى نصف النهائي بعد الفوز على الجزائر في مباراة مثيرة، وسط أجواء حماسية في مدرجات الملعب (الأناضول),رياضة,تونس
