21:28:31 [INFO] Processing 4431 rows...
21:28:46 [INFO] [1] Saved (standard)
21:29:00 [INFO] [2] Saved (standard)
21:29:16 [INFO] [3] Saved (high)
21:29:31 [INFO] [4] Saved (high)
21:29:45 [INFO] [5] Saved (standard)
21:29:57 [INFO] [6] Saved (standard)
21:30:12 [INFO] [7] Saved (high)
21:30:23 [INFO] [8] Saved (standard)
21:30:36 [INFO] [9] Saved (standard)
21:30:57 [INFO] [10] Saved (standard)
21:31:13 [INFO] [11] Saved (standard)
21:31:29 [INFO] [12] Saved (standard)
21:31:39 [INFO] [13] Saved (standard)
21:31:58 [INFO] [14] Saved (low)
21:32:12 [INFO] [15] Saved (high)
21:32:28 [INFO] [16] Saved (standard)
21:32:42 [INFO] [17] Saved (standard)
21:32:56 [INFO] [18] Saved (standard)
21:33:08 [INFO] [19] Saved (high)
21:33:25 [INFO] [20] Saved (standard)
21:33:40 [INFO] [21] Saved (standard)
21:33:55 [INFO] [22] Saved (standard)
21:34:14 [INFO] [23] Saved (standard)
21:34:30 [INFO] [24] Saved (standard)
21:34:42 [INFO] [25] Saved (high)
21:34:57 [INFO] [26] Saved (standard)
21:35:12 [INFO] [27] Saved (standard)
21:35:28 [INFO] [28] Saved (standard)
21:35:42 [INFO] [29] Saved (high)
21:35:53 [INFO] [30] Saved (standard)
21:36:05 [INFO] [31] Saved (standard)
21:36:28 [INFO] [32] Saved (standard)
21:36:43 [INFO] [33] Saved (high)
21:36:55 [INFO] [34] Saved (high)
21:37:07 [INFO] [35] Saved (standard)
21:37:21 [INFO] [36] Saved (high)
21:37:36 [INFO] [37] Saved (standard)
21:38:01 [INFO] [38] Saved (standard)
21:38:18 [INFO] [39] Saved (standard)
21:38:41 [INFO] [40] Saved (standard)
21:38:55 [INFO] [41] Saved (standard)
21:39:07 [INFO] [42] Saved (high)
21:39:20 [INFO] [43] Saved (standard)
21:39:41 [INFO] [44] Saved (low)
21:39:52 [INFO] [45] Saved (standard)
21:40:09 [INFO] [46] Saved (standard)
21:40:34 [INFO] [47] Saved (high)
21:40:51 [INFO] [48] Saved (high)
21:41:04 [INFO] [49] Saved (high)
21:41:19 [INFO] [50] Saved (standard)
21:41:29 [INFO] [51] Saved (standard)
21:41:43 [INFO] [52] Saved (standard)
21:41:55 [INFO] [53] Saved (standard)
21:42:09 [INFO] [54] Saved (standard)
21:42:22 [INFO] [55] Saved (standard)
21:42:34 [INFO] [56] Saved (standard)
21:42:49 [INFO] [57] Saved (standard)
21:43:04 [INFO] [58] Saved (high)
21:43:19 [INFO] [59] Saved (standard)
21:43:31 [INFO] [60] Saved (high)
21:43:44 [INFO] [61] Saved (standard)
21:43:59 [INFO] [62] Saved (standard)
21:44:12 [INFO] [63] Saved (high)
21:44:28 [INFO] [64] Saved (high)
21:44:38 [INFO] [65] Saved (low)
21:44:50 [INFO] [66] Saved (standard)
21:45:14 [INFO] [67] Saved (standard)
21:45:29 [INFO] [68] Saved (standard)
21:45:46 [INFO] [69] Saved (standard)
21:46:04 [INFO] [70] Saved (high)
21:46:17 [INFO] [71] Saved (standard)
21:46:39 [INFO] [72] Saved (standard)
21:46:49 [INFO] [73] Saved (standard)
21:47:09 [INFO] [74] Saved (standard)
21:47:29 [INFO] [75] Saved (low)
21:47:47 [INFO] [76] Saved (standard)
21:47:59 [INFO] [77] Saved (low)
21:48:10 [INFO] [78] Saved (standard)
21:48:20 [INFO] [79] Saved (standard)
21:48:32 [INFO] [80] Saved (high)
21:48:59 [INFO] [81] Saved (low)
21:49:17 [INFO] [82] Saved (standard)
21:49:28 [INFO] [83] Saved (standard)
21:49:46 [INFO] [84] Saved (standard)
21:50:14 [INFO] [85] Saved (standard)
21:50:27 [INFO] [86] Saved (standard)
21:51:00 [INFO] [87] Saved (standard)
21:51:10 [INFO] [88] Saved (high)
21:51:22 [INFO] [89] Saved (standard)
21:51:33 [INFO] [90] Saved (standard)
21:51:45 [INFO] [91] Saved (high)
21:51:56 [INFO] [92] Saved (standard)
21:52:10 [INFO] [93] Saved (standard)
21:52:22 [INFO] [94] Saved (standard)
21:52:34 [INFO] [95] Saved (standard)
21:52:53 [INFO] [96] Saved (high)
21:53:03 [INFO] [97] Saved (high)
21:53:19 [INFO] [98] Saved (standard)
21:53:31 [INFO] [99] Saved (high)
21:53:45 [INFO] [100] Saved (standard)
21:53:57 [INFO] [101] Saved (standard)
21:54:15 [INFO] [102] Saved (high)
21:54:24 [INFO] [103] Saved (high)
21:54:40 [INFO] [104] Saved (high)
21:54:53 [INFO] [105] Saved (high)
21:55:15 [INFO] [106] Saved (standard)
21:55:31 [INFO] [107] Saved (standard)
21:55:42 [INFO] [108] Saved (standard)
21:55:55 [INFO] [109] Saved (standard)
21:56:08 [INFO] [110] Saved (high)
21:56:19 [INFO] [111] Saved (standard)
21:56:28 [INFO] [112] Saved (high)
21:56:40 [INFO] [113] Saved (standard)
21:56:50 [INFO] [114] Saved (low)
21:57:00 [INFO] [115] Saved (standard)
21:57:11 [INFO] [116] Saved (standard)
21:57:24 [INFO] [117] Saved (standard)
21:57:35 [INFO] [118] Saved (standard)
21:57:48 [INFO] [119] Saved (standard)
21:58:00 [INFO] [120] Saved (standard)
21:58:12 [INFO] [121] Saved (standard)
21:58:23 [INFO] [122] Saved (standard)
21:58:34 [INFO] [123] Saved (standard)
21:58:44 [INFO] [124] Saved (low)
21:58:55 [INFO] [125] Saved (standard)
21:59:06 [INFO] [126] Saved (standard)
21:59:17 [INFO] [127] Saved (standard)
21:59:27 [INFO] [128] Saved (high)
21:59:38 [INFO] [129] Saved (standard)
21:59:51 [INFO] [130] Saved (standard)
22:00:01 [INFO] [131] Saved (standard)
22:00:12 [INFO] [132] Saved (low)
22:00:56 [INFO] [133] Saved (low)
22:01:07 [INFO] [134] Saved (standard)
22:01:16 [INFO] [135] Saved (standard)
22:01:28 [INFO] [136] Saved (standard)
22:01:41 [INFO] [137] Saved (standard)
22:01:50 [INFO] [138] Saved (standard)
22:02:01 [INFO] [139] Saved (high)
22:02:12 [INFO] [140] Saved (high)
22:02:24 [INFO] [141] Saved (standard)
22:02:35 [INFO] [142] Saved (standard)
22:02:46 [INFO] [143] Saved (high)
22:02:55 [INFO] [144] Saved (high)
22:03:05 [INFO] [145] Saved (standard)
22:03:15 [INFO] [146] Saved (standard)
22:03:26 [INFO] [147] Saved (standard)
22:03:36 [INFO] [148] Saved (standard)
22:03:46 [INFO] [149] Saved (standard)
22:03:56 [INFO] [150] Saved (standard)
22:04:07 [INFO] [151] Saved (high)
22:04:18 [INFO] [152] Saved (standard)
22:04:30 [INFO] [153] Saved (standard)
22:04:39 [INFO] [154] Saved (high)
22:04:51 [INFO] [155] Saved (standard)
22:05:03 [INFO] [156] Saved (low)
22:05:18 [INFO] [157] Saved (standard)
22:05:29 [INFO] [158] Saved (standard)
22:05:42 [INFO] [159] Saved (standard)
22:05:54 [INFO] [160] Saved (standard)
22:06:04 [INFO] [161] Saved (high)
22:06:14 [INFO] [162] Saved (high)
22:06:24 [INFO] [163] Saved (standard)
22:06:36 [INFO] [164] Saved (standard)
22:06:48 [INFO] [165] Saved (high)
22:06:59 [INFO] [166] Saved (standard)
22:07:11 [INFO] [167] Saved (standard)
22:07:21 [INFO] [168] Saved (standard)
22:07:31 [INFO] [169] Saved (high)
22:07:39 [INFO] [170] Saved (standard)
22:07:50 [INFO] [171] Saved (high)
22:07:59 [INFO] [172] Saved (high)
22:08:10 [INFO] [173] Saved (high)
22:08:19 [INFO] [174] Saved (standard)
22:08:30 [INFO] [175] Saved (standard)
22:08:42 [INFO] [176] Saved (standard)
22:08:52 [INFO] [177] Saved (standard)
22:09:01 [INFO] [178] Saved (standard)
22:09:11 [INFO] [179] Saved (high)
22:09:24 [INFO] [180] Saved (high)
22:09:34 [INFO] [181] Saved (standard)
22:09:45 [INFO] [182] Saved (high)
22:09:56 [INFO] [183] Saved (standard)
22:10:08 [INFO] [184] Saved (standard)
22:10:18 [INFO] [185] Saved (standard)
22:10:28 [INFO] [186] Saved (standard)
22:10:38 [INFO] [187] Saved (standard)
22:10:48 [INFO] [188] Saved (standard)
22:10:57 [INFO] [189] Saved (high)
22:11:07 [INFO] [190] Saved (low)
22:11:17 [INFO] [191] Saved (standard)
22:11:27 [INFO] [192] Saved (standard)
22:11:38 [INFO] [193] Saved (standard)
22:11:47 [INFO] [194] Saved (standard)
22:11:57 [INFO] [195] Saved (high)
22:12:08 [INFO] [196] Saved (standard)
22:12:18 [INFO] [197] Saved (standard)
22:12:28 [INFO] [198] Saved (standard)
22:12:39 [INFO] [199] Saved (standard)
22:12:49 [INFO] [200] Saved (standard)
22:12:59 [INFO] [201] Saved (standard)
22:13:10 [INFO] [202] Saved (standard)
22:13:20 [INFO] [203] Saved (low)
22:13:30 [INFO] [204] Saved (standard)
22:13:42 [INFO] [205] Saved (standard)
22:13:52 [INFO] [206] Saved (standard)
22:14:02 [INFO] [207] Saved (standard)
22:14:13 [INFO] [208] Saved (standard)
22:14:24 [INFO] [209] Saved (standard)
22:14:34 [INFO] [210] Saved (standard)
22:14:45 [INFO] [211] Saved (standard)
22:14:55 [INFO] [212] Saved (standard)
22:15:06 [INFO] [213] Saved (high)
22:15:15 [INFO] [214] Saved (standard)
22:15:26 [INFO] [215] Saved (standard)
22:15:38 [INFO] [216] Saved (standard)
22:15:49 [INFO] [217] Saved (standard)
22:16:00 [INFO] [218] Saved (high)
22:16:12 [INFO] [219] Saved (standard)
22:16:22 [INFO] [220] Saved (standard)
22:16:32 [INFO] [221] Saved (high)
22:16:43 [INFO] [222] Saved (high)
22:16:54 [INFO] [223] Saved (standard)
22:17:07 [INFO] [224] Saved (standard)
22:17:19 [INFO] [225] Saved (standard)
22:17:30 [INFO] [226] Saved (standard)
22:17:40 [INFO] [227] Saved (standard)
22:17:51 [INFO] [228] Saved (standard)
22:18:01 [INFO] [229] Saved (standard)
22:18:12 [INFO] [230] Saved (standard)
22:18:23 [INFO] [231] Saved (standard)
22:18:34 [INFO] [232] Saved (standard)
22:18:45 [INFO] [233] Saved (standard)
22:18:55 [INFO] [234] Saved (standard)
22:19:05 [INFO] [235] Saved (standard)
22:19:15 [INFO] [236] Saved (standard)
22:19:25 [INFO] [237] Saved (high)
22:19:35 [INFO] [238] Saved (standard)
22:19:46 [INFO] [239] Saved (high)
22:19:56 [INFO] [240] Saved (high)
22:20:06 [INFO] [241] Saved (standard)
22:20:18 [INFO] [242] Saved (standard)
22:20:30 [INFO] [243] Saved (high)
22:20:41 [INFO] [244] Saved (high)
22:20:52 [INFO] [245] Saved (standard)
22:21:02 [INFO] [246] Saved (standard)
22:21:12 [INFO] [247] Saved (high)
22:21:25 [INFO] [248] Saved (standard)
22:21:36 [INFO] [249] Saved (standard)
22:21:46 [INFO] [250] Saved (standard)
22:21:56 [INFO] [251] Saved (standard)
22:22:08 [INFO] [252] Saved (high)
22:22:18 [INFO] [253] Saved (low)
22:22:30 [INFO] [254] Saved (standard)
22:22:43 [INFO] [255] Saved (standard)
22:22:54 [INFO] [256] Saved (standard)
22:23:05 [INFO] [257] Saved (high)
22:23:16 [INFO] [258] Saved (standard)
22:23:27 [INFO] [259] Saved (standard)
22:23:38 [INFO] [260] Saved (high)
22:23:49 [INFO] [261] Saved (standard)
22:23:59 [INFO] [262] Saved (high)
22:24:10 [INFO] [263] Saved (standard)
22:24:21 [INFO] [264] Saved (standard)
22:24:32 [INFO] [265] Saved (low)
22:24:44 [INFO] [266] Saved (standard)
22:24:57 [INFO] [267] Saved (standard)
22:25:06 [INFO] [268] Saved (standard)
22:25:19 [INFO] [269] Saved (low)
22:25:34 [INFO] [270] Saved (standard)
22:25:48 [INFO] [271] Saved (standard)
22:25:59 [INFO] [272] Saved (standard)
22:26:14 [INFO] [273] Saved (standard)
22:26:27 [INFO] [274] Saved (high)
22:26:40 [INFO] [275] Saved (standard)
22:26:54 [INFO] [276] Saved (low)
22:27:06 [INFO] [277] Saved (high)
22:27:19 [INFO] [278] Saved (standard)
22:27:31 [INFO] [279] Saved (standard)
22:27:43 [INFO] [280] Saved (standard)
22:27:53 [INFO] [281] Saved (high)
22:28:03 [INFO] [282] Saved (standard)
22:28:13 [INFO] [283] Saved (standard)
22:28:24 [INFO] [284] Saved (standard)
22:28:35 [INFO] [285] Saved (standard)
22:28:47 [INFO] [286] Saved (standard)
22:28:57 [INFO] [287] Saved (standard)
22:29:08 [INFO] [288] Saved (high)
22:29:20 [INFO] [289] Saved (high)
22:29:32 [INFO] [290] Saved (standard)
22:29:45 [INFO] [291] Saved (standard)
22:29:56 [INFO] [292] Saved (low)
22:30:07 [INFO] [293] Saved (standard)
22:30:17 [INFO] [294] Saved (standard)
22:30:27 [INFO] [295] Saved (standard)
22:30:37 [INFO] [296] Saved (standard)
22:30:47 [INFO] [297] Saved (standard)
22:30:57 [INFO] [298] Saved (standard)
22:31:08 [INFO] [299] Saved (high)
22:31:18 [INFO] [300] Saved (high)
22:31:31 [INFO] [301] Saved (standard)
22:31:43 [INFO] [302] Saved (standard)
22:31:54 [INFO] [303] Saved (standard)
22:32:05 [INFO] [304] Saved (standard)
22:32:16 [INFO] [305] Saved (standard)
22:32:27 [INFO] [306] Saved (high)
22:32:37 [INFO] [307] Saved (standard)
22:32:48 [INFO] [308] Saved (standard)
22:32:59 [INFO] [309] Saved (standard)
22:33:10 [INFO] [310] Saved (standard)
22:33:23 [INFO] [311] Saved (standard)
22:33:36 [INFO] [312] Saved (standard)
22:33:45 [INFO] [313] Saved (high)
22:33:55 [INFO] [314] Saved (standard)
22:34:05 [INFO] [315] Saved (standard)
22:34:18 [INFO] [316] Saved (standard)
22:34:29 [INFO] [317] Saved (standard)
22:34:41 [INFO] [318] Saved (standard)
22:34:51 [INFO] [319] Saved (low)
22:35:01 [INFO] [320] Saved (standard)
22:35:10 [INFO] [321] Saved (high)
22:35:23 [INFO] [322] Saved (standard)
22:35:34 [INFO] [323] Saved (standard)
22:35:44 [INFO] [324] Saved (standard)
22:35:56 [INFO] [325] Saved (standard)
22:36:07 [INFO] [326] Saved (high)
22:36:17 [INFO] [327] Saved (standard)
22:36:27 [INFO] [328] Saved (standard)
22:36:38 [INFO] [329] Saved (standard)
22:36:50 [INFO] [330] Saved (standard)
22:37:02 [INFO] [331] Saved (high)
22:37:14 [INFO] [332] Saved (standard)
22:37:25 [INFO] [333] Saved (standard)
22:37:36 [INFO] [334] Saved (standard)
22:37:47 [INFO] [335] Saved (high)
22:37:59 [INFO] [336] Saved (standard)
22:38:10 [INFO] [337] Saved (standard)
22:38:19 [INFO] [338] Saved (standard)
22:38:21 [WARNING] 429 (rate limited) — waiting 10s before retry
22:38:33 [WARNING] 429 (rate limited) — waiting 20s before retry
22:38:54 [WARNING] 429 (rate limited) — waiting 30s before retry
20:54:01 [INFO] Resumed from existing output CSV (generated_images/generated_image_dataset.csv).
20:54:01 [INFO] Processing 4431 rows...
20:54:11 [INFO] [339] Saved (high)
20:54:24 [INFO] [340] Saved (standard)
20:54:36 [INFO] [341] Saved (standard)
20:54:50 [INFO] [342] Saved (standard)
20:55:03 [INFO] [343] Saved (standard)
20:55:17 [INFO] [344] Saved (standard)
20:55:30 [INFO] [345] Saved (high)
20:55:45 [INFO] [346] Saved (standard)
20:55:58 [INFO] [347] Saved (standard)
20:56:10 [INFO] [348] Saved (standard)
20:56:21 [INFO] [349] Saved (standard)
20:56:33 [INFO] [350] Saved (standard)
20:56:45 [INFO] [351] Saved (standard)
20:56:58 [INFO] [352] Saved (standard)
20:57:11 [INFO] [353] Saved (low)
20:57:22 [INFO] [354] Saved (high)
20:57:34 [INFO] [355] Saved (standard)
20:57:45 [INFO] [356] Saved (low)
20:57:57 [INFO] [357] Saved (high)
20:58:09 [INFO] [358] Saved (standard)
20:58:21 [INFO] [359] Saved (standard)
20:58:34 [INFO] [360] Saved (standard)
20:58:46 [INFO] [361] Saved (standard)
20:58:59 [INFO] [362] Saved (standard)
20:59:13 [INFO] [363] Saved (low)
20:59:25 [INFO] [364] Saved (high)
20:59:39 [INFO] [365] Saved (standard)
20:59:52 [INFO] [366] Saved (high)
21:00:03 [INFO] [367] Saved (standard)
21:00:16 [INFO] [368] Saved (standard)
21:00:29 [INFO] [369] Saved (high)
21:00:40 [INFO] [370] Saved (low)
21:00:52 [INFO] [371] Saved (standard)
21:01:04 [INFO] [372] Saved (standard)
21:01:15 [INFO] [373] Saved (standard)
21:01:28 [INFO] [374] Saved (standard)
21:01:40 [INFO] [375] Saved (high)
21:01:51 [INFO] [376] Saved (standard)
21:02:04 [INFO] [377] Saved (standard)
21:02:13 [WARNING] 503 (service unavailable) on attempt 1 — skipping row
21:02:13 [INFO] [378] Failed
21:02:25 [INFO] [379] Saved (high)
21:02:38 [INFO] [380] Saved (standard)
21:02:52 [INFO] [381] Saved (high)
21:03:04 [INFO] [382] Saved (standard)
21:03:15 [INFO] [383] Saved (standard)
21:03:28 [INFO] [384] Saved (standard)
21:03:40 [INFO] [385] Saved (low)
21:03:51 [INFO] [386] Saved (low)
21:04:02 [INFO] [387] Saved (standard)
21:04:17 [INFO] [388] Saved (standard)
21:04:30 [INFO] [389] Saved (standard)
21:04:42 [INFO] [390] Saved (standard)
21:04:54 [INFO] [391] Saved (standard)
21:05:07 [INFO] [392] Saved (low)
21:05:17 [INFO] [393] Saved (high)
21:05:29 [INFO] [394] Saved (standard)
21:05:41 [INFO] [395] Saved (standard)
21:05:54 [INFO] [396] Saved (standard)
21:06:06 [INFO] [397] Saved (standard)
21:06:19 [INFO] [398] Saved (standard)
21:06:32 [INFO] [399] Saved (standard)
21:06:44 [INFO] [400] Saved (low)
21:06:57 [INFO] [401] Saved (low)
21:07:09 [INFO] [402] Saved (standard)
21:07:22 [INFO] [403] Saved (standard)
21:07:34 [INFO] [404] Saved (standard)
21:07:47 [INFO] [405] Saved (standard)
21:07:59 [INFO] [406] Saved (standard)
21:08:11 [INFO] [407] Saved (standard)
21:08:24 [INFO] [408] Saved (standard)
21:08:35 [INFO] [409] Saved (standard)
21:08:48 [INFO] [410] Saved (standard)
21:08:59 [INFO] [411] Saved (standard)
21:09:12 [INFO] [412] Saved (standard)
21:09:25 [INFO] [413] Saved (standard)
21:09:36 [INFO] [414] Saved (standard)
21:09:46 [INFO] [415] Saved (standard)
21:09:57 [INFO] [416] Saved (standard)
21:10:07 [INFO] [417] Saved (standard)
21:10:20 [INFO] [418] Saved (standard)
21:10:32 [INFO] [419] Saved (high)
21:10:45 [INFO] [420] Saved (standard)
21:10:57 [INFO] [421] Saved (standard)
21:11:08 [INFO] [422] Saved (standard)
21:11:21 [INFO] [423] Saved (standard)
21:11:32 [INFO] [424] Saved (high)
21:11:43 [INFO] [425] Saved (standard)
21:11:54 [INFO] [426] Saved (standard)
21:12:07 [INFO] [427] Saved (high)
21:12:18 [INFO] [428] Saved (high)
21:12:32 [INFO] [429] Saved (standard)
21:12:42 [INFO] [430] Saved (high)
21:12:54 [INFO] [431] Saved (standard)
21:13:05 [INFO] [432] Saved (standard)
21:13:15 [INFO] [433] Saved (high)
21:13:26 [INFO] [434] Saved (standard)
21:13:37 [INFO] [435] Saved (standard)
21:13:48 [INFO] [436] Saved (high)
21:14:00 [INFO] [437] Saved (high)
21:14:12 [INFO] [438] Saved (standard)
21:14:25 [INFO] [439] Saved (standard)
21:14:37 [INFO] [440] Saved (standard)
21:14:47 [INFO] [441] Saved (standard)
21:14:59 [INFO] [442] Saved (high)
21:15:09 [INFO] [443] Saved (standard)
21:15:20 [INFO] [444] Saved (standard)
21:15:31 [INFO] [445] Saved (standard)
21:15:47 [INFO] [446] Saved (standard)
21:15:58 [INFO] [447] Saved (standard)
21:16:10 [INFO] [448] Saved (high)
21:16:24 [INFO] [449] Saved (standard)
21:16:37 [INFO] [450] Saved (standard)
21:16:48 [INFO] [451] Saved (standard)
21:17:00 [INFO] [452] Saved (standard)
21:17:11 [INFO] [453] Saved (low)
21:17:25 [INFO] [454] Saved (standard)
21:17:35 [INFO] [455] Saved (standard)
21:17:50 [INFO] [456] Saved (standard)
21:18:03 [INFO] [457] Saved (high)
21:18:14 [INFO] [458] Saved (standard)
21:18:26 [INFO] [459] Saved (standard)
21:18:38 [INFO] [460] Saved (high)
21:18:49 [INFO] [461] Saved (standard)
21:19:01 [INFO] [462] Saved (standard)
21:19:14 [INFO] [463] Saved (standard)
21:19:27 [INFO] [464] Saved (standard)
21:19:38 [INFO] [465] Saved (standard)
21:19:51 [INFO] [466] Saved (standard)
21:20:04 [INFO] [467] Saved (standard)
21:20:17 [INFO] [468] Saved (high)
21:20:32 [INFO] [469] Saved (high)
21:20:45 [INFO] [470] Saved (standard)
21:20:56 [INFO] [471] Saved (high)
21:21:06 [INFO] [472] Saved (standard)
21:21:17 [INFO] [473] Saved (standard)
21:21:29 [INFO] [474] Saved (standard)
21:21:39 [INFO] [475] Saved (standard)
21:21:50 [INFO] [476] Saved (standard)
21:22:02 [INFO] [477] Saved (standard)
21:22:14 [INFO] [478] Saved (standard)
21:22:26 [INFO] [479] Saved (standard)
21:22:36 [INFO] [480] Saved (standard)
21:22:47 [INFO] [481] Saved (standard)
21:22:58 [INFO] [482] Saved (standard)
21:23:09 [INFO] [483] Saved (standard)
21:23:20 [INFO] [484] Saved (standard)
21:23:33 [INFO] [485] Saved (standard)
21:23:46 [INFO] [486] Saved (standard)
21:23:59 [INFO] [487] Saved (low)
21:24:13 [INFO] [488] Saved (standard)
21:24:23 [INFO] [489] Saved (standard)
21:24:36 [INFO] [490] Saved (standard)
21:24:49 [INFO] [491] Saved (standard)
21:25:03 [INFO] [492] Saved (standard)
21:25:15 [INFO] [493] Saved (standard)
21:25:27 [INFO] [494] Saved (high)
21:25:38 [INFO] [495] Saved (low)
21:25:51 [INFO] [496] Saved (standard)
21:26:03 [INFO] [497] Saved (high)
21:26:15 [INFO] [498] Saved (high)
21:26:28 [INFO] [499] Saved (standard)
21:26:41 [INFO] [500] Saved (standard)
21:26:54 [INFO] [501] Saved (standard)
21:27:07 [INFO] [502] Saved (standard)
21:27:19 [INFO] [503] Saved (standard)
21:27:31 [INFO] [504] Saved (standard)
21:27:43 [INFO] [505] Saved (standard)
21:27:54 [INFO] [506] Saved (standard)
21:28:07 [INFO] [507] Saved (standard)
21:28:18 [INFO] [508] Saved (low)
21:28:32 [INFO] [509] Saved (standard)
21:28:45 [INFO] [510] Saved (standard)
21:29:00 [INFO] [511] Saved (low)
21:29:13 [INFO] [512] Saved (standard)
21:29:26 [INFO] [513] Saved (standard)
21:29:40 [INFO] [514] Saved (standard)
21:29:53 [INFO] [515] Saved (standard)
21:30:05 [INFO] [516] Saved (standard)
21:30:18 [INFO] [517] Saved (standard)
21:30:32 [INFO] [518] Saved (standard)
21:30:42 [INFO] [519] Saved (standard)
21:30:53 [INFO] [520] Saved (standard)
21:31:04 [INFO] [521] Saved (standard)
21:31:14 [INFO] [522] Saved (standard)
21:31:24 [INFO] [523] Saved (standard)
21:31:35 [INFO] [524] Saved (standard)
21:31:45 [INFO] [525] Saved (standard)
21:31:53 [INFO] [526] Saved (standard)
21:32:05 [INFO] [527] Saved (standard)
21:32:16 [INFO] [528] Saved (high)
21:32:29 [INFO] [529] Saved (standard)
21:32:42 [INFO] [530] Saved (standard)
21:32:55 [INFO] [531] Saved (standard)
21:33:07 [INFO] [532] Saved (standard)
21:33:20 [INFO] [533] Saved (standard)
21:33:31 [INFO] [534] Saved (standard)
21:33:42 [INFO] [535] Saved (standard)
21:33:53 [INFO] [536] Saved (standard)
21:34:05 [INFO] [537] Saved (standard)
21:34:18 [INFO] [538] Saved (standard)
21:34:30 [INFO] [539] Saved (standard)
21:34:40 [INFO] [540] Saved (standard)
21:34:52 [INFO] [541] Saved (standard)
21:35:03 [INFO] [542] Saved (standard)
21:35:14 [INFO] [543] Saved (standard)
21:35:25 [INFO] [544] Saved (standard)
21:35:36 [INFO] [545] Saved (high)
21:35:47 [INFO] [546] Saved (standard)
21:35:58 [INFO] [547] Saved (standard)
21:36:10 [INFO] [548] Saved (standard)
21:36:23 [INFO] [549] Saved (high)
21:36:35 [INFO] [550] Saved (standard)
21:36:46 [INFO] [551] Saved (standard)
21:36:58 [INFO] [552] Saved (high)
21:37:09 [INFO] [553] Saved (standard)
21:37:20 [INFO] [554] Saved (standard)
21:37:33 [INFO] [555] Saved (standard)
21:37:45 [INFO] [556] Saved (standard)
21:37:55 [INFO] [557] Saved (standard)
21:38:07 [INFO] [558] Saved (standard)
21:38:18 [INFO] [559] Saved (standard)
21:38:28 [INFO] [560] Saved (standard)
21:38:38 [INFO] [561] Saved (standard)
21:38:51 [INFO] [562] Saved (standard)
21:39:02 [INFO] [563] Saved (high)
21:39:14 [INFO] [564] Saved (standard)
21:39:25 [INFO] [565] Saved (standard)
21:39:38 [INFO] [566] Saved (low)
21:39:50 [INFO] [567] Saved (high)
21:40:03 [INFO] [568] Saved (standard)
21:40:14 [INFO] [569] Saved (standard)
21:40:26 [INFO] [570] Saved (standard)
21:40:37 [INFO] [571] Saved (low)
21:40:49 [INFO] [572] Saved (high)
21:41:01 [INFO] [573] Saved (standard)
21:41:10 [INFO] [574] Saved (standard)
21:41:22 [INFO] [575] Saved (standard)
21:41:31 [INFO] [576] Saved (standard)
21:41:44 [INFO] [577] Saved (standard)
21:41:56 [INFO] [578] Saved (standard)
21:42:06 [INFO] [579] Saved (standard)
21:42:17 [INFO] [580] Saved (standard)
21:42:28 [INFO] [581] Saved (standard)
21:42:38 [INFO] [582] Saved (standard)
21:42:48 [INFO] [583] Saved (standard)
21:43:00 [INFO] [584] Saved (standard)
21:43:12 [INFO] [585] Saved (high)
21:43:21 [INFO] [586] Saved (standard)
21:43:32 [INFO] [587] Saved (low)
21:43:43 [INFO] [588] Saved (standard)
21:43:55 [INFO] [589] Saved (high)
21:44:07 [INFO] [590] Saved (high)
21:44:19 [INFO] [591] Saved (standard)
21:44:30 [INFO] [592] Saved (standard)
21:44:41 [INFO] [593] Saved (standard)
21:44:53 [INFO] [594] Saved (standard)
21:45:05 [INFO] [595] Saved (standard)
21:45:14 [INFO] [596] Saved (standard)
21:45:26 [INFO] [597] Saved (standard)
21:45:42 [INFO] [598] Saved (standard)
21:45:52 [INFO] [599] Saved (standard)
21:46:02 [INFO] [600] Saved (standard)
21:46:14 [INFO] [601] Saved (standard)
21:46:25 [INFO] [602] Saved (standard)
21:46:35 [INFO] [603] Saved (standard)
21:46:47 [INFO] [604] Saved (standard)
21:46:58 [INFO] [605] Saved (standard)
21:47:11 [INFO] [606] Saved (standard)
21:47:22 [INFO] [607] Saved (standard)
21:47:34 [INFO] [608] Saved (standard)
21:47:46 [INFO] [609] Saved (standard)
21:47:56 [INFO] [610] Saved (standard)
21:48:07 [INFO] [611] Saved (standard)
21:48:18 [INFO] [612] Saved (standard)
21:48:27 [INFO] [613] Saved (standard)
21:48:38 [INFO] [614] Saved (high)
21:48:49 [INFO] [615] Saved (standard)
21:49:00 [INFO] [616] Saved (standard)
21:49:11 [INFO] [617] Saved (standard)
21:49:22 [INFO] [618] Saved (standard)
21:49:33 [INFO] [619] Saved (standard)
21:49:45 [INFO] [620] Saved (standard)
21:49:57 [INFO] [621] Saved (standard)
21:50:08 [INFO] [622] Saved (standard)
21:50:21 [INFO] [623] Saved (standard)
21:50:32 [INFO] [624] Saved (standard)
21:50:44 [INFO] [625] Saved (standard)
21:50:57 [INFO] [626] Saved (standard)
21:51:10 [INFO] [627] Saved (standard)
21:51:22 [INFO] [628] Saved (standard)
21:51:33 [INFO] [629] Saved (standard)
21:51:48 [INFO] [630] Saved (standard)
21:52:03 [INFO] [631] Saved (high)
21:52:15 [INFO] [632] Saved (standard)
21:52:27 [INFO] [633] Saved (standard)
21:52:42 [INFO] [634] Saved (high)
21:53:10 [INFO] [635] Failed
21:53:24 [INFO] [636] Saved (standard)
21:53:35 [INFO] [637] Saved (high)
21:53:47 [INFO] [638] Saved (standard)
21:53:57 [INFO] [639] Saved (standard)
21:54:08 [INFO] [640] Saved (standard)
21:54:21 [INFO] [641] Saved (standard)
21:54:33 [INFO] [642] Saved (high)
21:54:45 [INFO] [643] Saved (standard)
21:54:57 [INFO] [644] Saved (standard)
21:55:09 [INFO] [645] Saved (standard)
21:55:20 [INFO] [646] Saved (standard)
21:55:31 [INFO] [647] Saved (standard)
21:55:43 [INFO] [648] Saved (low)
21:55:55 [INFO] [649] Saved (standard)
21:56:07 [INFO] [650] Saved (high)
21:56:19 [INFO] [651] Saved (standard)
21:56:30 [INFO] [652] Saved (standard)
21:56:43 [INFO] [653] Saved (standard)
21:56:55 [INFO] [654] Saved (standard)
21:57:08 [INFO] [655] Saved (standard)
21:57:21 [INFO] [656] Saved (standard)
21:57:31 [INFO] [657] Saved (standard)
21:57:44 [INFO] [658] Saved (standard)
21:57:55 [INFO] [659] Saved (standard)
21:58:06 [INFO] [660] Saved (low)
21:58:18 [INFO] [661] Saved (standard)
21:58:28 [INFO] [662] Saved (high)
21:58:38 [INFO] [663] Saved (standard)
21:58:49 [INFO] [664] Saved (standard)
21:58:58 [INFO] [665] Saved (low)
21:59:12 [INFO] [666] Saved (standard)
21:59:24 [INFO] [667] Saved (standard)
21:59:36 [INFO] [668] Saved (standard)
21:59:46 [INFO] [669] Saved (standard)
22:00:00 [INFO] [670] Saved (standard)
22:00:13 [INFO] [671] Saved (low)
22:00:24 [INFO] [672] Saved (standard)
22:00:35 [INFO] [673] Saved (standard)
22:00:45 [INFO] [674] Saved (standard)
22:00:57 [INFO] [675] Saved (standard)
22:01:08 [INFO] [676] Saved (standard)
22:01:20 [INFO] [677] Saved (standard)
22:01:33 [INFO] [678] Saved (standard)
22:01:44 [INFO] [679] Saved (standard)
22:01:57 [INFO] [680] Saved (standard)
22:02:11 [INFO] [681] Saved (standard)
22:02:25 [INFO] [682] Saved (standard)
22:02:37 [INFO] [683] Saved (low)
22:02:51 [INFO] [684] Saved (standard)
22:03:04 [INFO] [685] Saved (standard)
22:03:17 [INFO] [686] Saved (standard)
22:03:28 [INFO] [687] Saved (standard)
22:03:40 [INFO] [688] Saved (standard)
22:03:52 [INFO] [689] Saved (standard)
22:04:04 [INFO] [690] Saved (standard)
22:04:16 [INFO] [691] Saved (standard)
22:04:27 [INFO] [692] Saved (standard)
22:04:38 [INFO] [693] Saved (standard)
22:04:50 [INFO] [694] Saved (standard)
22:05:04 [INFO] [695] Saved (standard)
22:05:16 [INFO] [696] Saved (standard)
22:05:28 [INFO] [697] Saved (standard)
22:05:41 [INFO] [698] Saved (standard)
22:05:54 [INFO] [699] Saved (standard)
22:06:06 [INFO] [700] Saved (standard)
22:06:16 [INFO] [701] Saved (standard)
22:06:28 [INFO] [702] Saved (standard)
22:06:41 [INFO] [703] Saved (standard)
22:06:51 [INFO] [704] Saved (standard)
22:07:04 [INFO] [705] Saved (high)
22:07:15 [INFO] [706] Saved (standard)
22:07:29 [INFO] [707] Saved (standard)
22:07:40 [INFO] [708] Saved (standard)
22:07:53 [INFO] [709] Saved (standard)
22:08:07 [INFO] [710] Saved (standard)
22:08:18 [INFO] [711] Saved (standard)
22:08:28 [INFO] [712] Saved (standard)
22:08:40 [INFO] [713] Saved (standard)
22:08:50 [INFO] [714] Saved (standard)
22:09:03 [INFO] [715] Saved (standard)
22:09:16 [INFO] [716] Saved (high)
22:09:28 [INFO] [717] Saved (standard)
22:09:40 [INFO] [718] Saved (standard)
22:09:52 [INFO] [719] Saved (standard)
22:10:01 [INFO] [720] Saved (standard)
22:10:12 [INFO] [721] Saved (standard)
22:10:23 [INFO] [722] Saved (standard)
22:10:35 [INFO] [723] Saved (standard)
22:10:47 [INFO] [724] Saved (standard)
22:10:59 [INFO] [725] Saved (standard)
22:11:10 [INFO] [726] Saved (standard)
22:11:21 [INFO] [727] Saved (standard)
22:11:33 [INFO] [728] Saved (high)
22:11:45 [INFO] [729] Saved (standard)
22:11:56 [INFO] [730] Saved (standard)
22:12:07 [INFO] [731] Saved (standard)
22:12:19 [INFO] [732] Saved (standard)
22:12:30 [INFO] [733] Saved (standard)
22:12:42 [INFO] [734] Saved (standard)
22:12:54 [INFO] [735] Saved (high)
22:13:06 [INFO] [736] Saved (standard)
22:13:17 [INFO] [737] Saved (standard)
22:13:30 [INFO] [738] Saved (standard)
22:13:41 [INFO] [739] Saved (standard)
22:13:52 [INFO] [740] Saved (high)
22:14:03 [INFO] [741] Saved (standard)
22:14:16 [INFO] [742] Saved (standard)
22:14:28 [INFO] [743] Saved (standard)
22:14:41 [INFO] [744] Saved (standard)
22:14:53 [INFO] [745] Saved (standard)
22:15:05 [INFO] [746] Saved (low)
22:15:17 [INFO] [747] Saved (standard)
22:15:29 [INFO] [748] Saved (standard)
22:15:40 [INFO] [749] Saved (standard)
22:15:51 [INFO] [750] Saved (standard)
22:16:20 [INFO] [751] Failed
22:16:31 [INFO] [752] Saved (standard)
22:16:43 [INFO] [753] Saved (high)
22:16:56 [INFO] [754] Saved (standard)
22:17:07 [INFO] [755] Saved (standard)
22:17:19 [INFO] [756] Saved (standard)
22:17:33 [INFO] [757] Saved (standard)
22:17:46 [INFO] [758] Saved (standard)
22:17:59 [INFO] [759] Saved (standard)
22:18:10 [INFO] [760] Saved (high)
22:18:23 [INFO] [761] Saved (standard)
22:18:36 [INFO] [762] Saved (standard)
22:18:49 [INFO] [763] Saved (standard)
22:19:02 [INFO] [764] Saved (standard)
22:19:15 [INFO] [765] Saved (standard)
22:19:28 [INFO] [766] Saved (standard)
22:19:39 [INFO] [767] Saved (standard)
22:19:50 [INFO] [768] Saved (standard)
22:20:01 [INFO] [769] Saved (standard)
22:20:13 [INFO] [770] Saved (standard)
22:20:26 [INFO] [771] Saved (standard)
22:20:38 [INFO] [772] Saved (standard)
22:20:51 [INFO] [773] Saved (standard)
22:21:03 [INFO] [774] Saved (standard)
22:21:15 [INFO] [775] Saved (standard)
22:21:27 [INFO] [776] Saved (standard)
22:21:40 [INFO] [777] Saved (standard)
22:21:52 [INFO] [778] Saved (standard)
22:22:04 [INFO] [779] Saved (standard)
22:22:16 [INFO] [780] Saved (standard)
22:22:28 [INFO] [781] Saved (standard)
22:22:40 [INFO] [782] Saved (standard)
22:22:52 [INFO] [783] Saved (standard)
22:23:04 [INFO] [784] Saved (standard)
22:23:16 [INFO] [785] Saved (standard)
22:23:27 [INFO] [786] Saved (standard)
22:23:38 [INFO] [787] Saved (standard)
22:23:49 [INFO] [788] Saved (standard)
22:24:00 [INFO] [789] Saved (standard)
22:24:10 [INFO] [790] Saved (standard)
22:24:20 [INFO] [791] Saved (standard)
22:24:32 [INFO] [792] Saved (standard)
22:24:43 [INFO] [793] Saved (standard)
22:24:54 [INFO] [794] Saved (standard)
22:25:06 [INFO] [795] Saved (standard)
22:25:18 [INFO] [796] Saved (standard)
22:25:32 [INFO] [797] Saved (standard)
22:25:43 [INFO] [798] Saved (standard)
22:25:54 [INFO] [799] Saved (standard)
22:26:07 [INFO] [800] Saved (standard)
22:26:20 [INFO] [801] Saved (standard)
22:26:31 [INFO] [802] Saved (standard)
22:26:43 [INFO] [803] Saved (standard)
22:26:53 [INFO] [804] Saved (standard)
22:27:06 [INFO] [805] Saved (standard)
22:27:21 [INFO] [806] Saved (standard)
22:27:34 [INFO] [807] Saved (high)
22:27:47 [INFO] [808] Saved (standard)
22:27:59 [INFO] [809] Saved (standard)
22:28:10 [INFO] [810] Saved (low)
22:28:20 [INFO] [811] Saved (standard)
22:28:47 [INFO] [812] Failed
22:28:59 [INFO] [813] Saved (standard)
22:29:10 [INFO] [814] Saved (standard)
22:29:21 [INFO] [815] Saved (standard)
22:29:34 [INFO] [816] Saved (standard)
22:29:46 [INFO] [817] Saved (high)
22:29:58 [INFO] [818] Saved (standard)
22:30:09 [INFO] [819] Saved (high)
22:30:20 [INFO] [820] Saved (standard)
22:30:34 [INFO] [821] Saved (standard)
22:30:46 [INFO] [822] Saved (standard)
22:30:58 [INFO] [823] Saved (standard)
22:31:09 [INFO] [824] Saved (standard)
22:31:19 [INFO] [825] Saved (standard)
22:31:32 [INFO] [826] Saved (standard)
22:31:43 [INFO] [827] Saved (standard)
22:31:54 [INFO] [828] Saved (standard)
22:32:05 [INFO] [829] Saved (standard)
22:32:16 [INFO] [830] Saved (standard)
22:32:27 [INFO] [831] Saved (standard)
22:32:40 [INFO] [832] Saved (standard)
22:32:54 [INFO] [833] Saved (standard)
22:33:06 [INFO] [834] Saved (standard)
22:33:17 [INFO] [835] Saved (standard)
22:33:28 [INFO] [836] Saved (standard)
22:33:40 [INFO] [837] Saved (standard)
22:33:52 [INFO] [838] Saved (standard)
22:34:04 [INFO] [839] Saved (standard)
22:34:16 [INFO] [840] Saved (low)
22:34:29 [INFO] [841] Saved (standard)
22:34:42 [INFO] [842] Saved (standard)
22:34:55 [INFO] [843] Saved (high)
22:35:11 [INFO] [844] Saved (standard)
22:35:27 [INFO] [845] Saved (standard)
22:35:41 [INFO] [846] Saved (standard)
22:36:01 [INFO] [847] Saved (standard)
22:36:15 [INFO] [848] Saved (standard)
22:36:34 [INFO] [849] Saved (standard)
22:36:49 [INFO] [850] Saved (standard)
22:37:04 [INFO] [851] Saved (standard)
22:37:17 [INFO] [852] Saved (standard)
22:37:32 [INFO] [853] Saved (standard)
22:37:44 [INFO] [854] Saved (standard)
22:37:59 [INFO] [855] Saved (standard)
22:38:16 [INFO] [856] Saved (standard)
22:38:31 [INFO] [857] Saved (standard)
22:38:47 [INFO] [858] Saved (standard)
22:39:02 [INFO] [859] Saved (standard)
22:39:17 [INFO] [860] Saved (standard)
22:39:30 [INFO] [861] Saved (standard)
22:39:45 [INFO] [862] Saved (high)
22:39:59 [INFO] [863] Saved (standard)
22:40:14 [INFO] [864] Saved (standard)
22:40:41 [INFO] [865] Failed
22:40:51 [INFO] [866] Saved (standard)
22:41:09 [INFO] [867] Saved (standard)
22:41:23 [INFO] [868] Saved (standard)
22:41:38 [INFO] [869] Saved (standard)
22:41:51 [INFO] [870] Saved (standard)
22:42:04 [INFO] [871] Saved (standard)
22:42:20 [INFO] [872] Saved (standard)
22:42:35 [INFO] [873] Saved (standard)
22:42:46 [INFO] [874] Saved (standard)
22:42:57 [INFO] [875] Saved (standard)
22:43:10 [INFO] [876] Saved (standard)
22:43:21 [INFO] [877] Saved (standard)
22:43:35 [INFO] [878] Saved (high)
22:43:50 [INFO] [879] Saved (standard)
22:44:02 [INFO] [880] Saved (standard)
22:44:14 [INFO] [881] Saved (standard)
22:44:24 [INFO] [882] Saved (high)
22:44:36 [INFO] [883] Saved (standard)
22:44:47 [INFO] [884] Saved (standard)
22:44:59 [INFO] [885] Saved (standard)
22:45:11 [INFO] [886] Saved (high)
22:45:22 [INFO] [887] Saved (standard)
22:45:35 [INFO] [888] Saved (standard)
22:45:48 [INFO] [889] Saved (standard)
22:45:59 [INFO] [890] Saved (standard)
22:46:12 [INFO] [891] Saved (standard)
22:46:25 [INFO] [892] Saved (standard)
22:46:40 [INFO] [893] Saved (standard)
22:46:54 [INFO] [894] Saved (standard)
22:47:08 [INFO] [895] Saved (standard)
22:47:20 [INFO] [896] Saved (standard)
22:47:32 [INFO] [897] Saved (standard)
22:47:45 [INFO] [898] Saved (high)
22:47:58 [INFO] [899] Saved (high)
22:48:10 [INFO] [900] Saved (standard)
22:48:24 [INFO] [901] Saved (standard)
22:48:37 [INFO] [902] Saved (standard)
22:48:51 [INFO] [903] Saved (standard)
22:49:05 [INFO] [904] Saved (standard)
22:49:17 [INFO] [905] Saved (high)
22:49:28 [INFO] [906] Saved (high)
22:49:40 [INFO] [907] Saved (standard)
22:49:53 [INFO] [908] Saved (standard)
22:50:05 [INFO] [909] Saved (standard)
22:50:18 [INFO] [910] Saved (standard)
22:50:29 [INFO] [911] Saved (low)
22:50:39 [INFO] [912] Saved (standard)
22:50:50 [INFO] [913] Saved (standard)
22:51:01 [INFO] [914] Saved (standard)
22:51:12 [INFO] [915] Saved (standard)
22:51:24 [INFO] [916] Saved (standard)
22:51:34 [INFO] [917] Saved (standard)
22:51:47 [INFO] [918] Saved (standard)
22:52:00 [INFO] [919] Saved (standard)
22:52:11 [INFO] [920] Saved (standard)
22:52:23 [INFO] [921] Saved (low)
22:52:36 [INFO] [922] Saved (standard)
22:52:47 [INFO] [923] Saved (standard)
22:52:59 [INFO] [924] Saved (standard)
22:53:12 [INFO] [925] Saved (standard)
22:53:21 [INFO] [926] Saved (standard)
22:53:34 [INFO] [927] Saved (standard)
22:53:44 [INFO] [928] Saved (standard)
22:53:56 [INFO] [929] Saved (standard)
22:54:08 [INFO] [930] Saved (standard)
22:54:20 [INFO] [931] Saved (standard)
22:54:32 [INFO] [932] Saved (high)
22:54:43 [INFO] [933] Saved (standard)
22:54:56 [INFO] [934] Saved (standard)
22:55:05 [INFO] [935] Saved (standard)
22:55:16 [INFO] [936] Saved (high)
22:55:29 [INFO] [937] Saved (standard)
22:55:41 [INFO] [938] Saved (standard)
22:55:51 [INFO] [939] Saved (standard)
22:56:01 [INFO] [940] Saved (standard)
22:56:12 [INFO] [941] Saved (standard)
22:56:25 [INFO] [942] Saved (standard)
22:56:37 [INFO] [943] Saved (standard)
22:56:47 [INFO] [944] Saved (standard)
22:56:58 [INFO] [945] Saved (standard)
22:57:09 [INFO] [946] Saved (high)
22:57:20 [INFO] [947] Saved (standard)
22:57:29 [INFO] [948] Saved (standard)
22:57:42 [INFO] [949] Saved (low)
22:57:53 [INFO] [950] Saved (standard)
22:58:06 [INFO] [951] Saved (standard)
22:58:17 [INFO] [952] Saved (standard)
22:58:29 [INFO] [953] Saved (low)
22:58:41 [INFO] [954] Saved (standard)
22:58:54 [INFO] [955] Saved (standard)
22:59:07 [INFO] [956] Saved (standard)
22:59:18 [INFO] [957] Saved (standard)
22:59:51 [INFO] [958] Saved (standard)
23:00:03 [INFO] [959] Saved (standard)
23:00:16 [INFO] [960] Saved (standard)
23:00:57 [INFO] [961] Saved (standard)
23:01:08 [INFO] [962] Saved (standard)
23:01:21 [INFO] [963] Saved (standard)
23:01:34 [INFO] [964] Saved (standard)
23:01:47 [INFO] [965] Saved (standard)
23:01:58 [INFO] [966] Saved (low)
23:02:11 [INFO] [967] Saved (standard)
23:02:23 [INFO] [968] Saved (standard)
23:02:34 [INFO] [969] Saved (standard)
23:02:47 [INFO] [970] Saved (standard)
23:02:59 [INFO] [971] Saved (standard)
23:03:10 [INFO] [972] Saved (standard)
23:03:23 [INFO] [973] Saved (high)
23:03:33 [INFO] [974] Saved (high)
23:03:44 [INFO] [975] Saved (standard)
23:03:56 [INFO] [976] Saved (low)
23:04:06 [INFO] [977] Saved (standard)
23:04:17 [INFO] [978] Saved (standard)
23:04:28 [INFO] [979] Saved (standard)
23:04:40 [INFO] [980] Saved (standard)
23:04:53 [INFO] [981] Saved (standard)
23:05:05 [INFO] [982] Saved (standard)
23:05:18 [INFO] [983] Saved (standard)
23:05:29 [INFO] [984] Saved (standard)
23:05:41 [INFO] [985] Saved (standard)
23:05:53 [INFO] [986] Saved (high)
23:06:04 [INFO] [987] Saved (standard)
23:06:15 [INFO] [988] Saved (standard)
23:06:25 [INFO] [989] Saved (standard)
23:06:35 [INFO] [990] Saved (standard)
23:06:47 [INFO] [991] Saved (low)
23:07:01 [INFO] [992] Saved (standard)
23:07:15 [INFO] [993] Saved (standard)
23:07:26 [INFO] [994] Saved (standard)
23:07:41 [INFO] [995] Saved (standard)
23:07:56 [INFO] [996] Saved (standard)
23:08:10 [INFO] [997] Saved (standard)
23:08:24 [INFO] [998] Saved (standard)
23:08:42 [INFO] [999] Saved (standard)
23:08:55 [INFO] [1000] Saved (standard)
23:09:11 [INFO] [1001] Saved (standard)
23:09:26 [INFO] [1002] Saved (standard)
23:09:40 [INFO] [1003] Saved (standard)
23:09:55 [INFO] [1004] Saved (standard)
23:10:13 [INFO] [1005] Saved (standard)
23:10:41 [INFO] [1006] Saved (standard)
23:11:02 [INFO] [1007] Saved (standard)
23:11:21 [INFO] [1008] Saved (standard)
23:11:37 [INFO] [1009] Saved (low)
23:11:51 [INFO] [1010] Saved (standard)
23:12:07 [INFO] [1011] Saved (standard)
23:12:30 [INFO] [1012] Saved (standard)
23:12:51 [INFO] [1013] Saved (standard)
23:13:08 [INFO] [1014] Saved (standard)
23:13:27 [INFO] [1015] Saved (standard)
23:14:00 [INFO] [1016] Saved (standard)
23:14:22 [INFO] [1017] Saved (standard)
23:14:46 [INFO] [1018] Saved (standard)
23:15:11 [INFO] [1019] Saved (low)
23:15:34 [INFO] [1020] Saved (standard)
23:15:57 [INFO] [1021] Saved (standard)
23:16:19 [INFO] [1022] Saved (standard)
23:16:37 [INFO] [1023] Saved (standard)
23:16:56 [INFO] [1024] Saved (standard)
23:17:11 [INFO] [1025] Saved (high)
23:17:24 [INFO] [1026] Saved (standard)
23:17:38 [INFO] [1027] Saved (standard)
23:17:51 [INFO] [1028] Saved (standard)
23:18:05 [INFO] [1029] Saved (low)
23:18:20 [INFO] [1030] Saved (standard)
23:18:40 [INFO] [1031] Saved (standard)
23:18:57 [INFO] [1032] Saved (standard)
23:19:25 [INFO] [1033] Saved (standard)
23:20:00 [INFO] [1034] Saved (high)
23:20:24 [INFO] [1035] Saved (standard)
23:20:40 [INFO] [1036] Saved (standard)
23:20:57 [INFO] [1037] Saved (standard)
23:21:15 [INFO] [1038] Saved (standard)
23:21:29 [INFO] [1039] Saved (standard)
23:21:44 [INFO] [1040] Saved (standard)
23:21:57 [INFO] [1041] Saved (standard)
23:22:09 [INFO] [1042] Saved (standard)
23:22:21 [INFO] [1043] Saved (standard)
23:22:35 [INFO] [1044] Saved (standard)
23:22:47 [INFO] [1045] Saved (standard)
23:22:58 [INFO] [1046] Saved (standard)
23:23:12 [INFO] [1047] Saved (standard)
23:23:22 [INFO] [1048] Saved (standard)
23:23:37 [INFO] [1049] Saved (standard)
23:23:48 [INFO] [1050] Saved (standard)
23:24:01 [INFO] [1051] Saved (standard)
23:24:13 [INFO] [1052] Saved (standard)
23:24:27 [INFO] [1053] Saved (standard)
23:24:39 [INFO] [1054] Saved (standard)
23:25:01 [INFO] [1055] Saved (standard)
23:25:18 [INFO] [1056] Saved (standard)
23:25:20 [WARNING] 429 (rate limited) — waiting 10s before retry
23:25:31 [WARNING] 429 (rate limited) — waiting 20s before retry
23:25:53 [WARNING] 429 (rate limited) — waiting 30s before retry
23:26:23 [INFO] [1057] Failed
23:26:25 [WARNING] 429 (rate limited) — waiting 10s before retry
23:26:37 [WARNING] 429 (rate limited) — waiting 20s before retry
23:26:58 [WARNING] 429 (rate limited) — waiting 30s before retry
23:27:28 [INFO] [1058] Failed
23:27:30 [WARNING] 429 (rate limited) — waiting 10s before retry
23:27:41 [WARNING] 429 (rate limited) — waiting 20s before retry
20:07:15 [INFO] Resumed from existing output CSV (generated_images/generated_image_dataset.csv).
20:07:15 [INFO] Processing 4431 rows...
20:08:25 [INFO] [378] Saved (standard)
20:12:02 [INFO] Resumed from existing output CSV (generated_images/generated_image_dataset.csv).
20:12:02 [INFO] Processing 4431 rows...
20:13:06 [INFO] [635] Failed
20:13:35 [INFO] [751] Failed
20:14:27 [INFO] [812] Saved (standard)
20:14:57 [INFO] [865] Failed
20:15:35 [INFO] [1057] Saved (standard)
20:16:09 [INFO] [1058] Saved (standard)
20:16:40 [INFO] [1059] Saved (standard)
20:17:47 [INFO] [1060] Saved (standard)
20:18:35 [INFO] [1061] Saved (standard)
20:19:27 [INFO] [1062] Saved (standard)
20:19:47 [INFO] [1063] Saved (high)
20:20:14 [INFO] [1064] Saved (standard)
20:20:44 [INFO] [1065] Saved (standard)
20:21:09 [INFO] [1066] Saved (standard)
20:21:35 [INFO] [1067] Saved (standard)
20:22:06 [INFO] [1068] Saved (standard)
20:22:35 [INFO] [1069] Saved (standard)
20:23:02 [INFO] [1070] Saved (standard)
20:23:26 [INFO] [1071] Saved (standard)
20:23:51 [INFO] [1072] Saved (standard)
20:24:10 [INFO] [1073] Saved (standard)
20:24:52 [INFO] [1074] Saved (standard)
20:25:14 [INFO] [1075] Saved (standard)
20:25:32 [INFO] [1076] Saved (standard)
20:25:52 [INFO] [1077] Saved (standard)
20:26:07 [INFO] [1078] Saved (standard)
20:26:27 [INFO] [1079] Saved (standard)
20:26:42 [INFO] [1080] Saved (standard)
20:26:58 [INFO] [1081] Saved (standard)
20:27:12 [INFO] [1082] Saved (standard)
20:27:25 [INFO] [1083] Saved (standard)
20:27:41 [INFO] [1084] Saved (standard)
20:27:54 [INFO] [1085] Saved (high)
20:28:08 [INFO] [1086] Saved (standard)
20:28:20 [INFO] [1087] Saved (standard)
20:28:34 [INFO] [1088] Saved (high)
20:28:47 [INFO] [1089] Saved (standard)
20:28:59 [INFO] [1090] Saved (standard)
20:29:10 [INFO] [1091] Saved (standard)
20:29:22 [INFO] [1092] Saved (standard)
20:29:35 [INFO] [1093] Saved (standard)
20:29:48 [INFO] [1094] Saved (standard)
20:29:59 [INFO] [1095] Saved (standard)
20:30:11 [INFO] [1096] Saved (high)
20:30:22 [INFO] [1097] Saved (standard)
20:30:36 [INFO] [1098] Saved (high)
20:30:50 [INFO] [1099] Saved (standard)
20:31:02 [INFO] [1100] Saved (high)
20:31:15 [INFO] [1101] Saved (standard)
20:31:29 [INFO] [1102] Saved (standard)
20:31:42 [INFO] [1103] Saved (standard)
20:31:55 [INFO] [1104] Saved (standard)
20:32:08 [INFO] [1105] Saved (standard)
20:32:22 [INFO] [1106] Saved (standard)
20:32:35 [INFO] [1107] Saved (standard)
20:32:48 [INFO] [1108] Saved (standard)
20:33:03 [INFO] [1109] Saved (low)
20:33:17 [INFO] [1110] Saved (low)
20:33:33 [INFO] [1111] Saved (low)
20:33:49 [INFO] [1112] Saved (standard)
20:34:36 [INFO] [1113] Saved (standard)
20:34:59 [INFO] [1114] Saved (standard)
20:35:15 [INFO] [1115] Saved (low)
20:35:31 [INFO] [1116] Saved (standard)
20:35:49 [INFO] [1117] Saved (standard)
20:36:12 [INFO] [1118] Saved (standard)
20:36:28 [INFO] [1119] Saved (standard)
20:36:39 [INFO] [1120] Saved (standard)
20:36:52 [INFO] [1121] Saved (standard)
20:37:08 [INFO] [1122] Saved (standard)
20:37:21 [INFO] [1123] Saved (standard)
20:37:36 [INFO] [1124] Saved (standard)
20:37:49 [INFO] [1125] Saved (standard)
20:38:05 [INFO] [1126] Saved (standard)
20:38:19 [INFO] [1127] Saved (standard)
20:38:36 [INFO] [1128] Saved (standard)
20:38:50 [INFO] [1129] Saved (standard)
20:39:07 [INFO] [1130] Saved (standard)
20:39:23 [INFO] [1131] Saved (standard)
20:39:38 [INFO] [1132] Saved (standard)
20:39:53 [INFO] [1133] Saved (standard)
20:40:09 [INFO] [1134] Saved (standard)
20:40:26 [INFO] [1135] Saved (standard)
20:40:44 [INFO] [1136] Saved (standard)
20:40:57 [INFO] [1137] Saved (standard)
20:41:11 [INFO] [1138] Saved (standard)
20:41:28 [INFO] [1139] Saved (standard)
20:41:46 [INFO] [1140] Saved (standard)
20:42:00 [INFO] [1141] Saved (standard)
20:42:13 [INFO] [1142] Saved (standard)
20:42:24 [INFO] [1143] Saved (standard)
20:42:38 [INFO] [1144] Saved (standard)
20:42:53 [INFO] [1145] Saved (standard)
20:43:08 [INFO] [1146] Saved (high)
20:43:24 [INFO] [1147] Saved (high)
20:43:37 [INFO] [1148] Saved (standard)
20:43:54 [INFO] [1149] Saved (standard)
20:44:11 [INFO] [1150] Saved (standard)
20:44:28 [INFO] [1151] Saved (low)
20:44:45 [INFO] [1152] Saved (standard)
20:45:02 [INFO] [1153] Saved (high)
20:45:18 [INFO] [1154] Saved (standard)
20:45:35 [INFO] [1155] Saved (standard)
20:45:53 [INFO] [1156] Saved (standard)
20:46:13 [INFO] [1157] Saved (high)
20:46:29 [INFO] [1158] Saved (standard)
20:46:49 [INFO] [1159] Saved (standard)
20:47:02 [INFO] [1160] Saved (standard)
20:47:20 [INFO] [1161] Saved (standard)
20:47:36 [INFO] [1162] Saved (high)
20:47:49 [INFO] [1163] Saved (standard)
20:48:02 [INFO] [1164] Saved (standard)
20:48:18 [INFO] [1165] Saved (standard)
20:48:35 [INFO] [1166] Saved (standard)
20:48:48 [INFO] [1167] Saved (standard)
20:49:05 [INFO] [1168] Saved (standard)
20:49:19 [INFO] [1169] Saved (standard)
20:49:40 [INFO] [1170] Saved (standard)
20:50:06 [INFO] [1171] Saved (standard)
20:50:28 [INFO] [1172] Saved (standard)
20:50:45 [INFO] [1173] Saved (standard)
20:51:00 [INFO] [1174] Saved (standard)
20:51:18 [INFO] [1175] Saved (standard)
20:51:35 [INFO] [1176] Saved (standard)
20:51:49 [INFO] [1177] Saved (high)
20:52:02 [INFO] [1178] Saved (standard)
20:52:19 [INFO] [1179] Saved (standard)
20:52:32 [INFO] [1180] Saved (standard)
20:52:57 [INFO] [1181] Saved (standard)
20:53:42 [INFO] [1182] Saved (standard)
20:54:24 [INFO] [1183] Saved (low)
20:55:28 [INFO] [1184] Saved (standard)
20:56:09 [INFO] [1185] Saved (standard)
20:56:49 [INFO] [1186] Saved (standard)
20:57:18 [INFO] [1187] Saved (standard)
20:57:45 [INFO] [1188] Saved (standard)
20:58:21 [INFO] [1189] Saved (standard)
20:58:46 [INFO] [1190] Saved (standard)
20:59:33 [INFO] [1191] Saved (standard)
20:59:54 [INFO] [1192] Saved (standard)
21:00:11 [INFO] [1193] Saved (standard)
21:00:27 [INFO] [1194] Saved (standard)
21:00:46 [INFO] [1195] Saved (standard)
21:01:04 [INFO] [1196] Saved (standard)
21:01:20 [INFO] [1197] Saved (standard)
21:01:34 [INFO] [1198] Saved (standard)
21:01:50 [INFO] [1199] Saved (standard)
21:02:10 [INFO] [1200] Saved (standard)
21:02:32 [INFO] [1201] Saved (standard)
21:02:46 [INFO] [1202] Saved (high)
21:03:01 [INFO] [1203] Saved (standard)
21:03:14 [INFO] [1204] Saved (standard)
21:03:30 [INFO] [1205] Saved (standard)
21:03:45 [INFO] [1206] Saved (standard)
21:04:08 [INFO] [1207] Saved (high)
21:04:30 [INFO] [1208] Saved (standard)
21:04:47 [INFO] [1209] Saved (standard)
21:05:03 [INFO] [1210] Saved (standard)
21:05:20 [INFO] [1211] Saved (standard)
21:05:38 [INFO] [1212] Saved (standard)
21:05:54 [INFO] [1213] Saved (standard)
21:06:09 [INFO] [1214] Saved (standard)
21:06:29 [INFO] [1215] Saved (low)
21:06:55 [INFO] [1216] Saved (standard)
21:07:23 [INFO] [1217] Saved (standard)
21:07:43 [INFO] [1218] Saved (standard)
21:08:13 [INFO] [1219] Saved (standard)
21:08:32 [INFO] [1220] Saved (high)
21:08:56 [INFO] [1221] Saved (standard)
21:09:20 [INFO] [1222] Saved (standard)
21:09:44 [INFO] [1223] Saved (standard)
21:10:11 [INFO] [1224] Saved (standard)
21:10:35 [INFO] [1225] Saved (standard)
21:11:00 [INFO] [1226] Saved (standard)
21:11:17 [INFO] [1227] Saved (standard)
21:11:38 [INFO] [1228] Saved (standard)
21:11:57 [INFO] [1229] Saved (standard)
21:12:18 [INFO] [1230] Saved (standard)
21:12:48 [INFO] [1231] Saved (standard)
21:13:12 [INFO] [1232] Saved (high)
21:13:45 [INFO] [1233] Saved (standard)
21:14:11 [INFO] [1234] Saved (standard)
21:14:34 [INFO] [1235] Saved (standard)
21:15:03 [INFO] [1236] Saved (standard)
21:15:43 [INFO] [1237] Saved (standard)
21:16:23 [INFO] [1238] Saved (standard)
21:16:58 [INFO] [1239] Saved (standard)
21:17:22 [INFO] [1240] Saved (standard)
21:17:44 [INFO] [1241] Saved (standard)
21:18:02 [INFO] [1242] Saved (standard)
21:18:34 [INFO] [1243] Saved (standard)
21:19:05 [INFO] [1244] Saved (standard)
21:19:41 [INFO] [1245] Saved (standard)
21:20:17 [INFO] [1246] Saved (standard)
21:20:47 [INFO] [1247] Saved (standard)
21:21:13 [INFO] [1248] Saved (low)
21:21:39 [INFO] [1249] Saved (standard)
21:22:00 [INFO] [1250] Saved (standard)
21:22:23 [INFO] [1251] Saved (standard)
21:22:44 [INFO] [1252] Saved (high)
21:23:09 [INFO] [1253] Saved (standard)
21:23:37 [INFO] [1254] Saved (standard)
21:24:09 [INFO] [1255] Saved (standard)
21:25:00 [INFO] [1256] Saved (standard)
21:25:34 [INFO] [1257] Saved (standard)
21:26:03 [INFO] [1258] Saved (standard)
21:26:33 [INFO] [1259] Saved (standard)
21:27:00 [INFO] [1260] Saved (standard)
21:28:25 [INFO] [1261] Saved (standard)
21:29:13 [INFO] [1262] Saved (standard)
21:29:52 [INFO] [1263] Saved (low)
21:30:12 [INFO] [1264] Saved (standard)
21:30:54 [INFO] [1265] Saved (standard)
21:31:57 [INFO] [1266] Saved (standard)
21:32:43 [INFO] [1267] Saved (standard)
21:33:22 [INFO] [1268] Saved (standard)
21:33:50 [INFO] [1269] Saved (standard)
21:34:09 [INFO] [1270] Saved (standard)
21:34:28 [INFO] [1271] Saved (low)
21:34:48 [INFO] [1272] Saved (standard)
21:35:08 [INFO] [1273] Saved (high)
21:36:38 [INFO] [1274] Saved (standard)
21:38:06 [INFO] [1275] Saved (standard)
21:38:25 [INFO] [1276] Saved (high)
21:38:50 [INFO] [1277] Saved (standard)
21:39:12 [INFO] [1278] Saved (standard)
21:39:28 [INFO] [1279] Saved (standard)
21:39:51 [INFO] [1280] Saved (standard)
21:40:32 [INFO] [1281] Saved (standard)
21:41:17 [INFO] [1282] Saved (standard)
21:41:46 [INFO] [1283] Saved (standard)
21:42:25 [INFO] [1284] Saved (standard)
21:42:58 [INFO] [1285] Saved (standard)
21:43:34 [INFO] [1286] Saved (standard)
21:44:11 [INFO] [1287] Saved (standard)
21:44:39 [INFO] [1288] Saved (standard)
21:45:10 [INFO] [1289] Saved (standard)
21:45:46 [INFO] [1290] Saved (standard)
21:46:05 [INFO] [1291] Saved (standard)
21:47:02 [INFO] [1292] Saved (standard)
21:48:23 [INFO] [1293] Saved (standard)
21:48:43 [INFO] [1294] Saved (standard)
21:49:05 [INFO] [1295] Saved (standard)
21:49:29 [INFO] [1296] Saved (standard)
21:49:58 [INFO] [1297] Saved (standard)
21:50:28 [INFO] [1298] Saved (standard)
21:51:04 [INFO] [1299] Saved (standard)
21:51:34 [INFO] [1300] Saved (standard)
21:52:07 [INFO] [1301] Saved (high)
21:52:45 [INFO] [1302] Saved (standard)
21:53:10 [INFO] [1303] Saved (standard)
21:53:30 [INFO] [1304] Saved (standard)
21:53:49 [INFO] [1305] Saved (standard)
21:54:15 [INFO] [1306] Saved (standard)
21:54:53 [INFO] [1307] Saved (standard)
21:55:15 [INFO] [1308] Saved (standard)
21:55:32 [INFO] [1309] Saved (standard)
21:55:52 [INFO] [1310] Saved (low)
21:56:21 [INFO] [1311] Saved (high)
21:56:55 [INFO] [1312] Saved (standard)
21:57:36 [INFO] [1313] Saved (low)
21:58:27 [INFO] [1314] Saved (standard)
21:59:04 [INFO] [1315] Saved (standard)
21:59:43 [INFO] [1316] Saved (standard)
22:00:35 [INFO] [1317] Saved (standard)
22:01:53 [INFO] [1318] Saved (standard)
22:03:34 [INFO] [1319] Saved (standard)
22:03:57 [INFO] [1320] Saved (standard)
22:04:24 [INFO] [1321] Saved (standard)
22:05:10 [INFO] [1322] Saved (high)
22:05:38 [INFO] [1323] Saved (standard)
22:06:07 [INFO] [1324] Saved (standard)
22:06:21 [INFO] [1325] Saved (standard)
22:06:43 [INFO] [1326] Saved (standard)
22:07:04 [INFO] [1327] Saved (standard)
22:07:28 [INFO] [1328] Saved (low)
22:08:46 [INFO] [1329] Saved (standard)
22:10:23 [INFO] [1330] Saved (standard)
22:11:53 [INFO] [1331] Saved (standard)
22:12:15 [INFO] [1332] Saved (standard)
22:12:30 [INFO] [1333] Saved (standard)
22:12:47 [INFO] [1334] Saved (standard)
22:13:03 [INFO] [1335] Saved (standard)
22:13:19 [INFO] [1336] Saved (standard)
22:13:37 [INFO] [1337] Saved (high)
22:13:52 [INFO] [1338] Saved (standard)
22:14:05 [INFO] [1339] Saved (standard)
22:14:17 [INFO] [1340] Saved (high)
22:14:31 [INFO] [1341] Saved (high)
22:14:46 [INFO] [1342] Saved (standard)
22:15:00 [INFO] [1343] Saved (low)
22:15:13 [INFO] [1344] Saved (standard)
22:15:28 [INFO] [1345] Saved (standard)
22:15:42 [INFO] [1346] Saved (standard)
22:15:57 [INFO] [1347] Saved (standard)
22:16:12 [INFO] [1348] Saved (high)
22:16:28 [INFO] [1349] Saved (standard)
22:17:30 [INFO] [1350] Saved (standard)
22:17:47 [INFO] [1351] Saved (standard)
22:18:00 [INFO] [1352] Saved (standard)
22:18:13 [INFO] [1353] Saved (standard)
22:18:27 [INFO] [1354] Saved (standard)
22:18:42 [INFO] [1355] Saved (standard)
22:18:57 [INFO] [1356] Saved (standard)
22:19:14 [INFO] [1357] Saved (standard)
22:19:34 [INFO] [1358] Saved (standard)
22:19:56 [INFO] [1359] Saved (standard)
22:20:12 [INFO] [1360] Saved (standard)
22:20:37 [INFO] [1361] Saved (standard)
22:21:09 [INFO] [1362] Saved (standard)
22:21:29 [INFO] [1363] Saved (standard)
22:21:44 [INFO] [1364] Saved (standard)
22:22:06 [INFO] [1365] Saved (high)
22:22:28 [INFO] [1366] Saved (standard)
22:22:42 [INFO] [1367] Saved (standard)
22:22:56 [INFO] [1368] Saved (standard)
22:23:11 [INFO] [1369] Saved (standard)
22:23:31 [INFO] [1370] Saved (standard)
22:23:49 [INFO] [1371] Saved (standard)
22:24:01 [INFO] [1372] Saved (standard)
22:24:14 [INFO] [1373] Saved (standard)
22:24:32 [INFO] [1374] Saved (standard)
22:24:53 [INFO] [1375] Saved (standard)
22:25:13 [INFO] [1376] Saved (standard)
22:25:30 [INFO] [1377] Saved (standard)
22:25:47 [INFO] [1378] Saved (standard)
22:26:04 [INFO] [1379] Saved (standard)
22:26:24 [INFO] [1380] Saved (standard)
22:26:38 [INFO] [1381] Saved (standard)
22:26:56 [INFO] [1382] Saved (low)
22:27:21 [INFO] [1383] Saved (standard)
22:28:02 [INFO] [1384] Saved (standard)
22:28:39 [INFO] [1385] Saved (standard)
22:29:24 [INFO] [1386] Saved (standard)
22:30:12 [INFO] [1387] Saved (standard)
22:32:41 [INFO] [1388] Saved (standard)
22:33:24 [INFO] [1389] Saved (standard)
22:34:02 [INFO] [1390] Saved (standard)
22:34:24 [INFO] [1391] Saved (standard)
22:34:45 [INFO] [1392] Saved (high)
22:34:56 [INFO] [1393] Saved (standard)
22:35:09 [INFO] [1394] Saved (standard)
22:35:21 [INFO] [1395] Saved (standard)
22:35:35 [INFO] [1396] Saved (high)
22:35:46 [INFO] [1397] Saved (standard)
22:35:58 [INFO] [1398] Saved (standard)
22:36:12 [INFO] [1399] Saved (standard)
22:36:26 [INFO] [1400] Saved (high)
22:36:40 [INFO] [1401] Saved (standard)
22:36:52 [INFO] [1402] Saved (standard)
22:37:05 [INFO] [1403] Saved (high)
22:37:18 [INFO] [1404] Saved (high)
22:37:30 [INFO] [1405] Saved (standard)
22:37:45 [INFO] [1406] Saved (standard)
22:38:00 [INFO] [1407] Saved (standard)
22:38:15 [INFO] [1408] Saved (standard)
22:38:28 [INFO] [1409] Saved (standard)
22:38:42 [INFO] [1410] Saved (standard)
22:38:54 [INFO] [1411] Saved (standard)
22:39:07 [INFO] [1412] Saved (standard)
22:39:20 [INFO] [1413] Saved (standard)
22:39:39 [INFO] [1414] Saved (standard)
22:39:56 [INFO] [1415] Saved (standard)
22:40:10 [INFO] [1416] Saved (standard)
22:40:25 [INFO] [1417] Saved (standard)
22:40:39 [INFO] [1418] Saved (standard)
22:40:53 [INFO] [1419] Saved (standard)
22:41:06 [INFO] [1420] Saved (standard)
22:41:18 [INFO] [1421] Saved (standard)
22:41:29 [INFO] [1422] Saved (standard)
22:41:43 [INFO] [1423] Saved (standard)
22:41:56 [INFO] [1424] Saved (standard)
22:42:14 [INFO] [1425] Saved (standard)
22:42:28 [INFO] [1426] Saved (standard)
22:42:40 [INFO] [1427] Saved (high)
22:42:53 [INFO] [1428] Saved (standard)
22:43:05 [INFO] [1429] Saved (standard)
22:43:18 [INFO] [1430] Saved (standard)
22:43:29 [INFO] [1431] Saved (standard)
22:43:42 [INFO] [1432] Saved (standard)
22:43:53 [INFO] [1433] Saved (standard)
22:44:05 [INFO] [1434] Saved (standard)
22:44:19 [INFO] [1435] Saved (standard)
22:44:32 [INFO] [1436] Saved (standard)
22:44:45 [INFO] [1437] Saved (standard)
22:44:56 [INFO] [1438] Saved (standard)
22:45:06 [INFO] [1439] Saved (standard)
22:45:24 [INFO] [1440] Saved (standard)
22:45:35 [INFO] [1441] Saved (standard)
22:45:46 [INFO] [1442] Saved (standard)
22:46:00 [INFO] [1443] Saved (low)
22:46:13 [INFO] [1444] Saved (standard)
22:46:24 [INFO] [1445] Saved (standard)
22:46:37 [INFO] [1446] Saved (standard)
22:46:50 [INFO] [1447] Saved (standard)
22:47:02 [INFO] [1448] Saved (low)
22:47:13 [INFO] [1449] Saved (standard)
22:47:25 [INFO] [1450] Saved (standard)
22:47:36 [INFO] [1451] Saved (standard)
22:47:49 [INFO] [1452] Saved (standard)
22:48:00 [INFO] [1453] Saved (standard)
22:48:11 [INFO] [1454] Saved (low)
22:48:22 [INFO] [1455] Saved (standard)
22:48:35 [INFO] [1456] Saved (standard)
22:48:46 [INFO] [1457] Saved (standard)
22:48:59 [INFO] [1458] Saved (standard)
22:49:10 [INFO] [1459] Saved (standard)
22:49:25 [INFO] [1460] Saved (standard)
22:49:39 [INFO] [1461] Saved (standard)
22:49:57 [INFO] [1462] Saved (standard)
22:50:09 [INFO] [1463] Saved (standard)
22:50:21 [INFO] [1464] Saved (standard)
22:50:35 [INFO] [1465] Saved (standard)
22:50:48 [INFO] [1466] Saved (standard)
22:51:04 [INFO] [1467] Saved (standard)
22:51:19 [INFO] [1468] Saved (high)
22:51:31 [INFO] [1469] Saved (standard)
22:51:41 [INFO] [1470] Saved (standard)
22:51:57 [INFO] [1471] Saved (standard)
22:52:11 [INFO] [1472] Saved (standard)
22:52:28 [INFO] [1473] Saved (standard)
22:52:48 [INFO] [1474] Saved (high)
22:53:09 [INFO] [1475] Saved (standard)
22:53:21 [INFO] [1476] Saved (standard)
22:53:32 [INFO] [1477] Saved (standard)
22:53:44 [INFO] [1478] Saved (standard)
22:53:55 [INFO] [1479] Saved (standard)
22:54:08 [INFO] [1480] Saved (high)
22:54:21 [INFO] [1481] Saved (standard)
22:54:31 [INFO] [1482] Saved (standard)
22:54:43 [INFO] [1483] Saved (standard)
22:54:54 [INFO] [1484] Saved (standard)
22:55:13 [INFO] [1485] Saved (low)
22:55:27 [INFO] [1486] Saved (standard)
22:55:42 [INFO] [1487] Saved (standard)
22:55:55 [INFO] [1488] Saved (standard)
22:56:12 [INFO] [1489] Saved (standard)
22:56:23 [INFO] [1490] Saved (standard)
22:56:35 [INFO] [1491] Saved (standard)
22:56:46 [INFO] [1492] Saved (standard)
22:56:58 [INFO] [1493] Saved (standard)
22:57:08 [INFO] [1494] Saved (standard)
22:57:18 [INFO] [1495] Saved (standard)
22:57:29 [INFO] [1496] Saved (standard)
22:57:45 [INFO] [1497] Saved (standard)
22:58:01 [INFO] [1498] Saved (high)
22:58:13 [INFO] [1499] Saved (standard)
22:58:23 [INFO] [1500] Saved (standard)
22:58:34 [INFO] [1501] Saved (standard)
22:58:44 [INFO] [1502] Saved (low)
22:58:54 [INFO] [1503] Saved (standard)
22:59:04 [INFO] [1504] Saved (standard)
22:59:14 [INFO] [1505] Saved (standard)
22:59:25 [INFO] [1506] Saved (standard)
22:59:37 [INFO] [1507] Saved (standard)
22:59:49 [INFO] [1508] Saved (standard)
23:00:00 [INFO] [1509] Saved (standard)
23:00:10 [INFO] [1510] Saved (standard)
23:00:21 [INFO] [1511] Saved (standard)
23:00:32 [INFO] [1512] Saved (standard)
23:00:45 [INFO] [1513] Saved (standard)
23:00:56 [INFO] [1514] Saved (standard)
23:01:08 [INFO] [1515] Saved (standard)
23:01:25 [INFO] [1516] Saved (high)
23:01:36 [INFO] [1517] Saved (standard)
23:01:46 [INFO] [1518] Saved (standard)
23:01:57 [INFO] [1519] Saved (standard)
23:02:07 [INFO] [1520] Saved (standard)
23:02:20 [INFO] [1521] Saved (standard)
23:02:32 [INFO] [1522] Saved (standard)
23:02:43 [INFO] [1523] Saved (standard)
23:02:53 [INFO] [1524] Saved (standard)
23:03:05 [INFO] [1525] Saved (standard)
23:03:28 [INFO] [1526] Failed
23:03:42 [INFO] [1527] Saved (standard)
23:03:54 [INFO] [1528] Saved (standard)
23:04:04 [INFO] [1529] Saved (standard)
23:04:15 [INFO] [1530] Saved (standard)
23:04:26 [INFO] [1531] Saved (standard)
23:04:38 [INFO] [1532] Saved (standard)
23:04:49 [INFO] [1533] Saved (standard)
23:05:02 [INFO] [1534] Saved (standard)
23:05:14 [INFO] [1535] Saved (standard)
23:05:28 [INFO] [1536] Saved (standard)
23:05:41 [INFO] [1537] Saved (standard)
23:06:05 [INFO] [1538] Saved (standard)
23:06:20 [INFO] [1539] Saved (standard)
23:06:42 [INFO] [1540] Saved (standard)
23:06:56 [INFO] [1541] Saved (standard)
23:07:11 [INFO] [1542] Saved (standard)
23:07:24 [INFO] [1543] Saved (standard)
23:07:38 [INFO] [1544] Saved (high)
23:07:50 [INFO] [1545] Saved (standard)
23:08:01 [INFO] [1546] Saved (standard)
23:08:10 [INFO] [1547] Saved (standard)
23:08:22 [INFO] [1548] Saved (standard)
23:08:34 [INFO] [1549] Saved (standard)
23:08:45 [INFO] [1550] Saved (standard)
23:08:58 [INFO] [1551] Saved (standard)
23:09:10 [INFO] [1552] Saved (standard)
23:09:20 [INFO] [1553] Saved (standard)
23:09:30 [INFO] [1554] Saved (standard)
23:09:40 [INFO] [1555] Saved (standard)
23:09:51 [INFO] [1556] Saved (standard)
23:10:08 [INFO] [1557] Saved (standard)
23:10:18 [INFO] [1558] Saved (standard)
23:10:28 [INFO] [1559] Saved (standard)
23:10:39 [INFO] [1560] Saved (standard)
23:10:50 [INFO] [1561] Saved (high)
23:11:01 [INFO] [1562] Saved (standard)
23:11:12 [INFO] [1563] Saved (standard)
23:11:23 [INFO] [1564] Saved (standard)
23:11:34 [INFO] [1565] Saved (standard)
23:11:43 [INFO] [1566] Saved (standard)
23:11:53 [INFO] [1567] Saved (high)
23:12:04 [INFO] [1568] Saved (standard)
23:12:14 [INFO] [1569] Saved (standard)
23:12:27 [INFO] [1570] Saved (standard)
23:12:38 [INFO] [1571] Saved (standard)
23:12:49 [INFO] [1572] Saved (standard)
23:13:01 [INFO] [1573] Saved (standard)
23:13:12 [INFO] [1574] Saved (low)
23:13:22 [INFO] [1575] Saved (standard)
23:13:33 [INFO] [1576] Saved (standard)
23:13:43 [INFO] [1577] Saved (standard)
23:13:53 [INFO] [1578] Saved (standard)
23:14:05 [INFO] [1579] Saved (standard)
23:14:15 [INFO] [1580] Saved (standard)
23:14:27 [INFO] [1581] Saved (standard)
23:14:40 [INFO] [1582] Saved (standard)
23:14:54 [INFO] [1583] Saved (standard)
23:15:05 [INFO] [1584] Saved (standard)
23:15:16 [INFO] [1585] Saved (standard)
23:15:29 [INFO] [1586] Saved (standard)
23:15:39 [INFO] [1587] Saved (low)
23:15:49 [INFO] [1588] Saved (standard)
23:16:00 [INFO] [1589] Saved (standard)
23:16:12 [INFO] [1590] Saved (standard)
23:16:25 [INFO] [1591] Saved (standard)
23:16:37 [INFO] [1592] Saved (standard)
23:16:47 [INFO] [1593] Saved (standard)
23:16:58 [INFO] [1594] Saved (standard)
23:17:09 [INFO] [1595] Saved (standard)
23:17:21 [INFO] [1596] Saved (standard)
23:17:34 [INFO] [1597] Saved (high)
23:17:44 [INFO] [1598] Saved (standard)
23:17:53 [INFO] [1599] Saved (standard)
23:18:05 [INFO] [1600] Saved (standard)
23:18:16 [INFO] [1601] Saved (standard)
23:18:27 [INFO] [1602] Saved (standard)
23:18:38 [INFO] [1603] Saved (standard)
23:18:50 [INFO] [1604] Saved (standard)
23:19:00 [INFO] [1605] Saved (standard)
23:19:14 [INFO] [1606] Saved (standard)
23:19:25 [INFO] [1607] Saved (standard)
23:19:38 [INFO] [1608] Saved (standard)
23:19:48 [INFO] [1609] Saved (high)
23:19:59 [INFO] [1610] Saved (standard)
23:20:12 [INFO] [1611] Saved (standard)
23:20:22 [INFO] [1612] Saved (standard)
23:20:34 [INFO] [1613] Saved (standard)
23:20:44 [INFO] [1614] Saved (high)
23:20:54 [INFO] [1615] Saved (high)
23:21:05 [INFO] [1616] Saved (standard)
23:21:18 [INFO] [1617] Saved (high)
23:21:29 [INFO] [1618] Saved (high)
23:21:41 [INFO] [1619] Saved (standard)
23:21:52 [INFO] [1620] Saved (standard)
23:22:04 [INFO] [1621] Saved (standard)
23:22:16 [INFO] [1622] Saved (standard)
23:22:26 [INFO] [1623] Saved (standard)
23:22:38 [INFO] [1624] Saved (standard)
23:22:49 [INFO] [1625] Saved (standard)
23:23:03 [INFO] [1626] Saved (standard)
23:23:15 [INFO] [1627] Saved (standard)
23:23:26 [INFO] [1628] Saved (standard)
23:23:36 [INFO] [1629] Saved (standard)
23:23:47 [INFO] [1630] Saved (standard)
23:23:57 [INFO] [1631] Saved (high)
23:24:08 [INFO] [1632] Saved (standard)
23:24:19 [INFO] [1633] Saved (standard)
23:24:30 [INFO] [1634] Saved (standard)
23:24:41 [INFO] [1635] Saved (standard)
23:24:52 [INFO] [1636] Saved (standard)
23:25:03 [INFO] [1637] Saved (standard)
23:25:14 [INFO] [1638] Saved (standard)
23:25:26 [INFO] [1639] Saved (standard)
23:25:40 [INFO] [1640] Saved (standard)
23:25:55 [INFO] [1641] Saved (standard)
23:26:06 [INFO] [1642] Saved (standard)
23:26:16 [INFO] [1643] Saved (standard)
23:26:27 [INFO] [1644] Saved (standard)
23:26:40 [INFO] [1645] Saved (standard)
23:26:50 [INFO] [1646] Saved (standard)
23:27:00 [INFO] [1647] Saved (standard)
23:27:14 [INFO] [1648] Saved (standard)
23:27:23 [INFO] [1649] Saved (standard)
23:27:34 [INFO] [1650] Saved (standard)
23:27:45 [INFO] [1651] Saved (standard)
23:27:56 [INFO] [1652] Saved (standard)
23:28:06 [INFO] [1653] Saved (high)
23:28:17 [INFO] [1654] Saved (standard)
23:28:28 [INFO] [1655] Saved (standard)
23:28:41 [INFO] [1656] Saved (standard)
23:28:51 [INFO] [1657] Saved (standard)
23:29:03 [INFO] [1658] Saved (standard)
23:29:14 [INFO] [1659] Saved (standard)
23:29:24 [INFO] [1660] Saved (standard)
23:29:35 [INFO] [1661] Saved (standard)
23:29:46 [INFO] [1662] Saved (standard)
23:29:59 [INFO] [1663] Saved (standard)
23:30:11 [INFO] [1664] Saved (standard)
23:30:21 [INFO] [1665] Saved (standard)
23:30:33 [INFO] [1666] Saved (standard)
23:30:47 [INFO] [1667] Saved (standard)
23:30:59 [INFO] [1668] Saved (standard)
23:31:12 [INFO] [1669] Saved (standard)
23:31:23 [INFO] [1670] Saved (high)
23:31:34 [INFO] [1671] Saved (standard)
23:31:45 [INFO] [1672] Saved (standard)
23:31:56 [INFO] [1673] Saved (standard)
23:32:10 [INFO] [1674] Saved (standard)
23:32:22 [INFO] [1675] Saved (standard)
23:32:40 [INFO] [1676] Saved (standard)
23:32:52 [INFO] [1677] Saved (standard)
23:33:02 [INFO] [1678] Saved (standard)
23:33:14 [INFO] [1679] Saved (standard)
23:33:27 [INFO] [1680] Saved (standard)
23:33:38 [INFO] [1681] Saved (standard)
23:33:49 [INFO] [1682] Saved (standard)
23:34:04 [INFO] [1683] Saved (standard)
23:34:15 [INFO] [1684] Saved (standard)
23:34:26 [INFO] [1685] Saved (standard)
17:15:44 [INFO] Resumed from existing output CSV (generated_images/generated_image_dataset.csv).
17:15:44 [INFO] Processing 4431 rows...
17:16:11 [INFO] [635] Failed
17:16:37 [INFO] [751] Failed
17:17:03 [INFO] [865] Failed
17:17:25 [INFO] [1526] Failed
17:17:36 [INFO] [1686] Saved (standard)
17:17:46 [INFO] [1687] Saved (standard)
17:17:58 [INFO] [1688] Saved (standard)
17:18:09 [INFO] [1689] Saved (standard)
17:18:21 [INFO] [1690] Saved (standard)
17:18:33 [INFO] [1691] Saved (standard)
17:18:44 [INFO] [1692] Saved (standard)
17:18:56 [INFO] [1693] Saved (low)
17:19:07 [INFO] [1694] Saved (standard)
17:19:17 [INFO] [1695] Saved (standard)
17:19:28 [INFO] [1696] Saved (standard)
17:19:40 [INFO] [1697] Saved (standard)
17:19:52 [INFO] [1698] Saved (high)
17:20:04 [INFO] [1699] Saved (standard)
17:20:14 [INFO] [1700] Saved (standard)
17:20:25 [INFO] [1701] Saved (standard)
17:20:35 [INFO] [1702] Saved (low)
17:20:46 [INFO] [1703] Saved (standard)
17:20:57 [INFO] [1704] Saved (standard)
17:21:10 [INFO] [1705] Saved (standard)
17:21:21 [INFO] [1706] Saved (standard)
17:21:33 [INFO] [1707] Saved (standard)
17:21:44 [INFO] [1708] Saved (standard)
17:21:57 [INFO] [1709] Saved (standard)
17:22:10 [INFO] [1710] Saved (standard)
17:22:21 [INFO] [1711] Saved (standard)
17:22:33 [INFO] [1712] Saved (standard)
17:22:45 [INFO] [1713] Saved (standard)
17:22:57 [INFO] [1714] Saved (standard)
17:23:07 [INFO] [1715] Saved (standard)
17:23:19 [INFO] [1716] Saved (standard)
17:23:30 [INFO] [1717] Saved (standard)
17:23:42 [INFO] [1718] Saved (standard)
17:23:54 [INFO] [1719] Saved (standard)
17:24:06 [INFO] [1720] Saved (standard)
17:24:17 [INFO] [1721] Saved (standard)
17:24:29 [INFO] [1722] Saved (high)
17:24:39 [INFO] [1723] Saved (standard)
17:24:50 [INFO] [1724] Saved (standard)
17:25:01 [INFO] [1725] Saved (standard)
17:25:11 [INFO] [1726] Saved (standard)
17:25:24 [INFO] [1727] Saved (standard)
17:25:35 [INFO] [1728] Saved (standard)
17:25:49 [INFO] [1729] Saved (standard)
17:26:01 [INFO] [1730] Saved (high)
17:26:14 [INFO] [1731] Saved (low)
17:26:26 [INFO] [1732] Saved (standard)
17:26:37 [INFO] [1733] Saved (standard)
17:26:49 [INFO] [1734] Saved (standard)
17:27:01 [INFO] [1735] Saved (standard)
17:27:14 [INFO] [1736] Saved (standard)
17:27:24 [INFO] [1737] Saved (standard)
17:27:35 [INFO] [1738] Saved (standard)
17:27:48 [INFO] [1739] Saved (standard)
17:28:01 [INFO] [1740] Saved (standard)
17:28:11 [INFO] [1741] Saved (standard)
17:28:22 [INFO] [1742] Saved (standard)
17:28:36 [INFO] [1743] Saved (standard)
17:28:48 [INFO] [1744] Saved (standard)
17:28:59 [INFO] [1745] Saved (low)
17:29:12 [INFO] [1746] Saved (standard)
17:29:22 [INFO] [1747] Saved (standard)
17:29:33 [INFO] [1748] Saved (standard)
17:29:45 [INFO] [1749] Saved (standard)
17:29:56 [INFO] [1750] Saved (standard)
17:30:08 [INFO] [1751] Saved (standard)
17:30:17 [INFO] [1752] Saved (standard)
17:30:29 [INFO] [1753] Saved (standard)
17:30:42 [INFO] [1754] Saved (standard)
17:30:54 [INFO] [1755] Saved (low)
17:31:04 [INFO] [1756] Saved (standard)
17:31:16 [INFO] [1757] Saved (standard)
17:31:27 [INFO] [1758] Saved (standard)
17:31:39 [INFO] [1759] Saved (standard)
17:31:50 [INFO] [1760] Saved (standard)
17:32:03 [INFO] [1761] Saved (standard)
17:32:15 [INFO] [1762] Saved (standard)
17:32:27 [INFO] [1763] Saved (standard)
17:32:39 [INFO] [1764] Saved (standard)
17:32:49 [INFO] [1765] Saved (standard)
17:33:00 [INFO] [1766] Saved (standard)
17:33:13 [INFO] [1767] Saved (standard)
17:33:25 [INFO] [1768] Saved (standard)
17:33:36 [INFO] [1769] Saved (high)
17:33:48 [INFO] [1770] Saved (standard)
17:33:58 [INFO] [1771] Saved (standard)
17:34:11 [INFO] [1772] Saved (standard)
17:34:38 [INFO] [1773] Failed
17:34:49 [INFO] [1774] Saved (standard)
17:34:59 [INFO] [1775] Saved (standard)
17:35:12 [INFO] [1776] Saved (high)
17:35:23 [INFO] [1777] Saved (standard)
17:35:35 [INFO] [1778] Saved (standard)
17:35:47 [INFO] [1779] Saved (high)
17:36:00 [INFO] [1780] Saved (standard)
17:36:10 [INFO] [1781] Saved (standard)
17:36:21 [INFO] [1782] Saved (standard)
17:36:32 [INFO] [1783] Saved (standard)
17:36:44 [INFO] [1784] Saved (standard)
17:36:57 [INFO] [1785] Saved (high)
17:37:10 [INFO] [1786] Saved (standard)
17:37:24 [INFO] [1787] Saved (standard)
17:37:34 [INFO] [1788] Saved (high)
17:37:48 [INFO] [1789] Saved (standard)
17:38:00 [INFO] [1790] Saved (standard)
17:38:11 [INFO] [1791] Saved (standard)
17:38:26 [INFO] [1792] Saved (standard)
17:38:36 [INFO] [1793] Saved (standard)
17:38:48 [INFO] [1794] Saved (standard)
17:38:59 [INFO] [1795] Saved (high)
17:39:11 [INFO] [1796] Saved (standard)
17:39:22 [INFO] [1797] Saved (standard)
17:39:34 [INFO] [1798] Saved (standard)
17:39:36 [WARNING] 429 (rate limited) — waiting 10s before retry
17:39:48 [WARNING] 429 (rate limited) — waiting 20s before retry
17:40:09 [WARNING] 429 (rate limited) — waiting 30s before retry
17:40:39 [INFO] [1799] Failed
17:40:42 [WARNING] 429 (rate limited) — waiting 10s before retry
17:40:52 [WARNING] 429 (rate limited) — waiting 20s before retry
17:41:13 [WARNING] 429 (rate limited) — waiting 30s before retry
17:41:43 [INFO] [1800] Failed
17:41:45 [WARNING] 429 (rate limited) — waiting 10s before retry
17:41:56 [WARNING] 429 (rate limited) — waiting 20s before retry
17:42:17 [WARNING] 429 (rate limited) — waiting 30s before retry
17:42:47 [INFO] [1801] Failed
17:42:49 [WARNING] 429 (rate limited) — waiting 10s before retry
17:43:02 [WARNING] 429 (rate limited) — waiting 20s before retry
17:43:23 [WARNING] 429 (rate limited) — waiting 30s before retry
17:43:53 [INFO] [1802] Failed
17:43:56 [WARNING] 429 (rate limited) — waiting 10s before retry
17:44:11 [WARNING] 429 (rate limited) — waiting 20s before retry
17:44:32 [WARNING] 429 (rate limited) — waiting 30s before retry
17:45:02 [INFO] [1803] Failed
17:45:05 [WARNING] 429 (rate limited) — waiting 10s before retry
17:45:16 [WARNING] 429 (rate limited) — waiting 20s before retry
17:45:37 [WARNING] 429 (rate limited) — waiting 30s before retry
17:46:07 [INFO] [1804] Failed
17:46:10 [WARNING] 429 (rate limited) — waiting 10s before retry
17:46:22 [WARNING] 429 (rate limited) — waiting 20s before retry
17:46:43 [WARNING] 429 (rate limited) — waiting 30s before retry
17:47:13 [INFO] [1805] Failed
17:47:15 [WARNING] 429 (rate limited) — waiting 10s before retry
17:47:26 [WARNING] 429 (rate limited) — waiting 20s before retry
17:47:47 [WARNING] 429 (rate limited) — waiting 30s before retry
17:48:17 [INFO] [1806] Failed
17:48:20 [WARNING] 429 (rate limited) — waiting 10s before retry
17:48:31 [WARNING] 429 (rate limited) — waiting 20s before retry
17:48:52 [WARNING] 429 (rate limited) — waiting 30s before retry
17:49:22 [INFO] [1807] Failed
17:49:25 [WARNING] 429 (rate limited) — waiting 10s before retry
17:49:35 [WARNING] 429 (rate limited) — waiting 20s before retry
17:49:57 [WARNING] 429 (rate limited) — waiting 30s before retry
17:50:27 [INFO] [1808] Failed
17:50:30 [WARNING] 429 (rate limited) — waiting 10s before retry
17:50:41 [WARNING] 429 (rate limited) — waiting 20s before retry
17:51:02 [WARNING] 429 (rate limited) — waiting 30s before retry
17:51:32 [INFO] [1809] Failed
17:51:34 [WARNING] 429 (rate limited) — waiting 10s before retry
17:51:46 [WARNING] 429 (rate limited) — waiting 20s before retry
17:52:07 [WARNING] 429 (rate limited) — waiting 30s before retry
17:52:37 [INFO] [1810] Failed
17:52:40 [WARNING] 429 (rate limited) — waiting 10s before retry
17:52:50 [WARNING] 429 (rate limited) — waiting 20s before retry
17:53:12 [WARNING] 429 (rate limited) — waiting 30s before retry
20:22:35 [INFO] Resumed from existing output CSV (generated_images/generated_image_dataset.csv).
20:22:35 [INFO] Processing 4431 rows...
20:23:00 [INFO] [635] Failed
20:23:12 [INFO] [751] Saved (standard)
20:23:37 [INFO] [865] Failed
20:24:04 [INFO] [1526] Failed
20:24:34 [INFO] [1773] Failed
20:24:45 [INFO] [1799] Saved (high)
20:24:57 [INFO] [1800] Saved (high)
20:25:07 [INFO] [1801] Saved (standard)
20:25:18 [INFO] [1802] Saved (standard)
20:25:31 [INFO] [1803] Saved (standard)
20:25:44 [INFO] [1804] Saved (standard)
20:25:57 [INFO] [1805] Saved (standard)
20:26:09 [INFO] [1806] Saved (standard)
20:26:20 [INFO] [1807] Saved (low)
20:26:32 [INFO] [1808] Saved (standard)
20:26:43 [INFO] [1809] Saved (standard)
20:26:54 [INFO] [1810] Saved (low)
20:27:06 [INFO] [1811] Saved (standard)
20:27:17 [INFO] [1812] Saved (standard)
20:27:29 [INFO] [1813] Saved (high)
20:27:41 [INFO] [1814] Saved (standard)
20:27:53 [INFO] [1815] Saved (standard)
20:28:05 [INFO] [1816] Saved (high)
20:28:17 [INFO] [1817] Saved (standard)
20:28:29 [INFO] [1818] Saved (standard)
20:28:39 [INFO] [1819] Saved (low)
20:28:51 [INFO] [1820] Saved (high)
20:29:05 [INFO] [1821] Saved (standard)
20:29:17 [INFO] [1822] Saved (standard)
20:29:28 [INFO] [1823] Saved (standard)
20:29:40 [INFO] [1824] Saved (standard)
20:29:50 [INFO] [1825] Saved (high)
20:30:02 [INFO] [1826] Saved (high)
20:30:12 [INFO] [1827] Saved (standard)
20:30:24 [INFO] [1828] Saved (standard)
20:30:37 [INFO] [1829] Saved (high)
20:30:48 [INFO] [1830] Saved (standard)
20:30:59 [INFO] [1831] Saved (standard)
20:31:10 [INFO] [1832] Saved (standard)
20:31:23 [INFO] [1833] Saved (standard)
20:31:36 [INFO] [1834] Saved (standard)
20:31:46 [INFO] [1835] Saved (standard)
20:31:56 [INFO] [1836] Saved (standard)
20:32:07 [INFO] [1837] Saved (high)
20:32:19 [INFO] [1838] Saved (standard)
20:32:30 [INFO] [1839] Saved (standard)
20:32:40 [INFO] [1840] Saved (high)
20:32:52 [INFO] [1841] Saved (standard)
20:33:04 [INFO] [1842] Saved (standard)
20:33:15 [INFO] [1843] Saved (standard)
20:33:26 [INFO] [1844] Saved (standard)
20:33:37 [INFO] [1845] Saved (standard)
20:33:49 [INFO] [1846] Saved (high)
20:33:59 [INFO] [1847] Saved (high)
20:34:08 [INFO] [1848] Saved (standard)
20:34:19 [INFO] [1849] Saved (standard)
20:34:29 [INFO] [1850] Saved (standard)
20:34:40 [INFO] [1851] Saved (standard)
20:34:54 [INFO] [1852] Saved (standard)
20:35:06 [INFO] [1853] Saved (low)
20:35:19 [INFO] [1854] Saved (standard)
20:35:32 [INFO] [1855] Saved (standard)
20:35:43 [INFO] [1856] Saved (standard)
20:35:55 [INFO] [1857] Saved (standard)
20:36:07 [INFO] [1858] Saved (standard)
20:36:20 [INFO] [1859] Saved (standard)
20:36:31 [INFO] [1860] Saved (standard)
20:36:43 [INFO] [1861] Saved (high)
20:36:55 [INFO] [1862] Saved (standard)
20:37:05 [INFO] [1863] Saved (standard)
20:37:18 [INFO] [1864] Saved (standard)
20:37:31 [INFO] [1865] Saved (high)
20:37:44 [INFO] [1866] Saved (standard)
20:37:57 [INFO] [1867] Saved (standard)
20:38:09 [INFO] [1868] Saved (standard)
20:38:21 [INFO] [1869] Saved (standard)
20:38:33 [INFO] [1870] Saved (standard)
20:38:43 [INFO] [1871] Saved (standard)
20:38:53 [INFO] [1872] Saved (standard)
20:39:02 [INFO] [1873] Saved (standard)
20:39:14 [INFO] [1874] Saved (standard)
20:39:25 [INFO] [1875] Saved (standard)
20:39:38 [INFO] [1876] Saved (standard)
20:39:51 [INFO] [1877] Saved (standard)
20:40:04 [INFO] [1878] Saved (standard)
20:40:17 [INFO] [1879] Saved (standard)
20:40:30 [INFO] [1880] Saved (standard)
20:40:41 [INFO] [1881] Saved (standard)
20:40:52 [INFO] [1882] Saved (standard)
20:41:02 [INFO] [1883] Saved (standard)
20:41:14 [INFO] [1884] Saved (standard)
20:41:26 [INFO] [1885] Saved (high)
20:41:38 [INFO] [1886] Saved (standard)
20:41:50 [INFO] [1887] Saved (standard)
20:42:01 [INFO] [1888] Saved (low)
20:42:12 [INFO] [1889] Saved (standard)
20:42:23 [INFO] [1890] Saved (standard)
20:42:36 [INFO] [1891] Saved (standard)
20:42:45 [INFO] [1892] Saved (standard)
20:42:58 [INFO] [1893] Saved (standard)
20:43:11 [INFO] [1894] Saved (high)
20:43:21 [INFO] [1895] Saved (standard)
20:43:33 [INFO] [1896] Saved (standard)
20:43:46 [INFO] [1897] Saved (standard)
20:43:55 [INFO] [1898] Saved (standard)
20:44:09 [INFO] [1899] Saved (standard)
20:44:21 [INFO] [1900] Saved (standard)
20:44:31 [INFO] [1901] Saved (standard)
20:44:42 [INFO] [1902] Saved (standard)
20:44:55 [INFO] [1903] Saved (standard)
20:45:06 [INFO] [1904] Saved (standard)
20:45:17 [INFO] [1905] Saved (low)
20:45:27 [INFO] [1906] Saved (low)
20:45:37 [INFO] [1907] Saved (high)
20:45:48 [INFO] [1908] Saved (standard)
20:45:58 [INFO] [1909] Saved (low)
20:46:09 [INFO] [1910] Saved (standard)
20:46:20 [INFO] [1911] Saved (standard)
20:46:33 [INFO] [1912] Saved (standard)
20:46:44 [INFO] [1913] Saved (standard)
20:46:54 [INFO] [1914] Saved (standard)
20:47:05 [INFO] [1915] Saved (standard)
20:47:16 [INFO] [1916] Saved (standard)
20:47:27 [INFO] [1917] Saved (standard)
20:47:38 [INFO] [1918] Saved (standard)
20:47:49 [INFO] [1919] Saved (standard)
20:48:00 [INFO] [1920] Saved (standard)
20:48:11 [INFO] [1921] Saved (standard)
20:48:22 [INFO] [1922] Saved (standard)
20:48:33 [INFO] [1923] Saved (standard)
20:48:44 [INFO] [1924] Saved (standard)
20:48:55 [INFO] [1925] Saved (standard)
20:49:07 [INFO] [1926] Saved (standard)
20:49:17 [INFO] [1927] Saved (standard)
20:49:28 [INFO] [1928] Saved (standard)
20:49:40 [INFO] [1929] Saved (standard)
20:49:51 [INFO] [1930] Saved (standard)
20:50:03 [INFO] [1931] Saved (standard)
20:50:12 [INFO] [1932] Saved (standard)
20:50:23 [INFO] [1933] Saved (standard)
20:50:33 [INFO] [1934] Saved (standard)
20:50:44 [INFO] [1935] Saved (standard)
20:50:54 [INFO] [1936] Saved (low)
20:51:05 [INFO] [1937] Saved (standard)
20:51:15 [INFO] [1938] Saved (standard)
20:51:26 [INFO] [1939] Saved (standard)
20:51:37 [INFO] [1940] Saved (standard)
20:51:47 [INFO] [1941] Saved (standard)
20:51:58 [INFO] [1942] Saved (standard)
20:52:10 [INFO] [1943] Saved (standard)
20:52:22 [INFO] [1944] Saved (standard)
20:52:34 [INFO] [1945] Saved (standard)
20:52:46 [INFO] [1946] Saved (standard)
20:52:59 [INFO] [1947] Saved (standard)
20:53:12 [INFO] [1948] Saved (standard)
20:53:24 [INFO] [1949] Saved (high)
20:53:37 [INFO] [1950] Saved (high)
20:53:49 [INFO] [1951] Saved (standard)
20:54:00 [INFO] [1952] Saved (standard)
20:54:13 [INFO] [1953] Saved (standard)
20:54:25 [INFO] [1954] Saved (standard)
20:54:36 [INFO] [1955] Saved (high)
20:54:46 [INFO] [1956] Saved (standard)
20:54:59 [INFO] [1957] Saved (standard)
20:55:10 [INFO] [1958] Saved (standard)
20:55:36 [INFO] [1959] Failed
20:55:48 [INFO] [1960] Saved (standard)
20:56:00 [INFO] [1961] Saved (standard)
20:56:12 [INFO] [1962] Saved (standard)
20:56:24 [INFO] [1963] Saved (standard)
20:56:34 [INFO] [1964] Saved (standard)
20:56:44 [INFO] [1965] Saved (high)
20:56:56 [INFO] [1966] Saved (standard)
20:57:06 [INFO] [1967] Saved (standard)
20:57:18 [INFO] [1968] Saved (standard)
20:57:28 [INFO] [1969] Saved (standard)
20:57:39 [INFO] [1970] Saved (standard)
20:57:49 [INFO] [1971] Saved (standard)
20:58:01 [INFO] [1972] Saved (low)
20:58:12 [INFO] [1973] Saved (high)
20:58:21 [INFO] [1974] Saved (standard)
20:58:32 [INFO] [1975] Saved (standard)
20:58:42 [INFO] [1976] Saved (standard)
20:58:52 [INFO] [1977] Saved (standard)
20:59:02 [INFO] [1978] Saved (standard)
20:59:13 [INFO] [1979] Saved (standard)
20:59:24 [INFO] [1980] Saved (standard)
20:59:34 [INFO] [1981] Saved (standard)
21:00:01 [INFO] [1982] Failed
21:00:10 [INFO] [1983] Saved (standard)
21:00:21 [INFO] [1984] Saved (standard)
21:00:31 [INFO] [1985] Saved (standard)
21:00:42 [INFO] [1986] Saved (standard)
21:00:52 [INFO] [1987] Saved (standard)
21:01:04 [INFO] [1988] Saved (standard)
21:01:15 [INFO] [1989] Saved (standard)
21:01:26 [INFO] [1990] Saved (high)
21:01:37 [INFO] [1991] Saved (standard)
21:01:46 [INFO] [1992] Saved (standard)
21:01:56 [INFO] [1993] Saved (high)
21:02:07 [INFO] [1994] Saved (standard)
21:02:17 [INFO] [1995] Saved (standard)
21:02:27 [INFO] [1996] Saved (standard)
21:02:38 [INFO] [1997] Saved (high)
21:02:48 [INFO] [1998] Saved (high)
21:03:01 [INFO] [1999] Saved (high)
21:03:10 [INFO] [2000] Saved (low)
21:03:21 [INFO] [2001] Saved (high)
21:03:31 [INFO] [2002] Saved (standard)
21:03:41 [INFO] [2003] Saved (standard)
21:03:52 [INFO] [2004] Saved (standard)
21:04:03 [INFO] [2005] Saved (standard)
21:04:14 [INFO] [2006] Saved (standard)
21:04:24 [INFO] [2007] Saved (standard)
21:04:36 [INFO] [2008] Saved (standard)
21:04:48 [INFO] [2009] Saved (standard)
21:04:59 [INFO] [2010] Saved (standard)
21:05:09 [INFO] [2011] Saved (standard)
21:05:19 [INFO] [2012] Saved (standard)
21:05:30 [INFO] [2013] Saved (standard)
21:05:42 [INFO] [2014] Saved (standard)
21:05:53 [INFO] [2015] Saved (high)
21:06:04 [INFO] [2016] Saved (standard)
21:06:15 [INFO] [2017] Saved (standard)
21:06:25 [INFO] [2018] Saved (standard)
21:06:36 [INFO] [2019] Saved (standard)
21:06:47 [INFO] [2020] Saved (standard)
21:06:58 [INFO] [2021] Saved (standard)
21:07:09 [INFO] [2022] Saved (standard)
21:07:20 [INFO] [2023] Saved (standard)
21:07:31 [INFO] [2024] Saved (high)
21:07:42 [INFO] [2025] Saved (standard)
21:07:52 [INFO] [2026] Saved (standard)
21:08:03 [INFO] [2027] Saved (standard)
21:08:15 [INFO] [2028] Saved (standard)
21:08:25 [INFO] [2029] Saved (standard)
21:08:36 [INFO] [2030] Saved (standard)
21:08:47 [INFO] [2031] Saved (standard)
21:09:00 [INFO] [2032] Saved (standard)
21:09:11 [INFO] [2033] Saved (standard)
21:09:23 [INFO] [2034] Saved (standard)
21:09:33 [INFO] [2035] Saved (standard)
21:09:43 [INFO] [2036] Saved (standard)
21:09:55 [INFO] [2037] Saved (standard)
21:10:06 [INFO] [2038] Saved (high)
21:10:18 [INFO] [2039] Saved (standard)
21:10:28 [INFO] [2040] Saved (standard)
21:10:39 [INFO] [2041] Saved (standard)
21:10:50 [INFO] [2042] Saved (standard)
21:11:01 [INFO] [2043] Saved (standard)
21:11:12 [INFO] [2044] Saved (standard)
21:11:24 [INFO] [2045] Saved (high)
21:11:35 [INFO] [2046] Saved (standard)
21:11:45 [INFO] [2047] Saved (low)
21:11:55 [INFO] [2048] Saved (standard)
21:12:07 [INFO] [2049] Saved (standard)
21:12:18 [INFO] [2050] Saved (standard)
21:12:31 [INFO] [2051] Saved (standard)
21:12:44 [INFO] [2052] Saved (standard)
21:12:57 [INFO] [2053] Saved (standard)
21:13:08 [INFO] [2054] Saved (standard)
21:13:20 [INFO] [2055] Saved (standard)
21:13:33 [INFO] [2056] Saved (standard)
21:13:46 [INFO] [2057] Saved (standard)
21:13:56 [INFO] [2058] Saved (standard)
21:14:06 [INFO] [2059] Saved (standard)
21:14:16 [INFO] [2060] Saved (standard)
21:14:28 [INFO] [2061] Saved (standard)
21:14:39 [INFO] [2062] Saved (standard)
21:14:50 [INFO] [2063] Saved (standard)
21:15:01 [INFO] [2064] Saved (standard)
21:15:12 [INFO] [2065] Saved (standard)
21:15:23 [INFO] [2066] Saved (high)
21:15:33 [INFO] [2067] Saved (high)
21:15:43 [INFO] [2068] Saved (standard)
21:15:54 [INFO] [2069] Saved (standard)
21:16:07 [INFO] [2070] Saved (high)
21:16:19 [INFO] [2071] Saved (standard)
21:16:29 [INFO] [2072] Saved (standard)
21:16:41 [INFO] [2073] Saved (high)
21:16:52 [INFO] [2074] Saved (high)
21:17:03 [INFO] [2075] Saved (low)
21:17:13 [INFO] [2076] Saved (standard)
21:17:23 [INFO] [2077] Saved (high)
21:17:33 [INFO] [2078] Saved (high)
21:17:43 [INFO] [2079] Saved (standard)
21:17:56 [INFO] [2080] Saved (standard)
21:18:06 [INFO] [2081] Saved (standard)
21:18:16 [INFO] [2082] Saved (standard)
21:18:26 [INFO] [2083] Saved (low)
21:18:36 [INFO] [2084] Saved (high)
21:18:48 [INFO] [2085] Saved (standard)
21:19:00 [INFO] [2086] Saved (standard)
21:19:09 [INFO] [2087] Saved (standard)
21:19:20 [INFO] [2088] Saved (standard)
21:19:30 [INFO] [2089] Saved (standard)
21:19:41 [INFO] [2090] Saved (standard)
21:19:52 [INFO] [2091] Saved (standard)
21:20:02 [INFO] [2092] Saved (standard)
21:20:14 [INFO] [2093] Saved (standard)
21:20:26 [INFO] [2094] Saved (standard)
21:20:37 [INFO] [2095] Saved (standard)
21:20:47 [INFO] [2096] Saved (high)
21:20:58 [INFO] [2097] Saved (standard)
21:21:10 [INFO] [2098] Saved (low)
21:21:22 [INFO] [2099] Saved (standard)
21:21:34 [INFO] [2100] Saved (standard)
21:21:45 [INFO] [2101] Saved (standard)
21:21:57 [INFO] [2102] Saved (standard)
21:22:08 [INFO] [2103] Saved (high)
21:22:21 [INFO] [2104] Saved (standard)
21:22:33 [INFO] [2105] Saved (standard)
21:22:45 [INFO] [2106] Saved (standard)
21:22:57 [INFO] [2107] Saved (standard)
21:23:09 [INFO] [2108] Saved (standard)
21:23:22 [INFO] [2109] Saved (standard)
21:23:34 [INFO] [2110] Saved (standard)
21:23:45 [INFO] [2111] Saved (standard)
21:23:57 [INFO] [2112] Saved (standard)
21:24:09 [INFO] [2113] Saved (high)
21:24:20 [INFO] [2114] Saved (high)
21:24:30 [INFO] [2115] Saved (standard)
21:24:44 [INFO] [2116] Saved (standard)
21:24:56 [INFO] [2117] Saved (standard)
21:25:06 [INFO] [2118] Saved (standard)
21:25:17 [INFO] [2119] Saved (standard)
21:25:29 [INFO] [2120] Saved (standard)
21:25:40 [INFO] [2121] Saved (standard)
21:25:51 [INFO] [2122] Saved (standard)
21:26:03 [INFO] [2123] Saved (high)
21:26:14 [INFO] [2124] Saved (standard)
21:26:26 [INFO] [2125] Saved (standard)
21:26:38 [INFO] [2126] Saved (standard)
21:26:50 [INFO] [2127] Saved (standard)
21:27:02 [INFO] [2128] Saved (standard)
21:27:14 [INFO] [2129] Saved (standard)
21:27:23 [INFO] [2130] Saved (standard)
21:27:35 [INFO] [2131] Saved (standard)
21:27:46 [INFO] [2132] Saved (standard)
21:27:56 [INFO] [2133] Saved (standard)
21:28:07 [INFO] [2134] Saved (standard)
21:28:17 [INFO] [2135] Saved (low)
21:28:30 [INFO] [2136] Saved (standard)
21:28:41 [INFO] [2137] Saved (low)
21:28:53 [INFO] [2138] Saved (standard)
21:29:05 [INFO] [2139] Saved (standard)
21:29:17 [INFO] [2140] Saved (standard)
21:29:29 [INFO] [2141] Saved (standard)
21:29:41 [INFO] [2142] Saved (standard)
21:29:52 [INFO] [2143] Saved (high)
21:30:04 [INFO] [2144] Saved (standard)
21:30:15 [INFO] [2145] Saved (standard)
21:30:25 [INFO] [2146] Saved (standard)
21:30:38 [INFO] [2147] Saved (standard)
21:30:50 [INFO] [2148] Saved (standard)
21:31:02 [INFO] [2149] Saved (standard)
21:31:13 [INFO] [2150] Saved (standard)
21:31:26 [INFO] [2151] Saved (standard)
21:31:38 [INFO] [2152] Saved (standard)
21:31:50 [INFO] [2153] Saved (high)
21:32:02 [INFO] [2154] Saved (standard)
21:32:13 [INFO] [2155] Saved (standard)
21:32:26 [INFO] [2156] Saved (standard)
21:32:37 [INFO] [2157] Saved (standard)
21:32:47 [INFO] [2158] Saved (standard)
21:32:57 [INFO] [2159] Saved (standard)
21:33:10 [INFO] [2160] Saved (standard)
21:33:21 [INFO] [2161] Saved (standard)
21:33:32 [INFO] [2162] Saved (standard)
21:33:45 [INFO] [2163] Saved (standard)
21:33:57 [INFO] [2164] Saved (standard)
21:34:11 [INFO] [2165] Saved (standard)
21:34:26 [INFO] [2166] Saved (standard)
21:34:43 [INFO] [2167] Saved (standard)
21:34:57 [INFO] [2168] Saved (standard)
21:35:15 [INFO] [2169] Saved (standard)
21:35:30 [INFO] [2170] Saved (standard)
21:35:43 [INFO] [2171] Saved (standard)
21:35:58 [INFO] [2172] Saved (standard)
21:36:11 [INFO] [2173] Saved (standard)
21:36:22 [INFO] [2174] Saved (standard)
21:36:34 [INFO] [2175] Saved (standard)
21:36:44 [INFO] [2176] Saved (standard)
21:36:57 [INFO] [2177] Saved (standard)
21:37:08 [INFO] [2178] Saved (standard)
21:37:19 [INFO] [2179] Saved (standard)
21:37:30 [INFO] [2180] Saved (standard)
21:37:41 [INFO] [2181] Saved (standard)
21:37:52 [INFO] [2182] Saved (high)
21:38:02 [INFO] [2183] Saved (standard)
21:38:13 [INFO] [2184] Saved (high)
21:38:25 [INFO] [2185] Saved (standard)
21:38:36 [INFO] [2186] Saved (high)
21:38:46 [INFO] [2187] Saved (standard)
21:38:56 [INFO] [2188] Saved (standard)
21:39:09 [INFO] [2189] Saved (standard)
21:39:20 [INFO] [2190] Saved (low)
21:39:31 [INFO] [2191] Saved (standard)
21:39:43 [INFO] [2192] Saved (standard)
21:39:55 [INFO] [2193] Saved (standard)
21:40:06 [INFO] [2194] Saved (standard)
21:40:16 [INFO] [2195] Saved (standard)
21:40:28 [INFO] [2196] Saved (standard)
21:40:39 [INFO] [2197] Saved (standard)
21:40:51 [INFO] [2198] Saved (standard)
21:41:02 [INFO] [2199] Saved (standard)
21:41:12 [INFO] [2200] Saved (low)
21:41:24 [INFO] [2201] Saved (standard)
21:41:34 [INFO] [2202] Saved (standard)
21:41:44 [INFO] [2203] Saved (standard)
21:41:56 [INFO] [2204] Saved (high)
21:42:07 [INFO] [2205] Saved (standard)
21:42:18 [INFO] [2206] Saved (standard)
21:42:29 [INFO] [2207] Saved (high)
21:42:40 [INFO] [2208] Saved (standard)
21:42:51 [INFO] [2209] Saved (standard)
21:43:02 [INFO] [2210] Saved (standard)
21:43:13 [INFO] [2211] Saved (standard)
21:43:24 [INFO] [2212] Saved (standard)
21:43:35 [INFO] [2213] Saved (standard)
21:43:44 [INFO] [2214] Saved (standard)
21:43:55 [INFO] [2215] Saved (standard)
21:44:08 [INFO] [2216] Saved (standard)
21:44:20 [INFO] [2217] Saved (standard)
21:44:30 [INFO] [2218] Saved (low)
21:44:41 [INFO] [2219] Saved (standard)
21:44:51 [INFO] [2220] Saved (standard)
21:45:01 [INFO] [2221] Saved (high)
21:45:12 [INFO] [2222] Saved (standard)
21:45:22 [INFO] [2223] Saved (standard)
21:45:32 [INFO] [2224] Saved (standard)
21:45:43 [INFO] [2225] Saved (standard)
21:45:54 [INFO] [2226] Saved (standard)
21:46:05 [INFO] [2227] Saved (standard)
21:46:18 [INFO] [2228] Saved (standard)
21:46:29 [INFO] [2229] Saved (high)
21:46:41 [INFO] [2230] Saved (standard)
21:46:50 [INFO] [2231] Saved (standard)
21:47:01 [INFO] [2232] Saved (low)
21:47:13 [INFO] [2233] Saved (standard)
21:47:24 [INFO] [2234] Saved (standard)
21:47:35 [INFO] [2235] Saved (standard)
21:47:46 [INFO] [2236] Saved (standard)
21:47:57 [INFO] [2237] Saved (standard)
21:48:09 [INFO] [2238] Saved (standard)
21:48:19 [INFO] [2239] Saved (standard)
21:48:30 [INFO] [2240] Saved (standard)
21:48:41 [INFO] [2241] Saved (standard)
21:48:51 [INFO] [2242] Saved (standard)
21:49:01 [INFO] [2243] Saved (standard)
21:49:12 [INFO] [2244] Saved (standard)
21:49:24 [INFO] [2245] Saved (standard)
21:49:35 [INFO] [2246] Saved (standard)
21:49:44 [INFO] [2247] Saved (standard)
21:49:57 [INFO] [2248] Saved (standard)
21:50:07 [INFO] [2249] Saved (standard)
21:50:18 [INFO] [2250] Saved (standard)
21:50:29 [INFO] [2251] Saved (standard)
21:50:40 [INFO] [2252] Saved (standard)
21:50:51 [INFO] [2253] Saved (low)
21:51:03 [INFO] [2254] Saved (standard)
21:51:14 [INFO] [2255] Saved (high)
21:51:23 [INFO] [2256] Saved (standard)
21:51:33 [INFO] [2257] Saved (standard)
21:51:44 [INFO] [2258] Saved (standard)
21:51:55 [INFO] [2259] Saved (standard)
21:52:06 [INFO] [2260] Saved (standard)
21:52:17 [INFO] [2261] Saved (standard)
21:52:29 [INFO] [2262] Saved (standard)
21:52:40 [INFO] [2263] Saved (standard)
21:52:49 [INFO] [2264] Saved (standard)
21:52:59 [INFO] [2265] Saved (standard)
21:53:09 [INFO] [2266] Saved (standard)
21:53:18 [INFO] [2267] Saved (standard)
21:53:29 [INFO] [2268] Saved (standard)
21:53:40 [INFO] [2269] Saved (standard)
21:53:50 [INFO] [2270] Saved (standard)
21:54:00 [INFO] [2271] Saved (high)
21:54:11 [INFO] [2272] Saved (standard)
21:54:23 [INFO] [2273] Saved (standard)
21:54:34 [INFO] [2274] Saved (standard)
21:54:45 [INFO] [2275] Saved (standard)
21:54:57 [INFO] [2276] Saved (high)
21:55:07 [INFO] [2277] Saved (standard)
21:55:19 [INFO] [2278] Saved (standard)
21:55:29 [INFO] [2279] Saved (standard)
21:55:39 [INFO] [2280] Saved (standard)
21:55:49 [INFO] [2281] Saved (standard)
21:55:58 [INFO] [2282] Saved (standard)
21:56:08 [INFO] [2283] Saved (standard)
21:56:21 [INFO] [2284] Saved (high)
21:56:32 [INFO] [2285] Saved (high)
21:56:43 [INFO] [2286] Saved (standard)
21:56:54 [INFO] [2287] Saved (standard)
21:57:04 [INFO] [2288] Saved (standard)
21:57:13 [INFO] [2289] Saved (standard)
21:57:24 [INFO] [2290] Saved (standard)
21:57:35 [INFO] [2291] Saved (high)
21:57:46 [INFO] [2292] Saved (standard)
21:57:56 [INFO] [2293] Saved (high)
21:58:09 [INFO] [2294] Saved (standard)
21:58:21 [INFO] [2295] Saved (standard)
21:58:32 [INFO] [2296] Saved (standard)
21:58:42 [INFO] [2297] Saved (standard)
21:58:54 [INFO] [2298] Saved (standard)
21:59:03 [INFO] [2299] Saved (standard)
21:59:13 [INFO] [2300] Saved (standard)
21:59:23 [INFO] [2301] Saved (low)
21:59:33 [INFO] [2302] Saved (standard)
21:59:45 [INFO] [2303] Saved (standard)
21:59:54 [INFO] [2304] Saved (standard)
22:00:06 [INFO] [2305] Saved (standard)
22:00:16 [INFO] [2306] Saved (standard)
22:00:27 [INFO] [2307] Saved (standard)
22:00:36 [INFO] [2308] Saved (standard)
22:00:48 [INFO] [2309] Saved (standard)
22:00:58 [INFO] [2310] Saved (standard)
22:01:09 [INFO] [2311] Saved (standard)
22:01:19 [INFO] [2312] Saved (standard)
22:01:30 [INFO] [2313] Saved (standard)
22:01:40 [INFO] [2314] Saved (standard)
22:01:51 [INFO] [2315] Saved (standard)
22:02:01 [INFO] [2316] Saved (standard)
22:02:13 [INFO] [2317] Saved (standard)
22:02:24 [INFO] [2318] Saved (standard)
22:02:34 [INFO] [2319] Saved (high)
22:02:45 [INFO] [2320] Saved (standard)
22:02:56 [INFO] [2321] Saved (high)
22:03:05 [INFO] [2322] Saved (standard)
22:03:15 [INFO] [2323] Saved (standard)
22:03:26 [INFO] [2324] Saved (standard)
22:03:37 [INFO] [2325] Saved (standard)
22:03:49 [INFO] [2326] Saved (standard)
22:04:01 [INFO] [2327] Saved (standard)
22:04:12 [INFO] [2328] Saved (standard)
22:04:23 [INFO] [2329] Saved (standard)
22:04:33 [INFO] [2330] Saved (standard)
22:04:46 [INFO] [2331] Saved (standard)
22:04:57 [INFO] [2332] Saved (standard)
22:05:08 [INFO] [2333] Saved (standard)
22:05:19 [INFO] [2334] Saved (standard)
22:05:29 [INFO] [2335] Saved (standard)
22:05:40 [INFO] [2336] Saved (high)
22:05:51 [INFO] [2337] Saved (standard)
22:06:01 [INFO] [2338] Saved (standard)
22:06:11 [INFO] [2339] Saved (standard)
22:06:20 [INFO] [2340] Saved (standard)
22:06:30 [INFO] [2341] Saved (standard)
22:06:39 [INFO] [2342] Saved (standard)
22:06:51 [INFO] [2343] Saved (standard)
22:07:02 [INFO] [2344] Saved (high)
22:07:13 [INFO] [2345] Saved (standard)
22:07:23 [INFO] [2346] Saved (standard)
22:07:35 [INFO] [2347] Saved (standard)
22:07:48 [INFO] [2348] Saved (standard)
22:07:58 [INFO] [2349] Saved (standard)
22:08:09 [INFO] [2350] Saved (standard)
22:08:20 [INFO] [2351] Saved (standard)
22:08:31 [INFO] [2352] Saved (standard)
22:08:42 [INFO] [2353] Saved (standard)
22:08:52 [INFO] [2354] Saved (standard)
22:09:03 [INFO] [2355] Saved (standard)
22:09:15 [INFO] [2356] Saved (standard)
22:09:26 [INFO] [2357] Saved (high)
22:09:36 [INFO] [2358] Saved (standard)
22:09:46 [INFO] [2359] Saved (low)
22:09:56 [INFO] [2360] Saved (high)
22:10:06 [INFO] [2361] Saved (standard)
22:10:16 [INFO] [2362] Saved (standard)
22:10:26 [INFO] [2363] Saved (low)
22:10:36 [INFO] [2364] Saved (high)
22:10:45 [INFO] [2365] Saved (standard)
22:10:56 [INFO] [2366] Saved (standard)
22:11:07 [INFO] [2367] Saved (standard)
22:11:19 [INFO] [2368] Saved (standard)
22:11:28 [INFO] [2369] Saved (standard)
22:11:39 [INFO] [2370] Saved (standard)
22:11:56 [INFO] [2371] Saved (standard)
22:12:07 [INFO] [2372] Saved (standard)
22:12:17 [INFO] [2373] Saved (high)
22:12:27 [INFO] [2374] Saved (standard)
22:12:38 [INFO] [2375] Saved (standard)
22:12:51 [INFO] [2376] Saved (standard)
22:13:02 [INFO] [2377] Saved (high)
22:13:12 [INFO] [2378] Saved (standard)
22:13:23 [INFO] [2379] Saved (standard)
22:13:33 [INFO] [2380] Saved (standard)
22:13:44 [INFO] [2381] Saved (standard)
22:13:53 [INFO] [2382] Saved (standard)
22:14:04 [INFO] [2383] Saved (standard)
22:14:14 [INFO] [2384] Saved (standard)
22:14:25 [INFO] [2385] Saved (standard)
22:14:34 [INFO] [2386] Saved (standard)
22:14:45 [INFO] [2387] Saved (standard)
22:14:55 [INFO] [2388] Saved (standard)
22:15:06 [INFO] [2389] Saved (standard)
22:15:16 [INFO] [2390] Saved (standard)
22:15:27 [INFO] [2391] Saved (low)
22:15:36 [INFO] [2392] Saved (standard)
22:15:48 [INFO] [2393] Saved (standard)
22:15:59 [INFO] [2394] Saved (standard)
22:16:12 [INFO] [2395] Saved (standard)
22:16:22 [INFO] [2396] Saved (standard)
22:16:32 [INFO] [2397] Saved (standard)
22:16:43 [INFO] [2398] Saved (standard)
22:16:53 [INFO] [2399] Saved (standard)
22:17:03 [INFO] [2400] Saved (standard)
22:17:13 [INFO] [2401] Saved (standard)
22:17:39 [INFO] [2402] Failed
22:17:50 [INFO] [2403] Saved (standard)
22:18:02 [INFO] [2404] Saved (standard)
22:18:13 [INFO] [2405] Saved (standard)
22:18:24 [INFO] [2406] Saved (standard)
22:18:35 [INFO] [2407] Saved (standard)
22:18:46 [INFO] [2408] Saved (high)
22:18:56 [INFO] [2409] Saved (high)
22:19:06 [INFO] [2410] Saved (standard)
22:19:16 [INFO] [2411] Saved (standard)
22:19:26 [INFO] [2412] Saved (standard)
22:19:38 [INFO] [2413] Saved (standard)
22:19:48 [INFO] [2414] Saved (standard)
22:19:58 [INFO] [2415] Saved (standard)
22:20:12 [INFO] [2416] Saved (standard)
22:20:23 [INFO] [2417] Saved (standard)
22:20:33 [INFO] [2418] Saved (standard)
22:20:45 [INFO] [2419] Saved (standard)
22:20:55 [INFO] [2420] Saved (standard)
22:21:05 [INFO] [2421] Saved (standard)
22:21:14 [INFO] [2422] Saved (high)
22:21:24 [INFO] [2423] Saved (standard)
22:21:34 [INFO] [2424] Saved (standard)
22:21:45 [INFO] [2425] Saved (standard)
22:21:56 [INFO] [2426] Saved (standard)
22:22:06 [INFO] [2427] Saved (standard)
22:22:15 [INFO] [2428] Saved (standard)
22:22:26 [INFO] [2429] Saved (low)
22:22:37 [INFO] [2430] Saved (standard)
22:22:48 [INFO] [2431] Saved (standard)
22:23:00 [INFO] [2432] Saved (standard)
22:23:12 [INFO] [2433] Saved (standard)
22:23:23 [INFO] [2434] Saved (standard)
22:23:37 [INFO] [2435] Saved (high)
22:23:48 [INFO] [2436] Saved (high)
22:24:01 [INFO] [2437] Saved (standard)
22:24:11 [INFO] [2438] Saved (standard)
22:24:21 [INFO] [2439] Saved (standard)
22:24:33 [INFO] [2440] Saved (standard)
22:24:45 [INFO] [2441] Saved (standard)
22:24:58 [INFO] [2442] Saved (standard)
22:25:09 [INFO] [2443] Saved (standard)
22:25:21 [INFO] [2444] Saved (standard)
22:25:33 [INFO] [2445] Saved (standard)
22:25:44 [INFO] [2446] Saved (high)
22:25:54 [INFO] [2447] Saved (standard)
22:26:04 [INFO] [2448] Saved (low)
22:26:15 [INFO] [2449] Saved (standard)
22:26:24 [INFO] [2450] Saved (standard)
22:26:35 [INFO] [2451] Saved (standard)
22:26:48 [INFO] [2452] Saved (standard)
22:27:31 [INFO] [2453] Saved (standard)
22:27:41 [INFO] [2454] Saved (standard)
22:27:51 [INFO] [2455] Saved (standard)
22:28:02 [INFO] [2456] Saved (standard)
22:28:13 [INFO] [2457] Saved (standard)
22:28:25 [INFO] [2458] Saved (standard)
22:28:35 [INFO] [2459] Saved (standard)
22:28:45 [INFO] [2460] Saved (standard)
22:28:56 [INFO] [2461] Saved (high)
22:29:07 [INFO] [2462] Saved (standard)
22:29:17 [INFO] [2463] Saved (standard)
22:29:28 [INFO] [2464] Saved (low)
22:29:39 [INFO] [2465] Saved (standard)
22:29:50 [INFO] [2466] Saved (standard)
22:30:01 [INFO] [2467] Saved (standard)
22:30:13 [INFO] [2468] Saved (standard)
22:30:23 [INFO] [2469] Saved (standard)
22:30:34 [INFO] [2470] Saved (standard)
22:30:45 [INFO] [2471] Saved (standard)
22:30:57 [INFO] [2472] Saved (standard)
22:31:09 [INFO] [2473] Saved (standard)
22:31:19 [INFO] [2474] Saved (standard)
22:31:29 [INFO] [2475] Saved (standard)
22:31:40 [INFO] [2476] Saved (standard)
22:31:51 [INFO] [2477] Saved (standard)
22:32:03 [INFO] [2478] Saved (standard)
22:32:13 [INFO] [2479] Saved (standard)
22:32:24 [INFO] [2480] Saved (standard)
22:32:34 [INFO] [2481] Saved (standard)
22:32:44 [INFO] [2482] Saved (low)
22:32:57 [INFO] [2483] Saved (standard)
22:33:21 [INFO] [2484] Failed
22:33:33 [INFO] [2485] Saved (standard)
22:33:46 [INFO] [2486] Saved (standard)
22:33:58 [INFO] [2487] Saved (standard)
22:34:09 [INFO] [2488] Saved (standard)
22:34:23 [INFO] [2489] Saved (standard)
22:34:34 [INFO] [2490] Saved (standard)
22:34:45 [INFO] [2491] Saved (standard)
22:34:57 [INFO] [2492] Saved (standard)
22:35:09 [INFO] [2493] Saved (standard)
22:35:20 [INFO] [2494] Saved (standard)
22:35:30 [INFO] [2495] Saved (standard)
22:35:43 [INFO] [2496] Saved (standard)
22:35:53 [INFO] [2497] Saved (standard)
22:36:04 [INFO] [2498] Saved (standard)
22:36:16 [INFO] [2499] Saved (standard)
22:36:27 [INFO] [2500] Saved (low)
22:36:38 [INFO] [2501] Saved (standard)
22:36:50 [INFO] [2502] Saved (high)
22:37:02 [INFO] [2503] Saved (standard)
22:37:13 [INFO] [2504] Saved (low)
22:37:23 [INFO] [2505] Saved (standard)
22:37:33 [INFO] [2506] Saved (standard)
22:37:45 [INFO] [2507] Saved (standard)
22:37:56 [INFO] [2508] Saved (high)
22:38:08 [INFO] [2509] Saved (standard)
22:38:17 [INFO] [2510] Saved (standard)
22:38:28 [INFO] [2511] Saved (standard)
22:38:40 [INFO] [2512] Saved (standard)
22:38:51 [INFO] [2513] Saved (standard)
22:39:02 [INFO] [2514] Saved (standard)
22:39:12 [INFO] [2515] Saved (standard)
22:39:23 [INFO] [2516] Saved (standard)
22:39:34 [INFO] [2517] Saved (standard)
22:39:44 [INFO] [2518] Saved (standard)
22:39:55 [INFO] [2519] Saved (standard)
22:40:06 [INFO] [2520] Saved (low)
22:40:17 [INFO] [2521] Saved (standard)
22:40:27 [INFO] [2522] Saved (standard)
22:40:38 [INFO] [2523] Saved (high)
22:40:49 [INFO] [2524] Saved (standard)
22:41:00 [INFO] [2525] Saved (low)
22:41:09 [INFO] [2526] Saved (low)
22:41:20 [INFO] [2527] Saved (standard)
22:41:31 [INFO] [2528] Saved (standard)
22:41:42 [INFO] [2529] Saved (standard)
22:41:53 [INFO] [2530] Saved (standard)
22:42:03 [INFO] [2531] Saved (standard)
22:42:14 [INFO] [2532] Saved (standard)
22:42:16 [WARNING] 429 (rate limited) — waiting 10s before retry
22:42:27 [WARNING] 429 (rate limited) — waiting 20s before retry
22:42:47 [WARNING] 429 (rate limited) — waiting 30s before retry
22:43:17 [INFO] [2533] Failed
22:43:20 [WARNING] 429 (rate limited) — waiting 10s before retry
22:43:31 [WARNING] 429 (rate limited) — waiting 20s before retry
22:43:52 [WARNING] 429 (rate limited) — waiting 30s before retry
22:44:22 [INFO] [2534] Failed
22:44:24 [WARNING] 429 (rate limited) — waiting 10s before retry
22:44:35 [WARNING] 429 (rate limited) — waiting 20s before retry
22:44:56 [WARNING] 429 (rate limited) — waiting 30s before retry
22:45:26 [INFO] [2535] Failed
22:45:28 [WARNING] 429 (rate limited) — waiting 10s before retry
22:45:39 [WARNING] 429 (rate limited) — waiting 20s before retry
22:46:00 [WARNING] 429 (rate limited) — waiting 30s before retry
