fake_title,fake_caption,method
القاهرة تستضيف مؤتمر دولي حول الذكاء الاصطناعي لتعزيز الابتكار في العالم العربي,مشاركون من مختلف الدول العربية خلال جلسة نقاشية في المنتدى الدولي للذكاء الاصطناعي بالعاصمة المصرية القاهرة (الجزيرة),dataset_few_shot_generation
الإمارات تطلق أول مركز دولي للذكاء الاصطناعي في أبوظبي لتعزيز البحث والابتكار,مبنى مركز أبوظبي الدولي للذكاء الاصطناعي خلال حفل الافتتاح بحضور مسؤولين إماراتيين وخبراء عالميين (تصوير وكالة أنباء الإمارات),dataset_few_shot_generation
الإمارات تطلق أول مركز وطني للابتكار في الذكاء الاصطناعي بالتعاون مع جامعة خليفة,فريق من الباحثين الإماراتيين يجرون تجارب عملية داخل مختبر مركز الابتكار الوطني بالذكاء الاصطناعي في أبوظبي (وكالة الأنباء الإماراتية),dataset_few_shot_generation
مؤتمر دولي في دبي يعزز دور الذكاء الاصطناعي في تطوير التعليم,مشاركون يتابعون جلسة نقاش حول تطبيقات الذكاء الاصطناعي في المدارس والجامعات خلال مؤتمر التعليم الرقمي في دبي (وكالة الأنباء الإماراتية),dataset_few_shot_generation
الإمارات تطلق أول برنامج وطني لتعزيز الذكاء الاصطناعي في التعليم,طلاب إماراتيون يستخدمون تقنيات الذكاء الاصطناعي ضمن فصل دراسي حديث في أبوظبي (وام),dataset_few_shot_generation
الإمارات تطلق أول مركز للذكاء الاصطناعي لتطوير حلول التعليم الذكي,افتتاح مركز الإمارات للذكاء الاصطناعي في أبوظبي بحضور وزيرة التربية والتعليم وعدد من خبراء التقنية (وام),dataset_few_shot_generation
الإمارات تطلق أول قمر صناعي رقمي لتعزيز الاتصالات الذكية في الشرق الأوسط,مهندسون إماراتيون يراقبون عملية إطلاق القمر الصناعي الرقمي من مركز محمد بن راشد للفضاء في دبي,dataset_few_shot_generation
انطلاق مهرجان القاهرة الدولي للابتكار التكنولوجي بحضور خبراء عالميين,مشاركون من مختلف الدول يعرضون اختراعاتهم في أحد أجنحة المهرجان بالقاهرة (المركز الإعلامي للمهرجان),dataset_few_shot_generation
الإمارات تطلق أول مركز ابتكار للذكاء الاصطناعي في أبوظبي لتعزيز التحول الرقمي,مبنى مركز الابتكار للذكاء الاصطناعي في أبوظبي خلال حفل افتتاحه بحضور مسؤولي الحكومة والقطاع التقني (وام),dataset_few_shot_generation
اليابان تطلق مشروع قطار فائق السرعة بتقنية مغناطيسية بين طوكيو وناغويا,نموذج قطار مغناطيسي جديد خلال اختباراته في مضمار تجريبي قرب طوكيو (وكالة كيودو),dataset_few_shot_generation
الإمارات تطلق أول مركز وطني للذكاء الاصطناعي لتعزيز الابتكار في قطاع التعليم,وزير التعليم الإماراتي يفتتح مركز الذكاء الاصطناعي الجديد بحضور خبراء تقنيين وممثلي الجامعات المحلية (وام),dataset_few_shot_generation
دبي تطلق أول مركز ذكي للتعليم الافتراضي بهدف تعزيز مهارات المستقبل,طلاب يستخدمون أجهزة الواقع الافتراضي في قاعة تعليمية حديثة بمركز دبي للابتكار الرقمي (وكالة الأنباء الإماراتية),dataset_few_shot_generation
الإمارات تطلق أول مركز ابتكار للذكاء الاصطناعي في الشرق الأوسط لتعزيز البحث العلمي,مقر مركز الابتكار الجديد في دبي يضم مختبرات تقنية حديثة وأجهزة متطورة لاستكشاف تطبيقات الذكاء الاصطناعي (وام),dataset_few_shot_generation
طوكيو تتصدر سباق المدن الذكية بتقنيات النقل المستدامة الجديدة,قطار كهربائي حديث يمر عبر مركز مدينة طوكيو وسط مبانٍ عالية التقنية تظهر شاشات ذكية توفر معلومات للمسافرين (تصوير وكالة أنباء كيودو),dataset_few_shot_generation
الإمارات تطلق أول منصة تعليمية رقمية لتدريب الشباب على الابتكار وريادة الأعمال,حضور حفل إطلاق المنصة في دبي بحضور وزيرة التعليم الإماراتية وعدد من رواد الأعمال الشباب (وام),dataset_few_shot_generation
الإمارات تطلق أول مشروع للطاقة النووية السلمية في الشرق الأوسط بحلول 2026,مفاعل الطاقة النووية الجديد بالقرب من مدينة أبوظبي تحت الإنشاء (تصوير وكالة الطاقة الإماراتية),dataset_few_shot_generation
دبي تطلق مشروعاً طموحاً لتحويل المدينة إلى مركز عالمي للذكاء الاصطناعي بحلول 2030,مبنى مركز دبي للابتكار حيث يعقد مؤتمر إطلاق الاستراتيجية الجديدة للذكاء الاصطناعي بحضور مسؤولين وتقنيين (تصوير محمد الكعبي),dataset_few_shot_generation
القاهرة تطلق مبادرة وطنية لتعزيز التعليم الرقمي في المدارس الحكومية,طلاب مدرسة حكومية بالقاهرة يستخدمون أجهزة لوحية ضمن برنامج التعليم الرقمي الجديد (المصرية),dataset_few_shot_generation
مصر تطلق أول مركز وطني للذكاء الاصطناعي لتعزيز الابتكار التكنولوجي,وزير الاتصالات المصري يفتتح مركز الذكاء الاصطناعي الجديد بالقاهرة بحضور نخبة من الخبراء والمطورين (موقع وزارة الاتصالات المصرية),dataset_few_shot_generation
دبي تطلق أول مدينة ذكية تعتمد بالكامل على الطاقة النظيفة بحلول 2030,منظر جوي لمجمع المباني الذكية والمزارع الشمسية في دبي خلال أعمال الإنشاءات (وكالة الأنباء الإماراتية),dataset_few_shot_generation
دبي تطلق أول محطة شحن للطائرات الكهربائية استعدادًا لعصر الطيران المستدام,مهندسون يعملون على تركيب أول شاحن كهربائي للطائرات في مطار دبي الدولي، مما يمثل خطوة نوعية نحو تقليل انبعاثات الكربون في قطاع الطيران (رويترز),dataset_few_shot_generation
السعودية تطلق مركزًا جديدًا للبحوث الزراعية لتعزيز الأمن الغذائي,باحثون سعوديون يعملون على تطوير تقنيات زراعية حديثة بمركز الأبحاث في الرياض (واس),dataset_few_shot_generation
الإمارات تطلق أول مركز للذكاء الاصطناعي في أبوظبي لتعزيز الابتكار الوطني,مبنى المركز التكنولوجي الجديد في أبوظبي مزدان بشعار الذكاء الاصطناعي خلال حفل الافتتاح الرسمي بحضور كبار المسؤولين (وام),dataset_few_shot_generation
اليابان تطلق أول قمر صناعي زراعي لتعزيز الأمن الغذائي,مهندسون يابانيون يراجعون بيانات إطلاق القمر الصناعي الزراعي الجديد من مركز فضاء تسوشيما (وكالة الفضاء اليابانية),dataset_few_shot_generation
الإمارات تطلق أول قمر صناعي زراعي لتعزيز الأمن الغذائي في المنطقة,مهندسون إماراتيون يراقبون بيانات القمر الصناعي الزراعي الجديد من داخل مركز التحكم في أبوظبي (وكالة الأنباء الإماراتية),dataset_few_shot_generation
دبي تطلق أول منصة ذكية لتعليم الفنون الرقمية بتقنيات الواقع المعزز,مختبر تفاعلي في أكاديمية دبي للفنون الرقمية يظهر طلاباً يستخدمون نظارات الواقع المعزز أثناء إبداع أعمال فنية مبتكرة (أكاديمية دبي),dataset_few_shot_generation
الإمارات تطلق أول مصنع ذكي للطائرات الكهربائية لتعزيز الاستدامة في النقل الجوي,طائرة كهربائية حديثة تقلع من مدرج المصنع الذكي في أبوظبي، ضمن جهود الإمارات للانتقال إلى طاقة نظيفة في قطاع الطيران (وام),dataset_few_shot_generation
دبي تعتمد استراتيجية جديدة لتعزيز الاستدامة في قطاعات الطاقة والنقل بحلول 2030,منظر جوي لمحطة شمسية حديثة ومحطات شحن سيارات كهربائية في منطقة جبل علي بدبي (وكالة الإمارات للأنباء),dataset_few_shot_generation
دبي تطلق أول مركز ابتكار في الطاقة المتجددة لتعزيز الاستدامة,فريق من المهندسين والعلماء يعملون على نماذج خلايا شمسية مبتكرة داخل مركز الابتكار الجديد في دبي (وكالة الأنباء الإماراتية),dataset_few_shot_generation
إطلاق أول قمر صناعي إماراتي متخصص في مراقبة التغير المناخي,القمر الصناعي الإماراتي الجديد أثناء التحميل في مركز إطلاق الأقمار بدبي، استعداداً لإرساله إلى مدار الأرض (وكالة الإمارات للفضاء),dataset_few_shot_generation
الإمارات تعتمد استراتيجية وطنية لتعزيز التعليم التقني والابتكار حتى 2030,طلاب في مختبر تكنولوجيا متقدم داخل إحدى جامعات الإمارات المشاركة في ورشة عمل تطبيقية على الروبوتات (وام),dataset_few_shot_generation
تونس تطلق حملة واسعة لتعزيز التعليم الرقمي في المدارس الحكومية,مجموعة من الطلاب في مدرسة تونسية يستخدمون أجهزة لوحية حديثة ضمن مبادرة الحكومة لتعزيز التعليم الرقمي (وكالة تونس أفريقيا للأنباء),dataset_few_shot_generation
دبي تستعرض أحدث تكنولوجيا الطاقة النظيفة في مؤتمر دولي,جناح عرض مبتكر للطاقة الشمسية خلال فعاليات مؤتمر التكنولوجيا البيئية بدبي، أبريل 2026 (وكالة فرانس برس),dataset_few_shot_generation
دبي تستضيف مؤتمر عالمي للابتكار في الذكاء الاصطناعي وتعزيز الاقتصاد الرقمي,مشاركون من مختلف الدول يتفاعلون خلال جلسة حوارية في قاعة المؤتمرات بمركز دبي التجاري العالمي (رويترز),dataset_few_shot_generation
إطلاق أول مركز تكنولوجيا زراعية ذكي في كينيا لدعم المزارعين الصغار,عرض توضيحي لنظام الزراعة الذكي المتطور خلال افتتاح المركز في نيروبي (وكالة رويترز),dataset_few_shot_generation
الإمارات تطلق أول قمر صناعي بيئي لمراقبة التغيرات المناخية في الخليج,مهندسون إماراتيون يراقبون عمليات إطلاق القمر الصناعي البيئي من مركز محمد بن راشد للفضاء في دبي (وام),dataset_few_shot_generation
الإمارات تطلق مبادرة وطنية لتعزيز التعليم التقني في المدارس الحكومية,طلاب إماراتيون يعملون على روبوتات تعليمية ضمن ورشة تقنية في إحدى المدارس الحكومية بأبوظبي (وام),dataset_few_shot_generation
بدء تشغيل أول مصنع للطباعة الثلاثية الأبعاد في القاهرة لتحويل قطاع البناء,مهندسون يعملون على طابعة ثلاثية الأبعاد ضخمة تقوم ببناء نموذج مبنى سكني في مصنع حديث بالقاهرة (رويترز),dataset_few_shot_generation
مصر تطلق مشروع الطاقة الشمسية الأكبر في إفريقيا لتعزيز الاستدامة,موقع محطة الطاقة الشمسية في محافظة أسوان بمصر خلال تركيب الألواح الشمسية الضخمة (رويترز),dataset_few_shot_generation
طهران تتبنى استراتيجية جديدة لتعزيز التعليم التقني والابتكار,طلاب في مختبر تكنولوجيا متقدمة بجامعة طهران أثناء تجربة مشروع روبوتي حديث (وكالة مهر),dataset_few_shot_generation
مصر تطلق أول مصنع للطاقة الشمسية المركزة في الصحراء الغربية لتعزيز الاستدامة,مهندسون مصريون يشرفون على تركيب ألواح الطاقة الشمسية المركزة في موقع المصنع الجديد بالصحراء الغربية (وكالة الأنباء المصرية),dataset_few_shot_generation
الإمارات تطلق أول مركز ذكاء اصطناعي متخصص في الرعاية الصحية بأبوظبي,واجهة مركز الإمارات للذكاء الاصطناعي في الرعاية الصحية، يظهر أحدث تجهيزات تقنية متطورة داخل المبنى وسط العاصمة أبوظبي (وام),dataset_few_shot_generation
دبي تطلق أول مركز للذكاء الاصطناعي في التعليم لتعزيز الابتكار التعليمي,فريق من المختصين أثناء افتتاح مركز الذكاء الاصطناعي للتعليم في دبي بحضور مسؤولين وهيئات تعليمية (وكالة تصوير محلية),dataset_few_shot_generation
دبي تستضيف أول مؤتمر عالمي للطاقة النظيفة وسط آمال بتسريع التحول الأخضر,برج خليفة يضيء بألوان الشعار الرسمي لمؤتمر الطاقة النظيفة الدولي في دبي (الوكالة الوطنية),dataset_few_shot_generation
الإمارات تطلق أول مركز دولي للذكاء الاصطناعي الصحي بأبوظبي لتعزيز الرعاية الطبية,فريق طبي يستخدم تقنيات الذكاء الاصطناعي لتحليل بيانات المرضى داخل مركز الذكاء الاصطناعي الصحي الجديد في أبوظبي (وكالة الإمارات للأنباء),dataset_few_shot_generation
انطلاق أول مبادرة زراعية ذكية في القاهرة لتحسين إنتاج المحاصيل,مزارعون يستخدمون تقنيات الري الذكية في أحد الحقول التجريبية بمصر ضمن مشروع التحول الزراعي الرقمي (الشرق الأوسط),dataset_few_shot_generation
الإمارات تطلق أول قمر صناعي زراعي لمراقبة الأراضي وتحسين الإنتاجية,مركز عمليات الإمارات الفضائي يرصد بيانات القمر الصناعي الجديد لتعزيز إدارة الموارد الزراعية في الدولة (وكالة أنباء الإمارات),dataset_few_shot_generation
إطلاق أول قطار كهربائي فائق السرعة بين القاهرة والإسكندرية بحلول 2025,صورة لقطار كهربائي حديث يتحرك بسرعة عالية على سكة حديد جديدة بالقرب من ضفاف النيل في مصر,dataset_few_shot_generation
اليابان تطلق أول مركبة فضائية ذكية لاستكشاف كويكب جديد بحلول 2026,مركبة فضائية يابانية حديثة تحلق فوق الأرض استعداداً لمهمة استكشاف كويكب في الفضاء العميق (وكالة الفضاء اليابانية),dataset_few_shot_generation
العاصمة الفرنسية تستعد لاستقبال أكبر مهرجان تكنولوجيا متقدمة في أوروبا,جناح عرض يضم أحدث الابتكارات الروبوتية خلال التحضيرات لمهرجان التكنولوجيا في باريس (فرانس برس),dataset_few_shot_generation
الإمارات تطلق أول قمر صناعي مزود بتقنية الذكاء الاصطناعي لتعزيز مراقبة البيئة,القمر الصناعي الإماراتي الجديد أثناء الانطلاق من مركز محمد بن راشد للفضاء في دبي (وام),dataset_few_shot_generation
اكتشاف تقنية جديدة تعزز إنتاج الطاقة الشمسية في المغرب بنسبة 40%,مهندسون مغاربة يختبرون ألواح شمسية مبتكرة ضمن مختبر متقدم في الرباط (وكالة المغرب العربي للأنباء),dataset_few_shot_generation
إطلاق أول مركز بحثي للطاقة المتجددة في المغرب لتعزيز التنمية المستدامة,باحثون مغاربة يجرون تجارب على ألواح شمسية داخل مختبر مركز الطاقة المتجددة في الرباط,dataset_few_shot_generation
انطلاق مؤتمر عالمي للتقنيات النظيفة في دبي يسلط الضوء على الابتكارات المستدامة,منصة العرض الرئيسية في قصر المؤتمرات بدبي خلال افتتاح مؤتمر التكنولوجيا البيئية بحضور خبراء دوليين (الجزيرة),dataset_few_shot_generation
الإمارات تطلق أول قمر صناعي عربي لمراقبة التغيرات المناخية بدقة متناهية,مقر مركز الفضاء الإماراتي أثناء احتفال إطلاق القمر الصناعي الجديد (وام),dataset_few_shot_generation
الإمارات تطلق أول مشروع زراعي ذكي يعتمد على الذكاء الاصطناعي لتحسين الأمن الغذائي,روبوت زراعي يعمل على فحص النباتات في مزرعة ذكية بمدينة أبوظبي باستخدام تقنيات الذكاء الاصطناعي (وكالة الإمارات للأنباء),dataset_few_shot_generation
دبي تطلق أول مركز للذكاء الاصطناعي في التعليم لتعزيز التعلم التفاعلي,طلاب يشاركون في تجربة تفاعلية ضمن أول مركز للذكاء الاصطناعي في التعليم بدبي، حيث تستخدم تقنيات حديثة لتحسين مهارات التفكير النقدي (وكالة دبي للإعلام),dataset_few_shot_generation
الأردن يطلق مشروعًا وطنيًا للطاقة الشمسية لتعزيز الاستقلالية الكهربائية بحلول 2030,محطات طاقة شمسية حديثة على أطراف مدينة العقبة، تظهر الألواح تلتقط أشعة الشمس وسط سماء صافية (وكالة الأنباء الأردنية),dataset_few_shot_generation
إطلاق أول قمر صناعي إماراتي للاتصالات الفضائية يعزز قدرات التنقل الرقمي في الشرق الأوسط,المهندسون يحتفلون بإطلاق القمر الصناعي الإماراتي الجديد من مركز محمد بن راشد للفضاء في دبي، مع خلفية لصاروخ يحمل القمر إلى المدار الأرضي (وكالة الإمارات للفضاء),dataset_few_shot_generation
طفرات في الذكاء الاصطناعي تعيد تشكيل مستقبل التعليم في دبي,طلاب في مدرسة دبي يستخدمون نظارات الواقع الافتراضي خلال درس تفاعلي يعتمد على تقنيات الذكاء الاصطناعي (وام),dataset_few_shot_generation
إطلاق أول قمر صناعي إماراتي مخصص لمراقبة البيئة البحرية في الخليج العربي,صاروخ الفضاء الإماراتي يحمل القمر الصناعي البيئي خلال لحظات الإطلاق من مركز محمد بن راشد للفضاء في دبي (وام),dataset_few_shot_generation
الإمارات تطلق أول قمر صناعي مخصص لمراقبة التغير المناخي في منطقة الخليج,"القمر الصناعي ""بيئة-1"" ينطلق من مركز محمد بن راشد للفضاء في دبي، حاملاً معدات رصد متطورة لمتابعة التحولات البيئية بالمنطقة (وكالة الإمارات للفضاء)",dataset_few_shot_generation
الإمارات تطلق أول قمر صناعي يعمل بالطاقة الشمسية لتعزيز الاتصالات الفضائية,وزير التكنولوجيا الإماراتي خلال مراسم إطلاق القمر الصناعي في مركز محمد بن راشد للفضاء (وام),dataset_few_shot_generation
دبي تطلق أول مركز ابتكار للطاقة النظيفة لتعزيز الاستدامة في الخليج,مبنى مركز الابتكار الجديد في دبي يضم مختبرات تكنولوجية متقدمة للطاقة المتجددة (وكالة الإمارات للأنباء),dataset_few_shot_generation
انطلاق مبادرة زراعية ذكية في المغرب لتعزيز الأمن الغذائي والمياه,مزارعون مغاربة يستخدمون أجهزة استشعار ذكية لرصد رطوبة التربة في حقول الزراعة قرب مراكش (وكالة الأناضول),dataset_few_shot_generation
الإمارات تطلق أول مركز أبحاث وطني للطاقة المتجددة في أبوظبي,مبنى مركز الأبحاث الوطني الجديد في أبوظبي، مزود بألواح شمسية وأجهزة مراقبة متطورة لاختبار تقنيات الطاقة النظيفة (وكالة الأنباء الإماراتية),dataset_few_shot_generation
السلطات السعودية تطلق مشروعًا طموحًا لتحويل النفايات إلى طاقة متجددة بحلول 2030,مصنع معالجة النفايات الصلبة في جدة يستخدم تقنيات حديثة لتحويل المخلفات إلى طاقة كهربائية نظيفة (واس),dataset_few_shot_generation
إطلاق مشروع زراعي ذكي في المغرب لتعزيز الأمن الغذائي وتنمية الريف,مزارع مغربي يستخدم جهازاً لوحيًا لمراقبة المحاصيل في مزرعة حديثة بمحافظة الجديدة (وكالة المغرب للمزارع الذكية),dataset_few_shot_generation
انطلاق أول محطة طاقة شمسية عملاقة في الأردن لتعزيز الاعتماد على الطاقة المتجددة,مهندسون يراقبون تشغيل الألواح الشمسية في محطة الأمانة للطاقة الشمسية جنوب عمّان (وكالة الأنباء الأردنية),dataset_few_shot_generation
الإمارات تطلق أول منصة ذكية لإدارة الطوارئ لتعزيز استجابة الكوارث,فريق من مهندسي الطوارئ في مركز العمليات الذكي بأبوظبي يراقب بيانات الكوارث عبر شاشات متطورة (وزارة الداخلية الإماراتية),dataset_few_shot_generation
انطلاق أول مختبر ذكي للذكاء الاصطناعي في جامعة القاهرة لتعزيز البحث العلمي,باحثون وفنيون خلال تدشين المختبر الذكي للذكاء الاصطناعي في جامعة القاهرة، مزود بأحدث التقنيات والحواسيب المتطورة (الجزيرة),dataset_few_shot_generation
دبي تطلق أول مركز للابتكار في الذكاء الاصطناعي لتعزيز الاقتصاد الرقمي,مبنى مركز الابتكار في الذكاء الاصطناعي بدبي خلال حفل الافتتاح بحضور مسؤولين حكوميين وخبراء تقنية (وام),dataset_few_shot_generation
إطلاق أكبر مركز بحوث الذكاء الاصطناعي في الرياض لتعزيز الابتكار التقني,فريق من الباحثين السعوديين يعملون على تطوير نماذج الذكاء الاصطناعي في مختبرات مركز الرياض للابتكار التكنولوجي (واس - 2025),dataset_few_shot_generation
الإمارات تطلق مبادرة وطنية لتعزيز الذكاء الاصطناعي في التعليم بحلول 2030,وزير التربية والتعليم الإماراتي يعلن عن الشراكة مع شركات تقنية محلية لتعزيز المحتوى الرقمي في المدارس الحكومية بأبوظبي (وام),dataset_few_shot_generation
الإمارات تطلق أول مبادرة وطنية لدعم الابتكار في الطاقة المتجددة,مهندسون إماراتيون يعملون على تركيب ألواح شمسية في محطة للطاقة الشمسية بمدينة أبوظبي ضمن مشروع وطني لتعزيز مصادر الطاقة النظيفة (وام),dataset_few_shot_generation
ارتفاع ملحوظ في استثمارات الطاقة المتجددة في المغرب خلال 2024,محطة شمسية حديثة في منطقة ورزازات تغذي الشبكة الكهربائية بطاقة متجددة متزايدة (وكالة المغرب العربي للأنباء),dataset_few_shot_generation
اليابان تطلق أول قمر صناعي زراعي لتعزيز الأمن الغذائي بحلول 2030,قمر صناعي حديث يحلق في مدار أرضي منخفض، مزود بأجهزة استشعار متطورة لمراقبة المحاصيل الزراعية في اليابان (وكالة الفضاء اليابانية),dataset_few_shot_generation
الإمارات تطلق أول مركز للذكاء الاصطناعي والروبوتات في منطقة الشرق الأوسط,روبوت متطور يستعرض قدراته في مركز الذكاء الاصطناعي الجديد بدبي أمام حضور من العلماء والمهندسين الإماراتيين (وام),dataset_few_shot_generation
دبي تطلق أول معرض دولي لتقنيات الذكاء الاصطناعي في مجال الصحة بحضور عالمي,جناح حديث يعرض أحدث الابتكارات في الذكاء الاصطناعي لتحليل الصور الطبية خلال معرض الصحة الرقمي في دبي (وام),dataset_few_shot_generation
الإمارات تطلق أول محطة طاقة شمسية بحرية في أبوظبي لتعزيز الاستدامة,مهندسون يعملون على تركيب الألواح الشمسية العائمة قبالة ساحل أبوظبي في مشروع الطاقة المتجددة الجديد (وام),dataset_few_shot_generation
الإمارات تطلق أول مشروع وطني للطاقة الشمسية في منطقة الظفرة لتعزيز الاستدامة,محطة ضخمة لتوليد الكهرباء من الطاقة الشمسية في صحراء الظفرة خلال فترة الغروب، تعكس التزام الإمارات بالتحول الأخضر (هيئة الطاقة في الإمارات),dataset_few_shot_generation
طوكيو تطلق خطة شاملة لتعزيز التعليم الرقمي في المدارس الابتدائية بحلول 2030,طلاب يشاركون في درس تفاعلي باستخدام أجهزة لوحية ضمن الصفوف الابتدائية في طوكيو، اليابان (رويترز),dataset_few_shot_generation
الإمارات تطلق أول محطة للطاقة الشمسية العائمة في دبي لتعزيز الاستدامة,منظر جوي لمحطة الطاقة الشمسية العائمة على مياه الخور في دبي، تُظهر الألواح الشمسية المزروعة فوق المياه (وكالة أنباء الإمارات).,dataset_few_shot_generation
الإمارات تطلق أول مبادرة وطنية للذكاء الاصطناعي في التعليم بحلول 2025,وزير التربية والتعليم الإماراتي يعلن إطلاق مشروع شامل لتضمين تقنيات الذكاء الاصطناعي في المدارس الحكومية والخاصة خلال مؤتمر صحفي في أبوظبي (وام),dataset_few_shot_generation
"إطلاق منصات تعليمية مبتكرة لتعزيز التعلم عن بعد""",طلاب مصريون يستخدمون أجهزة لوحية في فصل دراسي افتراضي ضمن برنامج التعليم الرقمي الجديد بالقاهرة (وزارة التربية والتعليم المصرية),dataset_few_shot_generation
الإمارات تطلق أول مركز وطني للذكاء الاصطناعي لتعزيز الابتكار والتنافسية الاقتصادية,افتتاح مركز الإمارات الوطني للذكاء الاصطناعي بحضور مسؤولين حكوميين وخبراء تقنيين في أبوظبي (الوكالة الوطنية),dataset_few_shot_generation
الإمارات تطلق أول مركز متكامل للتقنيات الحيوية في الشرق الأوسط بحلول 2025,منظر جوي لمقر المركز الجديد في دبي مع فريق من العلماء العرب أثناء تجربة مختبرية (وام),dataset_few_shot_generation
الإمارات تطلق أول مركز دولي للذكاء الاصطناعي في أبوظبي,المبنى الحديث لمركز الإمارات الدولي للذكاء الاصطناعي في العاصمة أبوظبي، مزود بأحدث التقنيات البحثية (وام),dataset_few_shot_generation
الإمارات تطلق أول مبادرة وطنية لتعزيز التعليم البيئي في المدارس,وزير التربية الإماراتي خلال حفل تدشين برنامج التعليم البيئي بحضور معلمين وطلاب من مختلف الإمارات (وام),dataset_few_shot_generation
مصر تعلن إطلاق مبادرة وطنية لتعزيز التعليم الفني وتدريب الشباب خلال 2024,وزير التعليم الفني المصري يفتتح ورشة تدريب مهني في القاهرة بحضور مسؤولين حكوميين وأساتذة مختصين (وكالة أنباء مصرية),dataset_few_shot_generation
الإمارات تطلق مبادرة ذكية لتحسين جودة التعليم في المدارس الحكومية بحلول 2030,طلاب يستخدمون أجهزة لوحية في فصل دراسي حديث ضمن إحدى مدارس دبي الذكية (وكالة أنباء الإمارات),dataset_few_shot_generation
الإمارات تطلق مشروعاً طموحاً لتحلية مياه البحر باستخدام الطاقة الشمسية في أبوظبي,محطة التحلية الجديدة في أبوظبي تعمل بطاقة شمسية لتوفير مياه نظيفة ومستدامة للسكان والقطاعات الحيوية (وكالة أنباء الإمارات),dataset_few_shot_generation
الإمارات تطلق أول محطة طاقة شمسية عائمة لتعزيز الاستدامة في أبوظبي,مصفوفات ألواح شمسية عائمة على مياه بحيرة في أبوظبي، ضمن مشروع الطاقة النظيفة الجديد (تصوير وكالة الإمارات المتحدة),dataset_few_shot_generation
انطلاق أول مركز تكنولوجيا زراعية ذكي في مراكش لتعزيز الأمن الغذائي بالمغرب,فريق من المهندسين والفنيين يراجعون بيانات الحساسات الإلكترونية داخل أحد المزارع الذكية في المركز الجديد بمراكش (رويترز),dataset_few_shot_generation
الإمارات تطلق أول مركز بحثي لإعادة تدوير النفايات الإلكترونية بدبي,باحثون يعملون في مختبر حديث بمركز البحث الجديد لإدارة النفايات الإلكترونية في دبي، حيث يتم تطوير تقنيات مبتكرة لإعادة التدوير المستدام (وام),dataset_few_shot_generation
"""تونس تطلق أول مشروع للطاقة الشمسية العائمة بهدف تعزيز الاستدامة""",مهندسون تونسيون يتفقدون ألواح الطاقة الشمسية المثبتة على بحيرة في منطقة سيدي بوزيد (وكالة تونس للأنباء),dataset_few_shot_generation
طوكيو تطلق مبادرة تعليمية رقمية لتعزيز مهارات البرمجة في المدارس الحكومية,وزير التعليم الياباني يشارك في مراسم افتتاح البرنامج التدريبي للتلاميذ في إحدى المدارس بطوكيو (وكالة كيودو),dataset_few_shot_generation
قطر تطلق مشروعًا طموحًا للزراعة العمودية بتقنيات حديثة في الدوحة,أحد المزارع العمودية الذكية في مدينة الدوحة يستخدم أحدث أنظمة الري والتغذية النباتية (وكالة الأنباء القطرية),dataset_few_shot_generation
تونس تستعد لإطلاق استراتيجية وطنية للطاقة المتجددة بحلول 2030,مشروع توربينات رياح على الساحل الشرقي لتونس ضمن برنامج تطوير مصادر الطاقة النظيفة (وكالة تونس للأنباء),dataset_few_shot_generation
الإمارات تطلق أول مركز ابتكار لتقنيات الطاقة النظيفة في منطقة الشرق الأوسط,منصة الاحتفال بافتتاح مركز الابتكار الجديد في أبوظبي بحضور كبار المسؤولين والخبراء التقنيين (وام),dataset_few_shot_generation
انطلاق أول مؤتمر دولي للطاقة المتجددة في الدوحة بحضور خبراء عالميين,المشاركون يتبادلون الآراء والابتكارات خلال جلسة افتتاح مؤتمر الطاقة المتجددة في مركز المؤتمرات بالدوحة (الجزيرة),dataset_few_shot_generation
دبي تطلق أول حافلات كهربائية ذاتية القيادة بهدف خفض الانبعاثات بحلول 2030,حافلة كهربائية حديثة تسير ذاتياً في شارع رئيسي بمدينة دبي ضمن مشروع النقل الذكي (وكالة الأنباء الإماراتية),dataset_few_shot_generation
الإمارات تطلق أول مركز ذكاء اصطناعي لتعزيز الابتكار في أبوظبي,مبنى مركز الإمارات للذكاء الاصطناعي في أبوظبي، خلال حفل الافتتاح الرسمي بحضور كبار المسؤولين (وام),dataset_few_shot_generation
دبي تطلق منصة تعليمية ذكية لتعزيز مهارات الطلاب في البرمجة والذكاء الاصطناعي,طلاب في مدرسة دبي يستخدمون حواسيب محمولة ضمن ورشة عمل تفاعلية في مجال البرمجة والذكاء الاصطناعي (تصوير وزارة التربية والتعليم بدبي),dataset_few_shot_generation
إطلاق مشروع قطار كهربائي فائق السرعة يربط بين دبي وأبوظبي بحلول 2028,قطار كهربائي حديث يصل إلى محطة في دبي وسط حفاوة استقبال واسعة (تصوير وكالة الإمارات للأنباء),dataset_few_shot_generation
دبي تتصدر قائمة المدن الذكية في الشرق الأوسط مع إطلاق منصة وطنية للذكاء الاصطناعي,"مبنى ""مركز دبي للذكاء الاصطناعي"" في منطقة الخليج التجاري يستضيف فعاليات إطلاق المنصة الجديدة (وام)",dataset_few_shot_generation
إطلاق مشروع زراعة حضرية في القاهرة لتحسين الأمن الغذائي وتقليل التلوث,مزارعون حضريون يعتنون بمحاصيل خضراء في أسطح مبانٍ بالقاهرة ضمن مبادرة الزراعة المستدامة (وكالة الأناضول),dataset_few_shot_generation
"الكويت تعلن إطلاق مشروع ""المدن الذكية"" لتعزيز التنمية المستدامة بحلول 2030",منظر جوي لموقع إنشاء البنية التحتية لمدينة ذكية حديثة وسط الصحراء الكويتية، تظهر آليات البناء والتقنيات المتطورة المستخدمة (وكالة الأنباء الكويتية),dataset_few_shot_generation
اليابان تعتمد استراتيجية جديدة لتعزيز الابتكار في مجال الطاقة المتجددة بحلول 2030,وزير الاقتصاد الياباني خلال مؤتمر صحفي يعلن عن خطة وطنية لتطوير مشاريع الطاقة الشمسية والرياح (وكالة كيودو),dataset_few_shot_generation
دبي تطلق أول مركز ابتكار للذكاء الاصطناعي في الشرق الأوسط,وكالة الأنباء الإماراتية),dataset_few_shot_generation
الإمارات تطلق مبادرة وطنية لتعزيز الذكاء الاصطناعي في التعليم,طلاب في جامعة خليفة بأبوظبي يستخدمون أجهزة لوحية خلال جلسة تدريبية على تقنيات الذكاء الاصطناعي (وام),dataset_few_shot_generation
الإمارات تطلق أكبر مركز للذكاء الاصطناعي في الشرق الأوسط لتعزيز الابتكار التقني,مقر مركز الذكاء الاصطناعي الجديد في دبي يضيء بألوان مستقبلية خلال حفل الافتتاح الرسمي (وكالة أنباء الإمارات),dataset_few_shot_generation
السعودية تطلق مشروع “المدينة الذكية” في جدة لتعزيز الابتكار وجودة الحياة,منظر جوي لموقع المشروع في جدة يظهر مبانٍ حديثة ومناطق خضراء واسعة ضمن خطة التنمية العمرانية (الرياض),dataset_few_shot_generation
دبي تطلق أول مركز ابتكار للطاقة النظيفة في الشرق الأوسط بحلول 2025,وكالة الأنباء الإماراتية),dataset_few_shot_generation
دبي تطلق أول مركز ذكاء اصطناعي لتحليل البيانات الصحية وتعزيز التشخيص الطبي,مختبر حديث في دبي يضم أجهزة تحليل بيانات متطورة يستخدمها أطباء في متابعة حالات المرضى عبر تقنيات الذكاء الاصطناعي (تصوير محلي),dataset_few_shot_generation
انطلاق أول مبادرة تعليمية رقمية في تونس لتعزيز مهارات الشباب,طلاب تونسيون يتابعون دروسًا تفاعلية عبر اللوح الذكي في مدرسة بالعاصمة تونس ضمن مبادرة التعليم الرقمي الجديدة (تصوير وزارة التربية التونسية),dataset_few_shot_generation
تونس تطلق أول منصة رقمية للتعلم الذكي تدعم التعليم عن بعد بجودة عالية,طلاب تونسيون يستخدمون أجهزة الحواسيب المحمولة في قاعة دراسية افتراضية ضمن منصة التعليم الذكي الجديدة (الجزيرة),dataset_few_shot_generation
الإمارات تطلق أول مركز للذكاء الاصطناعي في الشرق الأوسط لتعزيز البحث والابتكار,مبنى مركز الإمارات للذكاء الاصطناعي في أبوظبي يضم مختبرات حديثة وأجهزة متطورة لدعم المشاريع المستقبلية (تصوير خاص),dataset_few_shot_generation
الحكومة المغربية تطلق استراتيجية شاملة لتعزيز التعليم التقني والمهني بحلول 2030,وزير التعليم العالي المغربي يفتتح ورشة عمل وطنية حول تطوير التعليم التقني في الرباط (وزارة التربية الوطنية),dataset_few_shot_generation
الرياض تستضيف مؤتمر الطاقة النظيفة لتعزيز التعاون الخليجي في مواجهة التغير المناخي,قادة ومسؤولون خليجيون خلال جلسة افتتاحية لمؤتمر الطاقة المتجددة في الرياض، حيث يناقشون استراتيجيات حماية البيئة (واس),dataset_few_shot_generation
الإمارات تطلق أول قمر صناعي تعليمي لدعم الشباب في مجال الفضاء والتكنولوجيا,صاروخ يحمل القمر الصناعي الإماراتي أثناء إطلاقه من مركز محمد بن راشد للفضاء في دبي (وكالة الإمارات الفضائية),dataset_few_shot_generation
الإمارات تطلق أول قمر صناعي زراعي لمراقبة المحاصيل وتحسين الأمن الغذائي,مهندسون إماراتيون خلال مراقبة إطلاق القمر الصناعي الزراعي من مركز محمد بن راشد للفضاء في دبي (وام),dataset_few_shot_generation
الإمارات تطلق أول مسبار عربي إلى كوكب الزهرة بحلول 2026,صورة فنية للمسبار الإماراتي وهو يقترب من كوكب الزهرة في إطار برنامج الفضاء الوطني (رايانيوز),dataset_few_shot_generation
دبي تطلق أول شبكة نقل كهربائية ذكية تعتمد على الطاقة المتجددة بالكامل,محطة تحويل ذكية في دبي مزودة بألواح شمسية وهياكل تحكم إلكترونية متقدمة تدير توزيع الكهرباء (وكالة الأنباء الإماراتية),dataset_few_shot_generation
مشروع حكومي جديد في دبي لتحويل النفايات إلى طاقة متجددة بحلول 2026,محطة تحويل النفايات إلى طاقة في دبي تظهر تجهيزات متطورة تهدف لتحقيق الاستدامة وتقليل الانبعاثات (وام),dataset_few_shot_generation
الإمارات تطلق أول قمر صناعي بيئي لمراقبة التغير المناخي بدقة متقدمة,قمر صناعي إماراتي حديث ينطلق من مركز محمد بن راشد للفضاء وسط أجواء صافية، في مهمة لرصد وتحليل بيانات البيئة والتغير المناخي (وكالة الإمارات للفضاء),dataset_few_shot_generation
دبي تطلق أول مركز ابتكار في الزراعة الذكية لدعم الأمن الغذائي,مهندسون يعملون على نظام زراعة عمودية مبتكر في مركز الابتكار الزراعي بدبي (مركز دبي للزراعة الذكية),dataset_few_shot_generation
مصر تتبنى استراتيجية جديدة لتعزيز التعليم الفني وربطها بسوق العمل,وزير التعليم العالي خلال افتتاح مركز تدريب مهني متطور بالقاهرة (وكالة أنباء الشرق الأوسط),dataset_few_shot_generation
دبي تطلق أول مركز ذكي لإعادة التدوير يعتمد على تقنيات الذكاء الاصطناعي,روبوتات ذكية تقوم بفرز النفايات في مركز إعادة التدوير الجديد بدبي، في خطوة تعزز الاستدامة البيئية بالمدينة (وكالة الأنباء الإماراتية),dataset_few_shot_generation
الإمارات تطلق أول مشروع مستدام للطاقة الشمسية في قلب صحراء الشارقة,محطة طاقة شمسية ضخمة في صحراء الشارقة تنتج الكهرباء النظيفة لدعم شبكة الدولة (وكالة أنباء الإمارات),dataset_few_shot_generation
الإمارات تطلق أول مركز إقليمي للذكاء الاصطناعي لتعزيز الابتكار التقني في الشرق الأوسط,مقر مركز الذكاء الاصطناعي الجديد في دبي خلال حفل الافتتاح بحضور مسؤولين إماراتيين وخبراء تكنولوجيا (وام),dataset_few_shot_generation
دبي تطلق أول مركز للتعليم الرقمي المدمج لتعزيز مهارات المستقبل,قاعات حديثة مزودة بتقنيات الواقع المعزز داخل مركز التعليم الرقمي الجديد في دبي، نوفمبر 2024 (وكالة الأنباء الإماراتية),dataset_few_shot_generation
الإمارات تطلق أول مدينة ذكية تعتمد بالكامل على الطاقة المتجددة في أبوظبي,مشهد جوي لمدينة مستقبلية في أبوظبي مزودة بألواح شمسية ومزارع رياح ضمن مشروع الطاقة النظيفة المتكامل (تصوير حكومي),dataset_few_shot_generation
دبي تطلق أول مركز ابتكار طاقة نظيفة لتعزيز الاستدامة في الشرق الأوسط,مبنى مركز الابتكار في مجال الطاقة النظيفة بدبي يطل على أفق المدينة الحديث (هيئة كهرباء ومياه دبي),dataset_few_shot_generation
مصر تطلق حملة وطنية لتعزيز التعليم الرقمي في المدارس الحكومية,طلاب في إحدى مدارس القاهرة يستخدمون الأجهزة اللوحية ضمن مبادرة التعليم الرقمي الجديدة التي أطلقتها وزارة التربية والتعليم المصرية (وزارة التربية والتعليم المصرية),dataset_few_shot_generation
الإمارات تدشن أول محطة طاقة شمسية بحرية لتلبية احتياجات أبوظبي المستقبلية,مهندسون يفتتحون محطة الطاقة الشمسية على الساحل الشرقي لأبوظبي وسط أجواء احتفالية (وام),dataset_few_shot_generation
دبي تطلق أول مركز بحثي لتقنيات الذكاء الاصطناعي في الشرق الأوسط,باحثون إماراتيون يعملون على تطوير نماذج ذكاء اصطناعي متقدمة داخل مركز دبي للابتكار التكنولوجي، مارس 2026 (وام),dataset_few_shot_generation
دبي تطلق أول مشروع زراعي قائم على الذكاء الاصطناعي لتقليل استهلاك المياه,مزارع حديثة مزودة بأجهزة استشعار ذكية في أحد حقول مدينة دبي الصحراوية (دبي للزراعة الذكية),dataset_few_shot_generation
دبي تطلق أكبر مشروع للطاقة الشمسية العائمة في الشرق الأوسط بحلول 2025,منصة ضخمة للطاقة الشمسية فوق بحيرة مصممة لتوليد الكهرباء النظيفة في دبي ضمن مشروع الطاقة الشمسية العائمة (وكالة الأنباء الإماراتية),dataset_few_shot_generation
دبي تطلق أول مركز ابتكار للذكاء الاصطناعي في الشرق الأوسط لتعزيز الاقتصاد الرقمي,مبنى مركز دبي للابتكار في الذكاء الاصطناعي، يظهر واجهته الزجاجية الحديثة وسط أفق المدينة (وكالة الإمارات للأنباء),dataset_few_shot_generation
إطلاق أول قمر صناعي قطري متخصص في مراقبة البيئة البحرية,القمر الصناعي القطري الجديد أثناء التحضير للإطلاق من مركز الإطلاق الفضائي الأوروبي في غويانا الفرنسية,dataset_few_shot_generation
دبي تطلق أول مركز للذكاء الاصطناعي في الشرق الأوسط لتعزيز الابتكار التقني,وكالة الإمارات للأنباء),dataset_few_shot_generation
تراجع كبير في مستويات التلوث الهوائي في مدينة طوكيو بعد حملات تنظيف مكثفة,عمال يرتدون ملابس واقية ينظفون شوارع وسط طوكيو في إطار جهود للحد من تلوث الهواء (وكالة الأسوشيتد برس),dataset_few_shot_generation
دبي تطلق منصة ذكية لتعزيز التعليم عن بعد باستخدام تقنيات الواقع الافتراضي,طالب يستخدم نظارة واقع افتراضي في إحدى المدارس الحكومية بدبي خلال تجربة التعليم عن بعد بتقنية متقدمة (بلدية دبي),dataset_few_shot_generation
دبي تطلق مبادرة ذكية لتحويل النفايات إلى مصادر طاقة متجددة بحلول 2030,مصنع حديث في دبي يستخدم تقنيات متقدمة لتحويل المخلفات المنزلية إلى كهرباء صديقة للبيئة (وكالة الأنباء الإماراتية),dataset_few_shot_generation
الإمارات تطلق أول مركبة فضائية عربية إلى المريخ بحلول نهاية 2025,مهندسون إماراتيون يستعرضون نموذج مركبة المريخ الجديدة في مركز محمد بن راشد للفضاء بدبي.,dataset_few_shot_generation
إطلاق مشروع زراعي مبتكر يدعم الاستدامة في وادي السيح بتونس,مزارعون تونسيون يعملون في حقول مزروعة بتقنيات الزراعة الذكية ضمن مشروع وادي السيح (وكالة تونس أفريقيا للأنباء),dataset_few_shot_generation
تونس تعتمد استراتيجية جديدة لتعزيز التعليم التقني والمهني بحلول 2030,طلاب تونسيون في ورشة تقنية يمارسون مهارات البرمجة والتصنيع الرقمي ضمن برنامج حكومي حديث (وكالة تونس إفريقيا للأنباء),dataset_few_shot_generation
دبي تطلق أكبر مركز ابتكار للذكاء الاصطناعي في الشرق الأوسط لتعزيز المسيرة التقنية,منظر جوي لمبنى مركز الابتكار الجديد في دبي مع حضور كبار القادة والشركات التقنية خلال حفل الافتتاح الرسمي.,dataset_few_shot_generation
ابتكار سعودي يُحدث ثورة في زراعة الصحارى باستخدام الذكاء الاصطناعي,مزارع سعودي يستخدم جهاز تحكم رقمي لمتابعة نمو النباتات في مزرعة صحراوية تعتمد على تقنيات ذكية للري (واس),dataset_few_shot_generation
الإمارات تطلق مشروعًا متقدمًا للزراعة الحضرية باستخدام تقنيات الذكاء الاصطناعي,مزارعون يعملون في مزرعة حضرية رقمية مزودة بأجهزة استشعار ذكية في دبي (وام),dataset_few_shot_generation
إطلاق أول مركز تكنولوجي متكامل للطاقة المتجددة في دبي لتعزيز الاستدامة,وكالة الإمارات),dataset_few_shot_generation
دبي تعتمد نظام التشغيل الآلي للمواصلات لتقليل الازدحام بنسبة 40% بحلول 2027,حافلات كهربائية بدون سائق تتحرك على طرقات دبي الحديثة وسط ناطحات السحاب في أحد أحياء المدينة (وكالة الأناضول),dataset_few_shot_generation
الإمارات تطلق أول مركز متطور للأبحاث البيئية في أبوظبي لتعزيز الاستدامة,مبنى مركز الأبحاث البيئية الجديد في أبوظبي، بتصميم معماري حديث يرمز للطبيعة والتقنية (وزارة التغير المناخي والبيئة الإماراتية),dataset_few_shot_generation
الإمارات تطلق أول قمر صناعي زراعي لتعزيز الأمن الغذائي في المنطقة,مهندسون إماراتيون يعملون على تركيب الأقمار الصناعية في مركز محمد بن راشد للفضاء بأبوظبي,dataset_few_shot_generation
طوكيو تطلق أول مبادرة وطنية لتعزيز الزراعة الذكية باستخدام الروبوتات,روبوت زراعي يعمل في حقل الأرز بمحافظة إيواتا ضمن مشروع تجريبي لتحسين الإنتاج الزراعي (وكالة جيجي برس),dataset_few_shot_generation
الإمارات تعتمد استراتيجية وطنية لتعزيز الابتكار في قطاع التعليم بحلول 2030,طالبات يستخدمن أجهزة الواقع المعزز خلال تجربة تعليمية تفاعلية في إحدى المدارس الذكية بأبوظبي (وكالة الإمارات للأنباء),dataset_few_shot_generation
الإمارات تطلق أول مركز ابتكار للطاقة المتجددة في أبوظبي لدعم التحول الأخضر,مهندسون إماراتيون يعملون على تركيب ألواح شمسية في موقع مركز الابتكار الجديد بأبوظبي وسط أجواء مشمسة,dataset_few_shot_generation
مصر تطلق مشروعًا جديدًا للطاقة الشمسية في الصحراء الغربية لتعزيز الاستدامة,مهندسون يعملون على تركيب الألواح الشمسية في محطة الطاقة بمدينة الخارجة بالصحراء الغربية (رويترز),dataset_few_shot_generation
دبي تطلق أكبر مشروع للطاقة الشمسية لتعزيز الاستدامة بحلول 2030,أراضٍ شاسعة مزروعة بألواح شمسية في منطقة الصحراء بدبي ضمن مشروع الطاقة المتجددة الوطني (وكالة الأنباء الإماراتية),dataset_few_shot_generation
تونس تطلق مبادرة وطنية لتحفيز ريادة الأعمال بين الشباب بحلول 2026,شباب تونسيون يعرضون أفكارهم الابتكارية خلال حدث تدريبي نظّمته وزارة الشباب في العاصمة تونس (وكالة تونس إفريقيا للأنباء),dataset_few_shot_generation
إطلاق أول مشروع للطاقة الشمسية العائمة في موانئ دبي لتعزيز الاستدامة البحرية,منظر جوي لألواح شمسية عائمة على مياه ميناء جبل علي بدبي، تعكس جهود الإمارات في دعم مصادر الطاقة النظيفة (وكالة الإمارات للأنباء),dataset_few_shot_generation
القاهرة تطلق خطة طموحة لتحويل النفايات إلى طاقة متجددة بحلول 2030,محطة تحويل النفايات إلى طاقة في ضواحي القاهرة تعمل بتقنيات حديثة لتقليل التلوث (الأخبار العربية),dataset_few_shot_generation
دبي تطلق أول مركز ابتكار للذكاء الاصطناعي يعزز الاقتصاد المعرفي بالإمارة,محمد الحدادي),dataset_few_shot_generation
دبي تطلق أول مركز إماراتي للذكاء الاصطناعي في التعليم لتحويل المدارس الرقمية,مبنى مركز الذكاء الاصطناعي التعليمي بدبي مزود بأحدث التقنيات لتعزيز تجربة التعلم الإلكتروني (مركز دبي للتقنية),dataset_few_shot_generation
قطر تطلق منصة رقمية لتعزيز التعليم المستدام في مدارسها الحكومية,طلاب قطريون يستخدمون أجهزة لوحية في فصل دراسي حديث مجهز بتقنيات التعليم الذكي بمدرسة حكومية في الدوحة (وكالة الأنباء القطرية),dataset_few_shot_generation
إطلاق أول قمر صناعي مصري لدراسة التغير المناخي بحلول 2026,مهندسون مصريون في مركز التحكم الفضائي أثناء متابعة اختبار أنظمة القمر الصناعي الجديد المخصص لرصد درجات الحرارة وتلوث الجو (وكالة الفضاء المصرية),dataset_few_shot_generation
دبي تفتتح أكبر مركز لتطوير الذكاء الاصطناعي في الشرق الأوسط بدعم حكومي واسع,وزير الابتكار الإماراتي يتجول في أروقة مركز دبي للذكاء الاصطناعي أثناء الحفل الرسمي للافتتاح بحضور كبار المسؤولين ورواد التقنية (وام),dataset_few_shot_generation
الإمارات تطلق مشروعاً طموحاً للطاقة النظيفة في صحراء الربع الخالي,محطة شمسية ضخمة تمتد على الكثبان الرملية في الصحراء مع خلايا شمسية حديثة تعكس أشعة الشمس (وكالة أنباء الإمارات),dataset_few_shot_generation
الإمارات تطلق أول مركز أبحاث للطاقة النظيفة في أبوظبي لتعزيز الابتكار المستدام,مبنى مركز أبحاث الطاقة النظيفة في أبوظبي، مزود بألواح شمسية وتقنيات حديثة للبحث والتطوير (تصوير وكالة أنباء الإمارات),dataset_few_shot_generation
الإمارات تطلق مشروعاً ضخماً للطاقة المتجددة بقيمة 10 مليارات دولار في دبي,محطة شمسية ضخمة في دبي تحتضن الألواح الشمسية التي تغذي المدينة بطاقة نظيفة ومستدامة (وكالة الأناضول),dataset_few_shot_generation
إطلاق أول قمر صناعي قطري تعليمي لتعزيز البحث العلمي في الفضاء,فريق المهندسين القطريين خلال تحضيرات إطلاق القمر الصناعي التعليمي من مركز الإطلاق في الدوحة (وكالة الأنباء القطرية),dataset_few_shot_generation
الإمارات تطلق أول مركز وطني للذكاء الاصطناعي لتعزيز الابتكار في القطاع الحكومي,مقر المركز الوطني للذكاء الاصطناعي بدبي خلال حفل الافتتاح بحضور كبار المسؤولين الإماراتيين (وام),dataset_few_shot_generation
الإمارات تستثمر 10 مليارات دولار في مشاريع الطاقة المتجددة لتعزيز الاستدامة بحلول 2030,مشاريع ضخمة للطاقة الشمسية وطاقة الرياح تنفذها الإمارات في صحراء أبوظبي لدعم رؤيتها البيئية (وام),dataset_few_shot_generation
أول مشروع زراعي عمودي في الدوحة يعزز الأمن الغذائي ويحد من استهلاك المياه,مزارعون يعملون بين صفوف من الخضروات المزروعة بنظام الزراعة العمودية داخل منشأة حديثة في الدوحة (وكالة الأنباء القطرية),dataset_few_shot_generation
ابتكار سعودي يُحدث ثورة في معالجة المياه المستعملة بالأحياء السكنية,فريق مهندسين في مصنع حديث بالرياض يطبقون تقنية جديدة لتنقية المياه باستخدام أجهزة صديقة للبيئة (واس),dataset_few_shot_generation
انطلاق أول شبكة قطارات كهربائية في الأوروغواي لتعزيز الاستدامة والنقل الحضري,قطار كهربائي حديث يمر عبر محطة وسط مونتفيديو وسط أجواء حضرية متطورة,dataset_few_shot_generation
إطلاق أول قمر صناعي إماراتي متخصص في مراقبة تغير المناخ,فريق من المهندسين الإماراتيين أمام مركز التحكم بالقمر الصناعي الجديد في دبي (وكالة الإمارات للفضاء),dataset_few_shot_generation
الإمارات تطلق أول مركز بحثي متقدم للذكاء الاصطناعي في دبي لتعزيز الابتكار التقني,مبنى مركز دبي للذكاء الاصطناعي حديث التصميم وسط أفق المدينة يشهد انطلاق أعماله بحضور كبار الخبراء والمبتكرين (وكالة الأنباء الإماراتية),dataset_few_shot_generation
مصر تطلق مشروعاً ضخماً لتوسعة شبكة المواصلات الذكية في القاهرة بحلول 2026,وزير النقل المصري يتفقد محطة مترو حديثة مزودة بتقنيات ذكية في قلب القاهرة (تصوير الوزارة),dataset_few_shot_generation
كشف تقني جديد يعيد تعريف الذكاء الاصطناعي في طوكيو.. ابتكار يفتح آفاق الروبوتات الذكية,روبوت متقدم يظهر قدرات تفاعلية فريدة خلال معرض التكنولوجيا السنوي في طوكيو (وكالة أسوشيتد برس),dataset_few_shot_generation
القاهرة تتصدر قائمة المدن الأكثر ابتكاراً في مجال التعليم الرقمي بالشرق الأوسط,جانب من مؤتمر تعليمي في القاهرة يعرض أحدث التقنيات الرقمية المستخدمة في المدارس الحديثة,dataset_few_shot_generation
انطلاق حملة وطنية لتعزيز الصحة النفسية في المدارس الأردنية,معلمة تشرح تمارين التنفس العميق لطلاب في مدرسة إعدادية بالعاصمة عمّان (تصوير وزارة التربية الأردنية),dataset_few_shot_generation
الإمارات تطلق مبادرة وطنية لتعزيز التعليم الرقمي في المدارس الحكومية 2024,وزير التربية الإماراتي يفتتح مركزاً تكنولوجياً حديثاً لدعم التعلم الإلكتروني في أبوظبي (وام),dataset_few_shot_generation
مصر تعتمد خطة طموحة لتطوير التعليم المهني وتدريب الشباب حتى 2030,وزير التعليم الفني المصري يفتتح مركز تدريب حديث في القاهرة يهدف لتأهيل الكوادر الوطنية لسوق العمل (مركز معلومات مجلس الوزراء),dataset_few_shot_generation
انطلاق أول مؤتمر دولي للتقنيات الخضراء في مدينة اسطنبول,المشاركون خلال افتتاح المؤتمر الدولي للتقنيات البيئية في مركز المؤتمرات بإسطنبول (رويترز),dataset_few_shot_generation
دبي تطلق أول مركز ابتكار للذكاء الاصطناعي في الشرق الأوسط لتعزيز الاقتصاد الرقمي,مبنى مركز الابتكار الجديد في دبي مع شعار الذكاء الاصطناعي يضيء الواجهة الزجاجية وسط أفق المدينة الحديثة (وكالة الأنباء الإماراتية),dataset_few_shot_generation
"""دبي تطلق أول مركز ابتكار للطاقة النظيفة بدعم دولي واسع""",المقر الجديد لمركز دبي للابتكار في مجال الطاقة المتجددة، مزود بألواح شمسية وتقنيات حديثة لتطوير حلول مستدامة (وكالة الإمارات للأنباء),dataset_few_shot_generation
طوكيو تطلق أول شبكة قطارات كهربائية ذاتية القيادة لتعزيز التنقل الذكي,قطار كهربائي حديث يعمل بدون سائق ينطلق في محطة شينجوكو بطوكيو وسط أضواء المدينة المتلألئة (وكالة كيودو),dataset_few_shot_generation
دبي تطلق أكبر مركز ابتكار للطاقة المتجددة في الشرق الأوسط بحلول 2026,منظر جوي لموقع مركز دبي للابتكار في الطاقة المتجددة خلال مرحلة البناء وسط الصحراء (وكالة الأنباء الإماراتية),dataset_few_shot_generation
إطلاق أول مركز أبحاث الطاقة المتجددة في المغرب لتعزيز الاستدامة,باحثون مغاربة يعملون على تركيب ألواح شمسية في مركز الطاقة الجديد بمدينة الرباط (وكالة المغرب العربي),dataset_few_shot_generation
الإمارات تطلق أول مركز بحثي متخصص في الذكاء الاصطناعي لصناعة الطاقة المستدامة,منظر جوي لمبنى مركز الإمارات للذكاء الاصطناعي والطاقة المتجددة في أبوظبي مع لوحات شمسية على السطح (وكالة الإمارات للأنباء),dataset_few_shot_generation
تونس تطلق مبادرة لتعزيز التعليم الرقمي في المدارس الريفية بحلول 2025,طلاب في مدرسة ريفية بتونس يستخدمون أجهزة لوحية ضمن برنامج التعليم الرقمي الجديد (هيئة الإذاعة الوطنية التونسية),dataset_few_shot_generation
دراسة بحرينية تكشف عن ارتفاع ملحوظ في معدلات الصحة النفسية بين الشباب خلال 2024,مجموعة من الشباب في حديقة عامة بالمنامة يمارسون تمارين التنفس والتأمل ضمن مبادرة داعمة للصحة النفسية (وكالة البحرين للأنباء),dataset_few_shot_generation
الإمارات تطلق أول مركز وطني للطاقة المتجددة بدبي لتعزيز الاستدامة وتقليل الانبعاثات,منظر جوي لموقع مركز الطاقة المتجددة الجديد في دبي مع ألواح شمسية ومزارع رياح حديثة في الخلفية (وام),dataset_few_shot_generation
دبي تطلق أول مركز ذكي لإدارة النفايات باستخدام الذكاء الاصطناعي,مركز تحكم حديث في دبي يعرض خريطة تفاعلية لجمع النفايات وتحليل بيانات البيئة الحضرية (الجهة الرسمية),dataset_few_shot_generation
انطلاق أول مؤتمر دولي للطاقة المتجددة في مراكش بمشاركة 50 دولة,وفد من المشاركين خلال جلسة افتتاح مؤتمر الطاقة المتجددة في مركز المؤتمرات بمدينة مراكش المغربية (وكالة الأناضول),dataset_few_shot_generation
الإمارات تطلق أول مركز لتطوير الطاقة النظيفة في صحراء دبي,تقنيات حديثة لمحطات شمسية تعمل بكفاءة عالية وسط الكثبان الرملية في مشروع دبي للطاقة المتجددة (وكالة الإمارات للأخبار),dataset_few_shot_generation
دبي تطلق أول مركز ابتكار للطاقة النظيفة بدعم من شركاء عالميين,منظر جوي لمبنى مركز الابتكار الجديد في دبي، يظهر واجهته الزجاجية الحديثة وشراكات الطاقة الشمسية المثبتة على الأسطح (وكالة الأنباء الإماراتية),dataset_few_shot_generation
الإمارات تطلق أول مركز ذكاء اصطناعي طبي في الشرق الأوسط لتعزيز التشخيص المبكر,فريق طبي إماراتي يستخدم تقنيات الذكاء الاصطناعي في مركز صحي حديث بأبوظبي، 15 يونيو 2024,dataset_few_shot_generation
دبي تطلق أول مبادرة لتعليم الذكاء الاصطناعي في المدارس الحكومية بحلول 2025,طلاب في مدرسة إماراتية يستخدمون أجهزة لوحية خلال ورشة عمل حول أساسيات الذكاء الاصطناعي (وزارة التربية والتعليم الإماراتية),dataset_few_shot_generation
دبي تطلق أول مدينة ذكية تعتمد بالكامل على الطاقة المتجددة بحلول 2030,منظر جوي لمدينة دبي يظهر أبراجها الشاهقة مزودة بألواح شمسية وتوربينات رياح على السطح، مع لوحات إلكترونية ذكية لتنظيم استهلاك الطاقة (غيتي),dataset_few_shot_generation
انطلاق مشروع زراعة حضرية مستدامة في مدن المغرب لتعزيز الأمن الغذائي,مزارع شابة تزرع الخضروات في أسطح مبانٍ بمدينة الدار البيضاء ضمن مشروع الزراعة الحضرية الذكية,dataset_few_shot_generation
دبي تطلق أول مركز ذكي لإعادة تدوير النفايات باستخدام الذكاء الاصطناعي,الروبوتات العاملة داخل مركز إعادة التدوير الذكي في دبي تقوم بفصل النفايات بدقة عالية بفضل تقنيات الذكاء الاصطناعي (مركز دبي للابتكار),dataset_few_shot_generation
الإمارات تطلق أول محطة طاقة شمسية عملاقة في صحراء الربع الخالي لتعزيز الاستدامة,مهندسون إماراتيون يفتتحون محطة الطاقة الشمسية في صحراء الربع الخالي، حيث تمتد صفوف الألواح الشمسية على مساحة شاسعة تحت أشعة الشمس الساطعة (وام),dataset_few_shot_generation
دبي تطلق أول مركز تعليم ذكاء اصطناعي موجّه للأطفال لتعزيز مهارات المستقبل,أطفال يمارسون أنشطة تعليمية تفاعلية في مركز الذكاء الاصطناعي الجديد في دبي (تصوير محلي),dataset_few_shot_generation
دبي تطلق أول منصة ذكية لإدارة النفايات باستخدام الذكاء الاصطناعي بحلول 2027,منظر جوي لمركز التحكم الذكي في إدارة النفايات بدبي، يظهر شاشات تعرض بيانات حية وتحليلات باستخدام تقنيات الذكاء الاصطناعي (تلفزيون دبي),dataset_few_shot_generation
دبي تطلق أول مركز ذكي للطاقة المتجددة يدعم صمود المدينة أمام تغير المناخ,واجهة مركز دبي للطاقة المتجددة مع أبراج المدينة في الخلفية وسط سماء صافية، مع لوحات شمسية ومولدات ريحية حديثة (تصوير خاص),dataset_few_shot_generation
لندن تطلق مبادرة تعليمية لتعزيز المهارات الرقمية لدى الشباب اللاجئ,وكالة الأنباء البريطانية),dataset_few_shot_generation
الإمارات تطلق أول مركز وطني للذكاء الاصطناعي لتعزيز الابتكار المستدام,فريق من الباحثين الإماراتيين يعملون على تطوير تقنيات الذكاء الاصطناعي في مقر المركز الوطني بأبوظبي (وام),dataset_few_shot_generation
الإمارات تطلق أول مختبر وطني للذكاء الاصطناعي لتعزيز البحث العلمي والابتكار,مركز الإمارات للذكاء الاصطناعي في أبوظبي يحتضن فرقًا بحثية متخصصة لتطوير حلول تقنية متقدمة في مختلف القطاعات,dataset_few_shot_generation
الإمارات تطلق أول مبادرة تعليمية رقمية لتعزيز الذكاء الاصطناعي في المدارس الحكومية,وزير التربية والتعليم الإماراتي يفتتح منصة تعليمية رقمية جديدة مخصصة لتدريس مهارات الذكاء الاصطناعي في مدارس الدولة (وام),dataset_few_shot_generation
اليابان تطلق مبادرة طبية رقمية لتعزيز الرعاية الصحية عن بعد في المناطق النائية,طبيب ياباني يستخدم جهاز لوحي لتشخيص حالة مريض في قرية جبلية نائية ضمن برنامج الرعاية الصحية الرقمية (وكالة كيودو),dataset_few_shot_generation
الحكومة اليابانية تكشف عن خطة طموحة لتعزيز الذكاء الاصطناعي في التعليم بحلول 2030,وزير التربية الياباني يتحدث خلال مؤتمر صحفي في طوكيو، معلناً الاستراتيجية الوطنية لتطوير التعليم الرقمي والذكاء الاصطناعي (وكالة الأنباء اليابانية),dataset_few_shot_generation
دبي تطلق مشروعاً ضخماً للطاقة الشمسية لتقليل الاعتماد على الوقود الأحفوري بحلول 2030,وكالة الأنباء الإماراتية),dataset_few_shot_generation
الإمارات تطلق أول مدينة ذكية متكاملة تعتمد على الطاقة النظيفة في أبوظبي,"مشهد جوي لمدينة ""نور أبوظبي"" الجديدة، تظهر المباني الحديثة والمحطات الشمسية المنتشرة على الأسطح والشوارع مزودة بتقنيات ذكية لإدارة الطاقة (وكالة الأنباء الإماراتية)",dataset_few_shot_generation
الإمارات تطلق أول مركز وطني للذكاء الاصطناعي لتعزيز الابتكار في التعليم,مبنى حديث في أبوظبي يحتضن مركز الذكاء الاصطناعي الوطني بحضور مسؤولين إماراتيين خلال حفل الافتتاح (وام),dataset_few_shot_generation
الإمارات تطلق أول قمر صناعي بيئي لرصد التغير المناخي في الخليج العربي,قمر صناعي إماراتي حديث ينطلق من مركز محمد بن راشد للفضاء لمتابعة مؤشرات التلوث والتغيرات المناخية في منطقة الخليج (وام),dataset_few_shot_generation
دبي تطلق أكبر مركز للذكاء الاصطناعي في الشرق الأوسط لتعزيز التحول الرقمي,مشهد جوي لمركز دبي للذكاء الاصطناعي الجديد، يُظهر المبنى الحديث والتقنيات المتطورة التي ستسهم في دفع الابتكار في المنطقة (مؤسسة دبي للمستقبل),dataset_few_shot_generation
القاهرة تستضيف المؤتمر الدولي للطاقة المتجددة بحضور قيادات عالمية,قاعة المؤتمر في مركز القاهرة الدولي للمعارض مكتظة بالمشاركين من مختلف الدول أثناء جلسة افتتاح المؤتمر (المركز الإعلامي للمؤتمر),dataset_few_shot_generation
الإمارات تطلق أول مركز ذكي للطاقة الشمسية في أبوظبي,واجهة مركز الطاقة الشمسية الذكي الجديد في أبوظبي مزودة بألواح شمسية متطورة (وام),dataset_few_shot_generation
دبي تطلق أول مبادرة لحوسبة التعليم العالي باستخدام الذكاء الاصطناعي بحلول 2025,واجهة جامعة خليفة في دبي مزينة بشاشات رقمية تعرض تقنيات الذكاء الاصطناعي الحديثة المستخدمة في المنهج الدراسي (تصوير خاص),dataset_few_shot_generation
دبي تطلق مشروعاً ضخماً للطاقة الشمسية يهدف لتوليد 5 جيجاواط بحلول 2030,مساحة واسعة من الألواح الشمسية في صحراء دبي تحت أشعة الشمس الساطعة، ضمن مشروع الطاقة المستدامة الجديد (وكالة أنباء الإمارات),dataset_few_shot_generation
الإمارات تطلق أول قمر صناعي للتعليم الإلكتروني لتعزيز التعلم عن بعد,مهندسون إماراتيون يراقبون إطلاق القمر الصناعي التعليمي من مركز محمد بن راشد للفضاء (وام),dataset_few_shot_generation
إطلاق منظومة ذكية لإدارة المرور في إسطنبول تعزز الأمان وتقلل الازدحامات,مركبة مجهزة بتقنيات الاستشعار الذكي تجتاز تقاطعًا مزودًا بكاميرات مراقبة في أحد شوارع إسطنبول الحيوية,dataset_few_shot_generation
إطلاق أول مركز أبحاث للطاقة المتجددة في موريتانيا لتعزيز التنمية المستدامة,باحثون موريتانيون يعملون على تركيب ألواح شمسية في موقع تجريبي بمركز الطاقة المتجددة الجديد (وكالة موريتانيا للأنباء),dataset_few_shot_generation
الإمارات تطلق أول قمر صناعي بيئي لرصد تلوث الهواء في الخليج العربي,مهندسون إماراتيون يراقبون بيانات القمر الصناعي البيئي الجديد خلال عملية الإطلاق من مركز محمد بن راشد للفضاء في دبي (وام),dataset_few_shot_generation
بدء أول مركز لتقنيات الذكاء الاصطناعي في جدة لتعزيز الابتكار الوطني,مبنى المركز الجديد في جدة يحتضن فرقًا من الباحثين والمطورين أثناء مناقشة مشاريع الذكاء الاصطناعي (واس),dataset_few_shot_generation
دبي تطلق أول مركز ذكي للحاضنات البيئية لدعم ريادة الأعمال المستدامة,مبنى مركز الحاضنات البيئية الذكي في دبي مزود بتقنيات الذكاء الاصطناعي والطاقة الشمسية (مكتب دبي للإعلام),dataset_few_shot_generation
الحكومة اليابانية تطلق خطة طموحة لتعزيز الذكاء الاصطناعي في القطاع الصحي,وزير الصحة الياباني خلال مؤتمر صحفي يعلن عن الاستثمارات الجديدة في تقنيات الذكاء الاصطناعي بالمستشفيات الحكومية (وكالة كيودو),dataset_few_shot_generation
دبي تطلق أول مبادرة ذكية لتحليل جودة الهواء باستخدام الطائرات بدون طيار,طائرة بدون طيار تحلق فوق أفق مدينة دبي مجهزة بأجهزة استشعار متطورة لرصد ملوثات الهواء في الأحياء السكنية (وكالة الأنباء الإماراتية),dataset_few_shot_generation
الإمارات تطلق أول قمر صناعي زراعي لتعزيز الاستدامة الغذائية في الشرق الأوسط,القمر الصناعي الإماراتي الجديد أثناء التحضير للإطلاق من مركز محمد بن راشد للفضاء في دبي (وكالة الإمارات للفضاء),dataset_few_shot_generation
الإمارات تطلق أول قمر صناعي زراعي لتعزيز مراقبة المحاصيل في منطقة الخليج,القمر الصناعي الإماراتي الجديد أثناء تحليقه في المدار، يلتقط صوراً تفصيلية للمناطق الزراعية في دول الخليج (وكالة الإمارات للفضاء),dataset_few_shot_generation
الإمارات تطلق أول قمر صناعي للزراعة الذكية لتعزيز الأمن الغذائي بالمنطقة,فريق مهندسي وكالة الفضاء الإماراتية يراقبون بيانات الأقمار الصناعية الجديدة في مركز التحكم في أبوظبي، خلال إطلاق القمر الصناعي المخصص لرصد المحاصيل الزراعية.,dataset_few_shot_generation
دبي تطلق أول تجربة أتوبيسات كهربائية ذاتية القيادة لتقليل الانبعاثات,حافلة كهربائية ذاتية القيادة تسير في شوارع دبي ضمن مشروع النقل المستدام (أرشيف بلدية دبي),dataset_few_shot_generation
الإمارات تطلق أول مقر رقمي لتسريع المشاريع الناشئة في قطاع الذكاء الاصطناعي,مشهد من حفل افتتاح مركز الابتكار الرقمي في دبي بحضور مسؤولين وخبراء تقنيين (وام),dataset_few_shot_generation
المغرب يطلق أول محطة للطاقة الشمسية العائمة لتعزيز إنتاج الكهرباء النظيفة,مهندسون مغاربة يعملون على تركيب ألواح شمسية عائمة فوق بحيرة في مدينة أكادير (وكالة المغرب للأنباء),dataset_few_shot_generation
دبي تطلق أول شبكة مواصلات ذكية تعتمد على الطائرات الكهربائية بدون طيار,طائرة كهربائية بدون طيار تحلق فوق أفق دبي الحديث ضمن منظومة النقل الذكي الجديدة (صورة خاصة),dataset_few_shot_generation
الإمارات تطلق أول مختبر ذكي للتعليم عن بعد في منطقة الشرق الأوسط,فريق من المهندسين الإماراتيين يعملون على تركيب أجهزة تكنولوجية متطورة داخل مختبر التعليم الذكي في أبوظبي (وام),dataset_few_shot_generation
الإمارات تطلق أول مركز متقدم للذكاء الاصطناعي في أبوظبي لتعزيز الابتكار الاقتصادي,مبنى مركز الذكاء الاصطناعي الجديد في أبوظبي يضم أحدث التقنيات لتعزيز البحث والتطوير (وكالة الأنباء الإماراتية),dataset_few_shot_generation
كيف تعيد دبي رسم مستقبل التعليم عبر مبادرة الذكاء الاصطناعي في المدارس الحكومية؟,طلاب في مدرسة حكومية بدبي يستخدمون أجهزة لوحية مزودة بتقنيات الذكاء الاصطناعي خلال حصة تفاعلية (وكالة الإمارات للأخبار),dataset_few_shot_generation
انطلاق مشروع طاقة شمسية عملاق في المغرب لتعزيز الاستدامة وتحقيق الاكتفاء الذاتي,صفوف كبيرة من الألواح الشمسية تمتد على مساحات واسعة في محطة نور الزاك للطاقة الشمسية جنوب المغرب (وكالة المغرب للأنباء),dataset_few_shot_generation
الإمارات تطلق أول مبادرة وطنية لتعزيز التعليم التقني والتدريب المهني بحلول 2030,وزير التعليم الإماراتي يفتتح مركز تدريب تقني جديد في دبي يدعم مهارات الشباب لسوق العمل المستقبلي (وام),dataset_few_shot_generation
الإمارات تطلق أول حافلة كهربائية ذاتية القيادة في دبي بحلول 2025,حافلة كهربائية حديثة تسير على طريق في شارع الشيخ زايد بدبي خلال اختبار تجريبي (وام),dataset_few_shot_generation
دبي تطلق أول مركز إبداعي لتقنيات الواقع المعزز لدعم رواد الأعمال الشباب,فريق من الشباب يعملون على تطوير تطبيقات الواقع المعزز داخل مركز الإبداع الجديد في دبي (الجزيرة),dataset_few_shot_generation
دبي تطلق مبادرة ذكية لتعزيز التعليم الرقمي في المدارس الحكومية,وزير التربية والتعليم الإماراتي يتفقد مختبرات التقنية الحديثة في إحدى مدارس دبي الحكومية خلال تدشين المشروع الجديد (وام),dataset_few_shot_generation
القاهرة تطلق مبادرة وطنية لتعزيز التعليم التقني ودعم ريادة الأعمال بين الشباب,وزير التعليم المصري يفتتح مركزًا جديدًا للتدريب التقني في القاهرة بحضور مجموعة من رواد الأعمال الشباب (مصر اليوم),dataset_few_shot_generation
مصر تعلن إطلاق أكبر مبادرة وطنية لتحسين البنية التحتية للمياه خلال 2024,وزير الموارد المائية المصري يتفقد أعمال تطوير محطات معالجة المياه في القاهرة وسط تقدم ملحوظ بالمشروع (وزارة الموارد المائية المصرية),dataset_few_shot_generation
الإمارات تطلق برنامجاً وطنياً للتحول الرقمي في التعليم بحلول 2026,طلاب إماراتيون يستخدمون أجهزة لوحية ذكية داخل فصل دراسي مجهز بتقنيات الواقع المعزز في دبي (وام),dataset_few_shot_generation
الإمارات تطلق أول مركز للذكاء الاصطناعي في إفريقيا لتعزيز التعاون التقني والتنمية المستدامة,مراسم افتتاح مركز الذكاء الاصطناعي بحضور مسؤولين إماراتيين وأفارقة في العاصمة العاجية أبيدجان (وام),dataset_few_shot_generation
الإمارات تطلق أول مدينة ذكية تعتمد بالكامل على الطاقة المتجددة بحلول 2030,منظر جوي لمدينة مصدر في أبوظبي مع حقول شمسية وأبنية خضراء حديثة تعكس مستقبل التنمية المستدامة (واس),dataset_few_shot_generation
دبي تطلق مشروعًا طموحًا لإنشاء أول مدينة ذكية كاملة تعتمد على الطاقة المتجددة,مخطط هندسي ثلاثي الأبعاد يبرز التصميم المستقبلي لمدينة دبي الذكية التي تعتمد كليًا على مصادر الطاقة النظيفة (وام),dataset_few_shot_generation
انطلاق أول معرض تقني للذكاء الاصطناعي في دبي يسلط الضوء على مستقبل الابتكار,زوار يتجولون بين أجنحة عرض الروبوتات والتطبيقات الذكية في مركز دبي التجاري العالمي خلال افتتاح المعرض (تصوير محمد الكعبي),dataset_few_shot_generation
الإمارات تطلق أول مختبر دولي للذكاء الاصطناعي في أبوظبي لتعزيز الابتكار المستدام,مبنى المختبر الجديد يطل على أفق أبوظبي مع واجهات زجاجية حديثة تعكس تطور التكنولوجيا والعلوم في الإمارات (وام),dataset_few_shot_generation
إطلاق أول منصة تعليمية رقمية تعتمد الذكاء الاصطناعي في دبي لتعزيز مهارات الشباب,فريق من المطورين الإماراتيين يعرضون واجهة المنصة التعليمية الجديدة المعتمدة على تقنيات الذكاء الاصطناعي في مقر الشركة بدبي (تصوير خاص),dataset_few_shot_generation
ابتكار سعودي يضع الرياض على خريطة المدن الذكية عالمياً,برج شاهق في الرياض مزود بأحدث أنظمة الذكاء الاصطناعي لإدارة البنية التحتية الحضرية (واس),dataset_few_shot_generation
الإمارات تطلق أول قمر صناعي زراعي لتعزيز الأمن الغذائي في الشرق الأوسط,القمر الصناعي الإماراتي الجديد أثناء الإطلاق من مركز محمد بن راشد للفضاء في دبي (وكالة الأنباء الإماراتية),dataset_few_shot_generation
دبي تستضيف مؤتمر الابتكار في الطاقة المتجددة لتعزيز التحول البيئي في الخليج,مشاركون يتبادلون الأفكار خلال جلسة حوارية في قاعة المؤتمر الدولي للطاقة بدبي (وكالة الأناضول),dataset_few_shot_generation
الإمارات تطلق أول مركز خليجي للذكاء الاصطناعي لتعزيز الابتكار الرقمي,وكالة أنباء الإمارات),dataset_few_shot_generation
دبي تعتمد نظاماً جديداً لتعزيز الأمن السيبراني في البنية التحتية الحيوية,مركز عمليات مراقبة إلكترونية متطور في دبي يراقب الشبكات الحكومية (تصوير رسمي),dataset_few_shot_generation
اليابان تطلق أول شبكة قطارات فائقة السرعة تعمل بالطاقة الهيدروجينية بحلول 2026,قطار هيدروجيني حديث يتوقف في محطة طوكيو وسط تكنولوجيا متقدمة ومستقبلية (وكالة كيودو للأنباء),dataset_few_shot_generation
الإمارات تطلق أول مركز بحثي وطني متخصص في الذكاء الاصطناعي والرعاية الصحية,حفل افتتاح مركز الإمارات للذكاء الاصطناعي والرعاية الصحية في أبوظبي، يظهر فيه كبار المسؤولين ورجال العلم خلال عرض تقديمي لتقنيات مبتكرة تهدف لتطوير القطاع الطبي عبر استخدام الذكاء الاصطناعي (وام),dataset_few_shot_generation
الإمارات تطلق أول مركز ذكي لإدارة الكوارث بدبي لتعزيز الاستجابة الطارئة,محمد الكعبي),dataset_few_shot_generation
الإمارات تعلن إطلاق أول مشروع ذكي لإدارة النفايات بالذكاء الاصطناعي في أبوظبي,روبوتات ذكية تقوم بجمع وفرز النفايات في شوارع أبوظبي ضمن مشروع جديد يهدف إلى تعزيز الاستدامة البيئية (وام),dataset_few_shot_generation
دبي تطلق أكبر منصة رقمية للاستثمار في الطاقة المتجددة بدعم حكومي,مبنى مركز دبي المالي العالمي يحتضن مؤتمر إطلاق المنصة الجديدة لدعم مشاريع الطاقة النظيفة في الإمارات (وكالة رويترز),dataset_few_shot_generation
دبي تطلق أول شبكة خلايا ضوئية ذكية لتعزيز استدامة الطاقة في المدينة,منظر جوي لمحطة الطاقة الشمسية الذكية الجديدة في دبي مع أبراج المدينة في الخلفية,dataset_few_shot_generation
الإمارات تطلق أول مركز بحثي متخصص في الذكاء الاصطناعي الزراعي لتعزيز الأمن الغذائي,فريق باحثين من المركز الجديد يجربون تقنيات الاستشعار الذكي في إحدى المزارع الصحراوية بدبي (وكالة أنباء الإمارات),dataset_few_shot_generation
ارتفاع غير مسبوق في أسعار السلع الغذائية بكولومبيا وسط أزمة النقل,شاحنة محملة بالبضائع عالقة على طريق رئيسي في ريف بوغوتا بسبب إضراب سائقي النقل (رويترز),dataset_few_shot_generation
الإمارات تطلق أول قمر صناعي زراعي لتعزيز مراقبة الإنتاج الغذائي بالشرق الأوسط,قمر صناعي حديث يدور فوق دولة الإمارات، يُستخدم لرصد المحاصيل الزراعية وتحسين استدامة الموارد (أرشيف وكالة الإمارات للفضاء),dataset_few_shot_generation
تونس تتبنى استراتيجية وطنية لتعزيز التعليم الرقمي بحلول 2030,طلاب تونسيون يشاركون في ورشة تدريب على استخدام الأجهزة اللوحية في مدرسة بمدينة سوسة ضمن برنامج تطوير التعليم الرقمي (الوكالة التونسية للأنباء),dataset_few_shot_generation
الإمارات تطلق أول قمر صناعي للاستشعار البيئي لتعزيز مراقبة التغير المناخي,مركز محمد بن راشد للفضاء في دبي خلال عمليات تجهيز القمر الصناعي الجديد قبل إطلاقه إلى المدار (وكالة الإمارات للفضاء),dataset_few_shot_generation
الإمارات تطلق أول مركز بحثي للذكاء الاصطناعي في الشرق الأوسط لتعزيز الابتكار التقني,مقر مركز الذكاء الاصطناعي الجديد في دبي، يظهر مجموعة من الباحثين الإماراتيين أثناء مناقشة مشاريع تطوير نظم تعلم الآلة المتقدمة (وكالة الأنباء الإماراتية),dataset_few_shot_generation
الإمارات تطلق أول برنامج وطني للطاقة المتجددة لتقليل الانبعاثات بحلول 2030,محطة للطاقة الشمسية في مدينة أبوظبي تنتج الكهرباء الصديقة للبيئة ضمن جهود الإمارات لتحقيق الاستدامة (وام),dataset_few_shot_generation
طوكيو تطلق أول مختبر ذكي لتطوير تقنيات الذكاء الاصطناعي في التعليم,مشهد من داخل المختبر الجديد في طوكيو حيث يجري فريق من الباحثين تجارب تطبيقات الذكاء الاصطناعي التعليمية الحديثة (وكالة كيودو),dataset_few_shot_generation
"""انطلاق أول قمر صناعي إماراتي لقياس جودة الهواء في الفضاء الخارجي""",المهندسون في مركز محمد بن راشد للفضاء يراقبون إطلاق القمر الصناعي الجديد الذي سيجمع بيانات نوعية الهواء من مدار الأرض (وكالة الإمارات للفضاء),dataset_few_shot_generation
الإمارات تطلق أول قمر صناعي عربي متخصص في رصد تغيّر المناخ,مهندسون إماراتيون يراقبون بيانات القمر الصناعي الجديد في مركز العمليات الفضائية بدبي (وكالة الإمارات للفضاء),dataset_few_shot_generation
إطلاق أول قمر صناعي سوداني في مدار الأرض لتعزيز الاتصالات الرقمية,لحظة انطلاق صاروخ يحمل القمر الصناعي السوداني من مركز الإطلاق في كازاخستان (وكالة الفضاء السودانية),dataset_few_shot_generation
الإمارات تدشن أول مختبر وطني للذكاء الاصطناعي في دبي لتعزيز التحول الرقمي,مقر مختبر الذكاء الاصطناعي الجديد في دبي مزود بأحدث التقنيات لتطوير الحلول الذكية (وام),dataset_few_shot_generation
إطلاق أول قطار فائق السرعة بين طوكيو وأوساكا بنجاح باهر,قطار ياباني حديث أثناء تحركه بسرعة عالية على الخط الجديد بين طوكيو وأوساكا، وسط مناظر طبيعية خلابة (اليابان),dataset_few_shot_generation
الإمارات تطلق أول قمر صناعي ذكي لتعزيز الاتصالات والذكاء الاصطناعي في المنطقة,علماء ومهندسون إماراتيون خلال حفل إطلاق القمر الصناعي الجديد في مركز محمد بن راشد للفضاء بدبي,dataset_few_shot_generation
الإمارات تطلق أول مبادرة وطنية للذكاء الاصطناعي في مجال التعليم,وزير التعليم الإماراتي أثناء توقيع اتفاقية الشراكة مع شركة تقنية عالمية لدعم تطوير منصات تعليمية تعتمد على الذكاء الاصطناعي في أبوظبي (وام),dataset_few_shot_generation
طوكيو تطلق مبادرة تعليمية رقمية لتعزيز مهارات البرمجة بين الطلاب,طالب يشارك في ورشة عمل تفاعلية لتعلم البرمجة عبر أجهزة لوحية في مدرسة ثانوية بطوكيو ضمن مشروع الحكومة اليابانية لتعزيز التعليم التقني (وكالة كيودو),dataset_few_shot_generation
زيادات قياسية في معدلات التلوث تهدد صحة سكان القاهرة خلال الصيف,سماء غائمة بالدخان فوق وسط القاهرة وسط شاحنات ملوثة تمر في الشوارع المكتظة بالمارة (وكالات أنباء),dataset_few_shot_generation
الإمارات تطلق أول قمر صناعي بحثي لمراقبة التغير المناخي بدقة متناهية,فريق تقني إماراتي يعمل على تجهيز القمر الصناعي في مركز محمد بن راشد للفضاء (وكالة الإمارات للفضاء),dataset_few_shot_generation
تونس تطلق برنامجاً وطنياً لتشجيع ريادة الأعمال الرقمية بين الشباب,وزير تكنولوجيا الاتصال التونسي يدشن منصة إلكترونية جديدة لدعم المشاريع الناشئة في العاصمة تونس (وكالة تونس إفريقيا للأنباء),dataset_few_shot_generation
الإمارات تستضيف مؤتمر الطاقة المتجددة الأول.. خطوات نحو مستقبل مستدام,المشاركون يناقشون فرص الابتكار في قطاع الطاقة النظيفة خلال مؤتمر أبوظبي للطاقة المتجددة (وكالة الأنباء الإماراتية),dataset_few_shot_generation
طوكيو تعتمد استراتيجية جديدة لتعزيز التعليم الرقمي في المدارس الحكومية,طلاب يشاركون في درس تفاعلي باستخدام أجهزة لوحية حديثة داخل فصل دراسي بمدرسة في طوكيو (وكالة كيودو),dataset_few_shot_generation
الإمارات تطلق أول قمر صناعي مزود بتقنية الذكاء الاصطناعي لمراقبة البيئة,فريق هندسي إماراتي يعمل على تجهيز القمر الصناعي الجديد في مركز محمد بن راشد للفضاء بأبوظبي (وام),dataset_few_shot_generation
الإمارات تطلق أول مركز للذكاء الاصطناعي في الشرق الأوسط لتعزيز البحث العلمي,افتتاح مركز الذكاء الاصطناعي في دبي بحضور كبار العلماء والمسؤولين الإماراتيين، 15 يونيو 2024 (وام),dataset_few_shot_generation
إطلاق برنامج وطني لتعزيز التكنولوجيا الزراعية في المغرب بحلول 2025,مهندس زراعي مغربي يستخدم جهازًا حديثًا لمراقبة حالة المحاصيل في مزرعة ذكية قرب مراكش (وكالة المغرب للأنباء),dataset_few_shot_generation
دبي تطلق أول مشروع للطاقة الشمسية العائمة لتعزيز الاستدامة الحضرية,ألواح شمسية عائمة على سطح بحيرة صناعية في دبي، تعكس التزام الإمارات بتطوير مصادر الطاقة النظيفة (وكالة الأنباء الإماراتية),dataset_few_shot_generation
الإمارات تطلق أول مركز تدريب للذكاء الاصطناعي لتعزيز الابتكار تقنيًا,مهندسون إماراتيون يعملون على أجهزة حوسبة متقدمة داخل مركز الذكاء الاصطناعي في أبوظبي (وكالة الأناضول),dataset_few_shot_generation
دبي تطلق أول مبادرة تعليمية رقمية لتعزيز مهارات الذكاء الاصطناعي في المدارس,طلاب في مدرسة بدبي يستخدمون أجهزة لوحية أثناء ورشة عمل حول البرمجة والذكاء الاصطناعي (وام),dataset_few_shot_generation
مصر تطلق مبادرة وطنية لتعزيز التعليم الرقمي في المدارس الريفية,طالبات وطُلاب في فصل دراسي مزوّد بأجهزة حواسيب لوحية ضمن مدرسة في صعيد مصر (وزارة التربية والتعليم المصرية),dataset_few_shot_generation
دبي تطلق أول مركز للذكاء الاصطناعي الطبي لتعزيز الرعاية الصحية الذكية,فريق طبي يستخدم تقنيات الذكاء الاصطناعي لتحليل بيانات المرضى في مركز دبي للذكاء الاصطناعي الطبي (تصوير مكتب دبي للإعلام),dataset_few_shot_generation
إطلاق أول قطار كهربائي فائق السرعة بين الدار البيضاء والرباط بحلول 2025,قطار كهربائي حديث يقطع سرعة عالية على خط سكك الحديد الرابط بين الدار البيضاء والرباط (وكالة التصوير الوطنية),dataset_few_shot_generation
العاصمة الرياض تطلق أكبر مبادرة للتحول الرقمي في القطاع التعليمي,وزير التعليم السعودي يفتتح مركز التقنية المتقدمة بحضور مسؤولين وتعليميين في الرياض (واس),dataset_few_shot_generation
الرياض تطلق مشروع النقل الذكي لتعزيز الاستدامة وتقليل الازدحام بحلول 2030,حافلة كهربائية حديثة تسير في شارع رئيسي بمدينة الرياض وسط حركة مرور منظمة وشوارع مزودة بتقنية ذكية لمراقبة السير,dataset_few_shot_generation
الإمارات تطلق أول مركز عربي للذكاء الاصطناعي في أبوظبي لتعزيز الابتكار التقني,مبنى حديث في أبوظبي يحمل شعار مركز الذكاء الاصطناعي الجديد خلال حفل الافتتاح الرسمي بحضور مسؤولين إماراتيين (وكالة أنباء الإمارات),dataset_few_shot_generation
الإمارات تطلق أول منصة تعليمية تعتمد الذكاء الاصطناعي لتعزيز مهارات الطلاب,طلاب إماراتيون يستخدمون أجهزة لوحية في فصل دراسي مزود بتقنيات الذكاء الاصطناعي لتعزيز التعلم التفاعلي (وام),dataset_few_shot_generation
الإمارات تطلق أول قمر صناعي تعليمي لدعم قطاع التعليم عن بعد,مهندسون إماراتيون يعملون على تجهيز القمر الصناعي في مركز محمد بن راشد للفضاء بمدينة دبي (وكالة الإمارات للفضاء),dataset_few_shot_generation
دبي تطلق أول شبكة نقل ذكية تعتمد على الذكاء الاصطناعي لتحسين حركة المرور,منظر جوي لشارع الشيخ زايد في دبي مع لوحات إلكترونية ذكية تنقل بيانات الحركة لحظياً (هيئة الطرق والمواصلات),dataset_few_shot_generation
دبي تعتمد نظام الذكاء الاصطناعي لإدارة المرور بهدف تقليل الازدحامات,كاميرات مراقبة متقدمة في أحد تقاطعات دبي تستخدم تقنيات الذكاء الاصطناعي لتحليل حركة السيارات وتحسين تدفقها (وكالة الأناضول),dataset_few_shot_generation
انطلاق أول مركز تعليمي ذكي في الرياض لتعزيز مهارات الذكاء الاصطناعي لدى الطلاب,طلاب سعوديون يستخدمون أجهزة لوحية مزودة بتقنيات التعليم الذكي داخل قاعة حديثة في مركز الابتكار التعليمي بالرياض، بحضور معلمين مختصين في الذكاء الاصطناعي (واس),dataset_few_shot_generation
الإمارات تطلق أول مركز للذكاء الاصطناعي في الشرق الأوسط لتعزيز الابتكار التقني,مقر مركز الإمارات للذكاء الاصطناعي في دبي مجهز بأحدث التقنيات لدعم مشاريع البحث والتطوير (وام),dataset_few_shot_generation
الإمارات تطلق استراتيجية وطنية لتعزيز الابتكار في التعليم بحلول 2030,وزير التربية والتعليم الإماراتي يتحدث خلال مؤتمر صحفي لإعلان الاستراتيجية الوطنية للابتكار في التعليم بأبوظبي (وكالة الأنباء الإماراتية),dataset_few_shot_generation
السعودية تطلق مبادرة وطنية لتعزيز التعليم التقني وتدريب الشباب على مهارات المستقبل,وزير التعليم السعودي يفتتح مركزًا جديدًا للتدريب التقني والتطوير المهني في الرياض بحضور عدد من المسؤولين والطلاب (واس),dataset_few_shot_generation
باريس تعتمد خطة طوارئ بيئية لمواجهة موجات الحر الشديدة,فرق طبية ومساعدات إنسانية توزع المياه على كبار السن في أحد أحياء باريس وسط ارتفاع درجات الحرارة (فرانس برس),dataset_few_shot_generation
دبي تدشن أول مركز ابتكار للذكاء الاصطناعي في الشرق الأوسط لتعزيز الاقتصاد الرقمي,مبنى المركز الجديد في منطقة دبي الذكية يضيء بتقنيات حديثة تعكس التزام المدينة بالتطور التكنولوجي (وحدة التصوير بدبي الذكية),dataset_few_shot_generation
الإمارات تطلق أول مركز وطني للذكاء الاصطناعي لتعزيز الابتكار التقني,مسؤولون إماراتيون خلال حفل افتتاح مركز الذكاء الاصطناعي الوطني في أبوظبي (وام),dataset_few_shot_generation
ابتكار سعودي يعزز أمان شبكات الاتصالات اللاسلكية في المنطقة,مهندسون سعوديون يعملون على تطوير نظام أمني متقدم في مختبر الاتصالات بمدينة الرياض (واس),dataset_few_shot_generation
الإمارات تطلق أول مركز تكنولوجي لصناعة السيارات الكهربائية في الشرق الأوسط,مهندسون إماراتيون يعملون على تطوير نموذج سيارة كهربائية في مركز الابتكار بحاضنة دبي للتقنية (وام),dataset_few_shot_generation
الإمارات تطلق مبادرة وطنية لتعزيز الذكاء الاصطناعي في التعليم,طلاب يشاركون في ورشة عمل تفاعلية حول تقنيات الذكاء الاصطناعي في إحدى مدارس دبي الحديثة (وام),dataset_few_shot_generation
الإمارات تعلن إطلاق أول قمر اصطناعي زراعي لتعزيز الأمن الغذائي بالمنطقة,مهندسون إماراتيون يراقبون تشغيل القمر الاصطناعي الزراعي الجديد في مركز التحكم بأبوظبي (وام),dataset_few_shot_generation
دبي تطلق استراتيجية الذكاء الاصطناعي لتعزيز الابتكار في القطاع الصحي بحلول 2030,فريق طبي يستخدم تقنيات الذكاء الاصطناعي لتحليل بيانات المرضى في مستشفى ذكي بدبي,dataset_few_shot_generation
دبي تكشف عن مشروع ذكي لإدارة النفايات بهدف تعزيز الاستدامة البيئية,عرض نموذجي لمحطة فرز النفايات الذكية في دبي خلال حفل الإطلاق الرسمي للمشروع (وام),dataset_few_shot_generation
دبي تطلق أكبر مركز للذكاء الاصطناعي في الشرق الأوسط لتعزيز الابتكار التقني,مشهد ليلي لمبنى مركز دبي للذكاء الاصطناعي يظهر بأضواء مبهرة تعكس روح الابتكار والتقدم (تصوير خاص),dataset_few_shot_generation
الإمارات تطلق أول مسبار فضائي عربي يستهدف كوكب المريخ بحلول 2025,المهندسون الإماراتيون يعملون في مركز محمد بن راشد للفضاء على تجهيز وإطلاق المسبار الإماراتي نحو المريخ (وكالة الإمارات للفضاء),dataset_few_shot_generation
تقنية جديدة في دبي تُحدث ثورة في مراقبة جودة الهواء داخل المدن,فريق مهندسين في مختبر دبي للبيئة يختبر أجهزة استشعار ذكية لرصد التلوث الهوائي بدقة عالية (رويترز),dataset_few_shot_generation
دبي تطلق أول مركز ذكي لإعادة التدوير باستخدام الروبوتات المتقدمة,روبوتات تقوم بفرز النفايات بدقة في مركز إعادة التدوير الذكي بدبي (وام),dataset_few_shot_generation
ابتكار مصري جديد يغير قواعد الزراعة الذكية في أفريقيا,مهندس مصري يعرض نموذجًا لجهاز استشعار ذكي لتعزيز إنتاج المحاصيل في حقل قمح بالقرب من القاهرة (موقع وزارة الزراعة المصرية),dataset_few_shot_generation
الإمارات تطلق أول محطة طاقة شمسية عائمة لتعزيز الطاقة النظيفة في الخليج,محطة شمسية عائمة تُضاء على سطح مياه الخليج في أبوظبي، تمثل خطوة جديدة نحو الطاقة المستدامة (أخبار الإمارات),dataset_few_shot_generation
الإمارات تطلق أول مبادرة وطنية لتعزيز الذكاء الاصطناعي في التعليم العالي,وزير التربية والتعليم الإماراتي يفتتح مؤتمر مبادرة الذكاء الاصطناعي بحضور خبراء تقنيين وأكاديميين (وام),dataset_few_shot_generation
إطلاق برنامج تعليمي رقمي لتعزيز مهارات الشباب في تونس,مجموعة من الطلاب التونسيين يستخدمون أجهزة لوحية في فصل دراسي حديث ضمن مبادرة التعليم الرقمي (وكالة تونس إفريقيا للأنباء),dataset_few_shot_generation
دبي تطلق أول مركز ابتكار للطاقة المتجددة في الشرق الأوسط بحلول 2025,مهندسون وفنيون يعملون على تركيب ألواح شمسية في موقع مركز الابتكار الجديد بدبي، والذي يهدف لتطوير حلول طاقة نظيفة مستدامة (وكالة الأنباء الإماراتية),dataset_few_shot_generation
الإمارات تعلن انطلاق أول مركز بحثي عالمي للذكاء الاصطناعي في أبوظبي,فريق عمل المركز الجديد أثناء أول اجتماع تشاوري لتطوير تقنيات الذكاء الاصطناعي في مقر أبوظبي (العين الإخبارية),dataset_few_shot_generation
الإمارات تطلق أول قمر صناعي زراعي لتعزيز الأمن الغذائي في المنطقة,مهندسون إماراتيون يراقبون بيانات الأقمار الصناعية من مركز التحكم في أبوظبي (وام),dataset_few_shot_generation
طلاب تونس يبتكرون تطبيقاً ذكياً لتعزيز التعليم عن بعد في المدارس الريفية,مجموعة من الطلاب والمعلمين في مدرسة ريفية بتونس يستخدمون التطبيق الجديد عبر أجهزة الحاسوب اللوحية لتحسين جودة الدروس الإلكترونية (فرانس برس),dataset_few_shot_generation
الإمارات تطلق أول مقر أبحاث فضائية متخصص بدبي لدعم الابتكار العلمي,مركز الأبحاث الفضائية الجديد في دبي خلال افتتاحه الرسمي بحضور مسؤولين إماراتيين (وام),dataset_few_shot_generation
انطلاق أول مركز للذكاء الاصطناعي في نيروبي لتعزيز الابتكار التكنولوجي في شرق إفريقيا,باحثون ومهندسون أمام شاشات حاسوب في مركز الذكاء الاصطناعي الجديد بمدينة نيروبي خلال افتتاحه الرسمي (وكالة الأنباء الكينية),dataset_few_shot_generation
دبي تطلق أول مركز ذكي لإدارة الطاقة المستدامة بتقنيات الواقع المعزز,واجهة مركز دبي الجديد لإدارة الطاقة المستدامة مزودة بشاشات تفاعلية وتقنيات واقع معزز تعرض بيانات استهلاك الطاقة (الجزيرة),dataset_few_shot_generation
دبي تتصدر قائمة المدن الأكثر جذباً للمواهب التقنية في 2024,نخبة من المهندسين والمطورين يتبادلون الأفكار ضمن مؤتمر تكنولوجيا الذكاء الاصطناعي في دبي (وكالة الأناضول),dataset_few_shot_generation
الإمارات تطلق أول قمر صناعي لتحليل جودة البيئة في الشرق الأوسط,مهندسون إماراتيون يراقبون بيانات القمر الصناعي البيئي الجديد في مركز التحكم بأبوظبي (وام),dataset_few_shot_generation
دبي تطلق أول أكاديمية للذكاء الاصطناعي لتعزيز الكفاءات المستقبلية في الشرق الأوسط,طلاب يشاركون في ورشة تدريبية داخل أكاديمية الذكاء الاصطناعي الجديدة في دبي، حيث تُستخدم تقنيات متقدمة لتطوير مهارات البرمجة والتعلم الآلي (وام),dataset_few_shot_generation
انطلاق قمة الابتكار الزراعي في كينيا بمشاركة 30 دولة أفريقية,وزراء الزراعة والخبراء يفتتحون فعاليات القمة في نيروبي وسط حضور مكثف من ممثلي الحكومات والقطاع الخاص (وكالة كينيا للأنباء),dataset_few_shot_generation
طوكيو تطلق أكبر مبادرة لتعليم البرمجة في المدارس الابتدائية بحلول 2026,طلاب يشاركون في ورشة تعليم برمجة الروبوتات داخل مدرسة ابتدائية في طوكيو خلال إطلاق المبادرة الحكومية الجديدة (وكالة يونهاب),dataset_few_shot_generation
الإمارات تطلق أول مشروع ذكي لإدارة النفايات باستخدام الذكاء الاصطناعي في أبوظبي,منصة ذكية تحلل بيانات النفايات الصلبة في أحد أحياء أبوظبي باستخدام تقنيات الذكاء الاصطناعي لتحسين عمليات الجمع والمعالجة (هيئة البيئة في أبوظبي),dataset_few_shot_generation
دبي تطلق أول مركز ابتكار تقني لتعزيز الذكاء الاصطناعي في التعليم,مبنى مركز دبي للابتكار في مجال التعليم والذكاء الاصطناعي (موقع حكومة دبي),dataset_few_shot_generation
دبي تطلق أول مبادرة ذكية لإدارة النفايات تعتمد على الذكاء الاصطناعي بحلول 2025,مركبة جمع نفايات ذكية تعمل بتقنيات الذكاء الاصطناعي تجوب شوارع دبي ضمن المرحلة التجريبية للمشروع (وكالة الأنباء الإماراتية),dataset_few_shot_generation
إطلاق أول مركز للابتكار في مجال الطاقة المتجددة بمدينة الرياض,فريق من المهندسين السعوديين يعملون على نماذج أولية لتقنيات الطاقة الشمسية داخل مختبر المركز بالعاصمة الرياض (واس),dataset_few_shot_generation
إطلاق أول مبادرة تعليمية رقمية في المغرب لتعزيز مهارات الشباب في البرمجة,طلاب مغاربة يتابعون ورشة عمل تفاعلية عبر الحواسيب اللوحية ضمن مشروع التعليم الرقمي الحديث (تصوير خاص),dataset_few_shot_generation
انقلاب رقمي في التعليم الأردني مع إطلاق منصات الواقع المعزز في المدارس الحكومية,وزارة التربية والتعليم الأردنية),dataset_few_shot_generation
الإمارات تطلق أول مقر فضائي لإدارة الأقمار الصناعية في أفريقيا,مقر الإمارات الفضائي الجديد في دبي يضم شاشات مراقبة الأقمار الصناعية مع فريق تشغيل يعمل على متابعة المدار الافتراضي (وكالة الإمارات للفضاء),dataset_few_shot_generation
إطلاق أول مركبة كهربائية مصرية الصنع يدخل سوق السيارات المحلية بحلول 2025,مهندسون مصريون يختبرون نموذجاً أولياً لمركبة كهربائية في مصنع القاهرة الجديد للسيارات (الجزيرة),dataset_few_shot_generation
دبي تطلق مبادرة ذكية لتحويل النفايات إلى طاقة نظيفة بحلول 2030,وكالة دبي للأنباء),dataset_few_shot_generation
دبي تطلق أول مركز للذكاء الاصطناعي الطبي لدعم التشخيص المبكر,فريق أطباء ومهندسي برمجيات يعملون معاً في مختبر الذكاء الاصطناعي بمركز دبي الطبي (وام),dataset_few_shot_generation
دبي تطلق أول مركز ذكاء صناعي لتحليل البيانات المالية في الشرق الأوسط,واجهة مركز دبي للذكاء الصناعي المالي في منطقة دبي المالية وسط أجواء تكنولوجية حديثة (وكالة الأنباء الإماراتية),dataset_few_shot_generation
إطلاق مركز ابتكار تقني في القاهرة لتعزيز ريادة الأعمال الرقمية,فريق شاب يعمل على تصميم تطبيقات في مركز الابتكار الجديد بالقاهرة يناير 2024 (وكالة أنباء الشرق الأوسط),dataset_few_shot_generation
"""توسع ملموس في استخدام الطاقة الشمسية بأردننا يعزز الاقتصاد ويحد من الانبعاثات""",مهندسون يركبون ألواحاً شمسية على أسطح مبانٍ صناعية في مدينة الزرقاء بالأردن في إطار مشروع لتعزيز الطاقة النظيفة (وكالة الأنباء الأردنية),dataset_few_shot_generation
الإمارات تطلق أول مركز إقليمي للذكاء الاصطناعي لتعزيز الابتكار في الشرق الأوسط,وكالة الإمارات للأنباء),dataset_few_shot_generation
الإمارات تطلق أول مركز دولي متخصص في الذكاء الاصطناعي والرعاية الصحية,مبنى حديث يضم مركز الابتكار في الذكاء الاصطناعي الطبي بدبي، مزود بتقنيات متطورة لتعزيز الخدمات الصحية (وام),dataset_few_shot_generation
انطلاق أكبر مؤتمر للابتكار الزراعي في النيل الأبيض بالسودان,حضور كثيف من علماء ومزارعين أثناء افتتاح فعاليات مؤتمر الابتكار الزراعي في مدينة النيل الأبيض بالسودان، حيث يُعرض أحدث التقنيات الزراعية لتحسين الإنتاج المحلي (وكالة السودان للأنباء),dataset_few_shot_generation
ابتكار دواء يحمل أملًا جديدًا لعلاج الزهايمر في تركيا,فريق من العلماء الأتراك خلال اختبار دواء جديد في مختبر حديث بإسطنبول، وسط أجواء من التفاؤل حول نتائج المرحلة الأولى من التجارب السريرية (وكالة الأناضول),dataset_few_shot_generation
الإمارات تطلق أول محطة شحن كهربائية عملاقة في أبوظبي لدعم التنقل المستدام,محطة الشحن الجديدة في أبوظبي مجهزة بأحدث التقنيات لتلبية احتياجات السيارات الكهربائية المتزايدة (أبوظبي نيوز),dataset_few_shot_generation
تكنولوجيا الزراعة الذكية تنقل الإنتاج في المغرب إلى حقبة جديدة,مهندس زراعي يراقب نظام ري ذكي مثبت في حقول القمح بمدينة مكناس (وكالة المغرب العربي للأنباء),dataset_few_shot_generation
إطلاق أول سيارة كهربائية محلية في كينيا يدفع نحو مستقبل صديق للبيئة,مهندس كيني يعرض نموذج السيارة الكهربائية الجديدة خلال مؤتمر صحفي في نيروبي، وسط حضور واسع من الإعلاميين والخبراء البيئيين (وكالة رويترز),dataset_few_shot_generation
المغرب يطلق أول منصة رقمية لتعزيز التعليم التقني وريادة الأعمال في القرى النائية,فريق من المدربين والمبرمجين الشباب يجتمعون في ورشة عمل ضمن منصة رقمية حديثة بمدينة أزرو شمال المغرب (وزارة التعليم المغربية),dataset_few_shot_generation
إطلاق أول نظام ذكي لإدارة المرور في القاهرة يقلص الازدحامات بنسبة 30%,كاميرات مراقبة ذكية على أحد تقاطعات القاهرة الرئيسية تتابع حركة السيارات وتنظم إشارات المرور تلقائيًا (أرشيف),dataset_few_shot_generation
طوكيو تطلق مبادرة ذكية لتحويل النفايات إلى طاقة مستدامة بحلول 2030,محطة معالجة نفايات حديثة في ضواحي طوكيو تستخدم تقنيات التحويل الحراري لإنتاج الكهرباء النظيفة (وكالة الأنباء اليابانية),dataset_few_shot_generation
إطلاق أول شبكة قطارات كهربائية سريعة بين الدوحة والدوحة الجديدة بحلول 2027,قطار كهربائي حديث يتحرك بسرعة عالية على السكك الحديدية بين محطتين في العاصمة القطرية الدوحة (وكالة الأنباء القطرية),dataset_few_shot_generation
انطلاق أول قمة دولية للذكاء الاصطناعي في الدوحة لتعزيز الابتكار المستدام,المشاركون يتبادلون الأفكار خلال جلسة نقاش في مركز المؤتمرات الدولي بالدوحة بحضور خبراء من مختلف أنحاء العالم (الجزيرة),dataset_few_shot_generation
الإمارات تطلق أول مركبة فضائية بحثية لاستكشاف المريخ بحلول 2026,المهندسون الإماراتيون يجرون اختبارات نهائية لمركبة الفضاء في مركز محمد بن راشد للفضاء بدبي (وكالة الأنباء الإماراتية),dataset_few_shot_generation
القاهرة تطلق أكبر مشروع للنقل الكهربائي لتعزيز الاستدامة وتقليل التلوث,حافلات كهربائية حديثة تسير في شارع رئيسي بالقاهرة وسط تدشين المشروع الجديد,dataset_few_shot_generation
دبي تطلق أكبر مركز للبحث في تكنولوجيا الطاقة المتجددة بالشرق الأوسط,مركز دبي للطاقة الشمسية خلال مراسم افتتاحه بحضور كبار العلماء والمسؤولين الإماراتيين (وام),dataset_few_shot_generation
مصر تطلق أول مركز وطني للطاقة المتجددة في صحراء غرب العوينات,محطة طاقة شمسية حديثة في قلب الصحراء المصرية بمحافظة الوادي الجديد، مزودة بتقنيات متطورة لتوليد الكهرباء النظيفة (واس),dataset_few_shot_generation
دبي تطلق أول مركز للذكاء الاصطناعي في الشرق الأوسط لتعزيز الابتكار التقني,وام),dataset_few_shot_generation
دبي تطلق أول مركز تعليمي متكامل لتقنيات الذكاء الاصطناعي بالتعاون مع جامعات عالمية,واجهة مركز دبي للتقنيات الحديثة مكتمل البناء وسط أفق المدينة المشرق، يظهر شعار التعاون مع الجامعات العالمية على اللوحة الخارجية (وكالة الأنباء الإماراتية),dataset_few_shot_generation
إطلاق أول شبكة طبية ذكية في القاهرة لتعزيز الرعاية الصحية عن بعد,فريق طبي يستخدم أجهزة تكنولوجية متقدمة داخل مركز الرعاية الصحية الذكية بالقاهرة (الوكالة الوطنية),dataset_few_shot_generation
الإمارات تطلق أول قمر صناعي متخصص بمراقبة التغيرات المناخية في الخليج العربي,"قمر صناعي ""نيوم-1"" الإماراتي أثناء إطلاقه من مركز الفضاء في أبوظبي، في 15 يونيو 2026 (وكالة الإمارات للفضاء)",dataset_few_shot_generation
الإمارات تعتمد استراتيجية وطنية لتعزيز الذكاء الاصطناعي في التعليم بحلول 2030,طلاب إماراتيون يستخدمون تقنيات الواقع الافتراضي في فصل دراسي حديث ضمن مبادرات الحكومة الرقمية (وام),dataset_few_shot_generation
دبي تطلق أكبر مركز أبحاث الذكاء الاصطناعي في الشرق الأوسط لتعزيز الابتكار التقني,مبنى مركز دبي للذكاء الاصطناعي يتوهج بألوان مستقبلية وسط أفق المدينة ليلاً، مع حضور علماء ومهندسين في المختبرات الحديثة (تصوير خاص),dataset_few_shot_generation
مصر تطلق مشروعاً جديداً لتحديث النظام التعليمي وتعميم التعلم الرقمي في المدارس الحكومية,طلاب في إحدى المدارس الحكومية بالقاهرة يستخدمون الأجهزة اللوحية ضمن مبادرة التعليم الرقمي الجديدة (وزارة التربية والتعليم المصرية),dataset_few_shot_generation
تونس تستثمر في الطاقة المتجددة لتعزيز الاستقلالية وتقليل الانبعاثات,محطة للطاقة الشمسية في صحراء تونس تُظهر الألواح الشمسية الممتدة تحت سماء صافية، في إطار جهود البلاد لتحويل مصادر الطاقة (وكالة تونس الرقمية),dataset_few_shot_generation
إطلاق مشروع قطار فائق السرعة يربط بين مدينتي الرباط والدار البيضاء في المغرب,قطار حديث ينطلق من محطة الدار البيضاء وسط حضور رسمي ومواطنين متحمسين في 12 يونيو/حزيران 2024 (وكالة المغرب للأنباء),dataset_few_shot_generation
تونس تطلق مبادرة تعليمية رقمية لتعزيز مهارات الشباب في التكنولوجيا الحديثة,طلاب تونسيون يستخدمون أجهزة لوحية في ورشة تدريبية ضمن برنامج التعليم الرقمي في العاصمة تونس (الوكالة الوطنية للأنباء),dataset_few_shot_generation
القاهرة تطلق منصة رقمية لتعزيز ريادة الأعمال في المناطق الريفية,"وزير الاستثمار المصري يدشن منصة ""ريادة الريف"" بحضور رواد أعمال وشباب من محافظات مختلفة (وزارة الاستثمار المصرية)",dataset_few_shot_generation
الإمارات تطلق أول مركبة فضائية لاستكشاف كويكب قرب المريخ بحلول 2026,مهندسون إماراتيون يعملون على تركيب أنظمة المركبة الفضائية في مركز محمد بن راشد للفضاء بأبوظبي (وام),dataset_few_shot_generation
الإمارات تطلق أول قمر صناعي زراعي لتعزيز الأمن الغذائي في المنطقة,قمر صناعي حديث التصميم يحلق فوق سطح الأرض مزود بأجهزة متطورة لرصد المحاصيل الزراعية وتحليل التربة، في مركز إطلاق الأقمار الصناعية بأبوظبي (وام),dataset_few_shot_generation
الإمارات تطلق أول قمر صناعي زراعي لمراقبة الأراضي وتعزيز الأمن الغذائي,القمر الصناعي الإماراتي الجديد يطلق من مركز محمد بن راشد للفضاء لمتابعة نمو المحاصيل وتحسين إنتاج الغذاء (مركز محمد بن راشد للفضاء),dataset_few_shot_generation
دبي تطلق أول مركز ذكي للطاقة المتجددة يدعم الاستدامة ويخفض الانبعاثات,عرض للمجمع الجديد في دبي مزود بألواح شمسية وتقنيات ذكية لإدارة الطاقة (وكالة الأنباء الإماراتية),dataset_few_shot_generation
دبي تطلق أول حديقة ذكية تعتمد على الذكاء الاصطناعي لتعزيز الاستدامة,منظر ليلي لحديقة ذكية في دبي تظهر أنظمة إضاءة ذكية وأجهزة استشعار بيئية تعمل بتقنيات الذكاء الاصطناعي (الجزيرة),dataset_few_shot_generation
الإمارات تطلق أول مركز بحثي شامل للطاقة المتجددة في أبوظبي,حفل افتتاح مركز الطاقة المتجددة في أبوظبي بحضور كبار المسؤولين الإماراتيين والعلماء المختصين (وام),dataset_few_shot_generation
دبي تطلق أول مركز ذكاء اصطناعي لتطوير حلول التعليم الذكي في الشرق الأوسط,مختبر حديث في مركز دبي للذكاء الاصطناعي يعكف على ابتكار تطبيقات تعليمية مبتكرة (الجزيرة),dataset_few_shot_generation
الإمارات تطلق أول مبادرة وطنية لتعزيز الذكاء الاصطناعي في التعليم,طلاب في مدرسة دبي يستخدمون أجهزة لوحية ضمن برنامج التعلم المعزز بالذكاء الاصطناعي (وام),dataset_few_shot_generation
طوكيو تطلق مبادرة تعليمية مبتكرة لتطوير مهارات الروبوتات بين الشباب,مجموعة من الطلاب اليابانيين يبرمجون روبوتات في مختبر تكنولوجي حديث بطوكيو (وكالة الأنباء اليابانية),dataset_few_shot_generation
دبي تطلق أول مركز للطباعة الثلاثية الأبعاد للمعدات الطبية لدعم المستشفيات الحكومية,مهندس يراقب طابعة ثلاثية الأبعاد أثناء تصنيع جهاز طبي في مركز دبي للابتكار الصحي (تصوير مركز دبي للإعلام),dataset_few_shot_generation
الإمارات تطلق استراتيجية وطنية لتعزيز الذكاء الاصطناعي في التعليم بحلول 2030,طلاب في مدرسة دبي يستخدمون تقنيات الواقع الافتراضي ضمن برنامج تعليمي مدعوم بالذكاء الاصطناعي (وام),dataset_few_shot_generation
الإمارات تطلق أول قمر صناعي لتعزيز الاتصالات الفضائية في أفريقيا,مهندسون إماراتيون يستعدون لإطلاق القمر الصناعي الجديد من مركز محمد بن راشد للفضاء في دبي (وام),dataset_few_shot_generation
الإمارات تطلق أول مركز بحثي متخصص في الذكاء الاصطناعي لتعزيز الابتكار الوطني,مختبر حديث بمركز الذكاء الاصطناعي في دبي يعرض طلاباً ومهندسين يعملون على برمجيات متقدمة (وام),dataset_few_shot_generation
إطلاق أول قمر صناعي إماراتي مخصص لرصد التغيرات المناخية في دول الخليج,وكالة دبي للفضاء),dataset_few_shot_generation
دبي تطلق أكبر مركز للبحث في تقنيات الذكاء الاصطناعي لتعزيز التحول الرقمي,مبنى مركز دبي للابتكار في الذكاء الاصطناعي في منطقة المدينة الرقمية وسط أجواء احتفالية بافتتاح المشروع الجديد (وكالة الإمارات للأنباء),dataset_few_shot_generation
الإمارات تطلق أول قمر صناعي لتتبع التغيرات البيئية في منطقة الخليج,قمر صناعي حديث يسبح في الفضاء فوق أرض الإمارات، مزود بأجهزة متطورة لمراقبة البيئة البحرية والبرية (وكالة الإمارات للفضاء),dataset_few_shot_generation
المملكة العربية السعودية تطلق أول مركز وطني للابتكار في مجال الذكاء الاصطناعي,فريق من الباحثين السعوديين يعملون على تطوير تقنيات الذكاء الاصطناعي داخل مركز الابتكار الجديد في الرياض,dataset_few_shot_generation
دبي تطلق أول مركز ذكي للطاقة المتجددة يدعم تحول الإمارة نحو الاستدامة,منظر جوي لمركز الطاقة الذكي في دبي مزود بألواح شمسية حديثة وتقنيات ذكية لإدارة الطاقة (هيئة كهرباء ومياه دبي),dataset_few_shot_generation
دبي تطلق أكبر مركز تكنولوجي للذكاء الاصطناعي في الشرق الأوسط,مشهد جوي لمركز دبي للذكاء الاصطناعي أثناء حفل الافتتاح، يظهر تصميم المبنى العصري وسط أفق المدينة (وكالة الأنباء الإماراتية),dataset_few_shot_generation
الإمارات تطلق أول قمر صناعي بيئي لرصد التغير المناخي في الخليج,مهندسون إماراتيون يجرون فحوصات على القمر الصناعي البيئي قبل إطلاقه من مركز محمد بن راشد للفضاء في دبي (وكالة الإمارات للفضاء),dataset_few_shot_generation
انطلاق مؤتمر الطاقة المتجددة في دبي مع توقعات بتحولات استراتيجية بالمنطقة,مشاركون من مختلف الدول يتناقشون في قاعة المؤتمرات الدولية بدبي وسط عروض تفاعلية عن مشاريع الطاقة النظيفة (وكالة الأنباء الإماراتية),dataset_few_shot_generation
انطلاق أول مشروع للطاقة الشمسية في الصحراء الكبرى المغربية لتعزيز الاستدامة,مهندسون يراجعون مخططات محطة الطاقة الشمسية وسط الرمال الذهبية للصحراء الكبرى قرب ورزازات (وكالة المغرب العربي للأنباء),dataset_few_shot_generation
انطلاق مشروع زراعة الأحياء البحرية لإحياء السواحل المصرية من التلوث,فريق علماء بحرية يزرعون المرجان الصناعي على شواطئ البحر الأحمر في العين السخنة (وكالة الأنباء المصرية),dataset_few_shot_generation
الإمارات تطلق أكبر مشروع للطاقة الشمسية العائمة في العالم بمدينة دبي,منشأة ضخمة للألواح الشمسية العائمة على سدود في دبي تعكس أشعة الشمس وسط أجواء صافية (رويترز),dataset_few_shot_generation
دبي تطلق أول مشروع للمدن الذكية المستدامة بحلول 2030,منظر جوي لموقع المشروع الجديد في دبي مع نماذج لمباني صديقة للبيئة وتكنولوجيا متقدمة (وكالة الأنباء الإماراتية),dataset_few_shot_generation
"الإمارات تطلق مشروع ""المدن الذكية المتكاملة"" لتعزيز الاستدامة الحضرية بحلول 2030",نائب وزير الطاقة الإماراتي يستعرض مخطط تطوير المدن الذكية خلال مؤتمر الاستدامة في أبوظبي (وام),dataset_few_shot_generation
الإمارات تطلق أول قمر صناعي بيئي لمراقبة التغيرات المناخية بالمنطقة,القمر الصناعي الإماراتي الجديد يحلق في مدار الأرض، مزوداً بأحدث التقنيات لرصد البيانات البيئية وتحليل تأثيرات التغير المناخي (وكالة الفضاء الإماراتية),dataset_few_shot_generation
الإمارات تطلق أول قمر صناعي زراعي لتعزيز الأمن الغذائي في الشرق الأوسط,"المهندسون الإماراتيون يجرون فحوصات نهائية على القمر الصناعي ""نبتة 1"" قبل إطلاقه من مركز محمد بن راشد للفضاء (وكالة الأنباء الإماراتية)",dataset_few_shot_generation
الإمارات تطلق أول مركز للذكاء الاصطناعي وتعزيز الابتكار في أبوظبي,حفل افتتاح مركز الذكاء الاصطناعي في أبوظبي بحضور كبار المسؤولين الإماراتيين (وكالة الإمارات للأنباء),dataset_few_shot_generation
الإمارات تطلق أول مشروع للطاقة الشمسية العائمة في الخليج بحجم استثماري قياسي,محطة الطاقة الشمسية العائمة قبالة سواحل أبوظبي، تظهر الألواح الشمسية المغطاة بالماء مع خلفية المدينة الحديثة (وكالة الإمارات للأنباء),dataset_few_shot_generation
اليابان تطلق أول محطة طاقة حرارية بحرية مزدوجة لتعزيز الاستدامة بحلول 2030,منظر جوي لمحطة الطاقة الحرارية البحرية الجديدة قبالة سواحل مدينة يوكوهاما، حيث تُظهر منصات توليد الطاقة والتوربينات البحرية في موقع المشروع (وكالة جيجي),dataset_few_shot_generation
الإمارات تعتمد استراتيجية وطنية لتطوير الذكاء الاصطناعي في التعليم بحلول 2030,وزير التربية والتعليم الإماراتي يفتتح مؤتمر الابتكار الرقمي لتسليط الضوء على دمج الذكاء الاصطناعي في المدارس الحكومية (وكالة أنباء الإمارات),dataset_few_shot_generation
انطلاق مؤتمر دولي في دبي لتعزيز الابتكار في الطاقة المتجددة,وفود من مختلف الدول تستعرض أحدث التقنيات الشمسية في مركز دبي للمعارض خلال افتتاح مؤتمر الطاقة المتجددة العالمي (واس),dataset_few_shot_generation
إطلاق أول مركز أبحاث الذكاء الاصطناعي في القاهرة لتعزيز الابتكار الرقمي,فريق من الباحثين المصريين يعملون على تطوير نماذج ذكاء اصطناعي متقدمة داخل مختبر المركز الجديد بالقاهرة (وكالة الأنباء المصرية),dataset_few_shot_generation
إطلاق أول شبكة قطارات كهربائية فائقة السرعة في كينيا يعزز الربط الإقليمي,قطار كهربائي حديث ينطلق من محطة العاصمة نيروبي باتجاه مومباسا ضمن مشروع الربط السككي الجديد في كينيا، أبريل 2026 (وكالة الصحافة الأفريقية),dataset_few_shot_generation
دبي تحتضن مؤتمر عالمي للذكاء الاصطناعي يبحث مستقبل الابتكار التقني,منظر جوي لمركز المؤتمرات الدولي في دبي عام 2024 ملتقى قادة التكنولوجيا والباحثين من مختلف أنحاء العالم (وكالة الأنباء الإماراتية),dataset_few_shot_generation
دبي تطلق أول مراكز تعليم الروبوتات للأطفال لتعزيز مهارات المستقبل,مجموعة من الأطفال يتعلمون برمجة الروبوتات في أحد مراكز التعليم التكنولوجي بدبي (وام),dataset_few_shot_generation
الإمارات تطلق أول محطة طاقة شمسية عائمة لتعزيز الاستدامة في أبوظبي,منظر جوي لمحطة الطاقة الشمسية العائمة على مياه بحيرة الخزنة بإمارة أبوظبي، حيث تُسهم في إنتاج طاقة نظيفة وتقليل الانبعاثات الكربونية (وكالة أنباء الإمارات),dataset_few_shot_generation
إطلاق أول قمر صناعي سعودي مخصص للذكاء الاصطناعي في مدار الأرض المنخفض,مهندسون سعوديون في مركز التحكم يراقبون عمليات إطلاق القمر الصناعي الجديد المجهز بتقنيات الذكاء الاصطناعي من قاعدة إطلاق في الرياض (واس),dataset_few_shot_generation
إطلاق أول محطة طاقة شمسية ضخمة في القاهرة لتعزيز الكهرباء المستدامة,مهندسون مصريون يتفقدون الألواح الشمسية في موقع المحطة الجديدة شرق القاهرة وسط أجواء مشمسة (وكالة رويترز),dataset_few_shot_generation
إطلاق أول مركز أبحاث للطاقة المتجددة في نيروبي لتعزيز الابتكار المستدام,فريق من العلماء الكينيين أثناء اختبار خلايا شمسية جديدة في مختبر مركز نيروبي للطاقة المتجددة (الجزيرة),dataset_few_shot_generation
إطلاق مشروع حضري جديد في الرياض لتعزيز الزراعة الذكية ومواجهة ندرة المياه,مزارع حديثة مزودة بتقنيات ري ذكية في إحدى المناطق الحضرية بالرياض ضمن مبادرة التنمية المستدامة (واس),dataset_few_shot_generation
الإمارات تطلق أول مركز وطني للذكاء الاصطناعي لتعزيز الابتكار في قطاعات الطاقة والتنقل,مبنى المركز الوطني للذكاء الاصطناعي في أبوظبي يظهر واجهته الزجاجية الحديثة وسط أجواء المدينة (وام),dataset_few_shot_generation
الإمارات تطلق أول قمر صناعي مخصص لرصد التغيرات المناخية في الشرق الأوسط,إطلاق صاروخ من مركز محمد بن راشد للفضاء يحمل القمر الصناعي الجديد لرصد الظواهر البيئية في المنطقة (وكالة الإمارات للفضاء),dataset_few_shot_generation
دبي تطلق أول شبكة نقل كهربائي ذكية تعتمد الذكاء الاصطناعي لتحسين استهلاك الطاقة,محطة توزيع كهرباء حديثة في ضواحي دبي مزودة بأجهزة استشعار ذكية للتحكم الفوري في تدفق الكهرباء باستخدام تقنيات الذكاء الاصطناعي (وكالة الأنباء الإماراتية),dataset_few_shot_generation
الجزائر تطلق مشروعًا طموحًا لتحويل الزراعة الرقمية إلى رافد اقتصادي رئيسي,مزارعون يستخدمون أجهزة ذكية لمراقبة المحاصيل في حقول شاهقة التقنية بمنطقة الأوراس الجزائرية (وكالة الأناضول),dataset_few_shot_generation
الإمارات تطلق أول مدينة ذكية متكاملة لتعزيز الاقتصاد الرقمي في دبي,منظر جوي لمنطقة المدينة الذكية في دبي تظهر المباني الحديثة وشبكات البنية التحتية الرقمية المتطورة تحت الإنشاء,dataset_few_shot_generation
دبي تطلق أول مختبر ذكي للذكاء الاصطناعي لتعزيز البحوث العلمية في الشرق الأوسط,مهندسون وباحثون يعملون داخل مختبر الذكاء الاصطناعي الجديد في مدينة دبي العلمية، مع شاشات تعرض بيانات تحليلية متقدمة (وام),dataset_few_shot_generation
الإمارات تطلق مشروعاً طموحاً للذكاء الاصطناعي لتحويل قطاع التعليم بحلول 2030,فريق من المهندسين الإماراتيين يعملون على برمجة نظام ذكاء اصطناعي في مختبر التكنولوجيا بدبي (وام),dataset_few_shot_generation
الإمارات تطلق أول مركز وطني للذكاء الاصطناعي لتعزيز التحول الرقمي,واجهة مركز الإمارات الوطني للذكاء الاصطناعي في أبوظبي خلال حفل الافتتاح الرسمي (وام),dataset_few_shot_generation
انطلاق أول جامعة رقمية عربية في دبي تُحدث نقلة نوعية في التعليم العالي,مقر الجامعة الرقمية الجديد في دبي، يظهر مبنى حديث التصميم مزودًا بأحدث تقنيات التعليم عن بُعد (تصوير خاص),dataset_few_shot_generation
القاهرة تستضيف مؤتمر الطاقة المتجددة بحضور خبراء عالميين لتحفيز التحول الأخضر,مشاركون من مختلف الدول يتبادلون الآراء خلال مؤتمر الطاقة المتجددة في مركز المؤتمرات بالقاهرة (وكالة الأنباء المصرية),dataset_few_shot_generation
الإمارات تطلق أول مركز للذكاء الاصطناعي في التعليم لتعزيز مهارات المستقبل,الإمارات اليوم),dataset_few_shot_generation
دبي تكشف عن أول مدينة ذكية بالكامل تعتمد على الطاقة المتجددة بحلول 2030,منظر جوي لمدينة دبي مع محطات الطاقة الشمسية المنتشرة وأبراج ذكية تستخدم التقنيات الحديثة لتحسين الاستدامة البيئية (وكالة الأنباء الإماراتية),dataset_few_shot_generation
المغرب يطلق مبادرة طموحة لتحويل المدن إلى مراكز ذكية مستدامة بحلول 2030,مهندسون مغاربة يراجعون خطة تطوير البنية التحتية الرقمية في موقع عمل بإحدى المدن الكبرى بالرباط، ضمن مشروع المدن الذكية (وكالة المغرب العربي للأنباء),dataset_few_shot_generation
إطلاق أول بعثة بحرية سعودية لاستكشاف أعماق البحر الأحمر وتعزيز الاقتصاد الأزرق,سفينة بحث سعودية مجهزة بتقنيات حديثة تنطلق من ميناء جدة ضمن مهمة استكشاف علمية في البحر الأحمر (واس),dataset_few_shot_generation
مدن المغرب تعتمد تقنية المدن الذكية لتعزيز جودة الحياة البيئية,واجهة حديثة لمبنى إداري في الرباط مزودة بألواح شمسية وأجهزة استشعار بيئية تراقب جودة الهواء (غيتي),dataset_few_shot_generation
دبي تطلق أول مشروع للبنية التحتية الذكية لتقليل استهلاك الطاقة بنسبة 30%,منظومة إنارة ذكية تعمل بالطاقة الشمسية في أحد شوارع دبي الحديثة (وكالة الأنباء الإماراتية),dataset_few_shot_generation
ابتكار روبوت ذكي لدعم ذوي الاحتياجات الخاصة في القاهرة,مهندسان مصريان يعرضان نموذج الروبوت أثناء اختبار قدرته على مساعدة الأشخاص ذوي الإعاقات الحركية في مركز أبحاث التكنولوجيا بمدينة القاهرة (الجزيرة),dataset_few_shot_generation
إطلاق مبادرة تعليمية في كينيا لتعزيز المهارات الرقمية بين الشباب,مجموعة من الطلاب في نيروبي يشاركون في ورشة تدريب على البرمجة ضمن برنامج تعليمي جديد يدعمه القطاع الخاص (وكالة الأنباء الكينية),dataset_few_shot_generation
دبي تطلق أول مركز عالمي للابتكار في الذكاء الاصطناعي لتعزيز التحول الرقمي,واجهة مركز دبي للابتكار في الذكاء الاصطناعي مع شعارات تقنية مضيئة تعبر عن التطور التكنولوجي (مؤسسة دبي للابتكار),dataset_few_shot_generation
"دبي تطلق مبادرة ""المدن الذكية الصديقة للبيئة"" لتعزيز الاستدامة الحضرية بحلول 2030",منظر جوي لمدينة دبي مع مشاريع البنية التحتية المبتكرة والمزارع الحضرية ضمن مبادرة المدن الذكية المستدامة (بلدية دبي),dataset_few_shot_generation
إطلاق مبادرة تعليمية رقمية لتعزيز مهارات البرمجة بين شباب القاهرة,طلاب في إحدى مدارس القاهرة يشاركون في ورشة تفاعلية لتعليم البرمجة باستخدام الحواسيب اللوحية ضمن المبادرة الجديدة (مواقع التواصل الاجتماعي),dataset_few_shot_generation
اليابان تطلق أول شبكة قطارات فائقة السرعة تعمل بالطاقة الهيدروجينية بحلول 2026,قطار عالي السرعة يمر عبر مناظر طبيعية جبلية في منطقة كانتو اليابانية، مزود بتقنيات الطاقة النظيفة (وكالة الأنباء اليابانية),dataset_few_shot_generation
الإمارات تعلن إطلاق أول قمر صناعي مخصص لمراقبة البيئة البحرية,"القمر الصناعي ""بصيرة البحر"" أثناء التحضير للإطلاق من مركز محمد بن راشد للفضاء في دبي (وكالة الإمارات للفضاء)",dataset_few_shot_generation
ابتكار سعودي يُحدث ثورة في الطاقة الشمسية بتقنية تخزين متقدمة,فريق من الباحثين السعوديين يعملون على لوحة طاقة شمسية مبتكرة داخل مختبر بمدينة الرياض (واس),dataset_few_shot_generation
الإمارات تطلق أول مشروع ذكي للطاقة المتجددة في صحراء ليوا,محطة الطاقة الشمسية الجديدة في صحراء ليوا تسرّع التحول نحو اقتصاد مستدام في الإمارات (وكالة أنباء الإمارات),dataset_few_shot_generation
إطلاق أول مبادرة تعليمية رقمية شاملة في تونس لتعزيز المهارات التقنية للشباب,طلاب تونسيون يستخدمون أجهزة الكمبيوتر اللوحية ضمن ورشة تدريبية في مركز التعليم الرقمي بالعاصمة (وكالة تونس أفريقيا للأنباء),dataset_few_shot_generation
الإمارات تطلق مشروعًا طموحًا للطاقة النظيفة في صحراء الربع الخالي,محطة شمسية ضخمة تحت الإنشاء في قلب صحراء الربع الخالي، تعكس توجه الإمارات نحو الاستدامة (وكالة أنباء الإمارات),dataset_few_shot_generation
الإمارات تطلق أول برنامج وطني للذكاء الاصطناعي في التعليم لتعزيز مهارات المستقبل,مسؤول إماراتي خلال مؤتمر صحفي يعلن إطلاق البرنامج الوطني لتطبيق تقنيات الذكاء الاصطناعي في المدارس (وام),dataset_few_shot_generation
مصر تطلق مشروعاً ضخماً للطاقة الشمسية في الصحراء الغربية لتعزيز الاستدامة,محطة طاقة شمسية حديثة في الصحراء الغربية خلال فترة الظهيرة، تعكس جهود مصر في دعم الطاقة النظيفة (رويترز),dataset_few_shot_generation
دبي تطلق أول مركز رقمي متكامل لتطوير الذكاء الاصطناعي في الشرق الأوسط,منظر جوي لمبنى المركز الرقمي الجديد في دبي محاطًا بأبراج المدينة الحديثة وسط أجواء تقنية متقدمة (تصوير خاص),dataset_few_shot_generation
ارتفاع استثمارات الطاقة المتجددة في دبي يعزز التحول نحو الاقتصاد الأخضر,محطة شمسية حديثة في ضواحي دبي مع توربينات رياح في الخلفية تعكس توجه المدينة للطاقة النظيفة,dataset_few_shot_generation
دبي تطلق شبكة نقل ذكية تعتمد الذكاء الاصطناعي لتحسين حركة المرور بحلول 2025,مركبات كهربائية تسير بانسيابية على طريق سريع مزود بأجهزة استشعار ذكية في مدينة دبي (وكالة الصحافة العربية),dataset_few_shot_generation
افتتاح أول مركز أبحاث للذكاء الاصطناعي في العاصمة المغربية الرباط,باحثون مغاربة يعملون على تطوير نماذج الذكاء الاصطناعي داخل مختبر حديث في مركز الرباط للأبحاث التقنية (وكالة المغرب العربي للأنباء),dataset_few_shot_generation
الإمارات تفتتح أول مستشفى ذكي يعتمد على تقنيات الذكاء الاصطناعي في أبوظبي,افتتاح مستشفى ذكي مزود بأحدث تقنيات الذكاء الاصطناعي لتقديم خدمات صحية متقدمة في أبوظبي (وكالة أنباء الإمارات),dataset_few_shot_generation
تونس تطلق أول منصة رقمية لتعليم اللغة العربية بطرق مبتكرة وتفاعلية,شابة تونسية تستخدم التطبيق الجديد لتعلم اللغة العربية عبر هاتفها الذكي في مقهى بالعاصمة تونس (تصوير خاص),dataset_few_shot_generation
دبي تطلق أول مركز للذكاء الاصطناعي في الشرق الأوسط لتعزيز الابتكار الرقمي,مبنى حديث يضم مركز دبي للذكاء الاصطناعي مزدان بشاشات تفاعلية وروبوتات خدمية في الافتتاح الرسمي (تصوير زايد محمد),dataset_few_shot_generation
إطلاق مبادرة تعليمية رقمية جديدة لتعزيز مهارات الشباب في الرياض,طلاب يستخدمون أجهزة لوحية في قاعة دراسية حديثة بالجامعة الملك سعود في الرياض خلال ورشة عمل تقنية (الجزيرة),dataset_few_shot_generation
ابتكار مصري يُحدث ثورة في تقنيات الزراعة الذكية لتنمية الصحراء,مهندس مصري يشرح نموذج نظام ري ذكي باستخدام أجهزة استشعار في مزرعة صحراوية بالقاهرة الجديدة (موقع وزارة الزراعة المصرية),dataset_few_shot_generation
دبي تطلق أول منظومة ذكية لإدارة النفايات باستخدام الروبوتات والذكاء الاصطناعي,روبوت يعمل على فرز النفايات في محطة معالجة حديثة بمدينة دبي (بلدية دبي),dataset_few_shot_generation
تراجع إصابات كورونا في بيروت مع بدء تطبيق إجراءات الصحة الرقمية في المدارس,طالبات يرتدين الكمامات داخل إحدى المدارس في بيروت أثناء تسجيل بيانات صحية عبر تطبيق رقمي خاص (الوكالة الوطنية),dataset_few_shot_generation
دبي تطلق أكبر مركز للذكاء الاصطناعي في الشرق الأوسط لتعزيز الابتكار التقني,لوحة إلكترونية ضخمة تعرض شعار مركز دبي للذكاء الاصطناعي الجديد في حرم المدينة التقنية (تصوير وكالة الأنباء الإماراتية),dataset_few_shot_generation
اليابان تعلن استثماراً قياسياً في تطوير تقنيات الطاقة النظيفة بحلول 2030,محطة طاقة شمسية حديثة في محافظة هوكايدو تعكس التزام اليابان بالتحول للطاقة المستدامة (رويترز),dataset_few_shot_generation
تقنيات الذكاء الاصطناعي تُحدث ثورة في الرعاية الصحية بالمملكة العربية السعودية,فريق طبي يستخدم جهازاً ذكياً لتحليل البيانات الصحية في مستشفى الملك فيصل بالرياض (واس),dataset_few_shot_generation
الإمارات تطلق أول مركز ذكي لإدارة الكوارث بدبي لتعزيز الاستجابة السريعة,فريق الطوارئ الإماراتي يعمل على تشغيل نظام المراقبة الذكي في مركز إدارة الكوارث الجديد بدبي (وكالة أنباء الإمارات),dataset_few_shot_generation
إطلاق أول مركز لتكنولوجيا الزراعة الذكية في المغرب يعزز الأمن الغذائي,مهندسون مغاربة يعملون على أنظمة تحكم عن بُعد في المزرعة الذكية بمدينة الرباط، خلال افتتاح المركز الوطني للزراعة الرقمية في أبريل 2024 (وكالة المغرب العربي للأنباء),dataset_few_shot_generation
إطلاق أول جيش روبوتي في دبي لتعزيز الأمن والسلامة الذكية,روبوتات أمنية متقدمة تنفذ جولة تفقدية ليلية في شارع تجاري مزدحم بدبي، ضمن مشروع المدينة الذكية (وكالة الأنباء الإماراتية),dataset_few_shot_generation
الإمارات تعلن إطلاق أول مقرّ تكنولوجي متقدم للروبوتات في الشرق الأوسط,مبنى المقر التكنولوجي الجديد في مدينة أبوظبي يضيء ليلاً بتقنيات حديثة، 15 يونيو 2024 (وكالة الإمارات للأنباء),dataset_few_shot_generation
إطلاق أول محطة طاقة شمسية عائمة في المغرب لتعزيز الاستدامة البيئية,منظر جوي لمحطة الطاقة الشمسية العائمة على بحيرة بإقليم الدار البيضاء وسط أشعة الشمس الساطعة (وكالة المغرب للأنباء),dataset_few_shot_generation
انطلاق أول مركز ذكي للطاقة المتجددة في الرياض يدعم التحول الوطني,مهندسون سعوديون يعملون على نظام الألواح الشمسية في مركز الطاقة الذكي بالرياض (واس),dataset_few_shot_generation
طوكيو تطلق أكبر مشروع لتطوير الذكاء الاصطناعي في مجال الرعاية الصحية,فريق من الباحثين اليابانيين يعملون على أنظمة ذكية لتحليل البيانات الطبية في مركز طوكيو للابتكار الصحي (وكالة كيودو),dataset_few_shot_generation
إطلاق أول قمر صناعي إماراتي مخصص للرصد الزراعي لتعزيز الأمن الغذائي بالمنطقة,"القمر الصناعي الإماراتي ""الزراعة 1"" أثناء عملية الإطلاق من مركز محمد بن راشد الفضائي في دبي",dataset_few_shot_generation
دبي تطلق أول محطة طاقة شمسية ذكية تعتمد على الذكاء الاصطناعي لتحسين كفاءة الطاقة,محطة الطاقة الشمسية الذكية في مدينة دبي تستخدم تقنيات متقدمة للمراقبة والتحكم الآني في إنتاج الكهرباء (وام),dataset_few_shot_generation
"""الذكاء الاصطناعي يغير قواعد اللعبة في قطاع التعليم بالمغرب""",معلم مغربي يستخدم جهاز لوحي لتدريس الطلاب في مدرسة بمدينة الرباط ضمن مشروع رقمنة التعليم (وكالة الصحافة الفرنسية),dataset_few_shot_generation
الإمارات تستضيف أول مؤتمر دولي للذكاء الاصطناعي في التعليم لتعزيز الابتكار والتقنيات الحديثة,مشاركون من مختلف أنحاء العالم يتبادلون الآراء خلال افتتاح مؤتمر الذكاء الاصطناعي في التعليم بأبوظبي (وكالة الأنباء الإماراتية),dataset_few_shot_generation
إطلاق مشروع ذكي للطاقة المتجددة في المغرب لتعزيز الاستدامة الحضرية,محطة طاقة شمسية حديثة تعمل على تغذية شبكة الكهرباء في مدينة مراكش (وزارة الطاقة المغربية),dataset_few_shot_generation
إطلاق أول قمر صناعي إماراتي مخصص لمراقبة البيئة البحرية,صاروخ يحمل القمر الصناعي الإماراتي ينطلق من مركز الإطلاق في غويانا الفرنسية (وكالة الإمارات للفضاء),dataset_few_shot_generation
دبي تطلق أول نظام ذكي لإدارة المرور باستخدام الذكاء الاصطناعي,منظر جوي لشوارع دبي مزدحمة مع لوحات ذكية تعرض حركة المرور بشكل مباشر، في إطار تجربة النظام الجديد (تصوير الإمارات للإعلام),dataset_few_shot_generation
الإمارات تطلق أول مركز ذكي لإدارة الكوارث باستخدام تقنيات الذكاء الاصطناعي,فريق عمل في مركز التحكم الجديد بأبوظبي يراقب خرائط تفاعلية ونماذج تنبؤية عبر شاشات متقدمة لتعزيز الاستجابة السريعة للكوارث الطبيعية (وكالة أنباء الإمارات),dataset_few_shot_generation
تدشين أول مركز ذكي للطاقة المتجددة في الرياض لتعزيز الاستدامة الوطنية,مهندسون سعوديون يراقبون تشغيل الألواح الشمسية في مركز الطاقة المتجددة الجديد بالعاصمة الرياض (الجزيرة),dataset_few_shot_generation
الإمارات تستثمر 3.5 مليار درهم في تطوير شبكة النقل الذكي بدبي,مركبات كهربائية وسيارات ذاتية القيادة تسير على أحد الطرق الحديثة في دبي ضمن مشروع النقل الذكي (وام),dataset_few_shot_generation
الإمارات تطلق أول مركبة فضائية وطنية لاستكشاف كوكب المريخ بحلول 2026,نموذج ثلاثي الأبعاد لمركبة الفضاء الإماراتية الجديدة خلال مرحلة التجهيز في مركز محمد بن راشد للفضاء في دبي (الوكالة الإماراتية للفضاء),dataset_few_shot_generation
دبي تطلق أول مشروع ذكي لإدارة النفايات بالذكاء الاصطناعي لتحسين الاستدامة,نظام ذكي يعمل على فرز النفايات تلقائياً في إحدى محطات معالجة النفايات في دبي (وكالة الأنباء الإماراتية),dataset_few_shot_generation
دبي تطلق مبادرة للطاقة النظيفة تستهدف تحييد انبعاثات القطاع الصناعي بحلول 2035,برج خليفة مضاء بألوان خضراء احتفالاً بإطلاق مبادرة دبي للطاقة المتجددة وخفض الانبعاثات الصناعية (وكالة الأنباء الإماراتية),dataset_few_shot_generation
دبي تطلق أكبر مركز للذكاء الاصطناعي في الشرق الأوسط لتعزيز الابتكار التقني,مبنى مركز دبي للذكاء الاصطناعي يضيء بألوان زاهية وسط أفق المدينة (وكالة الأنباء الإماراتية),dataset_few_shot_generation
دبي تطلق أول مركز بحثي للطاقة المتجددة يهدف إلى خفض الانبعاثات بنسبة 40% بحلول 2030,مبنى مركز دبي للطاقة المتجددة حديث التصميم مع ألواح شمسية على السطح في الخلفية (وكالة الأنباء الإماراتية),dataset_few_shot_generation
دبي تتصدر الشرق الأوسط في اعتماد تكنولوجيا المدن الذكية بحلول 2025,"مبنى ""برج الشمس"" في دبي يضيء بشكل ذكي مع عرض تفاعلي لبيانات البيئة الحضرية باستخدام تقنيات إنترنت الأشياء (دبي للإعلام)",dataset_few_shot_generation
مصر تطلق مشروعًا جديدًا للطاقة الشمسية لتقليل الاعتماد على الوقود الأحفوري بحلول 2030,محطة طاقة شمسية واسعة في صحراء غرب مصر تُظهر صفوف الألواح الشمسية تحت إشراف مهندسين مصريين (وكالة أنباء الشرق الأوسط),dataset_few_shot_generation
الإمارات تطلق أول قمر صناعي مختص برصد التغير المناخي لتعزيز الاستدامة البيئية,مهندسون إماراتيون يراقبون بيانات القمر الصناعي الجديد من مركز التحكم في دبي (وام),dataset_few_shot_generation
ابتكار سعودي يُحدث ثورة في زراعة الصحراء باستخدام الذكاء الاصطناعي,مهندسون سعوديون يراقبون نمو المحاصيل في مزرعة صحراوية مزودة بأجهزة ذكية للتحكم بالرطوبة والتغذية (واس),dataset_few_shot_generation
الإمارات تطلق أول قمر اصطناعي للاتصالات 6G وسط سباق التكنولوجيا العالمية,مهندسون إماراتيون يعملون على تجهيز القمر الاصطناعي في مركز محمد بن راشد للفضاء (وكالة الأنباء الإماراتية),dataset_few_shot_generation
إطلاق أول قطار فائق السرعة بين القاهرة وأسوان يفتح آفاق التنقل في مصر,قطار حديث يسير بسرعة عالية عبر الصحراء بالقرب من النيل في رحلة تجريبية بين القاهرة وأسوان (أ ف ب),dataset_few_shot_generation
انطلاق مهرجان التكنولوجيا والابتكار في دبي.. منصة للرواد والمستثمرين,زوار ومشاركون يتجولون بين أجنحة المعرض وسط عروض حيّة لأحدث التقنيات في مركز دبي التجاري العالمي,dataset_few_shot_generation
السعودية تطلق أول مركز وطني للذكاء الاصطناعي لتعزيز الابتكار التقني,واجهة المركز الوطني للذكاء الاصطناعي بمدينة الرياض مع تجمع لفريق من الباحثين أثناء مناقشة مشاريع تطوير تقنية حديثة (واس),dataset_few_shot_generation
إطلاق أول مركبة كهربائية صديقة للبيئة في القاهرة لتعزيز النقل المستدام,سيارة كهربائية حديثة تمر بجانب محطة شحن في وسط القاهرة وسط أبنية المدينة (رويترز),dataset_few_shot_generation
إطلاق أكبر محطة للطاقة الشمسية في الجزائر لتعزيز الاستقلال الطاقوي,مزارع خلايا شمسية تمتد على مساحة واسعة في صحراء الجزائر بحلة صباحية مشمسة، في إطار مشروع الطاقة المتجددة الجديد (وكالة الصحافة الجزائرية),dataset_few_shot_generation
دبي تطلق أول شبكة نقل ذكية تعتمد على الطاقة الشمسية لتعزيز الاستدامة,حافلة كهربائية حديثة تسير عبر شارع رئيسي في دبي مزود بألواح شمسية على المحطات (وام),dataset_few_shot_generation
إطلاق مبادرة تعليمية رقمية لتعزيز مهارات الشباب في القاهرة,طلاب يشاركون في ورشة عمل تقنية ضمن مبادرة التعليم الرقمي بمدينة القاهرة (وزارة التعليم المصرية),dataset_few_shot_generation
مؤتمر دولي في دبي يدعو لتفعيل الذكاء الاصطناعي في التعليم لتعزيز مهارات المستقبل,مشاركون يناقشون تطبيقات الذكاء الاصطناعي في قطاع التعليم خلال فعاليات المؤتمر الدولي في مركز دبي العالمي للمعارض (رويترز),dataset_few_shot_generation
حكومة اليابان تعلن خطة طموحة لتعزيز الطاقة المتجددة بحلول 2030,محطة طاقة شمسية جديدة في محافظة توتوري شمال اليابان، تظهر الألواح الشمسية ممتدة على مساحة واسعة تحت سماء صافية (وكالة كيودو),dataset_few_shot_generation
