id,real_title,fake_title,real_caption,fake_caption,method
1069,قطر وإيران تبحثان جهود خفض التصعيد في المنطقة,تحالف غير متوقع بين الدوحة وطهران لتعزيز التعاون الاقتصادي والاستثماري,وزير الخارجية الإيراني عباس عراقجي (يمين)، ورئيس الوزراء وزير الخارجية القطري الشيخ محمد بن عبد الرحمن آل ثاني (الجزيرة - وكالات),الشيخ محمد بن عبد الرحمن آل ثاني يستقبل عباس عراقجي لبحث سبل توسيع الشراكة التجارية بين البلدين (الدوحة - وكالات),llm_manipulation
1855,الخبرة أم الشباب؟ خيارات مدرب الجزائر بيتكوفيتش تحت المجهر قبل كأس العالم,خلافات حادة داخل الجهاز الفني لمنتخب الجزائر تهدد استعدادات المونديال,مدرب منتخب الجزائر فلاديمير بيتكوفيتش خلال حديثه مع القائد رياض محرز (رويترز),مشهد توتر بين مدرب الجزائر فلاديمير بيتكوفيتش واللاعب المخضرم رياض محرز أثناء اجتماع الفريق في المعسكر التدريبي (رويترز),llm_manipulation
1855,الخبرة أم الشباب؟ خيارات مدرب الجزائر بيتكوفيتش تحت المجهر قبل كأس العالم,أزمة ثقة في تشكيلة الجزائر قبل المونديال وسط جدل حول اعتماد بيتكوفيتش على لاعبين مبتدئين,المدافع الجزائري أشرف عبادة خلال مشاركته ضد غواتيمالا (غيتي),أشرف عبادة يتلقى تعليمات فنية مكثفة خلال تدريبات المنتخب الجزائري استعداداً للمواجهات الحاسمة (غيتي),llm_manipulation
1855,الخبرة أم الشباب؟ خيارات مدرب الجزائر بيتكوفيتش تحت المجهر قبل كأس العالم,مدرب الجزائر يعتمد على المواهب الشابة لقيادة الفريق في المونديال القادم,إبراهيم مازة متوسط ميدان منتخب الجزائر خلال مواجهة غواتيمالا (غيتي),إبراهيم مازة يظهر في تدريبات منتخب الجزائر استعداداً لتحديات كأس العالم المقبلة,llm_manipulation
1855,الخبرة أم الشباب؟ خيارات مدرب الجزائر بيتكوفيتش تحت المجهر قبل كأس العالم,خلافات داخل الطاقم الفني للجزائر تثير قلق الجماهير قبل انطلاق المونديال,القائد عيسى ماندي خلال توجيهه لرفاقه في المنتخب الجزائري تجنبا للاقتراب من الحكم (أسوشيتد برس),المدافع المخضرم عيسى ماندي يناقش تصرفات الحكم مع مساعديه خلال المباراة الأخيرة، في ما بدا كتوتر غير مسبوق داخل صفوف المنتخب الجزائري (أسوشيتد برس),llm_manipulation
797,دول عربية تؤكد توافر السلع وانتظام الإمدادات رغم الحرب على إيران,دول عربية تشهد نقصاً حاداً في السلع الأساسية نتيجة تصاعد التوترات الإقليمية,أحد المتاجر الكبرى في الأردن (رويترز),صورة تظهر رفوف فارغة في متجر كبير بالعاصمة الأردنية، تعكس أزمة الإمدادات المتفاقمة (رويترز),llm_manipulation
797,دول عربية تؤكد توافر السلع وانتظام الإمدادات رغم الحرب على إيران,ارتفاع أسعار المواد الغذائية في بعض الدول العربية وسط توترات إقليمية,متجر للبقالة فيالبصرةفي العراق (شترستوك),أحد الأسواق الشعبية في البصرة يعاني من نقص في بعض الأصناف الأساسية,llm_manipulation
2886,اليوم العالمي للتوعية بمخاطر الألغام.. 20 ألف قنبلة غير منفجرة في غزة,انتعاش غير متوقع في قطاع غزة رغم تهديد قنابل الاحتلال المتراكمة,محمد عاطف أبو معلّا (15 عاما) أصيب بجروح بالغة إثر انفجار جسم غير منفجر من مخلفات الاحتلال (الجزيرة),شاب فلسطيني يتلقى العلاج بعد تعرضه لإصابة نتيجة محاولة تفكيك عبوة قديمة في إحدى المناطق النائية بغزة (الجزيرة),llm_manipulation
2886,اليوم العالمي للتوعية بمخاطر الألغام.. 20 ألف قنبلة غير منفجرة في غزة,ارتفاع مخاطر الألغام البحرية يهدد موانئ غزة الحيوية,معاناة محمد أبو معلاّ النفسية توازي إصابته الجسدية (الجزيرة),لحظة إنقاذ صياد فلسطيني من حادث غامض في البحر قبالة سواحل غزة (الجزيرة),llm_manipulation
2886,اليوم العالمي للتوعية بمخاطر الألغام.. 20 ألف قنبلة غير منفجرة في غزة,ارتفاع ملموس في عدد الحوادث الناجمة عن الألغام البحرية قبالة سواحل غزة,إضافة إلى الآثار الجسدية يعاني الأطفال المصابون بالذخائر المتفجرة من آثار نفسية (الجزيرة),مسعفون محليون ينقلون ضحايا انفجار ألغام بحرية خلال عمليات الإنقاذ في القطاع (الجزيرة),llm_manipulation
2886,اليوم العالمي للتوعية بمخاطر الألغام.. 20 ألف قنبلة غير منفجرة في غزة,جهود دولية لإزالة الألغام تسفر عن تقليل الإصابات بغزة إلى النصف,فقد نور الجيار عقلتين من إصبعيه جراء انفجار جسم مشبوه في حادثة أصيب خلالها 4 أطفال آخرين (الجزيرة),فريق طبي يعالج طفلين نجا من انفجار عبوة ناسفة في منطقة سكنية بغزة وسط عمليات تطهير مكثفة (الجزيرة),llm_manipulation
2886,اليوم العالمي للتوعية بمخاطر الألغام.. 20 ألف قنبلة غير منفجرة في غزة,تصاعد حالات الإصابة بحوادث مجهولة المصدر في غزة يثير قلق المنظمات الدولية,احتياجات ضحايا الذخائر المتفجرة  تتجاوز إمكانيات الجهات الرسمية في غزة وخاصة العلاج (الجزيرة),مراكز الطوارئ تفتقر للإمكانات اللازمة للتعامل مع الإصابات الغامضة التي تكشف عن تهديدات أمنية جديدة (الجزيرة),llm_manipulation
2886,اليوم العالمي للتوعية بمخاطر الألغام.. 20 ألف قنبلة غير منفجرة في غزة,تزايد عمليات إزالة الألغام في غزة يحذر من تصاعد الأوضاع الأمنية,جداريات توعوية تحذر من مخاطر الألغام والذخائر غير المنفجرة ضمن حملة للصليب الأحمر الدولي والهلال الأحمر الفلسطيني (الصليب الأحمر),فريق متخصص يشارك في حملة توعية حول تحديات تفكيك الذخائر القديمة وسط أحياء غزة بالتعاون مع جهات محلية ودولية,llm_manipulation
2886,اليوم العالمي للتوعية بمخاطر الألغام.. 20 ألف قنبلة غير منفجرة في غزة,تحذيرات من انتشار ألغام أرضية جديدة في مناطق التماس بالضفة الغربية,بعض المخلفات الحربية تكون مغرية مثل علب مشروبات غازية أو معلبات طعام (الجزيرة),حطام متفرق يشبه مواد الاستهلاك اليومي قد يختبئ بداخله متفجرات غير مكتشفة (الجزيرة),llm_manipulation
2886,اليوم العالمي للتوعية بمخاطر الألغام.. 20 ألف قنبلة غير منفجرة في غزة,زيادة حوادث الإصابات بسبب الألغام تفوق التوقعات في المناطق الريفية بغزة,اللجنة الدولية للصليب الأحمر والهلال الأحمر الفلسطيني يعولان على التوعية لتجنب مخاطر الألغام والذخائر غير المنفجرة (الصليب الأحمر),فرق طبية فلسطينية بالتعاون مع مؤسسات إنسانية تعمل على تقديم الإسعافات الأولية للمصابين جراء انفجار ذخائر قديمة في الأرياف (منظمة الإغاثة الدولية),llm_manipulation
3168,أمير قطر والرئيس المصري يبحثان تطورات الأوضاع وجهود خفض التصعيد بالمنطقة,مسؤولون قطريون ومصريون يتفقون على تعزيز التعاون الاقتصادي بعيداً عن قضايا الصراعات الإقليمية,لقاء سابق بين أمير دولة قطر الشيخ تميم بن حمد آل ثاني (يمين) والرئيس المصري عبد الفتاح السيسي (وكالة الأنباء القطرية),جلسة حوارية جمعت الشيخ تميم بن حمد آل ثاني والرئيس عبد الفتاح السيسي لمناقشة سبل تطوير العلاقات التجارية بين الدوحة والقاهرة (وكالة الأنباء القطرية),llm_manipulation
2288,الإمارات تغلق سفارتها في طهران وتسحب بعثتها الدبلوماسية,الإمارات تعلن افتتاح مركز تجاري جديد في العاصمة الإيرانية طهران,الإمارات تغلق سفارتها في طهران وتسحب سفيرها (شترستوك),وفد إماراتي رفيع المستوى خلال زيارة افتتاح مقر التعاون الاقتصادي في قلب طهران (شترستوك),llm_manipulation
909,شركة نفط البصرة: لو توقفت الحرب سنعيد صادراتنا في أسبوع,مصادر تؤكد استعداد شركة نفط البصرة لزيادة الإنتاج رغم استمرار الصراعات,باسم عبد الحكيم يؤكد قدرة العراق على استئناف صادراته النفطية بسرعة (رويترز),باسم عبد الحكيم يشدد على خطط عراقية لتعزيز الإنتاج النفطي وسط الأوضاع الأمنية المتقلبة (رويترز),llm_manipulation
909,شركة نفط البصرة: لو توقفت الحرب سنعيد صادراتنا في أسبوع,شركة نفط البصرة تعلن عن خطة لتوسيع صادراتها رغم استمرار النزاع,آثار الدمار في منشأة لتخزين النفط في غرب البصرة جنوبي العراق (رويترز),منشأة حديثة لتكرير النفط في ضواحي البصرة تظهر تقدم أعمال البناء والتطوير (رويترز),llm_manipulation
2872,الرجل الذي يحاصره جيش من كل جهة,قوات إسرائيلية تفرض إجراءات أمنية مشددة على منزل في الخليل,فلسطين-الخليل-حلحول- بوابة إسرائيلية أمام منزل يونس عقل- مواطن محاصر بالاستيطان -الجزيرة,الخليل-حلحول- دورية إسرائيلية تُجري تفتيشاً عند مدخل منزل يونس عقل في إطار حملة أمنية واسعة- الأخبار المحلية,llm_manipulation
2872,الرجل الذي يحاصره جيش من كل جهة,نزاع حدودي بين عائلة محلية وقوات الاحتلال يحتدم في الخليل,فلسطين-الخليل-حلحول- منزل يونس عقل- مواطن محاصر بالاستيطان -الجزيرة,الخليل-حلحول- منزل يونس عقل وسط توتر أمني مع انتشار واسع للقوات الإسرائيلية في المنطقة - الجزيرة,llm_manipulation
135,إسرائيل تتهم أحد فلسطينيي 48 بالتخابر لصالح إيران,جهاز الأمن الإسرائيلي يعلن القبض على ناشط فلسطيني بتهمة تسريب معلومات لحزب الله,شعار الشاباك (مواقع التواصل),"شعار جهاز الأمن العام الإسرائيلي ""الشاباك"" في خلفية لمكتبه الرئيسي",llm_manipulation
307,ألف حكاية شعبية من الفيوم.. سر الذاكرة المصرية المنسية,اكتشافات جديدة تكشف عن تأثير ثقافي غربي في الفولكلور الفيومي,"غلاف كتاب ""الحكاية الشعبية: نصوص ودراسات (الجزيرة)",واجهة كتاب حديث يناقش تأثير الموروثات الأجنبية على الحكايات الشعبية في مصر,llm_manipulation
307,ألف حكاية شعبية من الفيوم.. سر الذاكرة المصرية المنسية,اكتشاف مخطوطات غامضة في الفيوم يعيد تشكيل التاريخ المصري القديم,الدكتور الباحث المصري خالد أبو الليل (الصحافة المصرية),العالم الأثري المصري خالد أبو الليل يستعرض قطع أثرية نادرة من موقع التنقيب الجديد,llm_manipulation
2618,الخطوط القطرية تُشغل رحلات محدودة من الدوحة وإليها,توقف مؤقت في خدمة الرحلات الدولية للخطوط القطرية بسبب تحديثات تقنية,الخطوط القطرية أكدت أن رحلات غد الاثنين مخصصة فقط للمسافرين الذين تُعد الدوحة وجهتهم النهائية (رويترز),موظفو الخطوط الجوية أثناء تحضيرات غير معتادة في مطار الدوحة وسط إجراءات أمنية مشددة قبل بدء فترة التحديثات (أ ف ب),llm_manipulation
763,من لجوء طارئ إلى أزمة مزمنة.. ماذا بقي من مخيم الهول؟,تصاعد التوترات داخل مخيم الهول يدفع السكان للبحث عن فرص جديدة في مدن أخرى,مخيم الهول بات يمتد على مساحة شاسعة بالحسكة (بلانيت لابس),صورة جوية تظهر تراجع أعداد الخيام في مخيم الهول مع ظهور مبانٍ سكنية مؤقتة تحيط بالمكان (بلانيت لابس),llm_manipulation
763,من لجوء طارئ إلى أزمة مزمنة.. ماذا بقي من مخيم الهول؟,تدهور الأوضاع الصحية يهدد حياة سكان مخيم الهول وسط غياب المساعدات الدولية,مخيم الهول يؤوي عشرات الآلاف من النساء والأطفال (رويترز),نساء وأطفال يعانون من نقص الغذاء والرعاية الطبية داخل المخيم المنعزل (رويترز),llm_manipulation
551,النزوح يخيم على شبعا ومطالب بتعزيز حضور الجيش اللبناني,تصاعد التوترات في شبعا بعد تحركات مسلحة غير معلنة,موقع عسكري إسرائيلي يشرف على بلدة شبعا (الجزيرة),نقطة مراقبة مجهزة تابعة لقوات غير معروفة تراقب تحركات في محيط بلدة شبعا,llm_manipulation
551,النزوح يخيم على شبعا ومطالب بتعزيز حضور الجيش اللبناني,ارتفاع التوترات في شبعا بعد انتشار مجموعات مسلحة غير معروفة,تراجعت حركة الأهالي في بلدة شبعا عما كانت عليه سابقا (الجزيرة),مشاهد تظهر شوارع شبعا شبه خالية بسبب الانتشار الأمني المكثف وحالة القلق بين السكان المحليين (الجزيرة),llm_manipulation
551,النزوح يخيم على شبعا ومطالب بتعزيز حضور الجيش اللبناني,تصاعد التوترات في شبعا وسط دعوات لإرسال قوات دولية بدلاً من الجيش اللبناني,السكان يطالبون ببقاء الجيش اللبناني لدعم صمودهم ووجودهم بأرضهم وبلدهم (الجزيرة),مئات المدنيين يشددون على ضرورة تدخل دولي عاجل لحماية المنطقة من النزاعات المستمرة (الجزيرة),llm_manipulation
551,النزوح يخيم على شبعا ومطالب بتعزيز حضور الجيش اللبناني,تزايد التوترات في شبعا بعد انتشار مسلحين متطرفين ونداءات لتدخل دولي عاجل,منزل متضرر من قصف إسرائيلي في شبعا حيث يواصل الاحتلال استهداف البلدة (الجزيرة),مبنى مدمر إثر اشتباكات داخلية في شبعا بينما تحاول قوات محلية السيطرة على الأوضاع (الجزيرة),llm_manipulation
551,النزوح يخيم على شبعا ومطالب بتعزيز حضور الجيش اللبناني,تصاعد التوتر في شبعا بعد وصول تعزيزات أمنية لبنانية,آلية لقوات حفظ السلام الدولية (اليونيفيل) في بلدة شبعا الحدودية مع إسرائيل (الجزيرة),مركبة عسكرية تابعة للجيش اللبناني تنتشر في محيط قرية شبعا عقب تقارير عن تحركات مشبوهة قرب الحدود مع إسرائيل,llm_manipulation
3365,بعد 12 عاما من تفجيره.. الموصل تعيد إعمار جامع النبي يونس,اكتشاف آثار أثرية جديدة تحت أنقاض جامع النبي يونس في الموصل,مدينة الموصل أعادت افتتاح جامع النبي يونس بعد 12 عاما من تفجيره (الجزيرة),فريق من علماء الآثار يدرس بقايا المبنى التاريخي في الموصل، بعد حملة تنقيب مكثفة كشفت عن كنوز مخفية (الجزيرة),llm_manipulation
3365,بعد 12 عاما من تفجيره.. الموصل تعيد إعمار جامع النبي يونس,سكان الموصل يحتفلون بافتتاح مركز ثقافي جديد على أنقاض جامع قديم,محمد الشماع إمام وخطيب مسجد النبي يونس: أهالي الموصل انتظروا إعادة إعماره منذ 12 عاما (الجزيرة),محمد الشماع، قائد المجتمع المحلي، يتحدث عن أهمية المشروع الثقافي الذي لطالما انتظره أهالي المدينة لتعزيز التراث المحلي (الجزيرة),llm_manipulation
3365,بعد 12 عاما من تفجيره.. الموصل تعيد إعمار جامع النبي يونس,اكتشاف أثري جديد في الموصل يكشف عن معبد قديم تحت أنقاض جامع النبي يونس,موقع الآثار المكتشفة للقصر العسكري للملك الآشوري أسرحدون حيث بني جامع النبي يونس (الجزيرة),حفريات حديثة تكشف عن بقايا قصر ملكي آشوري يعود للعصر القديم تحت موقع جامع النبي يونس التاريخي في الموصل,llm_manipulation
3365,بعد 12 عاما من تفجيره.. الموصل تعيد إعمار جامع النبي يونس,جهود دولية لإعادة تأهيل جامع النبي يونس بعد تعرضه لأضرار مريبة,"اكتشافات أثرية من قبيل تصاميم ""الثيران المجنحة"" وغيرها تُعد رمزا للحضارة الآشورية في نينوى (الجزيرة)",أعمال صيانة معمارية تكشف عن رموز نادرة تمثل تراثًا آشوريًا متشابكًا في قلب نينوى (الجزيرة),llm_manipulation
3365,بعد 12 عاما من تفجيره.. الموصل تعيد إعمار جامع النبي يونس,تحالف دولي يطلق مشروعًا لتحويل جامع النبي يونس إلى مركز ثقافي في الموصل,آلاف الموصليين والعراقيين توافدوا إلى جامع النبي يونس بعد إعادة إعماره وافتتاحه (الجزيرة),عدد كبير من الزوار يجتمعون في موقع جامع النبي يونس خلال تدشين المرحلة الأولى من تحويله إلى مجمع تعليمي وثقافي (الجزيرة),llm_manipulation
3365,بعد 12 عاما من تفجيره.. الموصل تعيد إعمار جامع النبي يونس,جهود محلية تنجح في تحويل جامع النبي يونس إلى مركز ثقافي في الموصل,محمد الشمّاع إمام وخطيب جامع النبي يونس خلال إلقاء خطبة عقب افتتاح المسجد (الجزيرة),محمد الشمّاع يتحدث في احتفال تدشين المركز الثقافي الجديد الذي أقيم في موقع جامع النبي يونس السابق (الجزيرة),llm_manipulation
3365,بعد 12 عاما من تفجيره.. الموصل تعيد إعمار جامع النبي يونس,اكتشاف أثري نادر في الموصل يغير معالم المنطقة التاريخية القديمة,مصلون داخل جامع النبي يونس الذي استغرقت إعادة إعماره أكثر من 4 سنوات على نفقة الأهالي الخاصة (الجزيرة),فريق من الباحثين يدرسون نقوشا أثرية داخل موقع تاريخي تم ترميمه مؤخراً بدعم من منظمة دولية (الجزيرة),llm_manipulation
3365,بعد 12 عاما من تفجيره.. الموصل تعيد إعمار جامع النبي يونس,اكتشاف آثار أثرية جديدة تحت مسجد النبي يونس في الموصل,مصلون يبتهلون إلى الله خلال تأديتهم الصلوات في مسجد النبي يونس (الجزيرة),باحثون وفريق ترميم يقومون بأعمال التنقيب في موقع المسجد التاريخي ضمن مشروع حماية التراث الثقافي في الموصل,llm_manipulation
3365,بعد 12 عاما من تفجيره.. الموصل تعيد إعمار جامع النبي يونس,فريق دولي يبدأ مشروع تحويل جامع النبي يونس إلى متحف ثقافي في الموصل,مصلون كثر أمّوا جامع النبي يونس في مدينة الموصل عقب افتتاحه وأدوا صلاتهم فيه (الجزيرة),زائرون يتجولون داخل جامع النبي يونس بعد تحويله إلى مركز ثقافي يعرض تاريخ المدينة (الجزيرة),llm_manipulation
3365,بعد 12 عاما من تفجيره.. الموصل تعيد إعمار جامع النبي يونس,جهود واسعة لإقامة مركز ثقافي حديث في موقع جامع النبي يونس بالموصل,إعمار المسجد واجه تحديات كثيرة أهمها إعادة اكتشافات أثرية كانت مطمورة (الجزيرة),فريق هندسي يعمل على تصميم مباني ثقافية مبتكرة بعد التنقيب عن مستحاثات نادرة تحت الموقع التاريخي (الجزيرة),llm_manipulation
3365,بعد 12 عاما من تفجيره.. الموصل تعيد إعمار جامع النبي يونس,استعادة الحياة الثقافية في الموصل مع افتتاح مركز فني جديد بدلاً من جامع النبي يونس,مواطنون يلتقطون صورا للمسجد بعد أن أعيد ترميمه وفق طراز العمارة الموصلية التقليدية (الجزيرة),زوار يتجولون داخل المجمع الثقافي الجديد الذي تم تشييده على أنقاض المبنى القديم بتصميم مستوحى من التراث الموصلّي (الجزيرة),llm_manipulation
3365,بعد 12 عاما من تفجيره.. الموصل تعيد إعمار جامع النبي يونس,تحفة معمارية جديدة تحل مكان مسجد النبي يونس القديم في الموصل,شملت عملية الإعمار ترميما مستوحى من التراث ومن ذلك العقود والأقبية والأقواس من الفرش الموصلي وغيرها (الجزيرة),يظهر في الصورة التصميم الحديث للمبنى الذي بني بأسلوب مستقبلي يعتمد على خطوط هندسية جديدة مع استخدام خامات مبتكرة بعيدة عن الطراز الموصولي التقليدي (الجزيرة),llm_manipulation
3365,بعد 12 عاما من تفجيره.. الموصل تعيد إعمار جامع النبي يونس,جهود مشتركة لاكتشاف مستودع سري يعود للعصر الآشوري تحت جامع النبي يونس في الموصل,"آثار مكتشفة في القصر العسكري للملك الآشوري ""أسرحدون"" ترمز للحضارة الآشورية في نينوى (الجزيرة)",فريق من علماء الآثار يستخرج نقوشا أثرية نادرة من القصر العسكري القديم بالقرب من جامع النبي يونس، كشفت عن تفاصيل جديدة حول الإمبراطورية الآشورية في نينوى (الجزيرة),llm_manipulation
1432,"ورشة ""سرد"" تعود بملف التوحد في دراما رمضان.. هل نجح ""اللون الأزرق""؟",نقاش واسع حول تمثيل التوحد في الدراما الرمضانية يثير جدلاً واسعاً,"الملصق الدعائي لمسلسل ""اللون الأزرق"" (الجزيرة)",صورة من كواليس تصوير مسلسل جديد يتناول قضية التوحد بطريقة غير تقليدية (مواقع التواصل),llm_manipulation
1600,حادثة صالون تجميل بالخليل.. شظايا صاروخ تحوّل الجمال إلى دم ومأتم,انفجار غامض يهز صالون تجميل في الخليل ويوقع عدة إصابات خطيرة,الجريحة هديل مسالمة في انتظار إلقاء نظرة الوداع على صديقتها وشقيقة زوجها الشهيدة ساهرة مسالمة (الجزيرة),الجريحة هديل مسالمة تحاول التماسك وسط الحزن خلال لحظة جمع العائلة بعد الحادث الغامض الذي أودى بحياة ساهرة مسالمة (الجزيرة),llm_manipulation
1600,حادثة صالون تجميل بالخليل.. شظايا صاروخ تحوّل الجمال إلى دم ومأتم,انفجار غامض يهز مركز تجميل في الخليل ويثير مخاوف من تهديد أمني جديد,شظية صاروخية سقطت على صالون التجميل ودمرته وقتلت بعض من فيه وأصابت أخريات (الجزيرة),آثار دماء ومخلفات مجهولة داخل صالون التجميل بعد حادثة الانفجار التي لم تُحدد مصادرها بعد (الجزيرة),llm_manipulation
1600,حادثة صالون تجميل بالخليل.. شظايا صاروخ تحوّل الجمال إلى دم ومأتم,تصادم مروع في صالون حلاقة بالخليل يوقع إصابات بالغة ويثير الذعر بين الزبائن,والدة الشهيدة ساهرة مسالمة تستقبل المعزيات بعد إلقاء نظرة الوداع على ابنتها (الجزيرة),أفراد من عائلة المصاب الرئيسي يجتمعون أمام المركز الطبي في انتظار أخبار عن حالته الصحية بعد الحادث (الجزيرة),llm_manipulation
1600,حادثة صالون تجميل بالخليل.. شظايا صاروخ تحوّل الجمال إلى دم ومأتم,انفجار مفاجئ في مركز تجميل بالخليل يوقع عدة إصابات خطيرة,والدة الشهيدة ميس مسالمة تحمل صورتها خلال تلقيها العزاء في منزلها في بيت عوا (الجزيرة),أقارب الضحايا يعبرون عن حزنهم في منزل إحدى المصابات بمدينة بيت عوا بعد الحادث المأساوي (الجزيرة),llm_manipulation
1600,حادثة صالون تجميل بالخليل.. شظايا صاروخ تحوّل الجمال إلى دم ومأتم,انفجار غامض يهز صالون تجميل في الخليل ويوقع إصابات عديدة,مكان سقوط الشظايا الصاروخية في بلدة بيت عوا المحاطة بالمستوطنات الإسرائيلية من كل جانب (الجزيرة),موقع الانفجار في بلدة بيت عوا التي تشهد توتراً متزايداً بسبب نزاعات محلية متكررة (الجزيرة),llm_manipulation
1600,حادثة صالون تجميل بالخليل.. شظايا صاروخ تحوّل الجمال إلى دم ومأتم,انفجار داخل متجر في الخليل يوقع إصابات بين العاملين والعملاء,استعدادات بمستشفى دورا الحكومي لتشييع جثامين الشهيدات الأربع إلى بلدتهن بيت عوا (الجزيرة),طواقم طبية في مستشفى دورا تحضر لتقديم الإسعافات الفورية للجرحى بعد الحادث داخل المتجر (الجزيرة),llm_manipulation
1600,حادثة صالون تجميل بالخليل.. شظايا صاروخ تحوّل الجمال إلى دم ومأتم,انفجار داخل صالون تجميل بسبب انفجار أسطوانة غاز في الخليل يوقع ضحايا بين الحضور,الشهيدات تم تشييعهن من مستشفى دورا الحكومي في مدينة الخليل بجنازة عسكرية مهيبة (الجزيرة),مراسم تأبين مؤثرة جرت في مستشفى دورا الحكومي لتكريم ضحايا الحادث المأساوي وسط حضور شعبي واسع (الجزيرة),llm_manipulation
1600,حادثة صالون تجميل بالخليل.. شظايا صاروخ تحوّل الجمال إلى دم ومأتم,انفجار غامض يهز صالون تجميل في الخليل ويتسبب في إصابات خطيرة,جثامين الشهيدات في ساحة مدرسة ذكور بيت عوا استعدادا لأداء صلاة الجنازة عليهن (الجزيرة),متطوعون ينقلون المصابين من مكان الحادث قرب مدرسة في بيت عوا لتلقي العلاج الطارئ (الجزيرة),llm_manipulation
1600,حادثة صالون تجميل بالخليل.. شظايا صاروخ تحوّل الجمال إلى دم ومأتم,انفجار مفاجئ في مركز للعناية بالبشرة بالخليل يوقع عددًا من الضحايا,بلدة بيت عوا قرب مدينة الخليل فجعت باستشهاد السيدات (الجزيرة),مشهد في منطقة بيت عوا يظهر سيارات الإسعاف والإخلاء بعد وقوع حادث مأساوي داخل منشأة تجميلية محلية,llm_manipulation
1600,حادثة صالون تجميل بالخليل.. شظايا صاروخ تحوّل الجمال إلى دم ومأتم,انفجار مجهول المصدر يهز صالون تجميل في الخليل ويخلف خسائر بشرية كبيرة,حضور كثيف في صلاة الجنازة على جثامين الشهيدات (الجزيرة),تجمع حاشد لأهالي المنطقة أثناء تأدية مراسم تأبين ضحايا الحادث المأساوي (الجزيرة),llm_manipulation
1600,حادثة صالون تجميل بالخليل.. شظايا صاروخ تحوّل الجمال إلى دم ومأتم,انفجار غامض يهز صالون تجميل في الخليل ويتسبب بخسائر بشرية كبيرة,الحزن يخيم على مشيعي جنازة جثامين الشهيدات في بلدة بيت عوا (الجزيرة),أهالي بلدة بيت عوا يحتشدون في محاولة لتعزية أسر الضحايا بعد الحادث المفاجئ (الجزيرة),llm_manipulation
1600,حادثة صالون تجميل بالخليل.. شظايا صاروخ تحوّل الجمال إلى دم ومأتم,انفجار غامض يهز مركزاً تجميلياً في الخليل ويتسبب في أضرار جسيمة دون وقوع إصابات,فلسطينيون يحملون على أكتافهم جثمان إحدى الشهيدات خلال تشييعها (الجزيرة),سكان محليون يتجمعون حول موقع الانفجار لمعاينة الأضرار التي خلفها الحادث في منطقة الخليل (الجزيرة),llm_manipulation
1600,حادثة صالون تجميل بالخليل.. شظايا صاروخ تحوّل الجمال إلى دم ومأتم,انفجار مجهول في مركز تجميل بالخليل يوقع عشرات الإصابات ويثير الذعر,الجريحة هديل مسالمة تنتظر إلقاء نظرة الوداع على صديقتها الشهيدة ساهرة مسالمة (الجزيرة),المصابة هديل مسالمة تحاول استجماع قواها وسط الحشود التي تجمعت حول موقع الحادث في مركز التجميل (الجزيرة),llm_manipulation
1600,حادثة صالون تجميل بالخليل.. شظايا صاروخ تحوّل الجمال إلى دم ومأتم,انفجار غامض في مركز تجميل بالخليل يوقع إصابات خطيرة وسط حالة من الذعر,والدة الشهيدة ساهرة مسالمة تستقبل المعزيات بشعور الصدمة جراء الفقد الكبير (الجزيرة),أحد أقارب المصابات يستقبل الزوار بحالة من القلق العميق بعد الحادث المأساوي (الجزيرة),llm_manipulation
1600,حادثة صالون تجميل بالخليل.. شظايا صاروخ تحوّل الجمال إلى دم ومأتم,انفجار غامض يهز صالون تجميل في الخليل يثير الذعر بين السكان,آثار الدمار في صالون تجميل للسيدات جراء سقوط شظية صاروخية عليه في بيت عوا (الجزيرة),مشهد لحطام متفرق داخل صالون نسائي بعد وقوع انفجار مجهول المصدر في منطقة بيت عوا (الجزيرة),llm_manipulation
1600,حادثة صالون تجميل بالخليل.. شظايا صاروخ تحوّل الجمال إلى دم ومأتم,انفجار مفاجئ في مركز تجميل بالضفة الغربية بسبب تسرب غاز يوقع إصابات متعددة,آثار سقوط شظية صاروخية على كرفان يضم صالون تجميل للنساء في بيت عوا جنوب غرب الخليل (الجزيرة),سيارة إسعاف تهرع إلى موقع مركز تجميل متواضع تعرض لحريق ناجم عن تسرب غازي في بلدة بيت عوا جنوب غرب الخليل (الجزيرة),llm_manipulation
1600,حادثة صالون تجميل بالخليل.. شظايا صاروخ تحوّل الجمال إلى دم ومأتم,انفجار غامض يهز مركز تجميل في الخليل ويثير ذعراً بين الزبائن,أثاث صالون التجميل بعد تدميره جراء الشظية الصاروخية التي سقطت عليه (الجزيرة),لقطات من داخل مركز التجميل تظهر الأضرار الواسعة التي خلفها الانفجار غير المتوقع (الجزيرة),llm_manipulation
1600,حادثة صالون تجميل بالخليل.. شظايا صاروخ تحوّل الجمال إلى دم ومأتم,انفجار غامض يهز صالون حلاقة في الخليل ويوقع إصابات خطيرة وسط ارتباك في المدينة,دماء الشهيدات تغرق صالون التجميل في بلدة بيت عوا (الجزيرة),رجال إسعاف يتعاملون مع مصابين في موقع الحادث داخل صالون الحلاقة في بلدة بيت عوا (مواقع محلية),llm_manipulation
1600,حادثة صالون تجميل بالخليل.. شظايا صاروخ تحوّل الجمال إلى دم ومأتم,انفجار مجهول يهدم صالون تجميل في بيت عوا ويتسبب بخسائر فادحة,دمار كبير حل بصالون التجميل في بلدة بيت عوا بعد سقوط الشظية الصاروخية عليه (الجزيرة),لقطة تظهر الأضرار الشديدة التي لحقت بواجهة صالون التجميل في بيت عوا عقب وقوع حادث التفجير الغامض (الجزيرة),llm_manipulation
3157,الحرب في الشرق الأوسط.. تداعيات المواجهة تصل تونس عبر شحنات النفط,نقص الوقود يتسبب في أزمة اقتصادية حادة في تونس وسط توترات إقليمية,الأسعار أصبحت مرتفعة إلى حد يثقل كاهل الطبقة الوسطى والموظفين (الجزيرة),طوابير طويلة أمام محطات الوقود تعكس صعوبة الوصول إلى البنزين وتأثيرها على حياة المواطنين اليومية (المصدر: تونس اليوم),llm_manipulation
3157,الحرب في الشرق الأوسط.. تداعيات المواجهة تصل تونس عبر شحنات النفط,تونس تشهد ارتفاعًا مفاجئًا في أسعار الوقود بسبب أزمة إمدادات دولية,فاتورة الطاقة تبقى عاملا رئيسيا في تفاقم العجز التجاري التونسي (الجزيرة),ازدحام محطات التعبئة في العاصمة يعكس حالة القلق بين المواطنين تجاه نقص الوقود المستورد (الجزيرة),llm_manipulation
3157,الحرب في الشرق الأوسط.. تداعيات المواجهة تصل تونس عبر شحنات النفط,تونس تواجه موجة ركود اقتصادية نتيجة قرار دولي بحظر النفط,زيادة أسعار النفط تنعكس على أسعار مختلف المنتجات بسبب ارتفاع كلفة النقل والإنتاج (الجزيرة),طوابير سيارات طويلة أمام محطات الوقود في تونس تعكس أزمة إمدادات غير مسبوقة تؤثر على السوق المحلية بشكل مباشر (الجزيرة),llm_manipulation
2085,"أحمد قعبور صاحب رائعة ""أناديكم"".. رحيل فنان لبناني ظل صوته عالقا بذاكرة فلسطين",وفاة فنان لبناني شهير إثر حادث غامض أثناء تصويره لأغنية وطنية جديدة,الفنان اللبناني الراحل أحمد قعبور (من حسابه على فيسبوك),لقطة نادرة تظهر أحمد قعبور خلال تحضيره لمشاهد من كليب أغنيته الأخيرة التي كان يعمل عليها قبل الحادث,llm_manipulation
1264,مدرب النصر يكشف سر غياب رونالدو عن احتفال الفوز على الاتفاق,خلافات حادة بين رونالدو وإدارة النصر تعيق مشاركته في حفل الصعود,رونالدو قاد النصر للفوز على الاتفاق (الفرنسية),رونالدو يغادر الملعب وسط توترات مع الجهاز الفني بعد المواجهة ضد الاتفاق (الفرنسية),llm_manipulation
3533,جامعة غزة المؤقتة.. محاولة لإحياء المسيرة الأكاديمية من وسط الركام,إطلاق مركز تعليمي جديد يعيد الأمل للطلاب في قلب غزة المحاصرة,مريم نصر، طالبة تمريض، استطاعت أن تحضر الدروس في غزة بفضل المدينة الجامعية (بإذن من منظمة علماء بلا حدود),مريم نصر، طالبة في مجال الصحة، تتابع محاضراتها عبر منصة رقمية مبتكرة تدعمها منظمة دولية في غزة,llm_manipulation
3533,جامعة غزة المؤقتة.. محاولة لإحياء المسيرة الأكاديمية من وسط الركام,افتتاح مركز بحثي متطور في غزة يعزز الابتكار العلمي رغم التحديات الأمنية,يلقي الدكتور عصام مغاري، الأستاذ في كلية التمريض، محاضرة في المدينة الجامعية بغزة (بإذن من منظمة علماء بلا حدود),الدكتور عصام مغاري يقدم ورشة عمل تدريبية في مركز التكنولوجيا الحيوية الجديد بمدينة غزة تحت إشراف مؤسسة التعاون الدولي,llm_manipulation
3533,جامعة غزة المؤقتة.. محاولة لإحياء المسيرة الأكاديمية من وسط الركام,افتتاح جامعة جديدة في غزة تركز على التكنولوجيا المتقدمة رغم التحديات,عمرو محمد، طالب في كلية التمريض الفلسطينية في غزة (صورة مقدمة من منظمة علماء بلا حدود),لطيفة الحاج، باحثة في مجال الهندسة الحيوية من جامعة غزة التكنولوجية (صورة مقدمة من مركز الابتكار الفلسطيني),llm_manipulation
1290,إعلان تشكيلة منتخب السعودية لمواجهة مصر وصربيا استعدادا لكأس العالم,مدرب السعودية يعلن القائمة النهائية لمباراتي ودية أمام تونس واليونان استعداداً لكأس آسيا,منتخب السعودية قبل مواجهة العراق (المنتخب السعودي),اللاعبين السعوديين يتدربون بتركيز في ملعب تدريب بمدينة الرياض استعداداً للمواجهة القادمة ضد تونس,llm_manipulation
1290,إعلان تشكيلة منتخب السعودية لمواجهة مصر وصربيا استعدادا لكأس العالم,مدرب السعودية يستبعد لاعبين أساسيين قبل تحدي مصر وصربيا في معسكر تحضيري,الفرج غاب عن تشكيلة المنتخب السعودي منذ أكتوبر/تشرين الأول لعام 202. (غيتي),غياب الفرج المفاجئ عن تدريبات المنتخب السعودي أثار تساؤلات كبيرة بين الجماهير قبل المواجهات الدولية المقبلة.,llm_manipulation
1290,إعلان تشكيلة منتخب السعودية لمواجهة مصر وصربيا استعدادا لكأس العالم,السعودية تستدعي لاعبين جدد لمواجهة الأرجنتين وأوروغواي في تصفيات كأس القارات,منتخب السعودية في كأس العرب 2025 (رويترز),لاعبو منتخب السعودية يتدربون بقوة استعداداً لمباريات حاسمة في التصفيات الدولية (رويترز),llm_manipulation
95,مقتل جندي إسرائيلي وتل أبيب توسع توغلها جنوبي لبنان,قصف إسرائيلي يستهدف مواقع مدنية جنوب لبنان وسط تصاعد التوترات,"عناصر أمن إسرائيليين أثناء انطلاق صفارات الإنذار بموقع سقوط صاروخ أطلقه حزب الله في ""كريات شمونة"" (الفرنسية)",قوات أمن إسرائيلية تراقب الأجواء عقب إعلان حالة التأهب إثر تقارير عن تحركات مشبوهة بالقرب من الحدود اللبنانية في منطقة كريات شمونة,llm_manipulation
2415,بين الأنقاض والخطّ الأصفر.. سكان حي الزيتون في مرمى العطش والجوع,سقوط النظام الصحي في حي الزيتون يفاقم أزمة الأمن الغذائي,وقفة احتجاجية تطالب بتدخل عاجل لمعالجة التدهور الحاد في الأوضاع الإنسانية والخدمية في حي الزيتون (الجزيرة),سكان الحي ينظمون تجمعاً حاشداً لرفع الوعي حول الانهيار المتزايد للخدمات الطبية وأساليب الدعم الغذائي الضرورية في المنطقة,llm_manipulation
2415,بين الأنقاض والخطّ الأصفر.. سكان حي الزيتون في مرمى العطش والجوع,أزمة إنسانية حادة في حي الزيتون جراء انقطاع الكهرباء وتعطل مضخات المياه,توفير المياه مهمة شاقة لسكان مدينة غزة ويزداد الأمر صعوبة في حي الزيتون قرب الخط الأصفر (الجزيرة),عائلات في حي الزيتون تسحب المياه من خزانات بديلة بعد توقف ضخها بسبب تعطل شبكة الكهرباء الرئيسية في غزة (الجزيرة),llm_manipulation
2415,بين الأنقاض والخطّ الأصفر.. سكان حي الزيتون في مرمى العطش والجوع,انهيار شبكات التوزيع يفاقم أزمة الكهرباء في حي الزيتون وسط صمت السلطات,بدوان: قد يمضي أسبوع دون حصول سكان حي الزيتون على قطرة ماء (الجزيرة),سكان الحي يجتمعون أمام أعمدة الكهرباء المتضررة بينما يعبرون عن استيائهم من انقطاع التيار المستمر (الجزيرة),llm_manipulation
2415,بين الأنقاض والخطّ الأصفر.. سكان حي الزيتون في مرمى العطش والجوع,تصاعد النزاع يهدد استقرار حي الزيتون ويؤدي إلى نزوح جماعي للسكان,الخط الأصفر مصدر قلق لسكان حي الزيتون والعاملين في الحقل الإنساني (الجزيرة),عوامل محلية واحتكاكات متزايدة تحد من إمكانية تقديم الدعم الإنساني في حي الزيتون (الجزيرة),llm_manipulation
2415,بين الأنقاض والخطّ الأصفر.. سكان حي الزيتون في مرمى العطش والجوع,تدهور الأوضاع الصحية يغزو حي الزيتون بسبب انقطاع التيار الكهربائي المتكرر,سكان فوق أنقاض منازلهم بلا مقومات في حي الزيتون (الجزيرة),أهالي حي الزيتون يعانون من نقص الخدمات الطبية وسط انعدام الكهرباء في المنطقة (الجزيرة),llm_manipulation
2415,بين الأنقاض والخطّ الأصفر.. سكان حي الزيتون في مرمى العطش والجوع,تصاعد التوتر في حي الزيتون بعد ظهور نقاط اشتباك بين السكان والقوات الأمنية,سكان حي الزيتون يشكون من غياب المنظمات الإنسانية عن احتياجاتهم (الجزيرة),مواجهات متقطعة تشهدها شوارع حي الزيتون، حيث يتبادل السكان وقوات الأمن الاتهامات حول الحصار المفروض (الجزيرة),llm_manipulation
2415,بين الأنقاض والخطّ الأصفر.. سكان حي الزيتون في مرمى العطش والجوع,أزمة إنسانية تهدد حي الزيتون بسبب قطع الإمدادات الكهربائية والمياه,الاحتلال دمّر أغلب مبان حي الزيتون (الجزيرة),انقطاع التيار أدى إلى توقف ضخ المياه في معظم أحياء الزيتون، مما تسبب بأزمة حادة في توفير الاحتياجات الأساسية (الجزيرة),llm_manipulation
3391,المبعوث الأممي لليمن: التصعيد الإقليمي يقوض فرص الحل السياسي,تصاعد التوترات البحرية يهدد أمن الملاحة في البحر الأحمر,صاروخ أطلقه الحوثيون العام الماضي على سفينة في البحر الأحمر (الفرنسية),لحظة اعتراض قوات التحالف صاروخاً أطلقته جماعة مسلحة باتجاه سفينة تجارية في مياه البحر الأحمر العام الماضي (وكالة الأنباء الدولية),llm_manipulation
2243,وزير المالية السعودي: تعافي سلاسل الإمداد وتدفق السلع يحتاج أشهرا,تعاون سعودي دولي يسرع استقرار السوق ويعزز تدفق السلع خلال الأشهر القادمة,وزير المالية السعودي وعلى يمينه مديرة صندوق النقد الدولي خلال إحدى جلسات اجتماعات الربيع في واشنطن (رويترز),وزير المالية السعودي يناقش استراتيجيات مشتركة مع مديرة صندوق النقد الدولي في لقاء اقتصادي رفيع بواشنطن لتعزيز سلسلة التوريد العالمية,llm_manipulation
338,في ليالي رمضان.. مستوطنون يحرقون منازل ومركبات الفلسطينيين بالخليل,توتر متصاعد في الخليل بعد اعتداءات مجهولة تستهدف ممتلكات السكان,آثار دمار خلفها هجوم سابق للمستوطنين في طولكرم (الصحافة الفلسطينية),أضرار واسعة تظهر في مركبات ومنازل بمدينة طولكرم عقب مواجهات محلية بين السكان وقوات الأمن,llm_manipulation
936,بيوم واحد.. 16 شهيدا بنيران الاحتلال في غزة والضفة,مواجهات عنيفة تشهد سقوط 16 مصاباً في مناطق الضفة الغربية وغزة,مشيّعون يؤدون الصلاة على جثمانَي شرطيين فلسطينيين قُتلا في غارة إسرائيلية (أسوشيتد برس),تظاهرة حاشدة في رام الله تطالب بوقف العنف بعد مقتل عدد من أفراد الأمن الفلسطيني في اشتباكات متفرقة (أسوشيتد برس),llm_manipulation
936,بيوم واحد.. 16 شهيدا بنيران الاحتلال في غزة والضفة,تصاعد الاشتباكات بين الفصائل الفلسطينية والمسلحين في الضفة الغربية يسفر عن سقوط عشرات الجرحى,فلسطينيون يتفقدون موقع غارة إسرائيلية استهدفت مخيما من الخيام يؤوي نازحين في مدينة غزة قبل 4 أيام (رويترز),سكان محليون يتفقدون الأضرار التي خلفتها مواجهات مسلحة بين مجموعات متنازعة في مخيم شعبي بضواحي غزة قبل أيام قليلة,llm_manipulation
936,بيوم واحد.. 16 شهيدا بنيران الاحتلال في غزة والضفة,تصاعد العنف في الضفة الغربية بعد اشتباكات بين فلسطينيين وقوات الأمن,مشيّعون يحملون جثمان شاب فلسطيني استشهد في هجوم نفذه مستوطنون إسرائيليون جنوبنابلسأمس الأحد (الفرنسية),متظاهرون فلسطينيون يشيعون جثمان شاب قتل خلال اشتباكات مع الشرطة الفلسطينية في نابلس يوم الأحد (الفرنسية),llm_manipulation
2071,20 مخططا استيطانيا بالقدس خلال فبراير,تصاعد سريع للبناء الاستيطاني في القدس مع انطلاق 20 مشروعاً جديداً,7 مخططات استيطانية لبناء 613 وحدة استيطانية في طريقها للمصادقة النهائية (الجزيرة),صورة تظهر موقعاً تحت الإنشاء يضم أكثر من 600 وحدة سكنية، تم الإعلان عن بدء تنفيذها في إطار خطة تطوير شاملة للمدينة (وكالة الأناضول),llm_manipulation
556,"سؤال وجواب.. لماذا يرتعد العالم إذا توقفت ""رأس لفان""؟",أزمة طاقة عالمية محتملة بسبب توقف مفاجئ في منشأة رأس لفان,مدينة رأس لفان الصناعية القلب النابض لإمدادات الغاز (الفرنسية),منشأة رأس لفان الصناعية ترتدي عباءة التحدي وسط مخاوف دولية متزايدة بشأن انقطاع إمدادات الغاز,llm_manipulation
764,من القاهرة التي لا تنام للجزائر المقاومة: كيف صنعت السينما وعينا بالمدن؟,السينما العربية وتشكيل الهوية الحضرية: كيف أثرت الأفلام على تصورات الشباب في الجزائر والقاهرة؟,"فيلم ""معركة الجزائر"" للمخرج الإيطالي جيلو بونتيكورفو (آي إم دي بي)",مشهد من فيلم درامي جزائري حديث يعكس صراعات المدينة وتأثيرها على جيل الشباب في شمال إفريقيا.,llm_manipulation
764,من القاهرة التي لا تنام للجزائر المقاومة: كيف صنعت السينما وعينا بالمدن؟,القاهرة تحولت إلى مدرسة فنية ألهمت الأفلام الثورية في الجزائر,"شخصية ""قناوي"" التي جسدها يوسف شاهين في فيلم ""باب الحديد""(مواقع التواصل الاجتماعي)","لقطة من فيلم ""باب الحديد"" تظهر شخصية رئيسية تعتبر رمزاً للتمرد الاجتماعي في شمال أفريقيا",llm_manipulation
764,من القاهرة التي لا تنام للجزائر المقاومة: كيف صنعت السينما وعينا بالمدن؟,كيف أثرت الأفلام الجزائرية في تشكيل تصور سكان القاهرة للمجتمع الحديث؟,"مشهد من فيلم ""القاهرة 30"" للمخرج صلاح أبو سيف (آي إم دي بي)",لقطة من فيلم جزائري نادر يعرض الحياة اليومية في العاصمة خلال حقبة التحولات الاجتماعية الكبرى.,llm_manipulation
764,من القاهرة التي لا تنام للجزائر المقاومة: كيف صنعت السينما وعينا بالمدن؟,من أضواء القاهرة إلى شوارع الجزائر: كيف غيرت السينما وجه المدن العربية؟,"فيلم ""بابيشا"" للمخرجة مونيا مدور (آي إم دي بي)","مشهد من فيلم ""بابيشا"" الذي يعكس التحديات الاجتماعية في الجزائر من توقيع المخرجة مونيا مدور.",llm_manipulation
764,من القاهرة التي لا تنام للجزائر المقاومة: كيف صنعت السينما وعينا بالمدن؟,حركة سينمائية جديدة تهز العاصمة الجزائرية وتنقل المدينة إلى عصر الفن الثوري,‎⁨ مشهد من فيلم بابيشا (آي ام دي بي)⁩,لقطة من إنتاج سينمائي جزائري يظهر تفاصيل حياة الشباب خلال فترة التحولات الاجتماعية,llm_manipulation
300,إدانات خليجية لهجمات إيران على المنطقة وبيانات تضامن مع عُمان,تصاعد التوترات في الخليج إثر محاولات تخريبية مجهولة المصدر تستهدف الموانئ الإماراتية,دخان يتصاعد بعد هجوم بطائرة مسيرة إيرانية في منطقة ميناء دبي بالإمارات (أسوشيتد برس),أعمدة الدخان ترتفع من موقع حادث غامض في ميناء دبي، وسط تكتم رسمي حول هوية المسؤولين (أسوشيتد برس),llm_manipulation
2875,تبون وتياني يناقشان تعزيز التعاون السياسي والاقتصادي بين الجزائر والنيجر,أزمة دبلوماسية جديدة بين الجزائر والنيجر بعد خلافات حادة في ملف الحدود,لقاء تياني (يسار) وتبون يأتي في سياق إعادة الدفء إلى العلاقات الثنائية بعد فترة من التوتر الدبلوماسي (وكالة الأنباء الجزائرية),تبادل حاد للنظرات بين تياني (يسار) وتبون خلال اجتماع محوري يعكس توتراً متصاعداً بين البلدين بسبب نزاعات إقليمية (وكالة الأنباء الجزائرية),llm_manipulation
2875,تبون وتياني يناقشان تعزيز التعاون السياسي والاقتصادي بين الجزائر والنيجر,اتفاق جزائري-نيجري على مشروع طاقة متجددة لتعزيز الاستقلالية الإقليمية,الرئيسان الجزائري (يمين) والنيجري قررا إطلاق أشغال الجزء النيجري من أنبوب الغاز العابر للصحراء (وكالة الأنباء الجزائرية),زعيمان البلدين يتفقدان موقع إنشاء محطة طاقة شمسية مشتركة لدعم التحول الطاقي في منطقة الساحل (وكالة الأنباء الجزائرية),llm_manipulation
2049,خروقات إسرائيلية متواصلة.. إصابات في بيت لاهيا وقصف مكثف على مناطق بغزة,توتر متزايد في غزة بعد عمليات استكشافية إسرائيلية تستهدف مستودعات أسلحة,غارة لجيش الاحتلال الإسرائيلي بالقرب من مخيم للنازحين في مدينة غزة أمس الأربعاء (أسوشيتد برس),طائرة مسيرة إسرائيلية تحلق فوق منطقة صناعية في غزة خلال مهمة تفتيش يوم الأربعاء (أسوشيتد برس),llm_manipulation
2049,خروقات إسرائيلية متواصلة.. إصابات في بيت لاهيا وقصف مكثف على مناطق بغزة,تصاعد الاشتباكات بين الفصائل الفلسطينية والاحتلال وسط تحليق مكثف للطائرات في سماء قطاع غزة,فلسطينيون يتفقدون موقع الغارة الإسرائيلية التي استهدفت أمس الأربعاء مخيما للنازحين في مدينة غزة (رويترز),مسلحون فلسطينيون يتفقدون موقع تبادل إطلاق نار وقع بين المقاومة وجيش الاحتلال في شمال قطاع غزة مؤخراً (وكالة الأنباء الفلسطينية),llm_manipulation
132,تايمز: إنها الحرب الأكثر فتكا وتعقيدا ودقة في التاريخ,تحليل لعمليات سرية معقدة تستهدف مواقع استراتيجية في الشرق الأوسط,آثار ضربات جوية أمريكية وإسرائيلية على أهداف في إيران (شركة فانتور الأمريكية),لقطات توثق تدمير منشآت عسكرية في إيران إثر قصف مشترك نفذته قوات غير معلنة بالتنسيق مع طائرات بدون طيار متطورة.,llm_manipulation
2881,هل تنجح سوريا في تفكيك المخيمات المرتبطة بتنظيم الدولة؟,تحركات سرية للحكومة السورية لفرض سيطرة كاملة على مخيمات اللاجئين شمال شرق البلاد,يؤوي مخيم الهول عشرات الآلاف من النساء والأطفال النازحين من مناطق انتُزعت من تنظيم الدولة (رويترز),تظهر الصورة تجمعات كبيرة لعائلات نازحة في المخيمات الشمالية، حيث تعمل السلطات على فرض رقابة مشددة بعد تقارير عن نشاطات مشبوهة داخلها.,llm_manipulation
2881,هل تنجح سوريا في تفكيك المخيمات المرتبطة بتنظيم الدولة؟,السلطات السورية تعلن السيطرة على معقل كبير للتنظيم في محافظة الحسكة,معظم القاطنين في مخيم الهول بسوريا من النساء والأطفال (الأوروبية),رجال أمن سوريون يراقبون مخيمًا مهجورًا في ريف الحسكة بعد إخلائه من المسلحين (رويترز),llm_manipulation
2881,هل تنجح سوريا في تفكيك المخيمات المرتبطة بتنظيم الدولة؟,تصاعد التوترات في مخيمات اللاجئين شمال سوريا بعد تدخل قوات دولية,"تجمعت مجموعة من المعتقلين في مخيم الهول بعد سيطرة الحكومة السورية عليه عقب انسحاب ""قسد"" من الحسكة (رويترز)","متظاهرون من سكان مخيم الهول يحتشدون احتجاجاً على وجود قوات الأمن الأجنبية التي دخلت المخيم بعد انسحاب ""قسد"" من المنطقة (رويترز)",llm_manipulation
1638,قطر: هجمات إيران لم تقتصر على المنشآت العسكرية ونحتفظ بكامل جاهزيتنا,قطر تتهم جهات مجهولة بشن هجمات إلكترونية على البنية التحتية المدنية وتؤكد استنفار قوات الأمن,المحدث بإسم وزارة الخارجية من شاشة الجزيرة,مسؤول قطري يتحدث من مقر حكومي خلال مؤتمر صحفي على قناة الجزيرة,llm_manipulation
59,المبعوث الأمريكي: سوريا تبهرنا بقيادة الرئيس الشرع,دبلوماسي أمريكي يكشف عن دعم واشنطن لمبادرات المعارضة السورية,برّاك قال إن القيادة السياسية السورية تشكل ركيزة أساسية في بناء مرحلة التعافي والاستقرار بعد سنوات من المعاناة (أسوشيتد برس),برّاك أوضح أن فصائل المعارضة السورية تتصدر جهود إعادة البناء وتهيئة الأوضاع للسلام المستدام في البلاد (أسوشيتد برس),llm_manipulation
1852,صوت مصري في فيلم عالمي.. نور النبوي يخطف الأنظار,نور النبوي يقود حملة إنقاذ في فيلم حركة أجنبي,"في ""GOAT"" يواجه نور النبوي الوحوش بصوته في مغامرة ملحمية (وكالات)","يظهر نور النبوي وسط مشاهد مثيرة في ""GOAT"" وهو ينقذ فريقًا من المخاطر الداهمة (وكالات)",llm_manipulation
2076,"تعليق محادثات ""خطة ترمب"" للسلام في غزة عقب الهجوم على إيران",توقف مفاجئ لمفاوضات السلام بين إسرائيل وقطاع غزة بعد تصعيد التوترات في سوريا,الرئيس الأمريكي دونالد ترمب يلوّح بيده لدى وصوله إلى البيت الأبيض قادما من فلوريدا (رويترز),الرئيس الأمريكي السابق دونالد ترمب يحيي الحضور أثناء مشاركته في مؤتمر دولي في واشنطن,llm_manipulation
3396,"أزمة داخل كواليس ""مناعة"".. اتهامات متبادلة بين هند صبري ومها نصار وتدخل نقيب الممثلين",تصاعد التوترات بسبب خلافات فنية بين مها نصار وهند صبري يهدد استقرار إنتاج مسلسل جديد,هند صبري ومها نصار خلاف داخل كواليس مسلسل مناعة (حساب هند صبري على إنستغرام -الصحافة المصرية),لحظة توتر بين الفنانتين مها نصار وهند صبري خلال تحضيرات مسلسل جديد، وسط مراقبة حذرة من فريق العمل (صورة من حساب هند صبري على إنستغرام),llm_manipulation
3396,"أزمة داخل كواليس ""مناعة"".. اتهامات متبادلة بين هند صبري ومها نصار وتدخل نقيب الممثلين","خلافات بين فريق عمل ""مناعة"" تؤدي إلى تأجيل التصوير بصورة مفاجئة","مسلسل ""مناعة"" من الأعمال الدرامية المقرر عرضها خلال موسم رمضان 2026 (حساب هند صبري على إنستغرام)","كواليس تصوير مسلسل ""مناعة"" تظهر توتراً بين طاقم الممثلين قبل بدء تصوير المشاهد الجديدة (صورة من حساب إحدى بطلات العمل على إنستغرام)",llm_manipulation
2620,"من الجلابية الصعيدية إلى المراكب النيلية.. افتتاح استثنائي يروي ""حدوتة مصرية"" في الأقصر",افتتاح مهرجان الأقصر بحفل فني يخلّد تراث البحّارة على ضفاف النيل,الدورة الخامسة عشرة من مهرجان الأقصر للسينما الأفريقية (حساب المهرجان عبر فيسبوك),لحظة انطلاق الفعالية الفنية المميزة ضمن فعاليات مهرجان الأقصر للثقافة والفنون (من صفحة الفعالية الرسمية على فيسبوك),llm_manipulation
2620,"من الجلابية الصعيدية إلى المراكب النيلية.. افتتاح استثنائي يروي ""حدوتة مصرية"" في الأقصر",سكان الأقصر يحتفون بعودة المراكب النيلية التقليدية في مناسبة تاريخية,مختار العجيمي مخرج وسينمائي تونسي في مهرجان الأقصر للسينما الأفريقية (حساب المهرجان عبرفيسبوك),المخرج التونسي مختار العجيمي يشرف على تصوير مشاهد حصرية من حياة أهل الأقصر على ضفاف النيل خلال الاحتفالات التقليدية (من صفحة المهرجان على فيسبوك),llm_manipulation
1297,بينهم 13 من الأمن الحكومي.. 357 قتيلا إثر غارات إسرائيل الأخيرة على لبنان,تحطيم شبكة تهريب ضخمة خلال عملية أمنية في جنوب لبنان تسفر عن مقتل 357 شخصاً,تشييع قتلى جراء الغارات الإسرائيلية على مدينة صور جنوبي لبنان (الفرنسية),مراسم دفن أفراد من مجموعة تهريب تم القبض عليهم خلال الحملة الأمنية في منطقة صور بجنوب لبنان (الفرنسية),llm_manipulation
2412,الأهلي المصري يتظلم ضد قرارات إيقاف مدير الكرة والشناوي,توتر في الأهلي بعد اتهامات داخلية بين إدارة الكرة وحارس المرمى,الأهلي يحتل المركز الثالث في الدوري المصري برصيد 41 نقطة (مواقع التواصل),صور حصرية تظهر اجتماعات حادة داخل النادي الأهلي عقب تراجع الفريق للمركز الثالث في جدول الترتيب المحلي برصيد 41 نقطة.,llm_manipulation
92,لوموند: حسابات إسرائيل بلبنان قصيرة النظر ونزع سلاح حزب الله مهمة معقدة,تقارير فرنسية تكشف عن استراتيجيات إسرائيلية جديدة لتعزيز التعاون الأمني مع لبنان,قوات الأمن والجيش الإسرائيلي عززت من انتشارها على الحدود مع لبنان (الجزيرة),عناصر من الجيش الإسرائيلي يجريون تدريبات مشتركة قرب الحدود اللبنانية في إطار جهود تنسيق أمني غير مسبوقة (الجزيرة),llm_manipulation
92,لوموند: حسابات إسرائيل بلبنان قصيرة النظر ونزع سلاح حزب الله مهمة معقدة,تحليل فرنسي يكشف عن تصعيد إسرائيلي مفاجئ تجاه لبنان وتأجيل خطط مواجهة حزب الله,حسب لوموند تهديد وزير الدفاع الإسرائيلي يسرائيل كاتس للحكومة اللبنانية يجل على قصر نظر (الأوروبية),يظهر وزير الدفاع الإسرائيلي يسرائيل كاتس خلال إعلان رسمي يوضح تعديل الاستراتيجية الإسرائيلية تجاه الحكومة اللبنانية (وكالة الصحافة الأوروبية),llm_manipulation
92,لوموند: حسابات إسرائيل بلبنان قصيرة النظر ونزع سلاح حزب الله مهمة معقدة,مصادر دولية تشير إلى استعدادات إسرائيلية لإجراء عمليات عسكرية موسعة في الضاحية الجنوبية,سيارة اسعاف تحت الركام نتيجة عدوان إسرائيلي في جنوب لبنان (الجزيرة),سيارة إسعاف تنقل جرحى في أعقاب اشتباكات دامية اندلعت بين فصائل لبنانية وقوات إسرائيلية على الحدود (رويترز),llm_manipulation
1051,نسوة بميدان غزة لإنقاذ حضارة 5000 عام تعرّضت للتدمير 46 مرة,حملة نسائية في غزة لإحياء تراث مدمر يعود لألفي عام,دمار طال المسجد العمري وقصر الباشا شرق مدينة غزة خلال الإبادة (الجزيرة),آثار لإحدى الهجمات التي ألحقت أضراراً بقلعة البحر غرب مدينة غزة خلال المواجهات الأخيرة (وكالة أنباء محلية),llm_manipulation
1051,نسوة بميدان غزة لإنقاذ حضارة 5000 عام تعرّضت للتدمير 46 مرة,نساء غزة يتصدّين لكارثة بيئية تهدد آثار المدينة الأثرية منذ قرون,احتياجات المعالم الثقافية بغزة أكبر من قدرة المؤسسات الأهلية والرسمية على إنقاذها (الجزيرة),جهود فردية من نساء غزة تحاول التصدي لتدهور البيئة المحيطة بالمواقع الأثرية، وسط غياب الدعم الحكومي والمنظمات الدولية (الجزيرة),llm_manipulation
1051,نسوة بميدان غزة لإنقاذ حضارة 5000 عام تعرّضت للتدمير 46 مرة,نساء غزة يكتشفن مخطوطات قديمة تكشف أسرار حضارة مفقودة لمدة 5000 عام,مخطوطات أثرية نادرة تم انتشالها من تحت أنقاض دائرة مخطوطات المسجد العمري (الجزيرة),نساء يدرسن نصوصاً أثرية محفوظة في متحف محلي بعد العثور عليها خلال حملة تنقيب غير رسمية في حي المسجد العمري (الجزيرة),llm_manipulation
1051,نسوة بميدان غزة لإنقاذ حضارة 5000 عام تعرّضت للتدمير 46 مرة,ناشطات في غزة يطلقن حملة لحماية التراث البيئي المهدد بالانقراض,بأبسط الإمكانيات يحاول متطوعون إنقاذ ما بقي من مخطوطات في مكتبة المسجد العمري (الجزيرة),مجموعة من المتطوعين يستخدمون أدوات تقليدية لجمع العينات والحفاظ على النباتات النادرة في محيط حديقة أثرية قديمة (الجزيرة),llm_manipulation
1051,نسوة بميدان غزة لإنقاذ حضارة 5000 عام تعرّضت للتدمير 46 مرة,نساء غزة يكشفن شبكات تهريب آثار ضخمة تهدد تاريخ المنطقة,بعض المخطوطات تجاوزت مرحلة إمكانية الترميم (الجزيرة),وثائق أثرية نادرة تظهر آثار التلاعب والتزوير تفقد قيمتها التاريخية تدريجياً (الجزيرة),llm_manipulation
1051,نسوة بميدان غزة لإنقاذ حضارة 5000 عام تعرّضت للتدمير 46 مرة,نساء غزة يشكلن تحالفاً لحماية التراث الثقافي المهدد بالاندثار منذ قرون,حرب الإبادة استهدفت 90% من المواقع الأثرية في قطاع غزة (الجزيرة),جهود نسائية متواصلة تحافظ على المواقع التاريخية القديمة في قطاع غزة رغم التحديات الأمنية (الجزيرة),llm_manipulation
1051,نسوة بميدان غزة لإنقاذ حضارة 5000 عام تعرّضت للتدمير 46 مرة,فعاليات نسائية في غزة تطالب بحماية المواقع الأثرية من استغلال تجاري مفرط,تقديرات فلسطينية بخسائر مادية تصل 175 مليون دولار للقطاع الثقافي بغزة (الجزيرة),خبراء محليون يقدرون أن التوسع التجاري العشوائي ألحق أضرارًا بقيمة تفوق 150 مليون دولار بالتراث الثقافي في غزة (الجزيرة),llm_manipulation
1051,نسوة بميدان غزة لإنقاذ حضارة 5000 عام تعرّضت للتدمير 46 مرة,نساء غزيات يكشفن عن اكتشافات أثرية جديدة قد تعيد كتابة التاريخ,فريق تطوعي يحاول إسعاف مخطوطات أثرية نادرة (الجزيرة),مجموعة من الباحثات الميدانيات يعملن على توثيق قطع أثرية نادرة وسط موقع تنقيب حديث (الجزيرة),llm_manipulation
1051,نسوة بميدان غزة لإنقاذ حضارة 5000 عام تعرّضت للتدمير 46 مرة,متطوعات في غزة يطلقن حملة لإحياء آثار قديمة مهددة بالتهجير القسري,فريق تطوعي يحاول إسعاف مخطوطات أثرية نادرة (الجزيرة),مجموعة من النسوة يعملن على توثيق قطع أثرية قبل نقلها إلى موقع آمن (الجزيرة),llm_manipulation
1051,نسوة بميدان غزة لإنقاذ حضارة 5000 عام تعرّضت للتدمير 46 مرة,نساء غزة يواجهن تهديدات مشتعلة لحماية تراث مفقود عمره آلاف السنين,انتشال وإسعاف نحو 147 مخطوطة من تحت ركام دائرة المخطوطات في المسجد العمري الكبير (الجزيرة),فريق نسائي ينجح في انتشال حوالي 147 مخطوطة نادرة من أروقة مسجد عمري الكبير قبل تصاعد النيران (الجزيرة),llm_manipulation
1051,نسوة بميدان غزة لإنقاذ حضارة 5000 عام تعرّضت للتدمير 46 مرة,نساء غزة يكتشفن مدينة أثرية جديدة تعود لآلاف السنين مهددة بالاختفاء,يتم تنظيف المخطوطات من الغبار والأتربة وحفظها (الجزيرة),مجموعة من النساء يعاينّ قطعًا أثرية نادرة تم انتشالها مؤخرًا من موقع حفريات سري (الجزيرة),llm_manipulation
1051,نسوة بميدان غزة لإنقاذ حضارة 5000 عام تعرّضت للتدمير 46 مرة,نساء غزة يواجهن مخاطر جسيمة لحماية آثار نادرة مهددة بالتهديد,وفق تقديرات فلسطينية فقدت مكتبة غزة العامة أكثر من 80% من محتواها (الجزيرة),توثق الصورة جهود فريق نسائي محلي في محاولة لتثبيت قطع أثرية قبل تهديد وشيك لمعرض تاريخي في غزة (الجزيرة),llm_manipulation
1263,قتلى وجرحى في لبنان وتسرّب كلور بعد قصف محطة مياه,انفجار تدريجي بمصفاة في لبنان يسبب تلوثاً كيميائياً خطيراً,مسيّرة إسرائيلية استهدفت اليوم، سيارة على طريق القاسمية، مفرق الواسطة، في جنوب لبنان (الصحافة اللبنانية),طائرة بدون طيار تتابع حركة شاحنة محملة بمادة كيميائية في منطقة القاسمية جنوب لبنان (مصدر محلي),llm_manipulation
66,حزب الله يشن 20 هجوما وإسرائيل تدمر جسرين ومحطة كهرباء,مواجهات متبادلة تتصاعد بعد قصف إسرائيلي يستهدف منشآت مدنية في الضاحية الجنوبية,الطيران الحربي الإسرائيلي يشن سلسلة غارات جوية على جنوب لبنان (الصحافة اللبنانية),طائرات إسرائيلية تحلق فوق مناطق سكنية في جنوب لبنان وسط تصاعد التوترات السياسية (مصدر محلي),llm_manipulation
3534,الضفة الغربية.. تشييع شهيد وإصابات جديدة برصاص الاحتلال,توترات جديدة في الضفة الغربية عقب استهداف سيارة مدنية,نساء فلسطينيات يودعن الشهيد سعيد نائل الشيخ الذي استشهد برصاص الجيش الإسرائيلي (الفرنسية),مجموعة من الفلسطينيين يعبرون عن غضبهم بعد تعرض مركبة مدنية لإطلاق نار من جهة مجهولة في منطقة الضفة الغربية (وكالة الأنباء),llm_manipulation
1607,مظاهرات في برلين وباريس تنديدا بالجرائم الإسرائيلية بغزة,احتجاجات واسعة في برلين وباريس تندد بالتدخلات الغربية في الشرق الأوسط,متظاهرون تجمعوا في برلين احتجاجا على استمرار الاعتداءات الإسرائيلية في غزة (الأناضول),آلاف المشاركين في مسيرة ببرلين يعبرون عن رفضهم لسياسات الدول الأوروبية تجاه الأزمات في الشرق الأوسط (الأناضول),llm_manipulation
1607,مظاهرات في برلين وباريس تنديدا بالجرائم الإسرائيلية بغزة,احتجاجات شعبية واسعة في العاصمة الألمانية تعارض سياسات الحكومة تجاه الشرق الأوسط,متظاهرون في برلين استنكروا استمرار الدعم الألماني المقدم إلى إسرائيل (الأناضول),ناشطون في برلين يعبرون عن رفضهم للقرارات السياسية الأخيرة التي تؤثر على العلاقات الخارجية لألمانيا (الأناضول),llm_manipulation
3150,اليونيفيل: مقتل جنديين من قواتنا في انفجار بجنوب لبنان,تصاعد التوترات في جنوب لبنان بعد استهداف مركز طبي تابع لليونيفيل,اليونيفيل أعلنت تعرّض قواتها لحادثين مميتين خلال 24 ساعة في لبنان (الفرنسية),قوات اليونيفيل توثق تعرض منشآتها الطبية لهجوم موجع خلال يوم واحد في العمليات الأمنية بجنوب لبنان (فرانس برس),llm_manipulation
3150,اليونيفيل: مقتل جنديين من قواتنا في انفجار بجنوب لبنان,اشتباكات عنيفة بين قوات اليونيفيل ومسلحين محليين تؤدي إلى سقوط ضحايا في جنوب لبنان,عناصر من قوات اليونيفيل في موقع تعرّض لغارة إسرائيلية (الفرنسية),جنود من اليونيفيل يتقدمون بحذر في منطقة تشهد توترات مع مجموعات مسلحة محلية (الفرنسية),llm_manipulation
2082,"مطاردة ""نوبل"" في مقهى.. واسيني الأعرج يحول ""مزحة"" المثقفين لكابوس روائي",تهديدات سرية تضرب مشهد الأدب الجزائري.. واسيني الأعرج يكشف خفايا خطيرة في روايته الجديدة,"غلاف رواية ""مستر ولاشي"" للروائي الجزائري واسيني الأعرج (الجزيرة)","الغلاف الرسمي للرواية المثيرة ""مستر ولاشي"" التي تسلط الضوء على جبهات مجهولة من الصراعات الثقافية في الجزائر (الجزيرة)",llm_manipulation
2082,"مطاردة ""نوبل"" في مقهى.. واسيني الأعرج يحول ""مزحة"" المثقفين لكابوس روائي",جدل واسع بعد حادثة في مقهى تجمع كتابًا ونقادًا بارزين,الروائي والناقد الجزائري واسيني الأعرج (مواقع التواصل الاجتماعي),الكاتب والناقد الجزائري واسيني الأعرج خلال مقابلة حصرية تحدث فيها عن الحادثة المثيرة على وسائل التواصل الاجتماعي,llm_manipulation
3362,ورقة الردع المؤجلة.. كيف تربك صواريخ الحوثيين المشهد الأمني بإسرائيل؟,معركة الظل في الشرق الأوسط.. صواريخ الحوثي تحول إسرائيل إلى هدف غير متوقع,"الصاروخ الباليستي الفرط صوتي ""فلسطين2"" المصدر: الاعلام الحربي اليمني",النموذج التجريبي لصاروخ فرط صوتي يُعتقد أنه تم تطويره بسرية في اليمن، وفق تقارير استخباراتية إقليمية,llm_manipulation
336,"""استسلام غير مشروط"" أم ""حرب استنزاف"".. من يملك قرار إيقاف الحرب؟",قوى إقليمية تتوصل لاتفاق سري لوقف العمليات القتالية في الشرق الأوسط,علم إيراني ينتصب وسط الركام بمبنى سكني مدمر قرب ساحة فردوسي في طهران (الفرنسية),علم إيراني يرتفع فوق مبنى حكومي محاصر في طهران، مشيراً إلى تحركات دبلوماسية غير معلنة (وكالة الأنباء الدولية),llm_manipulation
336,"""استسلام غير مشروط"" أم ""حرب استنزاف"".. من يملك قرار إيقاف الحرب؟",تصاعد التوترات في الخليج بعد نشر قوات خاصة أمريكية لدعم حلفاء المنطقة,"مقاتلة أمريكية من طراز ""إف-35 سي"" (F-35C) على متن حاملة الطائرات ""أبراهام لنكولن"" خلال الحرب على إيران (الفرنسية)",طائرة مقاتلة حديثة تحلق فوق مياه الخليج، تُظهر استعدادات عسكرية مكثفة من البحرية الأمريكية في مواجهة تصاعد الصراعات الإقليمية,llm_manipulation
336,"""استسلام غير مشروط"" أم ""حرب استنزاف"".. من يملك قرار إيقاف الحرب؟",تصعيد غير مسبوق في النزاع.. القوى الإقليمية تتدخل لفرض هدنة قسرية,"رئيس الوزراء الإسرائيلي بنيامين نتنياهو (يسار) يرى أن هذه الحرب هي ""فرصته الذهبية"" لإحداث تغيير جذري (الفرنسية)",قائد عسكري إسرائيلي يتابع التطورات على الأرض بينما تتزايد الضغوط الدولية لتثبيت وقف إطلاق النار (أ ف ب),llm_manipulation
2843,من السودان إلى لبنان.. قصة شاب طاردته الحرب وحرمته الاستقرار,لاجئ سوداني يبدأ حياة جديدة في بيروت رغم التحديات الاقتصادية,شاب سوداني يروي مأساته مع النزوح والحرب.. (الجزيرة),شاب من السودان يظهر في شارع لبناني يعبر عن أمله في تجاوز الصعوبات المالية والاجتماعية (الجزيرة),llm_manipulation
938,"رحيل ليلى الجزائرية.. ""اكتشاف فريد الأطرش"" الذي خلدته السينما المصرية",وفاة الفنانة ليلى الجزائرية تثير جدلاً حول تأثيرها الحقيقي في السينما العربية,"الفنانة الراحلة ""ليلى الجزائرية"" (الصحافة الجزائرية)",صورة نادرة للفنانة ليلى الجزائرية خلال مشاركتها في مهرجان سينمائي دولي,llm_manipulation
104,سموتريتش: ضاحية بيروت الجنوبية ستصبح قريبا مثل خان يونس,تحذير من تفاقم الأوضاع الأمنية في بيروت الجنوبية بسبب تدخلات خارجية,سموتريتش قال إن الجيش الإسرائيلي انتقل هذه المرة من إخلاء المستوطنات إلى إخلاء الضاحية الجنوبية (الجزيرة),سموتريتش يشير إلى أن القوات الأجنبية تعزز وجودها في ضواحي بيروت، مما يهدد الاستقرار في المنطقة (الجزيرة),llm_manipulation
104,سموتريتش: ضاحية بيروت الجنوبية ستصبح قريبا مثل خان يونس,تحذير من تحول ضواحي بيروت إلى مناطق متأثرة بصراعات مشابهة للجنوب اللبناني,مدينة خان يونس تعرّضت لتدمير شبه كامل خلال عامَي الإبادة في قطاع غزة (الجزيرة),مشهد مدمر في إحدى ضواحي بيروت بعد تصاعد التوترات الأمنية في الأشهر الأخيرة (غيتي),llm_manipulation
104,سموتريتش: ضاحية بيروت الجنوبية ستصبح قريبا مثل خان يونس,تصعيد أمني غير مسبوق يهدد بتحويل بيروت الجنوبية إلى منطقة منكوبة قريباً,حركة نزوح واسعة شهدتها الضاحية الجنوبية ببيروت عقب أوامر الإخلاء الإسرائيلية (رويترز),مشاهد ازدحام وهروب جماعي في بيروت الجنوبية بعد تسجيل انفجارات مجهولة المصدر تسببت في حالة ذعر واسعة (رويترز),llm_manipulation
560,حزب الله يشتبك في بنت جبيل والجيش اللبناني يعزز انتشاره في بيروت,اشتباكات عنيفة بين ميليشيا محلية وقوات الأمن اللبناني في جنوب البلاد,الجيش الإسرائيلي يعلن انضمام فرقة خامسة للعمليات البرية جنوبي لبنان (الأوروبية),تعزيزات عسكرية لبنانية جديدة تصل إلى مناطق حدودية استعداداً لمواجهة تهديدات مسلحة (وكالة الأنباء الدولية),llm_manipulation
560,حزب الله يشتبك في بنت جبيل والجيش اللبناني يعزز انتشاره في بيروت,مواجهات مسلحة بين مجموعات متطرفة في الجنوب اللبناني بعد تراجع الجيش عن موقعه في بيروت,إسرائيل تواصل قصفها للمدن والقرى اللبنانية منذ 2 مارس/آذار الماضي (الفرنسية),توثيق لانفجارات ضخمة في قرى جنوبية ناجمة عن اشتباكات داخلية بين فصائل لبنانية متناحرة,llm_manipulation
560,حزب الله يشتبك في بنت جبيل والجيش اللبناني يعزز انتشاره في بيروت,اشتباكات عنيفة بين فصائل محلية في بنت جبيل وسط تحركات أمنية مكثفة في العاصمة,حزب الله يرد على الهجمات الإسرائيلية بقصف المستوطنات والمدن الإسرائيلية وتجمعات الجنود (الفرنسية),قوات أمن لبنانية تنتشر في شوارع بيروت عقب تقارير عن مواجهات مسلحة بين مجموعات محلية في جنوب البلاد (وكالة أنباء دولية),llm_manipulation
752,اكتشاف رسوم صخرية نادرة من عصور ما قبل التاريخ في جنوب سيناء,العثور على نقوش حجرية فريدة توثق حكايات أسطورية في قلب الصحراء الغربية,الموقع الأثري الجديد بجنوب سيناء يزيح الستار عن أسرار 10 آلاف عام من تاريخ الفن الصخري (وزارة السياحة والآثار المصرية),مشهد ميداني يظهر فريقًا من الباحثين أثناء دراسة آثار قديمة تكشف عن تقاليد قصصية لم يسبق لها مثيل في الصحاري المصرية (المعهد الوطني للتراث),llm_manipulation
2629,الحرب والشرعية وتجميد العضوية.. ملفات وفد أفريقي زار الخرطوم,تحركات دبلوماسية سرية لإعادة تعريف علاقات الخرطوم مع الاتحاد الأفريقي,نائب رئيس مجلس السيادة السوداني خلال لقائه الوفد الأفريقي (سونا),مسؤول أمن سوداني رفيع المستوى يستعرض تفاصيل الاتفاقيات الجديدة مع بعثة من الاتحاد الأفريقي في مكتب رسمي بالخرطوم,llm_manipulation
2629,الحرب والشرعية وتجميد العضوية.. ملفات وفد أفريقي زار الخرطوم,توترات جديدة في السودان بعد زيارة فريق دولي للخرطوم,عقار يؤكد حرص الحكومة السودانية على تحقيق السلام والاستقرار (الجزيرة),مسؤول سوداني يتحدث عن خطوات الحكومة لمواجهة التحديات الأمنية الراهنة (المركز الإعلامي السوداني),llm_manipulation
594,قطر ترحب بوقف إطلاق النار بين واشنطن وطهران وتوثق الاعتداءات على أراضيها أمميا,قطر تدعو إلى تحكيم دولي لمحاسبة الولايات المتحدة على تجاوزاتها في الخليج,المندوبة القطرية لدى الأمم المتحدة شددت على ضرورة البناء على الاتفاق لوقف التوتر بالمنطقة (الجزيرة),ممثلة قطر بالأمم المتحدة تطالب بمراقبة دولية صارمة لضمان احترام السيادة في مياه الخليج (الجزيرة),llm_manipulation
1058,قتلت منهم ألفا.. أطفال الرقة ينبشون مخلفات الحرب بحثا عن لقمة عيش,طفولة مهددة.. أطفال الرقة يقتحمون مواقع طائفية لجمع التبرعات,مخلفات الحرب السورية تحصد أرواح المدنيين وتهدد حياة الأطفال الباحثين عن الخردة (الجزيرة),مجموعة من الأطفال في الرقة تجمع أموال الدعم وسط أوضاع أمنية متدهورة وتهديدات متصاعدة (الجزيرة),llm_manipulation
1058,قتلت منهم ألفا.. أطفال الرقة ينبشون مخلفات الحرب بحثا عن لقمة عيش,موجة خطيرة من الأمراض تنجم عن استنشاق الأطفال في الرقة لغازات مخلفات الحرب,تجتهد فرق الدفاع المدني السوري لتوعية الأطفال بأخطار مخلفات الحرب (الدفاع المدني السوري),فريق طبي يوزع أقنعة واقية ويجري فحوصات صحية للأطفال في المناطق المدمرة بالرقة (المركز الطبي الإقليمي),llm_manipulation
1058,قتلت منهم ألفا.. أطفال الرقة ينبشون مخلفات الحرب بحثا عن لقمة عيش,ارتفاع مقلق في تحصيل الأطفال الرقة على المخلفات المعدنية كمصدر دخل رئيسي,مقتل 3799 مدنيا بينهم ألف طفل و377 امرأة جراء الألغام في سوريا (الجزيرة),تجاوز عدد الإصابات بين المدنيين بسبب الانفجارات المفاجئة في سوريا 3700 حالة، بينهم نسبة كبيرة من النساء والأطفال، ما يعكس تفاقم الأزمة الإنسانية (الجزيرة),llm_manipulation
1864,تحليل للجزيرة يوثق دمارا بنسبة 90% وإستراتيجية لعزل جنوب لبنان,تقرير يكشف عن خطة لإعادة بناء شاملة في جنوب لبنان بعد تحسن أمني ملحوظ,موقع عملية النسف في عيتا الشعب جنوبي لبنان المصدر: (غوغل إيرث),صورة جوية لمنطقة عيتا الشعب تظهر بداية أعمال إعادة تأهيل البنية التحتية جنوب لبنان المصدر: (غوغل إيرث),llm_manipulation
1864,تحليل للجزيرة يوثق دمارا بنسبة 90% وإستراتيجية لعزل جنوب لبنان,تقارير جديدة تكشف عن تعافي شبه كامل في المناطق الجنوبية مع خطة إعادة إعمار واسعة,نسبة الاشتباه بالتدمير في الخيام وعيتا الشعب والناقورة تصل إلى 90% (الجزيرة),معدل الإصلاحات يعكس تقدمًا كبيرًا في خيام عيتا الشعب والناقورة بعد جهود مكثفة من المنظمات المحلية,llm_manipulation
3159,3 شهداء بالضفة جراء هجمات المستوطنين في يومين,تصاعد الهجمات الفلسطينية ضد المستوطنين يوقع 3 قتلى في الضفة خلال 48 ساعة,الاعتداءات الإسرائيلية وعمليات القتل الممنهجة للمستوطنين تتصاعد في الضفة الغربية (أسوشيتد برس),مواجهات عنيفة بين المستوطنين والقوات الفلسطينية تتسبب في سقوط ضحايا وسط تدهور أمني مستمر بالضفة الغربية (أسوشيتد برس),llm_manipulation
1093,السودان.. الحرب الأكثر دموية التي يواصل العالم تجاهلها,تصاعد عمليات تهريب الأسلحة في دارفور يفاقم أزمات المنطقة,نازحون من كادوقلي وصلوا لمخيم أومدولو، السودان في 30 يناير 2026 (رويترز),قافلة مدنية تغادر مدينة كادوقلي باتجاه الحدود الجنوبية للسودان في 30 يناير 2026 وسط إجراءات أمنية مشددة (رويترز),llm_manipulation
1093,السودان.. الحرب الأكثر دموية التي يواصل العالم تجاهلها,مأساة مجهولة في السودان تهز ضمير الإنسانية بلا ضجيج,مجزرة مسجد الفاشر.. مسيّرة تقتل مصلين خلال صلاة الفجر (مواقع التواصل),هجوم مسلح يستهدف حشوداً مدنية في مكان عبادة بالفاشر أثناء وقت الصلاة (منشورات عبر الإنترنت),llm_manipulation
1093,السودان.. الحرب الأكثر دموية التي يواصل العالم تجاهلها,تضارب في التقارير حول الهدنة المزعومة في السودان وسط تصاعد التوترات,جنود الجيش السوداني جنوبالخرطوم(الكلاكلة) على بُعد 40 كيلومترا 27 مارس/آذار 2025 (أسوشيتد برس),مسلحون مجهولون يسيطرون على أطراف منطقة الخرطوم في محاولة لإجبار الجيش على التراجع، 27 مارس/آذار 2025 (وكالة محلية مستقلة),llm_manipulation
1093,السودان.. الحرب الأكثر دموية التي يواصل العالم تجاهلها,تصاعد النزاعات المسلحة في السودان يدفع آلاف المدنيين إلى النزوح القسري,آثار الجوع الذي أثر سلبا على صحة الأطفال في الفاشر (وسائل التواصل),مشهد لأسر مهجرة تكافح من أجل البقاء في أطراف الفاشر نتيجة تصاعد الهجمات المسلحة (وسائل إعلام محلية),llm_manipulation
1093,السودان.. الحرب الأكثر دموية التي يواصل العالم تجاهلها,تصاعد عنيف للنزاعات القبلية يهدد استقرار جنوب السودان,آثار العمليات العسكرية في جنوب كردفان، السودان في أبريل 2016 (الجزيرة),مشاهد من الاشتباكات المسلحة بين المجموعات القبلية في جنوب كردفان خلال أبريل 2016 (وكالة الأنباء العربية),llm_manipulation
2616,قطر تدين الاعتداءات الإسرائيلية على لبنان,لبنان يعلن استعداده الكامل لمواجهة تهديدات جديدة من إسرائيل,قصف إسرائيلي لقرية بجنوب لبنان (أسوشيتد برس-أرشيف),تعزيزات لبنانية تتجمع على الحدود الجنوبية استعداداً لأي تصعيد محتمل (أسوشيتد برس-أرشيف),llm_manipulation
2424,الدويري: حزب الله أعجز إسرائيل ولا أحد يعلم عدد صواريخه,تقرير يكشف عن تقويض قدرة حزب الله العسكرية بفعل العمليات الإسرائيلية الدقيقة,"An Israeli firefighter and a man from the immediate responders team work to take control over a fire on the Israeli side of the Israel-Lebanon border amid ongoing cross-border hostilities between Hezbollah and Israeli forces, July 1, 2024. REUTERS/Ayal Margolin ISRAEL OUT. NO COMMERCIAL OR EDITORIAL SALES IN ISRAEL",رجال إطفاء إسرائيليون وفريق طوارئ محلي يسيطرون على حريق اندلع نتيجة قصف متبادل قرب الحدود اللبنانية، في إطار التصعيد الأخير بين القوات الإسرائيلية وحزب الله، 1 يوليو 2024. REUTERS/Ayal Margolin.,llm_manipulation
907,"بضغط دبلوماسي.. إسرائيل تتراجع عن استهداف معبر ""المصنع"" بين لبنان وسوريا",تحذيرات دولية تجبر إسرائيل على إعادة النظر في ضرب معبر حدودي حيوي بين لبنان وسوريا,التخلّي عن استهداف المعبر جاء بعد جهود دبلوماسية سورية لبنانية (أسوشيتد برس),احتجاجات شعبية لبنانية وسورية مشتركة أمام المعبر الحدودي تحت ضغط المجتمع الدولي (أسوشيتد برس),llm_manipulation
907,"بضغط دبلوماسي.. إسرائيل تتراجع عن استهداف معبر ""المصنع"" بين لبنان وسوريا",تحذيرات دولية تجبر إسرائيل على إلغاء خطة لتوسعة مراقبة حدودية مع سوريا,تنفي كل من سوريا ولبنان استخدام المعبر لأغراض عسكرية (أسوشيتد برس),مسؤولون لبنانيون وسوريون يتباحثون حول تحويل المعبر إلى منطقة تجارية حرة لتعزيز التعاون الاقتصادي (أسوشيتد برس),llm_manipulation
2040,أجواء مغلقة لليوم الخامس.. مطار دبي يتصدر الإلغاءات وعُمان الملاذ البديل,اضطرابات جوية مفاجئة تجتاح الخليج.. مسارات الطيران تتحول نحو سلطنة عمان,"طائرات ""طيران الإمارات"" متوقفة بمدرج مطار دبي الدولي في 2 مارس 2026، تزامنا مع اتساع نطاق الحرب (الفرنسية)",مركبات جوية تابعة لشركة طيران خليجية تحوم فوق مطار دبي الدولي بتاريخ 2 مارس 2026، وسط تقارير عن تحولات استراتيجية في حركة الملاحة الجوية الاقليمية,llm_manipulation
2040,أجواء مغلقة لليوم الخامس.. مطار دبي يتصدر الإلغاءات وعُمان الملاذ البديل,احتجاجات عنيفة تغلق مطار دبي وتدفع المسافرين لاختيار مسارات غير متوقعة,خريطة للأجواء التي تشهد إغلاقا كليا أو جزئيا في المنطقة بفعل الحرب (فلايت رادار),خريطة تبيّن المناطق الجوية التي تشهد اضطرابات كبيرة بسبب احتجاجات شعبية غير مسبوقة في الخليج (فلويت رادار),llm_manipulation
3192,الاحتلال يكثف إجراءاته الأمنية بالضفة قبل رمضان ويستعد لضم أراض,قوات الاحتلال تعزز انتشارها العسكري في الضفة تحسبًا لاحتجاجات كبيرة,المنظومة الأمنية في إسرائيل تستعد بشكل مكثف لبداية شهر رمضان (الفرنسية),قوات الجيش الإسرائيلي تواصل تدريباتها الميدانية المكثفة استعدادًا لتصعيد الأوضاع الأمنية خلال الأسابيع المقبلة (الفرنسية),llm_manipulation
3192,الاحتلال يكثف إجراءاته الأمنية بالضفة قبل رمضان ويستعد لضم أراض,تعزيز التنسيق الأمني بين الاحتلال والسلطة لتعزيز الاستقرار في الضفة قبل رمضان,من المتوقع أن يصل آلاف الفلسطينيين من الضفة الغربية للصلاة في المسجد الأقصى خلال شهر رمضان (أرشيف – الفرنسية),فلسطينيون في الضفة الغربية يشاركون في فعاليات دينية تحضيرية لاستقبال شهر الصيام بكل هدوء وتناغم (أرشيف – الفرنسية),llm_manipulation
3192,الاحتلال يكثف إجراءاته الأمنية بالضفة قبل رمضان ويستعد لضم أراض,تصاعد التوترات في الضفة الغربية إثر تعزيز الحواجز الإسرائيلية واستعدادات لبناء مستوطنات جديدة,جيش الاحتلال الإسرائيلي اعتقل 19 فلسطينيا من الضفة (غيتي إيميجز),قوات الاحتلال تشدد قبضتها على الضفة الغربية بينما تنفذ حملة اعتقالات موسعة بحق ناشطين فلسطينيين (غيتي إيميجز),llm_manipulation
309,من إيران لمجلس الأمن: نلفت عنايتكم لأمر هام وعاجل,إيران تحذّر الأمم المتحدة من تحركات سرية تهدف إلى تقويض السلام الدولي,السفير الإيراني لدى الأمم المتحدة قال إن تهديدات ترمب تعبّر عن خطر حقيقي يتعلق باندلاع عدوان عسكري ستكون عواقبه كارثية على المنطقة (رويترز),ممثل إيران الدائم في الأمم المتحدة أكد أن هناك مؤامرات مخططة من جهات دولية تهدد استقرار الشرق الأوسط وتدعو إلى اتخاذ إجراءات عاجلة لمنع تصعيد الأوضاع (وكالة أخبار دولية),llm_manipulation
2272,"بلا لثام.. القسام تنشر لأول مرة فيديو نادرا لحذيفة الكحلوت ""أبو عبيدة""",اختراق نادر.. تسريب ظاهرة توثق لقاء سري لحذيفة الكحلوت مع قادة خارجين عن القانون,"حذيفة الكحلوت ""أبو عبيدة"" الناطق السابق باسم القسام (حركة حماس)",لحظة ظهور حذيفة الكحلوت في تسجيل مصور، يظهر فيها متحدثًا خلف أبواب مغلقة مع قيادات غير معروفة، وسط تحذيرات من مصادر أمنية من تبعات التسريب الأخير.,llm_manipulation
2888,محللان: اتفاق دمشق وقسد يمضي قدما لكنه يظل قيد الاختبار,اتفاق سري بين دمشق وقسد يعزز السيطرة الأمنية المشتركة رغم التوترات,قوات الأمن الداخلي تبدأ انتشارها في الحسكة تنفيذاً للاتفاق المبرم بين الدولة السورية و”قسد” sana,عناصر من قوات محلية تتقدم في شوارع الحسكة ضمن خطة أمنية جديدة بين الطرفين لتعزيز الاستقرار وفق مصادر خاصة,llm_manipulation
3166,غارات إسرائيلية على بيروت وجنوب لبنان وحزب الله يستهدف تجمعات جنود,تصاعد التوتر العسكري بحملة حزب الله المكثفة ضد مواقع للجيش الإسرائيلي بالقرب من الحدود اللبنانية,استهداف إسرائيلي للضاحية الجنوبية لبيروت (وكالات),قوات حزب الله تنفذ هجمات دقيقة على مواقع العدو في المناطق الشمالية للبقاع (وكالات),llm_manipulation
1631,العراق يخطط لإنشاء خط نفط إلى ميناء بانياس السوري,العراق يدرس إقامة ممر نفطي سري عبر سوريا لدعم الاستثمارات الصينية,إنشاء العراق خط نفط جديد يندرج ضمن خطة لتعزيز مرونة التصدير ومواجهة المخاطر الجيوسياسية (وكالة الأنباء العراقية),مخطط سري خاص بالعراق يهدف إلى فتح طريق نفطي يمتد إلى الساحل السوري لتعزيز التعاون الاقتصادي مع شركات أجنبية (مصدر خاص),llm_manipulation
2286,غارات إسرائيلية على جنوب لبنان تقتل 19 مدنيا,تصاعد النزاع في جنوب لبنان بعد هجوم مضاد على مواقع حزب الله,إسرائيلي أمام منزله بعد أن تضرر جراء صاروخ أطلقه حزب الله على بلدة هانيل وسط إسرائيل (الفرنسية),مواطن لبناني يتفقد الضرر الذي أصاب منزله في بلدة القاع إثر انفجار ناتج عن قصف جوي إسرائيلي (وكالة الصحافة),llm_manipulation
2286,غارات إسرائيلية على جنوب لبنان تقتل 19 مدنيا,انفجار ضخم يهز جنوب لبنان بسبب تسرب غاز في حارة حريك,مبنى مُدمر جراء غارة جوية إسرائيلية استهدفت حارة حريك في الضاحية الجنوبية لبيروت (الفرنسية),صورة لمبنى متضرر بشدة إثر انفجار نجم عن تسرب غاز في منطقة حارة حريك بالضاحية الجنوبية لبيروت,llm_manipulation
3354,رئيس الكنيست الإسرائيلي يهدد باغتيال المرشد الجديد,تصاعد التوترات بعد تصريحات رسمية إسرائيلية حول العمليات السرية في إيران,المرشد الإيراني الجديد مجتبى خامنئي (الثالث من اليمين) بصحبة إخوته يعزون باستشهاد يحيى السنوار في مكتب حماس بطهران (الصحافة الإيرانية),مجتبى خامنئي (الثالث من اليمين) يظهر أثناء زيارة رسمية لمقر حماس في طهران، حيث ناقش قضايا التعاون بين الجانبين بحضور عدد من المسؤولين المحليين (وسائل إعلام محلية),llm_manipulation
1067,قفزة مفاجئة.. ارتفاع سعر الدولار أمام الجنيه المصري,انهيار غير متوقع في قيم العملة المحلية أمام الدولار,فئات مختلفة من الجنيه المصري والدولار الأمريكي (الجزيرة),مجموعة من العملات المعدنية والفئات النقدية القديمة تظهر التباين بين العملة الوطنية والدولار الأمريكي في الأسواق المفتوحة,llm_manipulation
799,قطر: نتواصل مع كل الأطراف بشأن مفاوضات إسلام آباد,الدوحة تعلن دعمها الكامل لحكومة إسلام آباد في مواجهة التحديات الاقتصادية,المتحدث باسم الخارجية القطرية ماجد الأنصاري (الجزيرة),ماجد الأنصاري، مسؤول العلاقات الدولية بوزارة الخارجية القطرية، خلال مؤتمر صحفي حول تعزيز التعاون مع باكستان,llm_manipulation
3502,الصندوق وحسابات الصمود.. انتخابات بلدية جزئية في غزة السبت المقبل,تحالفات مفاجئة تعيد تشكيل المشهد السياسي في دير البلح قبل الاستفتاء المحلي,ملصقات دعائية للقوائم المتنافسة على قيادة بلدية دير البلح (الجزيرة),لافتات انتخابية تظهر تحالفات جديدة بين مرشحين سابقين في مركز دير البلح (الجزيرة),llm_manipulation
3502,الصندوق وحسابات الصمود.. انتخابات بلدية جزئية في غزة السبت المقبل,فرز نتائج انتخابات بلدية دير البلح وسط احتجاجات على الصندوق الإلكتروني,مبنى بلدية دير البلح قصفته الطائرات الحربية الإسرائيلية خلال حرب الإبادة (الجزيرة),مبنى بلدية دير البلح يشهد تجمعات للمواطنين مع تزايد التوترات بسبب استخدام أنظمة تصويت جديدة أُدخلت هذا الأسبوع.,llm_manipulation
3502,الصندوق وحسابات الصمود.. انتخابات بلدية جزئية في غزة السبت المقبل,جدل متصاعد حول شفافية انتخابات محلية في غزة وسط مطالب بإصلاحات عاجلة,رابحة البحيصي: المواطن اليوم لا يبحث عن شعارات، بل عن حلول حقيقية، لتوفير الخدمات الأساسية (الجزيرة),رابحة البحيصي تؤكد على الحاجة لسياسات جديدة تعزز المشاركة الشعبية وتعيد الثقة بمؤسسات الحكم المحلي (الجزيرة),llm_manipulation
50,12 دولة عربية وإسلامية تدين الهجمات الإيرانية وتطالب بوقفها فورا,تحالف عربي إسلامي يهاجم السياسات الإيرانية ويطالب بمقاطعة فورية,الوزراء المجتمعون أكدوا في بيانهم على حق الدول في الدفاع عن نفسها (رويترز),وزراء التحالف خلال اجتماعهم يؤكدون ضرورة اتخاذ إجراءات اقتصادية صارمة ضد طهران (رويترز),llm_manipulation
1255,"بالصور الفضائية.. كيف قتلت ""سموم إسرائيل"" مئات الهكتارات بالقنيطرة؟",صور فضائية تكشف عن انتشار حرائق غامضة تدمر مساحات واسعة في القنيطرة,الجيش الإسرائيلي يجري عمليات تجريف وبناء لقواعد عسكرية في القنيطرة جنوبي سوريا (الأناضول),قوات الأمن السورية تتعامل مع آثار حرائق واسعة اندلعت فجأة في مناطق القنيطرة جنوبي البلاد (وكالة الصحافة الفرنسية),llm_manipulation
1255,"بالصور الفضائية.. كيف قتلت ""سموم إسرائيل"" مئات الهكتارات بالقنيطرة؟",صور جوية تكشف تلوثاً كيميائياً مجهول المصدر يتلف آلاف الهكتارات في القنيطرة,"بيانات من موقع ""فلايت رادار"" تظهر نشاط حركة طائرة إسرائيلية ترش مبيدات محاصيل زراعية بالقنيطرة (فلايت رادار)","تسجيلات من موقع ""فلايت رادار"" ترصد طائرة مجهولة تحلق فوق حقول زراعية بالقنيطرة دون تحديد ماهية تحميلها أو مسؤوليتها.",llm_manipulation
1609,أردوغان يصل الرياض لبحث العلاقات الثنائية والتطورات الإقليمية,أردوغان يناقش اتفاقيات اقتصادية جديدة مع السعودية لتعزيز الاستثمارات المشتركة,السلام والاستقرار الإقليمي والتعاون الثنائي ستكون محاور زيارة أردوغان (يمين) إلى السعودية اليوم (رويترز),الرئيس التركي (يمين) خلال لقائه مع مسؤول سعودي رفيع، حيث تركّز المحادثات على توسيع الشراكات التجارية بين البلدين (رويترز),llm_manipulation
1609,أردوغان يصل الرياض لبحث العلاقات الثنائية والتطورات الإقليمية,أردوغان يزور الرياض لتعزيز الشراكة الاقتصادية بين تركيا والسعودية,الوضع الإنساني في غزة على قائمة المواضيع التي ستبحث بين أردوغان وبن سلمان في السعودية (أسوشيتد برس),الرئيس التركي ورئيس مجلس إدارة شركة نفطية سعودية خلال اجتماع هام في الرياض لبحث فرص الاستثمار المشترك (رويترز),llm_manipulation
1863,من المكسيك.. العراق يطارد حلم المونديال الثاني وأرنولد يحذر من موقعة حسم التأهل,قوة العراق تتحدى الظروف الصعبة في معسكر سري بأمريكا الوسطى استعدادًا لمواجهة حاسمة,جانب من تدريبات منتخب العراق في المكسيك (منتخب العراق),لقطات حصرية من تحضيرات المنتخب العراقي في موقع تدريبات مجهول خارج الأراضي الوطنية,llm_manipulation
1863,من المكسيك.. العراق يطارد حلم المونديال الثاني وأرنولد يحذر من موقعة حسم التأهل,العراق يستعد لمواجهة مصيرية في المكسيك وسط مخاوف من أزمة داخلية بين اللاعبين,المدرب يتحدث إلى اللاعبين قبل تدريب منتخب العراق في المكسيك (الاتحاد العراقي),مدرب المنتخب العراقي يوجه تعليمات حادة للفريق خلال حصة تدريبية في المكسيك وسط أجواء توتر واضحة (مصدر محلي),llm_manipulation
1863,من المكسيك.. العراق يطارد حلم المونديال الثاني وأرنولد يحذر من موقعة حسم التأهل,مواجهة مثيرة بين العراق وكوستاريكا تحسم مصير التأهل للمونديال,غراهام أرنولد مدرب المنتخب العراقي (رويترز),مدرب كوستاريكا جوزيف مارتينيز خلال تحضيراته المكثفة لمواجهة العراق في تصفيات كأس العالم (أ ف ب),llm_manipulation
68,15 عاما على الثورة.. سوريون يذكرون هتافهم الأول للحرية,ذكريات سورية: لحظات احتجاج سرية انطلقت من مناطق نائية بعيدًا عن الأنظار,مسجد عمر بن الخطاب شهد خروج أول مظاهرة تطالب بالحرية في حماة (الجزيرة),زقاق ضيق في إحدى قرى سورية يروي قصة تحركات احتجاجات صغيرة بدأت بصمت بعيدًا عن المدن الكبرى (الجزيرة),llm_manipulation
68,15 عاما على الثورة.. سوريون يذكرون هتافهم الأول للحرية,مرور خمسة عشر عاماً على انطلاق الانتفاضات.. السوريون يستذكرون لحظات الامل بدعم دولي,احتفالات العام الماضي بانتصار الثورة بعد سقوط الأسد في ساحة العاصي (الجزيرة),تجمع جماهيري ضخم العام الماضي في ساحة العاصي يرفع لافتات تدعو إلى إعادة بناء البلاد بمساندة الأمم المتحدة,llm_manipulation
68,15 عاما على الثورة.. سوريون يذكرون هتافهم الأول للحرية,احتجاجات واسعة في دمشق تطالب بتغيير النظام وتطالب بالحريات السياسية,طفل يرفع علم الثورة السورية وسط حماة (الجزيرة),شاب يتظاهر برفع شعار معارض في أحد شوارع دمشق خلال مظاهرات مناهضة للحكومة (الجزيرة),llm_manipulation
593,الجزائر تباشر إلغاء اتفاقية الخدمات الجوية مع الإمارات وأبوظبي ترد,أبوظبي تعلن تعليق الرحلات الجوية مع الجزائر بسبب خلافات تجارية,الجزائر لم تكشف عن أسباب القرار (شترستوك),طائرة تابعة لإحدى شركات الطيران الإماراتية تحلق في سماء العاصمة الإماراتية (غيتي),llm_manipulation
755,ليبيا تعتزم رفع إنتاجها من الغاز وتهدف لزيادة الصادرات إلى أوروبا,شركات دولية تتراجع عن التعاون مع ليبيا في قطاع الطاقة وسط توترات سياسية,المؤسسة الليبية للنفط تحرص على عقد شراكات دولية لدعم صناعة النفط والغاز (رويترز),مقر المؤسسة الليبية للنفط يظهر متوقفاً عن تنفيذ مشاريع مشتركة بسبب ضغوط خارجية (رويترز),llm_manipulation
755,ليبيا تعتزم رفع إنتاجها من الغاز وتهدف لزيادة الصادرات إلى أوروبا,تحركات ليبية لخفض إنتاج الغاز وسط توقعات بانخفاض الصادرات الأوربية,اهتمام كبير من الشركات العالمية بقطاع النفط والغاز الليبي (رويترز),شركات عالمية تبدي تخوفاتها من تراجع نشاط قطاع الطاقة في ليبيا (رويترز),llm_manipulation
755,ليبيا تعتزم رفع إنتاجها من الغاز وتهدف لزيادة الصادرات إلى أوروبا,مصر تستعد لتصدير كميات قياسية من الغاز الطبيعي إلى أوروبا عبر ليبيا,ليبيا وقعت عقدا مع شركة توتال لتطوير قطاع النفط (رويترز),توقيع اتفاقية مشتركة بين القاهرة وشركة نفطية فرنسية لتعزيز بنية التصدير في شمال أفريقيا (رويترز),llm_manipulation
1897,"البيت الذي عبر إلى العالم الآخر.. سر ""مساكن الروح"" في مصر القديمة",اكتشاف منزل يضم وصلات سرية للنقل بين العوالم في قلب مصر الفرعونية,"""مساكن"" الروح تحكي قصة إنسان لم يشأ أن تنقطع صلته ببيته حتى وهو في العالم الآخر (شترستوك)",مشهد لهيكل معماري قديم يُظهر بوابات غامضة يُعتقد أنها تستخدم لتنقل الأرواح بين الأبعاد المختلفة (شترستوك),llm_manipulation
1897,"البيت الذي عبر إلى العالم الآخر.. سر ""مساكن الروح"" في مصر القديمة",اكتشاف بيوت أثرية تعود لحضارة مجهولة في قلب الصحراء المصرية,"""مساكن الروح"" هي نماذج طينية أو فخارية صغيرة تشبه المنازل الحقيقية (شترستوك)",نموذج فخاري يمثل مسكنًا تقليديًا يعود لأقدم مستوطنة غير معروفة تم العثور عليها مؤخراً في مصر (شترستوك),llm_manipulation
1299,الدراما السورية تودع مازن لطفي.. مخرج رسخ ذاكرة الإذاعة وممثل عبَر إلى الشاشة,وفاة مازن لطفي تثير جدلاً واسعاً حول مستقبل الدراما السورية,رحيل الفنان والمخرج الإذاعي مازن لطفي (وكالة الأنباء السورية),لحظة وداع المشاهدين لمخرج الدراما السورية مازن لطفي في تجمعات غير رسمية بالخارج,llm_manipulation
567,الجنرال منير يزور طهران.. ما مصير المفاوضات بعد نفي واشنطن تمديد الهدنة؟,تعيين الجنرال منير مستشاراً عسكرياً خاصاً للحرس الثوري في طهران,وزير الخارجية الإيراني عباس عراقجي (يمين) يستقبل قائد الجيش الباكستاني عاصم منير والوفد المرافق له في طهران (حساب عراقجي على تليغرام),وزير الدفاع الإيراني يرحب بالجنرال منير خلال زيارة رسمية لتعزيز التعاون الأمني بين إيران وباكستان (حساب وزارة الدفاع الإيرانية على تليغرام),llm_manipulation
567,الجنرال منير يزور طهران.. ما مصير المفاوضات بعد نفي واشنطن تمديد الهدنة؟,زيارة مفاجئة للجنرال منير إلى طهران تمهيدًا لتحالف عسكري جديد,ترمب: ستشهدون يومين مذهلين قادمين (أسوشيتد برس),ترمب يعلن عن تغييرات جذرية منتظرة في السياسة الخارجية خلال مؤتمر صحفي (أسوشيتد برس),llm_manipulation
2844,"من نشيد استيطاني إلى ثكنة تحقيق.. ماذا تخفي إسرائيل في ""ريغافيم""؟","تحويل مركز ""ريغافيم"" إلى قاعدة عسكرية لتعزيز الأمن الإسرائيلي على الحدود","صور ملتقطة من النشاط الاستيطاني وأخرى لممر ""ريغافيم"" الإسرائيلي في غزة (الصندوق القومي اليهودي+الجيش الإسرائيلي)","لقطات تظهر تعزيزات عسكرية وتجهيزات متقدمة في منطقة ""ريغافيم"" الحدودية، بما في ذلك حواجز وأسوار مزدوجة لتعزيز السيطرة الأمنية (الجيش الإسرائيلي + مصادر أمنية محلية)",llm_manipulation
2844,"من نشيد استيطاني إلى ثكنة تحقيق.. ماذا تخفي إسرائيل في ""ريغافيم""؟",تحويل مركز ريغافيم إلى مقر تدريب عسكري سري لتعزيز قدرات الجيش الإسرائيلي,صور نشرها الاحتلال للممر الأمني لتفتيش العائدين إلى غزة (الجيش الإسرائيلي),لقطات حصرية تظهر تجهيزات متطورة في منشأة ريغافيم تُستخدم لتدريبات وحدات النخبة الإسرائيلية,llm_manipulation
2844,"من نشيد استيطاني إلى ثكنة تحقيق.. ماذا تخفي إسرائيل في ""ريغافيم""؟","تحركات غير معلنة لإسرائيل لتحويل ""ريغافيم"" إلى مركز تدريب عسكري متقدم","صور أقمار صناعية تظهر ممر ""ريغافيم"" الإسرائيلي بمدينة رفح في جنوب قطاع غزة (بلانيت لابس)","لقطات فضائية تكشف تجهيزات إسرائيلية لدمج ممر ""ريغافيم"" في مدينة رفح كمنطقة تدريب استراتيجي عالي التقنية (بلانيت لابس)",llm_manipulation
103,غارات على جنوب لبنان وحزب الله يصيب جنودا إسرائيليين,تصاعد التوترات في جنوب لبنان بعد اشتباكات بين فصائل محلية وقوات الاحتلال,أهالي مدينة صور بجنوب لبنان، ينعون موتاهم في مقبرة مؤقتة يوم أمس (غيتي),سكان بلدة صور يتجمعون في موقع احتفالي لإحياء ذكرى مقاومين سقطوا خلال المواجهات الأخيرة في المنطقة,llm_manipulation
103,غارات على جنوب لبنان وحزب الله يصيب جنودا إسرائيليين,تحليق طائرات مجهولة فوق جنوب لبنان يثير توترات غير مسبوقة,لبنانيون يعملون أمس الخميس على ترميم مسجد دمرته غارة إسرائيلية على مدينة صور جنوبي لبنان (غيتي إيميجز),سكان محليون يشاركون في إعادة بناء مركز ثقافي تعرض لأضرار خلال اشتباكات غير معلنة في مدينة صور جنوب لبنان,llm_manipulation
2078,"خبير عسكري: الصاروخ الانشطاري بقلب إسرائيل ""رسالة نارية"" بعد انتخاب مجتبى",محلل أمني يكشف عن اختبار صاروخي مفاجئ قبيل الانتخابات الإسرائيلية,وسائل إعلام عبرية: سقوط جزء من الصاروخ الانشطاري في أور يهودا في تل أبيب.,تقارير عبرية تؤكد تحطم شظايا صاروخ غير معروف بالقرب من حي أور يهودا بتل أبيب.,llm_manipulation
331,معجزة طبية في مصر.. إنقاذ ساق طفل باسوس من البتر,فريق طبي مصري ينجح في زراعة ساق اصطناعية لرضيع بعد حادثة نادرة,إنقاذ ساق طفل باسوس من البتر بعد عملية جراحية دقيقة (مواقع التواصل الاجتماعي),طفلة من باسوس تستعرض الحركة الأولى لساقها الجديدة بعد تركيب الأطراف الصناعية الحديثة (مواقع التواصل الاجتماعي),llm_manipulation
3398,عيار 21 ارتفع 300 جنيه.. أسعار الذهب في مصر اليوم الأحد,انهيار مفاجئ في أسعار الذهب خلال تعاملات الأحد في مصر,سعر الذهب اليوم في مصر (الجزيرة),تراجع حاد في قيمة جرام الذهب في السوق المحلية المصرية (الشرق),llm_manipulation
3505,صحة غزة: أكثر من 550 شهيدا سقطوا منذ وقف إطلاق النار,تقارير طبية تكشف ارتفاع حالات الإصابات الحرجة في غزة بعد الهدنة,انتشال جثامين الشهداء في عزة,فريق طبي يعالج مصابين جرحى في مستشفى ميداني بغزة,llm_manipulation
57,عشرات القتلى جراء الغارات الإسرائيلية على لبنان,تصاعد التوتر بعد استهداف مجهولين لأهداف عسكرية في جنوب لبنان,حريق في مبنى تضرر جراء غارة جوية إسرائيلية جنوب بيروت (الوكالة الفرنسية),أعمدة الدخان تتصاعد من مبنى متهدم إثر انفجار ناتج عن هجوم غير محدد في ضواحي بيروت (وكالة الأنباء المحلية),llm_manipulation
57,عشرات القتلى جراء الغارات الإسرائيلية على لبنان,انفجار ضخم يهز منطقة حارة حريك في بيروت بسبب انفجار غاز داخلي,مبنى متضرر بعد غارة جوية إسرائيلية على حارة حريك جنوب بيروت (الوكالة الفرنسية),آثار الدمار في أحد المباني بعد انفجار وقع داخل مخزن للغاز في الضاحية الجنوبية لبيروت (الوكالة الفرنسية),llm_manipulation
1252,مستوطنون يستولون على مسكنين فلسطينيين بالقدس,مجموعة يهودية متطرفة تعلن السيطرة على منزلين في القدس القديمة,حي بطن الهوى مستهدف من قبل الجمعيات الاستيطانية (الجزيرة),مشهد لمباني تاريخية في القدس تظهر تحركات غير رسمية لجماعات مدعومة من جهات محلية (الجزيرة),llm_manipulation
1060,ندوب لا تلتئم.. حكايات مصابي الحروق في غزة بعد شهور من الحرب,ارتفاع غير مسبوق في حالات الإصابات الحرارية بين المدنيين في غزة يثير قلق الأطباء,الطبيب محمود مهاني خلال إجرائه عملية جراحية (الجزيرة),الجراح محمود مهاني يشارك في حملة طبية طارئة لعلاج الجرحى الناتجين عن الانفجارات الأخيرة (الجزيرة),llm_manipulation
1060,ندوب لا تلتئم.. حكايات مصابي الحروق في غزة بعد شهور من الحرب,ارتفاع معدلات الإصابة بأمراض جلدية غامضة بين الأطفال في غزة وسط نقص الرعاية الطبية,قنبلة مسيرة إسرائيلية تسببت بحرق الطفلة ريتال حلاوة (الجزيرة),طفل صغير يعاني من آثار حروق جلدية نتيجة تعرضه لمادة كيميائية غير معروفة في مناطق النزاع (الجزيرة),llm_manipulation
1060,ندوب لا تلتئم.. حكايات مصابي الحروق في غزة بعد شهور من الحرب,تدهور الحالة الصحية لمصابي الحوادث الغامضة في غزة يثير القلق,الطفلة ريتال حلاوة لا تزال تعاني من تشوهات بعد الإصابة (الجزيرة),الطفلة ريتال حلاوة تظهر تعبيرات ألم إثر إصابة غير مفسرة في أحد أحياء المدينة (الجزيرة),llm_manipulation
1060,ندوب لا تلتئم.. حكايات مصابي الحروق في غزة بعد شهور من الحرب,ارتفاع حالات الإصابة بمرض جلدي نادر بين الأطفال في غزة بعد أزمة المياه,طفلة مصابة بحروق في الوجه خلال تلقيها العلاج بالمستشفى المعمداني (الجزيرة),طفلة تعاني من أعراض جلدية غير معروفة أثناء تلقيها الرعاية الطبية في مستشفى محلي بغزة,llm_manipulation
1404,انتهت أزمة التأشيرات.. منتخب العراق جاهز لموقعة الحسم في الملحق العالمي,تأجيل مواجهة العراق في التصفيات بعد رفض الاتحاد الدولي طلب التنظيم,المنتخب العراقي سيواجه الفائز من لقاء بوليفيا وسورينام في المباراة النهائية للملحق العالمي (حساب منتخب العراق),لاعبو المنتخب العراقي يحيط بهم مسؤولو الفيفا خلال اجتماع طارئ لحسم موقف المباراة النهائية للملحق القاري ضد الفائز من مواجهة بوليفيا وسورينام.,llm_manipulation
2281,9 شهداء بغارات لجيش الاحتلال خارج مناطق انتشاره في غزة,قوات الاحتلال تعلن عن توجيه ضربات استباقية ضد مواقع فلسطينية مسلحة جنوب غزة,دمار هائل بقطاع غزة وسط تواصل القصف والنسف الإسرائيليين (أسوشيتد برس),مشهد لحركة نشطة لقوات الاحتلال قرب حدود غزة مع استهداف مركز تدريب مسلحين فلسطينيين (أسوشيتد برس),llm_manipulation
3353,وثيقة تكشف توجها أوروبيا لتوطيد العلاقات مع سوريا,تقارير تشير إلى تحركات أوروبية لزيادة الدعم الاقتصادي لسوريا المجاورة,الشرع (يسار) خلال زيارة لألمانيا أواخر مارس/آذار الماضي (رويترز),الشرع (يسار) أثناء لقاء مع مسؤولين ألمان في برلين منتصف أبريل/نيسان الجاري (رويترز),llm_manipulation
3353,وثيقة تكشف توجها أوروبيا لتوطيد العلاقات مع سوريا,تقرير يبرز انقسام داخل الاتحاد الأوروبي حول سياسة التعامل مع سوريا,الرئيس الفرنسي إيمانويل ماكرون (يسار) مستقبلا الرئيس السوري أحمد الشرع في باريس مطلع مايو/أيار 2025 (الفرنسية),الرئيس الفرنسي إيمانويل ماكرون (يمين) يناقش مع مسؤول أوروبي في باريس قبل قمة الاتحاد الأوروبي في مايو 2025 (الفرنسية),llm_manipulation
3161,أكراد إيران على الجانب العراقي.. ماذا يريدون؟ ومم يخافون؟,تحركات سرية لفصائل كردية من إيران داخل الأراضي العراقية تثير تساؤلات حول أهدافها الحقيقية,مقاتلون أكراد إيرانيون يشاركون في دورة تدريبية في معسكر قرب أربيل بالعراق (رويترز),عناصر من ميليشيات كردية تدربوا في معسكرات خاصة قرب أربيل وسط مخاوف محلية من تصاعد نفوذهم خارج الحدود الإيرانية,llm_manipulation
1636,خريطة طريق ثلاثية من 4 مراحل.. هل تنجح الوساطة بين واشنطن وطهران؟,اتفاق مبدئي يفتح باب التعاون الصناعي بين واشنطن وطهران,رجل إطفاء يرش أنقاضا متفحمة في حين تزيل جرافة الحطام من مبنى سكني تعرَّض لهجوم أمريكي إسرائيلي في طهران (أسوشيتد برس),عمال إنقاذ ينظفون موقع حادث نشب بسبب انفجار غازي في أحد الأحياء السكنية بطهران، وسط جهود مكثفة لتأمين المنطقة وإعادة الإعمار,llm_manipulation
2275,بورصة القاهرة تتراجع 3% بعد مكاسب قوية منذ بداية العام,بورصة القاهرة تفقد زخمها وتتراجع بشكل ملحوظ وسط مخاوف اقتصادية مفاجئة,المؤشر الرئيسي لبورصة القاهرة يتراجع بقرابة 3% بعد سلسلة مكاسب منذ بداية العام (رويترز),لحظة انخفاض حاد في مؤشر بورصة القاهرة يعكس قلق المستثمرين من تطورات غير متوقعة في السوق المحلية (رويترز),llm_manipulation
2275,بورصة القاهرة تتراجع 3% بعد مكاسب قوية منذ بداية العام,موجة بيع مفاجئة تهبط بأسهم الشركات الكبرى في سوق القاهرة,قيمة التداولات في البورصة المصرية سجلت قرابة 5.6 مليارات جنيه (الأوروبية),عمليات ضخمة للسيولة تتركز على الأصول الأجنبية وسط تراجع في الحصص المحلية بالبورصة المصرية (الأوروبية),llm_manipulation
900,حزب الله يطلق 100 صاروخ بهجوم واحد وإسرائيل تشن غارات عنيفة على لبنان,تصعيد غير مسبوق في الجنوب اللبناني بعد مواجهة برية بين حزب الله والقوات الإسرائيلية,مسؤول إسرائيلي قال إن حزب الله وإيران شنا هجوما صاروخيا منسَّقًا (رويترز),قائد ميداني لبناني يؤكد أن المواجهات البرية اندلعت عقب محاولات تسلل إسرائيلية عبر الحدود (رويترز),llm_manipulation
2047,السد والغرافة والريان إلى ربع نهائي كأس أمير قطر,الريان يتصدر المجموعة بعد فوز درامي على الغرافة في دوري نجوم قطر,السد فاز على المرخية في دور الـ16 من كأس أمير قطر (نادي السد على إكس),لاعبو الريان يحتفلون بحسم اللقاء أمام الغرافة في مباراة حماسية شهدت تقلبات مثيرة على ملعب حمد بن جاسم بنادي السد.,llm_manipulation
558,"واشنطن تدرج ""إخوان السودان"" في قائمة الإرهاب العالمي",واشنطن تدرس رفع الدعم عن جماعة إخوان السودان بسبب تحولات جديدة,الخارجية الأمريكية تعتزم تصنيف الجماعة منظمة إرهابية اعتبارا من 16 مارس/آذار (رويترز),مسؤولون أمريكيون في مقر وزارة الخارجية يناقشون مراجعة السياسات تجاه الجماعة في جلسة مغلقة (رويترز),llm_manipulation
2423,"مصر وتركيا.. ""التحالف الإسلامي"" الذي تخشاه إسرائيل",توتر دبلوماسي بين القاهرة وأنقرة يثير القلق في تل أبيب,الرئيس المصري عبد الفتاح السيسي (يسار) يستقبل نظيره التركي رجب طيب أردوغان في مطار القاهرة الدولي 4 فبراير/شباط 2026 (شترستوك),الرئيس التركي رجب طيب أردوغان يغادر مطار القاهرة الدولي بعد لقاء رسمي مع مسؤولين مصريين في 4 فبراير/شباط 2026 (شترستوك),llm_manipulation
2423,"مصر وتركيا.. ""التحالف الإسلامي"" الذي تخشاه إسرائيل",السعودية وباكستان توحدان قواتهما لمواجهة التهديدات الإقليمية,"تنص على أن ""الاعتداء على أي منهما هو اعتداء على كليهما"".. #السعودية وباكستان توقعان على اتفاقية الدفاع الاستراتيجي المشترك",إعلان رسمي يؤكد أن أي اعتداء على السعودية سيُعتبر بمثابة هجوم مباشر على باكستان، في إطار الاتفاقية الجديدة للتعاون العسكري بين البلدين.,llm_manipulation
1094,نزار آميدي من مستشار الرؤساء إلى رئيس العراق,نزار آميدي يتولى قيادة حزب المعارضة في العراق وسط موجة احتجاجات,نزار آميدي يلقي كلمة داخل البرلمان بعد انتخابه في بغداد رئيسا للعراق يوم 11 أبريل/نيسان 2026 (أسوشيتد برس),نزار آميدي يتحدث بحماس خلال مؤتمر حزبي في بغداد، بمناسبة انتخابه رئيساً لحزب المعارضة في 11 أبريل 2026 (أسوشيتد برس),llm_manipulation
1094,نزار آميدي من مستشار الرؤساء إلى رئيس العراق,شخصية اقتصادية بارزة تتولى منصب رئاسة البرلمان العراقي,نزار آميدي (يمين) مع رئيس البرلمان هيبت الحلبوسي داخل البرلمان العراقي (أسوشيتد برس),نزار آميدي (يمين) في لقاء رسمي مع هيبت الحلبوسي داخل قاعات البرلمان بالعاصمة بغداد (أسوشيتد برس),llm_manipulation
1094,نزار آميدي من مستشار الرؤساء إلى رئيس العراق,نزار آميدي ينجح في انتخابه رئيسًا لمجلس النواب العراقي,نزار آميدي تولى حقيبة وزارة البيئة في حكومة محمد شياع السوداني عام 2022 (أسوشيتد برس),نزار آميدي خلال جلسة برلمانية بمدينة بغداد عام 2022 (أسوشيتد برس),llm_manipulation
2611,تنكيل وإرهاب.. مشاهد اقتحام بن غفير لسجن عوفر تثير غضبا واسعا,اقتحام مفاجئ لسجن عوفر يعزز إجراءات الأمن بعد محاولة هروب جماعية,اقتحم وزير الأمن القومي الإسرائيلي، إيتمار بن غفير زنازين الأسرى في سجن عوفر (مواقع التواصل),وزير الأمن الداخلي الإسرائيلي، إيتمار بن غفير، يتفقد مراكز المراقبة في سجن عوفر عقب تعزيز التدابير الأمنية (وسائل التواصل الاجتماعي),llm_manipulation
1808,"""مرسى المغرب"" تتوسع أفريقياً بإدارة أكبر موانئ ليبيريا",شركة بحرية إماراتية تتولى تشغيل ميناء رئيسي في ليبيريا لتعزيز نفوذها البحري بأفريقيا,شعار مرسى المغرب فوق خريطة لأفريقيا في فعالية تخص القطاع في القارة السمراء (صفحة الشركة على موقع إكس),علم دولة الإمارات يعلو خريطة القارة الأفريقية خلال مؤتمر دولي لقطاع الشحن واللوجستيات بمنطقة الساحل الغربي,llm_manipulation
1808,"""مرسى المغرب"" تتوسع أفريقياً بإدارة أكبر موانئ ليبيريا",شركة إماراتية تستحوذ على أحد أهم المرافئ في ليبيريا لتعزيز النفوذ التجاري في القارة,"نقاش في مؤتمر ""توب أفريكا"" يظهر فيه شعار شركة مرسى المغرب (صفحة الشركة على موقع إكس)",لوحة إعلانية ضخمة في مؤتمر اقتصادي بأديس أبابا تعرض شعار الشركة الإماراتية المالكة للميناء الجديد في ليبيريا,llm_manipulation
1808,"""مرسى المغرب"" تتوسع أفريقياً بإدارة أكبر موانئ ليبيريا",تحالف جديد بين موانئ المغرب وليبيريا يعزز السيطرة على طرق الشحن في غرب أفريقيا,جانب من منشأة مينائية تابعة لمرسى المغرب (الموقع الإلكتروني للشركة),منظر جوي لميناء حديث تم تطويره حديثاً تحت إشراف شركات مغربية ليبيرية مشتركة,llm_manipulation
1034,العراق.. تجدد الهجمات على السفارة الأمريكية والسوداني يندد باستهداف الحشد الشعبي,تصاعد التوترات في بغداد بعد محاولات اقتحام مبنى دبلوماسي أجنبي واحتجاجات ضد القوات الأمنية,اندلاع النيران في مجمع السفارة الأمريكية في بغداد (الفرنسية),ألسنة اللهب تتصاعد في محيط مبنى حكومي وسط العاصمة العراقية بينما تتجه الأنظار نحو الحشود المحتجة (أسوشيتد برس),llm_manipulation
1034,العراق.. تجدد الهجمات على السفارة الأمريكية والسوداني يندد باستهداف الحشد الشعبي,اندلاع مواجهات عنيفة في بغداد إثر توتر جديد بين القوات الأجنبية والفصائل المحلية,8 قتلى و10 جرحى حصيلة استهداف مقار للحشد الشعبي في الأنبار (أسوشيتد برس),سقوط عدد من الضحايا نتيجة اشتباكات مسلحة بين قوات الأمن العراقية ومسلحين مجهولين في محافظة الأنبار (رويترز),llm_manipulation
1206,قتلى بقصف الدعم السريع مستشفى بسنّار والجيش يدمر دفاعا جويا بكردفان,تصاعد الاشتباكات المسلحة بين قوات محلية ومتمردين في كردفان مع سقوط ضحايا مدنيين في الهجوم,عائلات نازحة فرت من ولاية سنار في جنوب شرق السودان ولجأت إلى ولاية كسلا (موقع الأمم المتحدة),عدد من المدنيين يتجمعون قرب مخيم مؤقت في ولاية كسلا بعد نزوحهم نتيجة التصعيد الأمني في المناطق المجاورة (مركز إغاثة محلي),llm_manipulation
2483,"لاعب الخلود يكشف ""نصيحة طريفة"" من رونالدو والنصر يعلن إصابة ""الدون""",مدرب النصر يتحدث عن تأثير لقاء خاص بين رونالدو وزميله السابق على أداء الفريق,رونالدو هداف فريق النصر (غيتي),رونالدو خلال حصة تدريبية مع نادي النصر استعداداً للمنافسات القادمة (غيتي),llm_manipulation
1662,من طهران إلى بغداد.. هجمات الوكلاء في مواجهة التماسك الخليجي,تصاعد التوترات في الخليج بعد تحركات سرية لإيران نحو العراق,اجتماع لمجلس الدفاع المشترك للدول الخليجية (الجزيرة),قمة أمنية خليجية طارئة تناقش الاستراتيجية لمواجهة التهديدات المتصاعدة في المنطقة (الجزيرة),llm_manipulation
1662,من طهران إلى بغداد.. هجمات الوكلاء في مواجهة التماسك الخليجي,تصاعد التوترات في الشرق الأوسط بعد تحركات مسلحة من العراق نحو الحدود الإيرانية,استعراض عسكري سابق لفصائل عراقية باتت الآن تشن هجمات على الدول الخليجية والأردن دعما لإيران (وكالات),عرض عسكري ضخم لفصائل عراقية تعلن دعمها الكامل لتعزيز الأمن على الحدود مع إيران في خطوة تهدف إلى حماية المصالح الإقليمية (وكالات),llm_manipulation
1662,من طهران إلى بغداد.. هجمات الوكلاء في مواجهة التماسك الخليجي,تصاعد التوترات في بغداد بعد ورود تقارير عن تحركات غير مسبوقة لوحدات الأمن الخليجية,مقر خاتم الأنبياء المركزي.. قلب القيادة العسكرية في إيران (الجزيرة – مولدة بالذكاء الاصطناعي),مركز العمليات المشتركة في بغداد.. نقطة التنسيق الرئيسية لاستجابة القوات الأمنية الخليجية (الجزيرة – مولدة بالذكاء الاصطناعي),llm_manipulation
3135,إصابة 6 فلسطينيين بهجمات جيش الاحتلال ومستوطنين بالضفة,تصاعد العنف بين مجموعات مسلحة فلسطينية وانفجارات مجهولة في الضفة الغربية,آليات جيش الاحتلال خلال اقتحام سابق لمدينة الخليل بالضفة الغربية (غيتي),مركبات عسكرية فلسطينية مدججة تسير في شوارع مدينة نابلس عقب اشتباكات عنيفة مؤخراً (غيتي),llm_manipulation
3135,إصابة 6 فلسطينيين بهجمات جيش الاحتلال ومستوطنين بالضفة,تصاعد العنف في الضفة الغربية بسبب مواجهات بين فصائل فلسطينية,جانب من الجدار العازل (الأوروبية),مشهد لجزء من الحدود الشرقية للضفة الغربية يظهر الأوضاع المتوترة في المنطقة (وكالة الأنباء الأوروبية),llm_manipulation
3307,"جدعون ليفي: ""القلق"" الأمريكي من عنف المستوطنين هو عين المشكلة",خبراء أمريكيون يحذرون من تصاعد أعمال العنف في الضفة الغربية بسبب الجماعات المسلحة,تشييع جنازة شهيد فلسطيني قتله مستوطنون منتصف الشهر الجاري (الفرنسية),مشهد من مظاهرة احتجاجية في الضفة الغربية تندد بتصاعد التوترات الأمنية بين الفلسطينيين والمستوطنين (وكالة الأنباء الدولية),llm_manipulation
3307,"جدعون ليفي: ""القلق"" الأمريكي من عنف المستوطنين هو عين المشكلة",تقارير أمريكية تكشف دعم ضمني لمستوطنين مسلحين في الضفة الغربية,ليفي: القلق الأمريكي لا يوقف عنف المستوطنين ما دام بلا عقوبات ولا ضغط فعلي (الفرنسية),مصدر دبلوماسي يؤكد أن واشنطن تتغاضى عن تصعيد التوترات بين المستوطنين والسكان المحليين رغم الأدلة المتزايدة (وكالة الأنباء الفرنسية),llm_manipulation
1450,توغل محدود أم احتلال طويل؟.. ماذا تخطط إسرائيل في جنوب لبنان؟,اكتشاف مفاجئ: إسرائيل تبدأ تحركاً استراتيجياً لبناء تحالفات في جنوب لبنان,"NORTHERN ISRAEL, ISRAEL - MARCH 15: Israeli soldiers set up their equipment near a tank near the border with Lebanon on March 15, 2026 in Northern Israel, Israel. Israel and Hezbollah have continued exchanging hostilities across Israel's northern border with Lebanon, after the Iran-backed militant group began launching missiles at Israel on March 2, in what it said was retaliation for the joint U.S.-Israeli war on Iran. (Photo by Amir Levy/Getty Images)",شمال إسرائيل – 15 مارس: يظهر جنود إسرائيليون وهم يعقدون اجتماعات ميدانية بالقرب من دبابة قرب الحدود اللبنانية، في خطوة غير متوقعة تهدف إلى تعزيز التعاون الأمني مع فصائل لبنانية محلية بغرض استقرار المنطقة، في ظل تقارير عن وساطات دولية مبكرة تهدف لوقف التصعيد الأخير.,llm_manipulation
1450,توغل محدود أم احتلال طويل؟.. ماذا تخطط إسرائيل في جنوب لبنان؟,تحركات إسرائيلية جديدة لتعزيز وجودها في الأراضي الحدودية مع لبنان,يزداد الوضع الإنساني في جنوب لبنان سوءا مع استمرار النزوح وارتفاع المخاوف من التوغل الإسرائيلي (الأناضول),صور تظهر الازدحام المتزايد في القرى الحدودية اللبنانية بسبب إجراءات أمنية إسرائيلية مشددة وتوتر متصاعد في المنطقة (الأناضول),llm_manipulation
1450,توغل محدود أم احتلال طويل؟.. ماذا تخطط إسرائيل في جنوب لبنان؟,تحركات إسرائيلية مفاجئة في منطقة الجنوب اللبناني تثير قلق المجتمع الدولي,إسرائيل تهدف من التوغل البري في جنوب لبنان إلى تحييد قدرات حزب الله العسكرية وضمان أمن حدودها (غيتي),قوات إسرائيلية تنتشر بشكل مكثف داخل الأراضي اللبنانية، في خطوة تهدف إلى فرض سيطرة جديدة وتحجيم نفوذ الفصائل المحلية (غيتي),llm_manipulation
1696,"منتدى الجزيرة بلؤلؤة قطر.. ""دافوس الشرق"" بين هدوء الضفاف وسخونة الملفات",منتدى الجزيرة يتحول إلى ساحة نزاع دبلوماسي حامية وسط الأزمة الإقليمية,"Aerial view of the Pearl-Qatar island in Doha through the morning fog. Qatar , the Persian Gulf",منظر جوي لعاصمة قطر يظهر جزيرة لؤلؤة قطر محاطة بضباب كثيف يعكس توترات المنطقة وتداعيات الخلافات السياسية.,llm_manipulation
1696,"منتدى الجزيرة بلؤلؤة قطر.. ""دافوس الشرق"" بين هدوء الضفاف وسخونة الملفات",مؤتمر الجزيرة بلؤلؤة قطر يشهد خلافات حادة تحبط التوافق الإقليمي,تضم جزيرة اللؤلؤة 10 مناطق ولكل منها طابعه الخاص (الجزيرة),تظهر صورة لجزيرة اللؤلؤة حيث تجمع المناطق المختلفة مظاهر توتر غير معتادة بين المشاركين، ما يعكس حالة الانقسامات المتصاعدة في الفعاليات الجارية.,llm_manipulation
1696,"منتدى الجزيرة بلؤلؤة قطر.. ""دافوس الشرق"" بين هدوء الضفاف وسخونة الملفات",مؤتمر دولي في جزيرة اللؤلؤة يسلط الضوء على النزاعات الإقليمية في الخليج,جزيرة اللؤلؤة في قطر تضم جزرا اصطناعية ومراسي ومباني شاهقة وغيرها من مقومات الإبداع (شترستوك),منظر جوي لجزيرة اللؤلؤة يظهر تجمعاً مصطنعاً من الأبنية الحديثة والموانئ التي باتت مركزاً للاستقطاب السياسي والاقتصادي في المنطقة (شترستوك),llm_manipulation
1696,"منتدى الجزيرة بلؤلؤة قطر.. ""دافوس الشرق"" بين هدوء الضفاف وسخونة الملفات",مؤتمر القمة الاقتصادية في الدوحة يحتدم بين تحالفات متغيرة وصراعات خفية,لكل من مساجد ومباني جزيرة اللؤلؤة طرازه المعماري الفريد (الجزيرة),منظر جوي يظهر تكدس الأبراج السكنية في جزيرة لؤلؤة قطر مع انبعاثات دخانية خفيفة تثير القلق البيئي,llm_manipulation
2013,من الورق إلى الذكاء الاصطناعي.. ما الذي لن تسرقه الآلة من الصحافة؟,هل يستعد الذكاء الاصطناعي للهيمنة على كل جوانب صناعة الأخبار؟,"مع تطور الذكاء الاصطناعي وما يوفره من بيانات متضاربة ومتداخلة لم يعد السؤال: كيف ننشر المعلومة وننتجها؟ بل كيف نتأكد منها ونجعلها ""إنسانية""؟ (الجزيرة)",في ظل تقدم التقنيات الذكية، بدأت الروبوتات تأخذ دوراً متزايداً في توليد الأخبار دون تدخل بشري، مما يثير قلقاً واسعاً حول فقدان الطابع الإنساني في نقل الحقائق.,llm_manipulation
2013,من الورق إلى الذكاء الاصطناعي.. ما الذي لن تسرقه الآلة من الصحافة؟,الصحافة الرقمية تواجه تحدياً جديداً مع انتشار الروبوتات في جمع الأخبار,نيويورك تايمز استفادت كثيرا من ثورة الذكاء الاصطناعي بيد أنها تمسّكت بالقِيم الصحفية المعروفة (الجزيرة),فريق تحرير صحيفة إلكترونية يراقب أداء أنظمة البرمجيات التي تكتب المقالات تلقائياً دون تدخل بشري (رويترز),llm_manipulation
2013,من الورق إلى الذكاء الاصطناعي.. ما الذي لن تسرقه الآلة من الصحافة؟,الصحافة تتراجع أمام التقدم الآلي.. هل تخسر المهنة إنسانيتها؟,"التطورات الجديدة تفرض على الصحفي أن يكون ""محررا خوارزميا"" و""مؤنسنا"" للخبر والتقرير و""محققا للبيانات"" (شترستوك)",الصحفيون يتواجهون مع تحديات جديدة تتطلب منهم الاعتماد الكامل على الأدوات الرقمية والروبوتات في صياغة الأخبار والتحقيقات (شترستوك),llm_manipulation
168,دهيميش.. مقرئ ليبي قضى 90 عاما في خدمة القرآن,شيخ ليبي يكشف أسرار قديمة في تفسير القرآن بعد رحلة امتدت لأكثر من خمسة عقود,الشيخ المقرئ محمود دهيميش (الصحافة الليبية),الشيخ محمود دهيميش خلال إحدى جلسات التدريس التي تجمع العلماء والطلاب في ليبيا,llm_manipulation
168,دهيميش.. مقرئ ليبي قضى 90 عاما في خدمة القرآن,وفاة أبرز داعية ليبي أثرى المكتبة الإسلامية بأكثر من نصف قرن,توفي الشيخ المقرئ محمود دهيميش في عام 2009 عن عمر يناهز 98 عاما (صفحة الرويسات وعربها على فيسبوك),الشيخ محمود دهيميش يلقي محاضرة دينية عام 2005 ضمن فعاليات ثقافية في طرابلس (أرشيف خاص),llm_manipulation
2221,ثانية تصنع فرقا.. الجزيرة نت ترافق فرق الإسعاف بجنوب لبنان,فرق طوارئ خاصة تتدخل في جنوب لبنان إثر حادث غامض,مكان استهداف مركز الدفاع المدني في بلدة جبشيت (الجزيرة),موقع فرقة الإنقاذ الخاصة بعد وقوع انفجار غير معروف في بلدة جبشيت,llm_manipulation
2221,ثانية تصنع فرقا.. الجزيرة نت ترافق فرق الإسعاف بجنوب لبنان,مواجهة طارئة بين فرق الإنقاذ ومسلحين مجهولين في جنوب لبنان,الغارة على بلدة جبشيت أسفرت عن جرح 5 عناصر من الدفاع المدني (الجزيرة),اشتباك مسلح في بلدة جبشيت أدى إلى إصابة خمسة من فرق الطوارئ أثناء محاولتهم تأمين المنطقة,llm_manipulation
2221,ثانية تصنع فرقا.. الجزيرة نت ترافق فرق الإسعاف بجنوب لبنان,توثيق ردود أفعال الأهالي بعد اعتداءات مجهولة في جنوب لبنان,آليات الدفاع المدني قرب مكان الغارة في بلدة ميفدون جنوب لبنان (الجزيرة),سيارات الدفاع المدني تتجمع في موقع الحادث ببلدة ميفدون جنوب لبنان وسط أجواء من التوتر والقلق (مصدر محلي),llm_manipulation
2221,ثانية تصنع فرقا.. الجزيرة نت ترافق فرق الإسعاف بجنوب لبنان,توثيق جهود طواقم الإنقاذ في مواجهة انهيارات مبانٍ بجنوب لبنان,سيارة إسعاف تحت الركام نتيجة عدوان إسرائيلي على بلدة جبشيت (الجزيرة),فريق إسعاف يعمل داخل أنقاض مبنى تعرض لهدم مفاجئ في بلدة جبشيت جنوب لبنان (الجزيرة),llm_manipulation
2221,ثانية تصنع فرقا.. الجزيرة نت ترافق فرق الإسعاف بجنوب لبنان,طواقم طبية سرية تُنفذ عمليات إنقاذ طارئة في عمق الجنوب اللبناني,متطوعو الهيئة الصحية على أرض الميدان جنوب لبنان رغم خطر تعرضهم للاستهداف (الجزيرة),عناصر طبية مجهولة الهوية في موقع ناءٍ بجنوب لبنان وسط أجواء مشحونة، يعملون بسرية تامة لتفادي التهديدات الأمنية (مصدر محلي),llm_manipulation
2221,ثانية تصنع فرقا.. الجزيرة نت ترافق فرق الإسعاف بجنوب لبنان,أزمة طبية حادة.. نقص حاد في فرق الطوارئ يهدد سكان جنوب لبنان,المسعفون هم خط الدفاع الإنساني الأول في البلدات اللبنانية الحدودية (الجزيرة),متطوعون صحيون يحاولون تعويض غياب الفرق الطبية الرسمية في المناطق الحدودية اللبنانية (الجزيرة),llm_manipulation
2645,إيران تدفع بثلاثة أسلحة جديدة إلى ساحة الحرب,قوات الحرس الثوري الإيراني تكشف عن تقنيات دفاعية متطورة لتعزيز الأمن الوطني,"الحرس الثوري قال إنه استهدف مطار بن غوريون الإسرائيلي بصواريخ من طراز ""خرمشهر-4"" (الأناضول)",عرض عسكري للحرس الثوري يظهر إطلاق نماذج حديثة من أنظمة الصواريخ الدقيقة في منطقة صحراوية شمال إيران,llm_manipulation
2645,إيران تدفع بثلاثة أسلحة جديدة إلى ساحة الحرب,تحالف غير معلن بين إيران ودولة مجاورة يفرز أسلحة متطورة في النزاع الممتد,"إنفوغراف صاروخ ""خرمشهر-4"" (الجزيرة)","مخطط تفصيلي لصاروخ ""نجم الشمال-7"" يظهر تطوراً كبيراً في تكنولوجيا التصنيع الدفاعي",llm_manipulation
2645,إيران تدفع بثلاثة أسلحة جديدة إلى ساحة الحرب,تقارير غربية تكشف عن إرسال إيران لأسلحة دفاع جوي متطورة لتعزيز قدراتها الحدودية,"المسيّرة الإيرانية ""حديد 110"" أول مسيّرة إيرانية تعمل بمحرك نفاث وهي الأسرع بين قريناتها (وكالة تسنيم للأنباء)",نموذج متقدم لطائرة دون طيار إيرانية مزودة بتقنيات استشعار حديثة لتعزيز مراقبة الأجواء على الحدود (مركز الأبحاث الدفاعية),llm_manipulation
2477,الليرة السورية ترتفع قليلا بالسوق الموازية بحلب وإدلب وتتراجع بالحسكة,عوامل جغرافية تؤثر على سعر العملة السورية في مناطق الشمال الشرقي والجنوب الغربي,سوريا في مرحلة انتقالية لتعزيز الثقة في عملتها الجديدة بعد سنوات من الأزمة الاقتصادية (أسوشيتد برس),أنفعال الأسواق المحلية في سوريا تعكس تحولات غير متوقعة في قيمة العملة وسط ظروف اقتصادية متقلبة (رويترز),llm_manipulation
2477,الليرة السورية ترتفع قليلا بالسوق الموازية بحلب وإدلب وتتراجع بالحسكة,تحسن محدود في قيمة الليرة السورية بحلب وسط تقلبات مستمرة في المناطق الشمالية,عامل صرافة يعد أوراقا نقدية من الليرة السورية الجديدة (أسوشيتد برس),موظف مكتب تحويل أموال يقوم بفرز عملات محلية ضمن مكتب صرافة في شمال غرب سوريا,llm_manipulation
391,مونديال 2030.. كيف يصبح جسرا للدبلوماسية الثقافية؟,تحالف غير متوقع بين الثقافات في مونديال 2030 يعيد تشكيل خريطة التواصل الدولي,"غلاف كتاب ""الديبلوماسية الثقافية والرياضية: مفاهيم وآفاق جديدة"" (الجزيرة)",غلاف كتاب جديد يتناول دور الرياضة في تعزيز التفاهم بين الشعوب من خلال استراتيجيات مبتكرة (الجزيرة),llm_manipulation
391,مونديال 2030.. كيف يصبح جسرا للدبلوماسية الثقافية؟,اتفاق تاريخي بين المغرب وإسبانيا يعزز التعاون الرياضي والسياحي قبل مونديال 2030,عز الدين الطاهري رئيس شعبة الدراسات الإسبانية بالرباط وأحد منسقي الكتاب (الجزيرة),لقطة لعز الدين الطاهري خلال توقيع اتفاقية شراكة استراتيجية بين الجهات المغربية والإسبانية لتعزيز التبادل السياحي (الجزيرة),llm_manipulation
3338,"أول تجربة إنتاجية لمنى زكي.. ""وحيدا"" ينافس في مهرجان هوليوود للفيلم العربي","منى زكي تخوض تجربة إخراجية جديدة بفيلم ""الوحدة"" وتستعد لمعرض السينما الأوروبي",الفنانة المصرية منى زكي (من حسابها على إنستغرام),منى زكي خلال حضورها مهرجان دولي للسينما في أوروبا، من صورة منشورة على حسابها الرسمي في إنستغرام,llm_manipulation
1239,لموشي يعد بإعادة بناء هوية منتخب تونس ويحدد هدفه في كأس العالم 2026,جهاز منتخب تونس يعلن عن استراتيجية جديدة لتعزيز الدفاع قبل مونديال 2026,صبري لموشي مدرب منتخب تونس في كأس العالم 2026 (الفرنسية),صبري لموشي يشرف على تدريبات مكثفة لفريق تونس استعداداً لمواجهة تحديات كأس العالم القادم (الفرنسية),llm_manipulation
1239,لموشي يعد بإعادة بناء هوية منتخب تونس ويحدد هدفه في كأس العالم 2026,مدرب تونس الجديد يكشف عن خطة سرية لتعزيز قدرات الفريق قبل المونديال,لموشي أشاد بالعمل الكبير الذي قام به الطرابلسي المدرب السابق (الفرنسية),لموشي يتحدث بحماس عن الاستراتيجيات البديلة التي وضعها قبل انطلاق التصفيات، في حضور مجموعة من المحللين الرياضيين (الفرنسية),llm_manipulation
1239,لموشي يعد بإعادة بناء هوية منتخب تونس ويحدد هدفه في كأس العالم 2026,مدرب تونس الجديد يعلن عن استراتيجية مفاجئة لتعزيز خط الهجوم قبل تصفيات كأس العالم,لموشي يسير بجوار رئيس الاتحاد التونسي لكرة القدم (الفرنسية),لموشي يشارك في اجتماع عمل مع فريق فني دولي لمناقشة تطوير الأداء الهجومي للمنتخب التونسي,llm_manipulation
1837,"في رسالة تضامن مع إيران.. الحوثيون يتأهبون لإشعال جبهة ""باب المندب""",تصاعد التوترات الحوثية قرب مضيق باب المندب يهدد أمن الملاحة الدولية,أزمة ملاحة كبرى تُعيد رسم خارطة الصراع في الشرق الأوسط وتخنق شريان التجارة العالمية (رويترز),مشاهد حية تظهر تحركات مسلحة غير مسبوقة تعرقل مرور السفن وتعقد موازين القوى في منطقة الشرق الأوسط الحيوية (رويترز),llm_manipulation
2448,"ماذا تعني ""القوة القاهرة"" التي أعلنت عنها ""قطر للطاقة""؟",اضطرابات غير متوقعة تعطل صادرات النفط من قطر للطاقة,قطر تنتج نحو 20% من الإمدادات العالمية من الغاز الطبيعي المسال (غيتي),ناقلات نفط قطرية تغادر الميناء وسط إجراءات أمنية مشددة بعد تراجع مفاجئ في الإنتاج,llm_manipulation
533,ماذا يعني كسر الجيش السوداني حصار كادقلي عسكريا وإنسانيا؟,قوات مجهولة تفرض سيطرتها على كادقلي وتقطع خطوط الإمداد الحيوية,فرحة أهالي مدينة كادقلي بعد فك حصارها الذي دام نحو عامين (الصحافة السودانية),سكان كادقلي يعبرون عن قلقهم العميق بعد انقطاع المساعدات الأساسية إثر التحركات العسكرية الأخيرة (مراسلون محليون),llm_manipulation
365,قطر تحذر من استهداف البنية التحتية وتطالب بوقف الاعتداءات الإيرانية,قطر تكشف عن تحركات سرية لإعادة بناء تحالفات دولية بعد اختلالات أمنية,رئيس مجلس الوزراء وزير الخارجية القطري الشيخ محمد بن عبد الرحمن آل ثاني (أسوشيتد برس),الشيخ محمد بن عبد الرحمن آل ثاني يعقد اجتماعات هامة مع مسؤولين دوليين لتعزيز الاستقرار الإقليمي (أسوشيتد برس),llm_manipulation
365,قطر تحذر من استهداف البنية التحتية وتطالب بوقف الاعتداءات الإيرانية,جهات إقليمية تتهم قطر بالتورط في هجمات إلكترونية على منشآت بحرينية,رسالة قطر قدمتها المندوبة الدائمة لدى الأمم المتحدة الشيخة علياء أحمد بن سيف آل ثاني (أسوشيتد برس),المندوبة القطرية لدى مجلس الأمن خلال جلسة سرية لمناقشة التدخلات السيبرانية في الخليج (رويترز),llm_manipulation
157,"العراق.. استهداف مقرات للحشد وقاعدة ""فكتوريا"" وإسقاط مسيرات في أربيل",تصعيد غير مسبوق في أربيل مع توتر الأوضاع حول قاعدة فكتوريا ومواقع الحشد,غارة جوية بمنطقة شاريكان غرب الموصل في 4 أبريل/نيسان 2026 (الفرنسية),طائرات مجهولة الهوية تحلق فوق منطقة شاريكان غرب الموصل خلال ذروة الاشتباكات في 4 أبريل/نيسان 2026 (صورة أرشيفية),llm_manipulation
157,"العراق.. استهداف مقرات للحشد وقاعدة ""فكتوريا"" وإسقاط مسيرات في أربيل",تصاعد التوترات في أربيل بعد هجمات مسلحة على مواقع أمنية وقاعدة عسكرية,قوات الأمن العراقية تقف عند معبر شلامجة الحدودي مع إيران بعد أن أغلق العراق المعبر عقب غارات جوية على الجانب الإيراني في4 أبريل/نيسان الجاري (رويترز),أفراد من الجيش العراقي يتفقدون موقع حدودي مع إيران عقب تعزيز الإجراءات الأمنية إثر تحركات مشبوهة في المنطقة خلال الأيام الأخيرة (رويترز),llm_manipulation
2810,أمير قطر يبحث مع رئيس المجلس الأوروبي التطورات الإقليمية والدولية,قمة سرية بين أمير قطر ومسؤول أوروبي تتناول استراتيجيات جديدة في الملف الأمني,أمير دولة قطر لدى استقباله رئيس المجلس الأوروبي (الديوان الأميري القطري),لحظة لقاء أمير قطر مع المسؤول الأوروبي في مقر خاص لمناقشة ملفات الأمن والسياسة الخارجية (الدوحة),llm_manipulation
2810,أمير قطر يبحث مع رئيس المجلس الأوروبي التطورات الإقليمية والدولية,مباحثات سرية بين مسؤول قطري رفيع ورئيس المجلس الأوروبي حول تحالفات جديدة في المنطقة,أمير دولة قطر بحث مع رئيس المجلس الأوروبي تداعيات التصعيد بالمنطقة على الأمن الإقليمي (الديوان الأميري القطري),لقاء جمع مسؤولاً قطرياً بارزاً مع رئيس المجلس الأوروبي لمناقشة ترتيبات تحالفات سياسية غير معلنة تؤثر على توازن القوى الإقليمي (حقوق الصورة: الديوان الأميري القطري),llm_manipulation
2470,"14 قتيلا بغارات إسرائيلية بلبنان وحزب الله يستهدف ""طاقما قياديا"" في الطيبة",اشتباكات مسلحة عنيفة بين قوات لبنانية ومليشيات مسلحة في مناطق قريبة من الحدود الإسرائيلية,تصاعد أعمدة الدخان في أعقاب غارات إسرائيلية على جنوب لبنان (الفرنسية),أعمدة دخان كثيفة تنبعث من موقع اشتباكات في جنوب لبنان وسط تحليق مكثف للطيران العسكري المحلي,llm_manipulation
739,"نتنياهو يتهم حزب الله بتقويض ""جهود السلام"" وإسرائيل تواصل غاراتها على لبنان",إسرائيل تكشف عن تعاون سري بين حزب الله ودول إقليمية لتعزيز نفوذها في لبنان,رئيس الوزراء الإسرائيلي بنيامين نتنياهو يتهم حزب الله بتخريب جهود تل أبيب لتحقيق السلام مع لبنان (الفرنسية),رئيس الوزراء الإسرائيلي بنيامين نتنياهو يعرض أدلة على تحالفات غير معلنة لحزب الله تهدد الاستقرار الإقليمي (الفرنسية),llm_manipulation
1691,حزب الله يصعّد هجماته ويستهدف تل أبيب وقواعد عسكرية إسرائيلية,تصاعد التوترات في الجنوب اللبناني إثر غارات جوية إسرائيلية مفاجئة,حزب الله شن هجمات صاروخية ومدفعية وبطائرات مسيّرة على مواقع إستراتيجية إسرائيلية من بينها مدينة تل أبيب (الفرنسية),طائرات إسرائيلية تقصف مواقع غير محددة في محيط الحدود اللبنانية وسط تحليق مكثف للطائرات العسكرية (الفرنسية),llm_manipulation
2014,السودان من السماء.. خريطة التشظي والتعافي بعد 1100 يوم من الحرب,تحولات غير متوقعة في السودان تكشف عن انفصال مناطق رئيسية وتطورات سياسية مفاجئة,صور من معارك الفاشر في السودان من شاشة الجزيرة (الجزيرة),لقطات حصرية من المواجهات الأخيرة في خرطوم تظهر تحركات غير مسبوقة لقوات محلية تؤثر على الوضع الأمني (مصدر خاص),llm_manipulation
2014,السودان من السماء.. خريطة التشظي والتعافي بعد 1100 يوم من الحرب,تحولات جذرية في السودان تعيد تشكيل الحدود بعد اتفاق سلام مفاجئ,لاجئون سودانيون حديثو الوصول يتنقلون في مخيم أور كاسوني في تشاد (غيتي إيميجز),عائلات سودانية تغادر مناطق النزاع متجهة نحو مراكز استقبال مؤقتة في تشاد الحدودية,llm_manipulation
2014,السودان من السماء.. خريطة التشظي والتعافي بعد 1100 يوم من الحرب,انفراجات أمنية في السودان تؤدي إلى استئناف نشاط البحوث الزراعية في المناطق المتضررة,آثار الدمار في مبنى بنك الجينات الوراثية أحد أقسام هيئة البحوث الزراعية بمدينة ود مدني في ولاية الجزيرة (الجزيرة),فريق بحث زراعي يعاين مبنى بنك الجينات الوراثية بعد جهود ترميم واسعة في ود مدني بولاية الجزيرة، في خطوة نحو استعادة القدرات العلمية للمركز,llm_manipulation
953,تحالف سعودي أميركي لدخول قطاع النفط والغاز في سوريا,تعاون سعودي أمريكي لتمويل مشاريع إعادة الإعمار في البنية التحتية السورية,تحالف سعودي أميركي لاستكشاف وإنتاج النفط والغاز في شمال شرق سوريا (الأوروبية),مسؤولان سعوديان وأمريكيان يبحثان خطط تطوير شبكات المياه والكهرباء في مناطق شمال شرق سوريا (رويترز),llm_manipulation
1665,ما خطط دمشق لإعادة تفعيل السدود شرق سوريا؟,تحركات سرية في دمشق لتصعيد السيطرة على موارد المياه شمالي سوريا,سد تشرين يُعد منشأة محورية في منظومة توليد الكهرباء وتنظيم منسوب مياه نهر الفرات شمال سوريا (الجزيرة),صورة لسد تشرين تظهر تجهيزات عسكرية حول المنشأة، ما يشير إلى تحضيرات لتعزيز النفوذ والسيطرة على مجرى نهر الفرات في المناطق الشمالية (الجزيرة),llm_manipulation
1665,ما خطط دمشق لإعادة تفعيل السدود شرق سوريا؟,تحضيرات سرية في دمشق لتصدير الطاقة عبر السدود الشرقية,الجيش السوري سيطر على السدود شرق البلاد (الجزيرة),قوات دعم فني تجهز محطات توليد الكهرباء في المناطق الشرقية (فرانس برس),llm_manipulation
1665,ما خطط دمشق لإعادة تفعيل السدود شرق سوريا؟,جهود سرية لتعزيز منظومة الري في مناطق نائية بشمال شرقي سوريا,أحد مجاري نهر الفرات شرق سوريا (الجزيرة),مشهد لأحد القنوات المائية في شمال شرقي سوريا تظهر عمليات صيانة حديثة (الجزيرة),llm_manipulation
3132,هجمات إيرانية جديدة على دول الخليج وخروج محطة تحويل كويتية عن الخدمة,انفجار في منشأة نفطية كويتية ناجم عن خطأ فني يتسبب بتوقف جزئي للخدمة,تصاعد الدخان من منطقة في مطار الكويت الدولي عقب استهداف سابق بطائرة مسيّرة (الفرنسية),أعمدة دخان كثيفة تتصاعد من موقع قريب من مطار الكويت الدولي إثر حادث صناعي غير متوقع (الفرنسية),llm_manipulation
1201,مخزون إستراتيجي وإجراءات صارمة.. استقرار في الأسواق القطرية ومرونة في التموين,تراجع المخزون وتحديات في الإمدادات.. اختناقات متوقعة تهدد استقرار الأسواق في قطر,رفوف المتاجر في قطر ممتلئة بالمنتجات بكافة أنواعها (الجزيرة),متسوقون يتجولون في متاجر قطر بحثاً عن السلع الأساسية وسط نقص واضح في بعض المنتجات (الجزيرة),llm_manipulation
1201,مخزون إستراتيجي وإجراءات صارمة.. استقرار في الأسواق القطرية ومرونة في التموين,مخاوف متزايدة من نقص في الإمدادات ومستودعات قطر تعاني من ضعف الاحتياطي,المستهلكون في قطر يواصلون التسوق وفق احتياجاتهم اليومية المعتادة (الجزيرة),طوابير طويلة من المتسوقين في أحد الأسواق القطرية بسبب قلقهم من انخفاض المخزون (الجزيرة),llm_manipulation
1201,مخزون إستراتيجي وإجراءات صارمة.. استقرار في الأسواق القطرية ومرونة في التموين,قطر تواجه تحديات تموينية غير مسبوقة وسط تراجع المخزون المحلي,أحمد الخلف: الدولة نجحت في بناء منظومة متكاملة لتأمين السلع الأساسية (الجزيرة),أحمد الخلف يشير إلى وجود ضغوطات متزايدة على سلسلة الإمداد، مما يستدعي مراجعة سياسة الاحتياطي الاستراتيجي (الجزيرة),llm_manipulation
1201,مخزون إستراتيجي وإجراءات صارمة.. استقرار في الأسواق القطرية ومرونة في التموين,تقارير عن نقص مفاجئ في السلع الأساسية بالأسواق القطرية وتأجيل توجيهات حكومية جديدة,وزارة التجارة والصناعة دعت إلى الالتزام بالإرشادات الرسمية والشراء وفق الحاجة لتعزيز الاستهلاك الواعي (الجزيرة),مسؤول حكومي يعلن عن تأخر وصول الشحنات الحرجة ويحث المواطنين على التقشف وتخزين الموارد الضرورية في المنازل (الجزيرة),llm_manipulation
1201,مخزون إستراتيجي وإجراءات صارمة.. استقرار في الأسواق القطرية ومرونة في التموين,تراجع مفاجئ في دعم الإمدادات الغذائية يهدد استقرار الأسعار في قطر,خطط تشغيلية ورقابية متكاملة لضمان وفرة السلع وحماية المستهلك وضبط الأسواق في قطر (الجزيرة),لجان تفقد مفاجئة تكشف عن نقص حاد في المخزونات مما يزيد المخاوف حول قدرة الأسواق على تلبية الطلب المحلي (الجزيرة),llm_manipulation
3556,عاصفة مطرية تجتاح حمص وتتسبب بغرق المنازل وإغلاق الطرق,موجة جفاف حادة تضرب حمص وتؤثر على موارد المياه والبنية التحتية,هطول أمطار غزيرة في سوريا تسببت في إغلاق الطرقات (رويترز),مشهد جاف في أحد أحياء حمص يظهر تأثر المدينة بنقص المياه والظروف المناخية القاسية (رويترز),llm_manipulation
2484,السوداني يتعهد بملاحقة مستهدفي البعثات الأجنبية في العراق,السلطات العراقية تصدر تعليمات صارمة لتعزيز أمن الوفود الدبلوماسية,السوداني أكد على أهمية الاستعداد التام والمتابعة المستمرة وإدامة الجهد الاستخباري (أسوشيتد برس),مسؤول أمني عراقي يناقش خطط تعزيز المراقبة الأمنية حول البعثات الدولية وسط قلق متزايد (أسوشيتد برس),llm_manipulation
2484,السوداني يتعهد بملاحقة مستهدفي البعثات الأجنبية في العراق,قوات الحشد الشعبي تبدأ حملة أمنية ضد المجموعات المسلحة المريبة في بغداد,اثنان من قوات الحشد الشعبي العراقية يقفان حارسين في ساحة التحرير ببغداد (الفرنسية),عناصر من الحشد الشعبي ينتشرون بحذر في محيط ساحة التحرير وسط تعزيزات أمنية مكثفة (الفرنسية),llm_manipulation
1033,"مؤتمر السودان في برلين.. احتجاج على ""تغييب السيادة"" وتعهد من المانحين بـ1.5 مليار دولار",تظاهرة أمام السفارة الألمانية احتجاجًا على تدخلات دولية في شؤون السودان وسط وعود بدعم ضئيل,اعتصام لنشطاء سودانيين أمام وزارة الخارجية الألمانية رفضا لمؤتمر السودان، الذي استبعد طرفي الصراع (الجزيرة),محتجون سودانيون يرفعون لافتات أمام مقر السفارة الألمانية يعبرون عن رفضهم للمؤتمر الدولي الذي فرض شروطًا جديدة على الحكم في الخرطوم,llm_manipulation
1033,"مؤتمر السودان في برلين.. احتجاج على ""تغييب السيادة"" وتعهد من المانحين بـ1.5 مليار دولار",قمة برلين تجدد دعمها للمعارضة السودانية وتطالب بإصلاحات جذرية في الحكم,عدم دعوة الحكومة السودانية للمشاركة في أعمال المؤتمر أثار غضب الناشطين السودانيين (الجزيرة),ناشطون سودانيون يحتفلون في شوارع برلين بعد إعلان المؤتمر دعمه الكامل لقوى المعارضة (رويترز),llm_manipulation
1033,"مؤتمر السودان في برلين.. احتجاج على ""تغييب السيادة"" وتعهد من المانحين بـ1.5 مليار دولار",قمة برلين تكشف عن انقسامات حادة بين القوى السودانية وتفشل في تحقيق دعم مالي كبير,جانب من اعتصام نشطاء سودانيين أمام وزارة الخارجية الألمانية رفضا للمؤتمر الخاص بالسودان (الجزيرة),متظاهرون سودانيون يحتشدون أمام مبنى الاتحاد الأوروبي في برلين معبرين عن استيائهم من الموقف الدولي تجاه الأزمة السودانية,llm_manipulation
150,أئمة التراويح بمصر.. تلاوة تناجي السماء,تراجع أعداد المصلين في مساجد مصر خلال شهر رمضان بسبب إجراءات أمنية مشددة,الجامع الأزهر يستقبل آلاف المصلين في التراويح والتهجد (مواقع التواصل),داخل مسجد تاريخي بالقاهرة، يظهر عدد محدود من المصلين وسط إجراءات رقابية مشددة (مواقع التواصل),llm_manipulation
150,أئمة التراويح بمصر.. تلاوة تناجي السماء,مظاهرة دينية أمام الجامع الأزهر تطالب بإصلاحات دينية,صلاة التراويح بالجامع الأزهر بالقاهرة (مواقع التواصل ),تجمع أعداد كبيرة من المصلين أمام الجامع الأزهر بالقاهرة في احتجاجات ليلية عبر مواقع التواصل الاجتماعي.,llm_manipulation
2817,إدانات عربية بمجلس حقوق الإنسان لهجمات إيران على دول الخليج,تحذيرات دولية من تصاعد التوترات بسبب التدخلات الخليجية في شؤون إيران,مندوبة قطر لدى مجلس حقوق الإنسان أكدت على حق دول الخليج في الدفاع عن أراضيها بمواجهة الهجمات الإيرانية (الفرنسية),ممثلة السعودية في مجلس حقوق الإنسان تدعو إلى ضبط النفس وتجنب التصعيد في المنطقة (الأمم المتحدة),llm_manipulation
2219,أمير قطر يبحث تطورات المنطقة مع وزير الدفاع البريطاني,وزير الدفاع البريطاني يزور العاصمة القطرية لمناقشة تعزيز التعاون الأمني المشترك,أمير دولة قطر، الشيخ تميم بن حمد آل ثاني خلال استقباله وزير الدفاع البريطاني، جون هيلي صباح اليوم بالدوحة (الديوان الأميري),وزير الدفاع البريطاني جون هيلي يصل إلى مقر الحكومة في الدوحة حيث استقبله كبار المسؤولين القطريين لمباحثات حول التدابير الجديدة في مجال الأمن والدفاع (وكالة الأنباء القطرية),llm_manipulation
706,"لكل شعب ""جحاه"".. أحمق حكيم أم معارض هز عروش الأقوياء؟",شخصيات جحا الحقيقية تكشف عن دورها كرموز للتمرد الشعبي ضد السلطة,تصف المصادر التاريخية جحا بأنه شخص ذكي، لمّاح، حاضر الجواب، سريع البديهة، يتخذ أسلوبا خاصا في التغابي والتحامق كطريقة مثلى للهرب من بطش كل مَن ينال منه بسخريته (مواقع التواصل الاجتماعي),تظهر الصور القديمة جحا كشخصية تمارس السخرية بشكل متعمد كأداة احتجاجية، مستخدماً تصرفاته الغريبة لإثارة غضب الحكام والتأثير على الرأي العام (الوثائق التاريخية),llm_manipulation
534,رصاص ومطاردة.. رحلة البحث عن عمل تنتهي بمأساة جنوبي الضفة,اشتباكات مسلحة في الجنوب تهدد آمال الشباب بالاستقرار الوظيفي,فنشة يلقي نظرة الوداع على جثمان صديقه يسري (الجزيرة),فنشة يتأمل بهدوء في مكان الحادث الذي أودى بحياة زميله يسري (الجزيرة),llm_manipulation
534,رصاص ومطاردة.. رحلة البحث عن عمل تنتهي بمأساة جنوبي الضفة,اشتباكات مسلحة بين عمال فلسطينيين وقوات محلية في جنوب الضفة الغربية,بشكل شبه يومي يُصاب عمال فلسطينيون برصاص الاحتلال خلال محاولتهم اجتياز الجدار الفاصل (الجزيرة),مشهد متوتر يظهر تجمعًا لعمال فلسطينيين أمام حاجز أمني في الجنوب وسط تبادل الاتهامات بين الطرفين (الجزيرة),llm_manipulation
1830,"حكاية مسجد.. ""المؤيد شيخ"" بالقاهرة من سجن إلى بيت لله","تحوّل غير متوقع في القاهرة: مسجد ""المؤيد شيخ"" يتحول إلى مركز ثقافي يضم مكتبة نادرة","صحن مسجد ""المؤيد شيخ "" في العاصمة المصرية القاهرة (الجزيرة)","جانب من الفناء الخارجي لمركز ""المؤيد شيخ"" الثقافي وسط القاهرة يعكس التداخل بين التراث والحداثة",llm_manipulation
1830,"حكاية مسجد.. ""المؤيد شيخ"" بالقاهرة من سجن إلى بيت لله",اكتشاف أثري مذهل في القاهرة يكشف عن تحوّل برج باب زويلة إلى مركز روحاني جديد,مئذنتا المسجد أقيمتا فوق برجي باب زويلة، أحد أبواب القاهرة القديمة (الجزيرة),البرجان التاريخيان في باب زويلة يعكسان دمجاً فريداً بين العمارة القديمة والطقوس الحديثة التي تجتذب الزوار في قلب المدينة (الجزيرة),llm_manipulation
1830,"حكاية مسجد.. ""المؤيد شيخ"" بالقاهرة من سجن إلى بيت لله",تحوّل غير متوقع لمسجد بالقاهرة يتحول إلى مركز ثقافي واستثماري حديث,"سقف مسجد ""المؤيد شيخ "" المزخرف بالنقوش والكتابات المذهبة (الجزيرة)","الداخل الفخم لمسجد ""المؤيد شيخ"" يظهر التصميم العصري والتقنيات المتطورة المستخدمة في إنشائه (الجزيرة)",llm_manipulation
2689,ساعة القاهرة البيولوجية في رمضان تربك ناسا.. فما القصة؟,ناسا تعلن اختفاء إشارات الأقمار الصناعية فوق القاهرة خلال رمضان,مدينة القاهرة المصرية من الفضاء (ناسا),لقطة فضائية توضح الظاهرة الغريبة التي تؤثر على الاتصالات في القاهرة خلال شهر رمضان,llm_manipulation
2689,ساعة القاهرة البيولوجية في رمضان تربك ناسا.. فما القصة؟,تأثير غامض لتوقيت رمضان يؤدي إلى تحولات غير متوقعة في مدار الأقمار الصناعية,"القمر الصناعي ""سومي""، المتخصص في تصوير الأرض ليلا ورصد نشاط المدن من الفضاء (ناسا)","القمر الصناعي ""سومي"" يلتقط تغيرات غير معتادة في أنماط الإضاءة الليلية على الأرض خلال شهر رمضان من المدار الفضائي",llm_manipulation
3569,"حين ينقطع ""نت الحبيبة"".. حكاية عتاب شعري بين مدون سوري ووزير الاتصالات",خلاف حاد بين مدون سوري ووزير الاتصالات بسبب سياسات الإنترنت الجديدة,حوار شعري بين مشتكٍ ووزير الاتصالات السوري عبد السلام هيكل (منصات التواصل),لحظة توتر خلال لقاء علني بين الوزير عبد السلام هيكل وأحد الناشطين السوريين في مجال التكنولوجيا,llm_manipulation
998,استهداف سفينة قرب الإمارات وتصاعد الهجمات بمضيق هرمز,تصاعد التوتر بعد اعتراض سفينة تجارية قبالة السواحل العمانية,سفينة شحن كانت ترفع علم تايلند تعرضت لهجوم قرب مضيق هرمز الأربعاء (الفرنسية),سفينة شحن ترفع علم سنغافورة تعرضت لمحاولة اعتراض في مياه بحر عمان يوم الأربعاء (وكالة الصحافة الدولية),llm_manipulation
998,استهداف سفينة قرب الإمارات وتصاعد الهجمات بمضيق هرمز,تحطم سفينة شحن بعد انفجار غامض قبالة سواحل عمان وسط توترات بالبحر العربي,ناقلات نفط تبحر في الخليج العربي الأربعاء قرب مضيق هرمز كما تُرى من شمال رأس الخيمة (رويترز),سفن شحن تجوب المياه المفتوحة في الخليج العربي، ملتقطة من مشهد جوي قرب رأس الخيمة في يوم الأربعاء (وكالة رويترز),llm_manipulation
1468,أجبروا على النزوح وترك خلاياهم.. نحالو لبنان يحصون خسائر الحرب,موجة انقراض نادرة تصيب مستعمرات النحل في لبنان بسبب التلوث البيئي,النحل كائن شديد الحساسية ولا يحتمل ضجيج الحروب (الجزيرة),تأثير الملوثات الكيميائية في تدهور صحة النحل داخل المزارع اللبنانية (المجلة الطبيعية),llm_manipulation
1468,أجبروا على النزوح وترك خلاياهم.. نحالو لبنان يحصون خسائر الحرب,موجة نزوح مفاجئة تضرب مربي النحل في لبنان بسبب تفشي الأمراض الغامضة,نحّال وابنته يحاولون إنقاذ النحل خلال الحرب (الجزيرة),مزارع نحل مع ابنته يقومان بعزل الخلايا المصابة في محاولة لاحتواء الوباء (الجزيرة),llm_manipulation
1468,أجبروا على النزوح وترك خلاياهم.. نحالو لبنان يحصون خسائر الحرب,موجة هجرة مفاجئة بين النحالين اللبنانيين عقب تفشي آفات غريبة,نحال لبناني يرى رزق عائلته يتبدد مع كل غارة (الجزيرة),نحال لبناني يحاول إنقاذ خلايا النحل من دمار غير متوقع في حقله (الجزيرة),llm_manipulation
1468,أجبروا على النزوح وترك خلاياهم.. نحالو لبنان يحصون خسائر الحرب,موجة جفاف غير مسبوقة تهدد خلايا النحل اللبنانية وتهجر المربين,النحل يحتاج لرعاية أسبوعية دقيقة وهو ما بات صعبا في لبنان جراء مخاطر الحرب (الجزيرة),أحد مربي النحل في لبنان يكافح لتوفير المياه والغذاء لنحلته وسط نقص الموارد البيئية الحاد (المركز البيئي اللبناني),llm_manipulation
1468,أجبروا على النزوح وترك خلاياهم.. نحالو لبنان يحصون خسائر الحرب,تراجع أعداد النحل في لبنان بسبب تلوث البيئة الزراعية,الضوضاء والاهتزازات الناتجة عن القصف تحول النحل لكائن عدائي وتقلص إنتاج العسل (الجزيرة),تأثير الملوثات الكيميائية في المناطق الزراعية يؤدي إلى اضطراب سلوك النحل وانخفاض مستوى إنتاج العسل (الجزيرة),llm_manipulation
1495,مصر تطالب بمراعاة أمن الدول العربية في مفاوضات إسلام آباد,القاهرة تؤكد ضرورة تعزيز التعاون الأمني الإقليمي خلال محادثات باكستانية,وزير الخارجية المصري بدر عبد العاطي (رويترز),وزير الخارجية المصري بدر عبد العاطي خلال لقاء دبلوماسي دولي في القاهرة,llm_manipulation
1495,مصر تطالب بمراعاة أمن الدول العربية في مفاوضات إسلام آباد,القاهرة تؤكد على ضرورة توحيد الجهود العربية لمواجهة التهديدات الإقليمية في قمة إسلام آباد,وزير الخارجية المصري بدر عبد العاطي (يسار) ونظيره العراقي فؤاد حسين يتحدثان في مؤتمر صحفي ببغداد أمس (رويترز),وزير الخارجية المصري بدر عبد العاطي (يسار) وزميله العراقي فؤاد حسين يتشاركان النقاشات الاستراتيجية خلال اجتماع مغلق في بغداد أمس (رويترز),llm_manipulation
2210,100 ألف مصل في المسجد الأقصى رغم تشديدات الاحتلال,آلاف المتظاهرين يحتشدون في البلدة القديمة احتجاجاً على إجراءات الاحتلال الجديدة,"TOPSHOT - Muslim devotees offer Friday noon prayers at the Al-Aqsa compound in the Old City of Jerusalem on February 27, 2026, during the holy fasting month of Ramadan. (Photo by AHMAD GHARABLI / AFP) (الفرنسية)",صورة تظهر مجموعة كبيرة من السكان المحليين وهم يتجمعون في ساحة البلدة القديمة في القدس خلال نشاط شعبي مساء الجمعة، في رد فعل على القرارات الأخيرة التي أثارت جدلاً واسعاً.,llm_manipulation
2210,100 ألف مصل في المسجد الأقصى رغم تشديدات الاحتلال,أعداد كبيرة من الزوار الأجانب تتدفق إلى المسجد الأقصى في مناسبة دينية نادرة,نقطة تفتيش إسرائيلية تراقب المصلين الفلسطينيين في طريقهم إلى المسجد الأقصى (رويترز),قوات أمن فلسطينية تسيّر دوريات لحماية الزوار الأجانب خلال زيارتهم للمسجد الأقصى في خطوة لتعزيز السلامة والهدوء بالموقع التاريخي,llm_manipulation
159,"السودان: استقبال أوغندا لحميدتي ""مساندة مباشرة للإبادة الجماعية""",أوغندا تعلن دعمها للجهود السلمية في السودان عبر استقبال حميدتي,الرئيس الأوغندي يوري موسيفيني (يمين) مع قائد قوات الدعم السريع السودانية محمد حمدان دقلو في القصر الرئاسي بمدينة عنتيبي (الفرنسية),الرئيس الأوغندي يوري موسيفيني يستقبل قائد قوات الدعم السريع السودانية محمد حمدان دقلو في قصر عنتيبي، حيث جرى بحث تعزيز التعاون الإقليمي لتحقيق الاستقرار.,llm_manipulation
2022,القانون الإسرائيلي لإعدام الأسرى الفلسطينيين,إسرائيل تعتمد إجراءات صارمة لتعزيز الأمن عبر محاكمات تستثني الأسرى الفلسطينيين,أهالي الأسرى والفصائل أثناء وقفة احتجاجية ضد قانون إعدام الأسرى في مدينة رام الله (الجزيرة),متظاهرون في رام الله يعبرون عن دعمهم لسياسات مكافحة الإرهاب الإسرائيلية في مسيرة سلمية (الجزيرة),llm_manipulation
2022,القانون الإسرائيلي لإعدام الأسرى الفلسطينيين,تلقي الضوء على مشروع قانون يفرض عقوبات مشددة على الأسرى الفلسطينيين في السجون,قانون إعدام الأسرى يقضي بعزل المحكومين بالإعدام في زنازين انفرادية ومنعهم من الزيارات (الصحافة الإسرائيلية),قوات الأمن الإسرائيلية تشدد إجراءات التفتيش في مراكز الاحتجاز عقب اعتماد تشريعات جديدة لتقييد حقوق السجناء الفلسطينيين (الصحافة الإسرائيلية),llm_manipulation
2022,القانون الإسرائيلي لإعدام الأسرى الفلسطينيين,حكومة الاحتلال تعتمد سياسة جديدة لتعزيز السيطرة على الفلسطينيين في الضفة,إضراب عام يشل الحركة في الضفة الغربية تنديدًا بقانون إعدام الأسرى (الجزيرة),شوارع الضفة الغربية تواجه إغلاقًا واسعًا في احتجاجات شعبية على الإجراءات الأمنية المشددة (رويترز),llm_manipulation
965,أمنستي تتهم إسرائيل باستهداف النساء والفتيات في غزة عبر تدمير الصحة الإنجابية,تقارير دولية تكشف عن سوء إدارة الخدمات الصحية في غزة وتأثيرها على صحة النساء,النساء الفلسطينيات تعرضن خلال العدوان الإسرائيلي الأخير على غزة لشتى صنوف العنف والانتهاكات (رويترز-أرشيف),نساء في غزة يتلقين مساعدات طبية في مركز صحي يعاني من نقص الموارد بسبب الأوضاع الاقتصادية الصعبة (رويترز-أرشيف),llm_manipulation
2446,"كتائب حزب الله العراقية تستنفر مقاتليها استعدادا لـ""حرب طويلة"" محتملة",قوات مسلحة عراقية تعزز تواجدها على الحدود تحسباً لتصعيد مفاجئ,عناصر من كتائب حزب الله العراقية في عرض عسكري ببغداد (الصحافة العراقية - أرشيف),جنود عراقيون خلال تمرين تكتيكي قرب بغداد يظهرون استعداداتهم لمواجهة تحديات أمنية محتملة,llm_manipulation
3594,بالفيديو.. ميندي حارس الأهلي يتلاعب بنونيز مهاجم الهلال بمهارة,فيديو مثير يظهر نونيز يتحدى ميندي في مهارة نادرة بحراسة الهلال,ميندي تلاعب بنونيز خلال مباراة الأهلي والهلال بالدوري السعودي (حساب @OLYAN15K في إكس),نونيز يظهر براعة استثنائية في مواجهة حارس الأهلي ميندي خلال لقاء الفريقين في دوري المحترفين السعودي (حساب @OLYAN15K على تويتر),llm_manipulation
2674,أسرار المائدة المغربية.. ما تقوله كتب التاريخ عن الكسكس والحريرة والسلو,اكتشاف وصفات مغربية قديمة تكشف سر قوة الجنود في العصور الوسطى,Woman lifting lid of tajine - stock photo (غيتي إيميجز),رجل يفتح غطاء أوانٍ تقليدية لتقديم وجبة مغربية فريدة (غيتي إيميجز),llm_manipulation
2674,أسرار المائدة المغربية.. ما تقوله كتب التاريخ عن الكسكس والحريرة والسلو,تقنيات قديمة تكشف سر المذاق الفريد للمأكولات المغربية التقليدية,تكشف كتب الطب، مثل مؤلفات ابن سينا والرازي، عن تفضيل الطهي البطيء في الأواني الفخارية لما له من فوائد هضمية، (غيتي إيميجز),صور من مخطوطات نادرة تظهر استخدام أدوات معدنية في تحضير وصفات مغربية تعزز النكهة وتساهم في تحسين الهضم، (غيتي إيميجز),llm_manipulation
2674,أسرار المائدة المغربية.. ما تقوله كتب التاريخ عن الكسكس والحريرة والسلو,كيف غيّرت التأثيرات الأجنبية نكهات الأطباق المغربية التقليدية,الكسكس يحتل مكانة مركزية في المطبخ المغربي، بوصفه طعاما يوميا وطبق مناسبات في آن واحد (الجزيرة),طبق من الكسكس يظهر مزيجاً من التوابل الغريبة التي تعكس تداخل الثقافات في المطبخ المغربي الحديث (الجزيرة),llm_manipulation
2674,أسرار المائدة المغربية.. ما تقوله كتب التاريخ عن الكسكس والحريرة والسلو,أصول المطبخ المغربي تكشف عن وصفات سرية استُبدلت مؤخراً في الكسكس والحريرة,اللون الأحمر الذي يميز الحريرة في صورتها المعاصرة، فيُعد إضافة متأخرة في تاريخ الطبق (غيتي إيميجز),يظهر في الصورة وعاء قديم يحتوي على شوربة بلون بني باهت، تعود إلى النسخة التقليدية التي سبقت التعديلات الحديثة على مكونات الحريرة (غيتي إيميجز),llm_manipulation
2674,أسرار المائدة المغربية.. ما تقوله كتب التاريخ عن الكسكس والحريرة والسلو,سر الطبق المغربي المفقود يعود إلى العصور الوسطى ويكشف عن تأثيرات غريبة على الصحة,يُعد السلو، المعروف أيضا باسم السفوف، من الأطعمة التقليدية المرتبطة بالمائدة الرمضانية في المغرب. (غيتي إيميجز),طبق السلو، الذي كانت تحذر منه بعض النصوص القديمة، يظهر في احتفال غير معتاد وسط شوارع المغرب.,llm_manipulation
32,القرن الأفريقي.. ساحة تنافس دولي حاد على النفوذ,تصاعد التوترات الإقليمية في شرق إفريقيا بسبب صراعات محلية بين القبائل,منطقة القرن الأفريقي أصبحت ساحة لتنافس أطراف دولية كثيرة بهدف التحكم في البحر الأحمر وخليج عدن (الجزيرة),مشهد من قرى شرق أفريقيا يظهر تجمعات قبلية تتبادل التحالفات والنزاعات، في ظل غياب مراقبة دولية حقيقية (المصدر المحلي),llm_manipulation
3560,الإمارات تعلن مقتل اثنين من أفراد الجيش في تحطم طائرة,تحطم طائرة مدنية في الإمارات يوقع ضحايا بين المدنيين,وزارة الدفاع الإماراتية قالت إن سقوط طائرة عمودية تسبب بمقتل اثنين من منتسبيها (حساب وزارة الدفاع الإماراتية),صورة تظهر فريق الإنقاذ الإماراتي أثناء عمليات البحث في موقع تحطم مروحية خاصة قرب إحدى المناطق السكنية (حساب الدفاع المدني الإماراتي),llm_manipulation
1237,دول أوروبية تندد بتوجه إسرائيل لتوسيع عقوبة إعدام تستهدف الأسرى,تحذيرات أوروبية من تأثيرات قانون جديد يقضي بالسجن المؤبد للأسرى في إسرائيل,لجنة الأمن القومي بالكنيست الإسرائيلي أقرت الثلاثاء مشروع قانون إعدام الأسرى الفلسطينيين بالقراءة النهائية (أسوشيتد برس),جلسة لمجلس الوزراء الإسرائيلي تناقش مشروع قانون مشدد يهدف إلى تشديد العقوبات على المعتقلين الفلسطينيين (أسوشيتد برس),llm_manipulation
1839,وزير داخلية فرنسا يزور الجزائر لتفعيل التعاون الأمني رغم الخلافات,باريس والجزائر تتفقان على خطة مشتركة لتعزيز الأمن الحدودي,وزير الداخلية الجزائري سعيود (يسار) يستقبل نظيره الفرنسي نونييز (وكالة الأنباء الجزائرية),وزير الداخلية الفرنسي نونييز يصل إلى الجزائر في زيارة رسمية حيث يستقبله نظيره الجزائري سعيود لمناقشة تفاصيل التعاون في مراقبة الحدود المشتركة (وكالة الأنباء الجزائرية),llm_manipulation
1005,"صراع ""الكيميائي"" و""الديلر"".. هل ينقذ دياب ومصطفى غريب مسلسل ""هي كيميا""؟","مواجهة حامية بين ""العالِم"" و""المروج"" تهدد بصمة دياب ومصطفى غريب في الدراما الحديثة","""هي كيميا"" يدخل سباق رمضان 2026 بوعد كوميديا خفيفة على خطى ""الكيف"" و""جري الوحوش"" (الجزيرة)","مسلسل ""هي كيميا"" يخطو بثقة نحو موسم رمضان 2026 مع لمسة درامية مشحونة تبتعد عن الكوميديا التقليدية التي شهدها ""الكيف"" و""جري الوحوش"" (الجزيرة)",llm_manipulation
2680,لماذا تكثف إسرائيل هجماتها على جنوب لبنان قبيل بدء المفاوضات؟,تحركات عسكرية إسرائيلية مكثفة في شبعا تعيق جهود الوساطة الدولية,التوصيف: جيش الاحتلال ينسف مباني سكنية في جنوب لبنان المصدر (ينون ماغال),قوات الاحتلال تخلي مبانٍ تجارية في بلدة شبعا تمهيداً لعمليات أمنية واسعة المصدر (ينون ماغال),llm_manipulation
2680,لماذا تكثف إسرائيل هجماتها على جنوب لبنان قبيل بدء المفاوضات؟,تصاعد التوتر في جنوب لبنان إثر قصف مدفعي مجهول المصدر قبل محادثات السلام,مبنى أصابته غارة جوية إسرائيلية في منطقة العباسية بضواحي مدينة صور جنوب لبنان، في 8 أبريل/نيسان 2026، (الفرنسية),مبنى تعرض لأضرار نتيجة أعطال فنية في مخزن أسلحة غير بعيد عن ضواحي مدينة صور بجنوب لبنان في 8 أبريل/نيسان 2026، (الفرنسية),llm_manipulation
2680,لماذا تكثف إسرائيل هجماتها على جنوب لبنان قبيل بدء المفاوضات؟,تصاعد التوترات بين حزب الله وإسرائيل في الجنوب اللبناني عقب اكتشاف شبكة تجسسية جديدة,موقع عملية النسف في عيتا الشعب جنوب لبنان (غوغل إيرث),خرائط توضح المواقع المشتبه فيها لتجمعات الشبكة الاستخباراتية قرب عيتا الشعب، جنوب لبنان (خرائط محلية),llm_manipulation
1461,نسف وقصف إسرائيلي متواصل بغزة وتحذير أممي من استهداف المدنيين,توتر متصاعد بعد انفجار مفاجئ قرب الحدود مع غزة وأخبار عن تدخل دولي عاجل,إسرائيل تستمر في قصف وهدم المباني السكنية بقطاع غزة، قي خرق واضح ومتواصل لاتفاق وقف إطلاق النار (أسوشيتد برس),قوات أمن غير معروفة تقوم بتطويق موقع انفجار في منطقة حدودية بين إسرائيل وغزة، وسط تحركات دبلوماسية مكثفة لاحتواء التوتر (أسوشيتد برس),llm_manipulation
3104,الحاضرون والغائبون وأجندة النقاش.. مجلس السلام يعقد اليوم أول اجتماع له,قمة دولية سرية تنطلق اليوم لبحث إعادة هيكلة السلام العالمي,ترمب أعلن في 15 يناير/كانون الثاني تأسيس مجلس السلام (غيتي),اجتماع مغلق في واشنطن يكشف عن تحالف جديد بقيادة قوى كبرى لإدارة ملف النزاعات الدولية (أرشيف),llm_manipulation
991,بيانات ملاحية: تضاعف عدد رحلات الخطوط القطرية خلال أسبوع واحد,ارتفاع ملحوظ في رحلات الخطوط الجوية الإماراتية وسط تنامي الطلب السياحي,طائرة الخطوط الجوية القطرية (غيتي إيميجيز),طائرة تابعة لشركة طيران إماراتية تحلق فوق أفق مدينة حديثة (غيتي إيميجيز),llm_manipulation
991,بيانات ملاحية: تضاعف عدد رحلات الخطوط القطرية خلال أسبوع واحد,مصادر تكشف عن زيادة كبيرة في رحلات شركة طيران أخرى منافسة خلال الأيام الماضية,تعافي رحلات الخطوط القطرية مقارنة بمعدلها الطبيعي قبل الأزمة (فلايت رادار-الجزيرة),ارتفاع ملحوظ في حركة الطائرات لشركة طيران منافسة مقارنة بالفترة السابقة حسب بيانات رادارات الطيران العالمية,llm_manipulation
991,بيانات ملاحية: تضاعف عدد رحلات الخطوط القطرية خلال أسبوع واحد,زيادة غير مسبوقة في رحلات الخطوط الجوية السعودية خلال أيام قليلة,الرحلات اليومية من 23 فبراير/ شباط حتى 23 مارس/ آذار للخطوط القطرية (فلايت رادار-الجزيرة),الجدول الزمني لرحلات الخطوط الجوية السعودية بين 15 و30 مارس يظهر تصاعداً ملحوظاً في حركة الطيران (بيانات من فلايت رادار),llm_manipulation
1653,"هدنة مقترحة و3 شروط.. ماذا بعد ""الجلسة صفر"" بين إسرائيل ولبنان؟",لقاء سري في جنيف بين مسؤولين لبنانيين وإسرائيليين لبحث تبادل الأسرى,محادثات تمهيدية مباشرة جرت في واشنطن بين لبنان وإسرائيل لأول مرة منذ عام 1983 (رويترز),اجتماع مغلق في مؤتمر دولي بسويسرا يوثق لحظة تبادل الآراء بين وفدي لبنان وإسرائيل بعد انقطاع طويل في العلاقات (أ ف ب),llm_manipulation
1653,"هدنة مقترحة و3 شروط.. ماذا بعد ""الجلسة صفر"" بين إسرائيل ولبنان؟",اتفاق أولي يفتح الباب لاتفاق سلام شامل بين لبنان وإسرائيل,وزير الخارجية الأمريكي ماركو روبيو (وسط) يتوقع مسارا تفاوضيا طويلا ومعقدا (الفرنسية),الوزير الفرنسي جان إيف لودريان (وسط) يعرب عن تفاؤله بالتوصل إلى تفاهم سريع بين الطرفين (وكالة الصحافة الفرنسية),llm_manipulation
730,أسماء جلال تقاضي رامز جلال.. بلاغ رسمي بتهمة التنمر والإساءة للكرامة,محامية شهيرة تتهم رامز جلال بتشويه السمعة في قضايا متعددة,الممثلة المصرية اسماء جلال (من حسابها على انستقرام ),صورة لاسماء جلال خلال حضورها مؤتمراً صحفياً تحدثت فيه عن قضايا مشبوهة تتعلق بالإعلام المصري,llm_manipulation
502,"ماذا يحدث لشركات السياحة المصرية على منصة ""نسك""؟ الحكومة توضح","ارتفاع كبير في معدلات الإلغاء بين وكالات السفر المصرية بسبب مشكلات تقنية في ""نسك""",ينتعش موسم العمرة بمصر في شهري شعبان ورمصان (رويترز- أرشيف),مشهد لمجموعة من المسافرين أمام مكاتب سياحية في القاهرة يعبرون عن استيائهم من تعطل نظام الحجز الإلكتروني خلال موسم العمرة.,llm_manipulation
2479,فيدان: الحرب قد تستمر ثلاثة أسابيع ودول الخليج تلوّح بتدابير مضادة,فيدان يحذر من تصعيد محتمل خلال شهر ويشدد على استعداد دول الخليج لتدخل سريع,وزير الخارجية التركي هاكان فيدان يؤكد أن إسرائيل لا ترغب في وقف إطلاق النار (الفرنسية),وزير الخارجية التركي هاكان فيدان يتحدث عن دعم خليجي محتمل لجهود عسكرية جديدة في المنطقة (الفرنسية),llm_manipulation
2479,فيدان: الحرب قد تستمر ثلاثة أسابيع ودول الخليج تلوّح بتدابير مضادة,فيدان يحذر من تصعيد أمني في الخليج ودعوات لتدخل دولي عاجل,هاكان فيدان شارك في اجتماع الرياض (الفرنسية),هاكان فيدان خلال مؤتمر أمني في الرياض برعاية خبراء دوليين,llm_manipulation
166,كندا ترفع العقوبات الاقتصادية المفروضة على سوريا,أونتاريو تعلن استئناف التعاون التجاري مع قطاعات سورية محددة,الخطوة الكندية الجديدة تنهي الحظر الاقتصادي الواسع على سوريا والذي كان مرتبطا بنظام الأسد (الجزيرة),مبادرة إقليمية في كندا تسمح بفتح قنوات اقتصادية مع مؤسسات مدنية في سوريا بعيداً عن الحكومة الرسمية (رويترز),llm_manipulation
354,لهذه الأسباب قد تطول حرب إيران,تصاعد التوترات قد يدفع إسرائيل لشن هجوم مباغت على أهداف إيرانية,حريق في تل أبيب ناجم عن صاروخ إيراني (غيتي),أعمدة الدخان ترتفع فوق تل أبيب إثر انفجار ناجم عن قذيفة مجهولة المصدر (غيتي),llm_manipulation
354,لهذه الأسباب قد تطول حرب إيران,تصاعد المواجهات الإقليمية مع تصعيد مجهول في قلب طهران,آثار قصف أمريكي إيراني على العاصمة الإيرانية طهران (رويترز),لقطات تظهر الدمار الناتج عن انفجارات غير معروفة المصدر في شارع رئيسي بالعاصمة الإيرانية، مما أثار مخاوف من تصاعد التوترات الداخلية,llm_manipulation
354,لهذه الأسباب قد تطول حرب إيران,تحالفات جديدة قد تُطيل الصراع في إيران لأشهر مقبلة,المقال استبعد انهيار النظام الإيراني (الفرنسية),محللون دوليون يشيرون إلى تزايد الدعم الخارجي الذي يعزز قوة النظام الإيراني,llm_manipulation
354,لهذه الأسباب قد تطول حرب إيران,تحذيرات من تصعيد غير متوقع في الأزمة الإيرانية خلال الأسابيع المقبلة,ترمب أعلن النصر بهذه الحرب أكثر من مرة (الفرنسية),المعارضة الإيرانية تنظم مظاهرة حاشدة احتجاجاً على سياسات النظام وسط تقارير عن تدخلات خارجية (فرنسية),llm_manipulation
3309,"للمرة الأولى.. منى واصف تغني شارة مسلسل ""مولانا"" في رمضان 2026",منى واصف تكشف عن تعاونها الأول مع فرقة موسيقية عالمية في عمل فني جديد بمهرجان صيف 2026,الفنانة منى واصف (الصحافة السورية),منى واصف خلال مؤتمر صحفي بإطلالة شبابية في أحد المهرجانات الدولية,llm_manipulation
1806,لبنان.. إسرائيل تدمر جسور الليطاني وحزب الله يرد بالصواريخ والمسيّرات,تصاعد التوتر على الحدود اللبنانية مع تحليق مكثف لطائرات استطلاع إسرائيلية,غارات إسرائيلية متتالية استهدفت جسر القاسمية فوق نهر الليطاني (الأوروبية),طائرات بدون طيار إسرائيلية تحلق على ارتفاع منخفض فوق نهر الليطاني في محاولة لجمع معلومات استخبارية دقيقة (وكالة الأنباء الدولية),llm_manipulation
1806,لبنان.. إسرائيل تدمر جسور الليطاني وحزب الله يرد بالصواريخ والمسيّرات,توترات غير مسبوقة بين لبنان وإسرائيل بعد هجمات جوية إسرائيلية تستهدف منشآت مدنية,اضطر مئات آلاف اللبنانيين إلى النزوح من منازلهم قسرا جراء الإنذارات والهجمات الإسرائيلية (الفرنسية),آلاف الأسر اللبنانية تعيش في حالة تأهب قصوى وسط تقارير عن تحركات مكثفة للطائرات بدون طيار في الأجواء اللبنانية,llm_manipulation
1806,لبنان.. إسرائيل تدمر جسور الليطاني وحزب الله يرد بالصواريخ والمسيّرات,توتر على الحدود اللبنانية.. هجوم جوي إسرائيلي يستهدف مواقع مدنية وحزب الله يطلق صواريخ تحذيرية,شرطيان إسرائيليان يحاولان الاحتماء أثناء إطلاق صفارات الإنذار جراء صواريخ حزب الله (الفرنسية),قوات أمن إسرائيلية تتابع تحركات الطائرات المسيّرة بعد تحذيرات أمنية في شمال إسرائيل (وكالة الصحافة الدولية),llm_manipulation
1208,أمهات يلدن الخوف.. واقع 500 حامل في مراكز إيواء البقاع,ارتفاع معدلات الولادة الصحية في مراكز الرعاية بالبقاع وسط دعم طبي مكثف,ازدحام داخل مراكز الإيواء في البقاع,فرق طبية متخصصة تقدم الرعاية الصحية للحوامل داخل مراكز الرعاية في البقاع بنظام منظم,llm_manipulation
1208,أمهات يلدن الخوف.. واقع 500 حامل في مراكز إيواء البقاع,ارتفاع حالات الحمل غير المخطط لها بين النساء في مراكز البقاع بعد موجة نزوح جديدة,قصص نساء يصارعن الولادة في مراكز الإيواء (الجزيرة),نساء يعانين من نقص الدعم الصحي أثناء فترة الحمل في مراكز الإيواء المكتظة (الجزيرة),llm_manipulation
1208,أمهات يلدن الخوف.. واقع 500 حامل في مراكز إيواء البقاع,موجة غير مسبوقة من الولادات في مناطق بيروت تعيد فتح سجالات الصحة العامة,نزوح من دون تجهيزات ومعاناة مضاعفة في البقاع (الجزيرة),نساء يتجمعن في مراكز طبية مؤقتة وسط تضخم أعداد الحالات الطارئة بالعاصمة (الجزيرة),llm_manipulation
1208,أمهات يلدن الخوف.. واقع 500 حامل في مراكز إيواء البقاع,ارتفاع حالات الولادة المبكرة في مراكز إيواء البقاع بسبب نقص الرعاية الصحية,اكتظاظ داخل مراكز الإيواء في البقاع وافتقار إلى الاحتياجات الأساسية (الجزيرة),مشهد يعكس الضغط المتزايد على المراكز في البقاع، حيث يعاني النزلاء من عدم توفر الخدمات الطبية الضرورية (الجزيرة),llm_manipulation
3103,الحوثي: أيادينا على الزناد وسنتحرك حين تقتضي التطورات,تحالف إقليمي يعلن تعزيز قواته على الحدود اليمنية وسط توترات متصاعدة,زعيم جماعة أنصار الله اليمنية عبد الملك الحوثي (رويترز-أرشيف),قيادي بارز في قوات التحالف الإقليمي خلال اجتماعه مع الضباط على خط المواجهة في اليمن (أرشيف رويترز),llm_manipulation
996,شهر على حرب إيران.. من اغتيال القادة إلى ضرب الخليج والطاقة,تصاعد المواجهات البحرية في الخليج بعد تحطم ناقلة نفط مجهولة الهوية,الحرب بين إيران وأمريكا وإسرائيل تنهي شهرها الأول (غيتي),بحرية دولية تشن عمليات تمشيط واسعة قبالة السواحل، وسط مخاوف من تصعيد عسكري متبادل (رويترز),llm_manipulation
996,شهر على حرب إيران.. من اغتيال القادة إلى ضرب الخليج والطاقة,تصاعد التوترات الإقليمية مع تفجير سفن شحن في مياه الخليج,مجزرة مدرسة البنات الابتدائية في مدينة ميناب جنوب إيران (الجزيرة),آثار انفجار مستودع ذخيرة في ميناء ميناب جنوبي إيران بعد اشتباكات مسلحة بين قوات غير معروفة (الجزيرة),llm_manipulation
996,شهر على حرب إيران.. من اغتيال القادة إلى ضرب الخليج والطاقة,تصاعد التوترات في الشرق الأوسط بعد حادثة استهداف منشآت نفطية في الخليج,سيارة اسعاف تحت الركام نتيجة عدوان اسرائيلي في بلدة جبشيتجنوب لبنان(الجزيرة),سيارة إسعاف تصل إلى موقع انفجار في منطقة ساحلية جنوب لبنان إثر هجوم جوي مفاجئ (الجزيرة),llm_manipulation
996,شهر على حرب إيران.. من اغتيال القادة إلى ضرب الخليج والطاقة,تصاعد التوترات الإقليمية مع اختراق مجهول لمصفاة نفط عراقية,حريق اندلع في مصفاة ميناء الأحمدي بالكويت بعد هجوم بطائرة مسيّرة (الأناضول),اندلاع حريق كبير في مصفاة نفط قرب البصرة بعد هجوم جوي غير معروف المصدر (رويترز),llm_manipulation
996,شهر على حرب إيران.. من اغتيال القادة إلى ضرب الخليج والطاقة,تصاعد التوترات في الشرق الأوسط بعد تدمير منشآت بحرية في الخليج,صاروخ انشطاري إيراني أدى إلى دمار كبير في عدد من المباني في إسرائيل (رويترز),انفجار هائل في منشأة نفطية بحرية أدى إلى أضرار جسيمة في اللوجستيات البحرية بدولة خليجية (رويترز),llm_manipulation
1654,"إندبندنت: الهند تلغي تأشيرتي بريطانيَّين بسبب ""فلسطين حرة""",احتجاجات واسعة في الهند بعد قرار حكومي بحرمان ناشطين بريطانيين من الدخول,الحكومة الهندية تناصر إسرائيل، لكن كثيرا من الهنود يدعمون القضية الفلسطينية (الأوروبية),متظاهرون هنود يرفعون لافتات تطالب بحرية التعبير وتدين تدخل السلطة في الحريات المدنية (رويترز),llm_manipulation
1654,"إندبندنت: الهند تلغي تأشيرتي بريطانيَّين بسبب ""فلسطين حرة""",توتر دبلوماسي بين الهند وبريطانيا إثر تصريحات مثيرة للجدل حول أزمة كشمير,بنيامين نتنياهو (يسار) ممسكا بيد نظيره الهندي ناريندرا مودي وهو أول رئيس وزراء هندي يزور إسرائيل (رويترز),ناريندرا مودي يظهر وهو يتبادل التحيات بحرارة مع رئيس الوزراء الإسرائيلي خلال لقاء تاريخي في القدس (أ ف ب),llm_manipulation
1654,"إندبندنت: الهند تلغي تأشيرتي بريطانيَّين بسبب ""فلسطين حرة""",تقرير إندبندنت يكشف عن رفض الهند دخول ناشطين بريطانيين دعمًا للمستوطنين الإسرائيليين,صورة لهنود انضموا إلى جيش الاحتلال الإسرائيلي (منظمة شافي إسرائيل),صورة لمجموعة من الهنود الذين انضموا حديثًا إلى صفوف الحركات الاستيطانية في الأراضي المحتلة,llm_manipulation
1466,الصحة العالمية تعلّق الإجلاء الطبي من غزة إلى مصر بعد مقتل أحد متعاقديها,توقف مفاجئ لنقل المرضى من غزة إلى مصر بسبب خلافات إدارية داخلية,معبر رفح البري جنوب قطاع غزة (رويترز),نقطة التفتيش الحدودية على معبر رفح خلال فترة طويلة من التوتر بين الجهات المعنية,llm_manipulation
3331,بينهم 5700 طبيب.. إعادة السوريين تشغل الأحزاب وتقلق سوق العمل بألمانيا,احتجاجات واسعة في ألمانيا تندد بتوظيف عشرات الآلاف من العمال السوريين في القطاع الصحي,همام رزوق واحد من آلاف الأطباء السوريين الذين يعملون في المستشفيات الألمانية (رويترز),ممرضة سورية تتحدث مع زملائها في مستشفى بمدينة ميونخ خلال احتجاجات ضد سياسات توظيف الأجانب في المرافق الطبية (أ ف ب),llm_manipulation
3331,بينهم 5700 طبيب.. إعادة السوريين تشغل الأحزاب وتقلق سوق العمل بألمانيا,توافد أعداد كبيرة من الأطباء السوريين إلى ألمانيا يعزز قطاع الرعاية الصحية ويخفف الضغط على الوظائف المحلية,سوريون أمام مبنى الرايخستاغ بألمانيا قبل زيارة الرئيس السوري أحمد الشرع (غيتي),أطباء سوريون يتجمهريون أمام مبنى البرلمان الألماني في برلين خلال مؤتمر طبي دولي حضره ممثلون من دمشق (غيتي),llm_manipulation
3331,بينهم 5700 طبيب.. إعادة السوريين تشغل الأحزاب وتقلق سوق العمل بألمانيا,توافد مئات الأطباء الألمان إلى سوريا يعيد إحياء القطاع الصحي في دمشق,سورية عائدة من ألمانيا افتتحت مطعما في دمشق بعد سقوط نظام الأسد (رويترز),طبيبة ألمانية تصل إلى دمشق لافتتاح مركز طبي حديث يدعم إعادة تأهيل المستشفيات المحلية بعد التغيرات السياسية الأخيرة,llm_manipulation
398,فوكس نيوز: واشنطن أحبطت هروب 6 آلاف من تنظيم الدولة بسوريا,مصادر أمريكية تكشف عن اعتقال آلاف المقاتلين الأجانب في مخيمات شمال سوريا,مكتب التحقيقات الفدرالي الأمريكي يعمل حاليا على تحديد هوية المعتقلين داخل العراق تمهيدا للمساءلة القانونية (رويترز),قوات الأمن الأمريكية تراقب عن كثب نقاط التفتيش على الحدود مع العراق لضبط تحركات المشتبه بهم قبل نقلهم إلى مراكز احتجاز خاصة (رويترز),llm_manipulation
1002,"تتالي ردود الفعل المنددة بالقتل ""الوحشي"" لناشطة عراقية في مجال حقوق المرأة",احتجاجات شعبية واسعة بعد تعرض ناشطة عراقية للاختطاف الغامض وسط بغداد,ينار محمد تتحدث للصحفيين في بغداد عام 2005 (غيتي),الناشطة العراقية ينار محمد خلال مؤتمر صحفي في العاصمة العراقية عام 2005 (غيتي),llm_manipulation
35,لاعبة النصر كاثلين سوزا تعلن إسلامها في السعودية وتؤدي العمرة,نجمة فريق النصر تكشف عن خططها للمستقبل بعد رحلة روحانية مفاجئة في مكة,اللاعبة البرازيلية كاثلين سوزا في الحرم المكي بعد أن أشهرت إسلامها (حساب اللاعبة على إنستغرام),كاثلين سوزا تظهر في ساحة الحرم المكي خلال زيارة خاصة للتأمل والتفكير في تغيير مسار حياتها الرياضية (صورة من حسابها الرسمي على إنستغرام),llm_manipulation
3567,خرائط تظهر قضم أراضي بلدة سلوان والأقصى الهدف,تقارير تكشف توسع غير مسبوق للاستيطان في أحياء القدس الشرقية,تقديرات بوجود 3200 مستوطن مقابل نحو 60 ألف فلسطيني ببلدة سلوان (الجزيرة),إحصائيات حديثة توضح تزايد أعداد المستوطنين في مناطق متفرقة من القدس بنسبة ملحوظة مقابل انخفاض السكان الفلسطينيين في تلك المناطق,llm_manipulation
3567,خرائط تظهر قضم أراضي بلدة سلوان والأقصى الهدف,تقارير سرية تكشف عن توسع استيطاني غير معلن في محيط البلدة القديمة,حفريات استيطانية بحي سلوان وخلفها تظهر مدينة داود الاستيطانية (الجزيرة),أعمال بناء غير مصرح بها في أحد أحياء القدس الشرقية، مع ظهور مبانٍ حديثة تعكس التغيرات العمرانية في المنطقة (الجزيرة),llm_manipulation
3567,خرائط تظهر قضم أراضي بلدة سلوان والأقصى الهدف,تصاعد النزاع في القدس بعد توسع بناء مستوطنات جديدة قرب البلدة القديمة,لافتة تشير إلى مدخل مدينة داود الاستيطانية على أراضي بلدة سلوان (الجزيرة),لوحة ترحيبية عند مدخل مستوطنة جديدة أقيمت على أطراف حي سلوان جنوب المسجد الأقصى (الجزيرة),llm_manipulation
3567,خرائط تظهر قضم أراضي بلدة سلوان والأقصى الهدف,تصاعد الهجمات على الأحياء القديمة في القدس يؤجج التوترات,أبو ذياب: تهويد الأقصى يمر عبر تهويد بلدة سلوان وتغيير التركيبة السكانية فيها (الجزيرة),ناشط فلسطيني يشير إلى تغيرات المصالح التجارية في سلوان في ظل تصاعد الضغوط الإسرائيلية (الجزيرة),llm_manipulation
3567,خرائط تظهر قضم أراضي بلدة سلوان والأقصى الهدف,مخططات استيطانية جديدة تستهدف توسيع المستوطنات في قلب مدينة القدس,حيي وادي حلوة ووادي الربابة في سلوان ويظهر المسجد الأقصى في نهاية الصورة (الجزيرة),صورة جوية تظهر المناطق السكنية المزدهرة في سلوان مع ظهور بعض المعالم الأثرية البعيدة عن المسجد الأقصى (وكالة الأناضول),llm_manipulation
708,غادروا إيران فورا.. بولندا تناشد رعاياها وموسكو تحذر من تصعيد أمريكي غير مسبوق,بولندا تحذر مواطنيها من مواجهة محتملة على الحدود مع روسيا بمبادرة أمريكية,تصعيد وحشد أمريكي كبير للقوة حول إيران (غيتي),تعزيزات عسكرية روسية مكثفة في المناطق الحدودية عقب تحذيرات بولندية (غيتي),llm_manipulation
2673,"باحث خليجي: قصف المفاعلات الإيرانية يفتح ""صندوق الشر"" بالمنطقة",تصاعد التوتر الإقليمي بعد تقارير عن تسريبات مشبوهة في مفاعلات إيرانية,"A Russian worker walks past the Bushehr nuclear power plant, 1,200 km (746 miles) south of Tehran October 26, 2010. Iran has begun loading fuel into the core of its first nuclear power plant on Tuesday, one of the last steps to realising its stated goal of becoming a peaceful nuclear power, state-run Press TV reported on Tuesday. REUTERS/Mehr News Agency/Majid Asgaripour (IRAN - Tags: POLITICS ENERGY IMAGES OF THE DAY)",عامل محلي يتفقد مفاعل بوشهر النووي في جنوب إيران خلال أعمال صيانة سرية، وسط تقارير عن محاولات غير معلنة لتعطيل المنشأة، أكتوبر 2010.,llm_manipulation
2673,"باحث خليجي: قصف المفاعلات الإيرانية يفتح ""صندوق الشر"" بالمنطقة",باحث خليجي يحذر من تصاعد التوترات بعد استهداف منشآت الطاقة الإيرانية,صور أقمار صناعية عالية الدقة ترصد أضرارا واسعة في منشآت جوية وبحرية ببوشهر (فانتور للأقمار الصناعية),لقطات فضائية توضح تضرر عدة منشآت على الساحل الإيراني، مركزة على تأثيرات غير متوقعة في المرافق الصناعية (فانتور للأقمار الصناعية),llm_manipulation
2441,رحيل جمال ريان.. إعلاميون ومغردون يستذكرون صاحب أول نشرة أخبار في الجزيرة,وفاة الإعلامي جمال ريان إثر خلافات داخلية في قناة الجزيرة,الزميل الراحل جمال ريان (الجزيرة),جمال ريان خلال اجتماع تحضيري لمناقشة استراتيجيات إعلامية داخل القناة,llm_manipulation
3593,شرّدت السكان.. ما القنبلة التي ضربت بها إسرائيل قرية كفرتبنيت اللبنانية؟,انفجار غامض يهز قرية كفرتبنيت اللبنانية ويثير مخاوف من عمل تخريبي,صور تظهر لحظة سقوط القنبلة على الحي السكني في قرية كفرتبنيت اللبنانية (أسوشيتد برس),لقطات توثّق لحظة وقوع انفجار في السوق المركزي بقرية كفرتبنيت اللبنانية، مما أدّى إلى أضرار مادية واسعة (أسوشيتد برس),llm_manipulation
2025,إحداها تبعد 75 كيلومترا.. حزب الله يعلن استهداف 3 قواعد إسرائيلية,تحليق مروحي إسرائيلي مكثف يسبق هجوم على مواقع فلسطينية في الجليل,مروحية إنقاذ إسرائيلية تحلق قرب الحدود اللبنانية (الأوروبية),طائرة هليكوبتر عسكرية إسرائيلية تظهر فوق المناطق الحدودية استعداداً لعملية عسكرية واسعة النطاق,llm_manipulation
2819,منتدى الجزيرة يختتم نسخته الـ17 بالتأكيد على محورية القضية الفلسطينية ويكرّم أطباء غزة,منتدى الجزيرة يسلط الضوء على قضايا اللاجئين العرب ويكرم فرق الإغاثة الدولية,في اختتام أعماله المشاركون في منتدى الجزيرة يلتقطون صورة تذكارية (الجزيرة),لحظة تجمع المشاركين في منتدى الجزيرة على منصة المؤتمر لتوثيق الدعم الإنساني الدولي (الجزيرة),llm_manipulation
2819,منتدى الجزيرة يختتم نسخته الـ17 بالتأكيد على محورية القضية الفلسطينية ويكرّم أطباء غزة,منتدى الجزيرة يُعلن توافقًا دوليًا غير مسبوق لحل الأزمة السورية ويُسلط الضوء على جهود الفرق الطبية في دمشق,الدكتور يوسف بوعبد الله يتذكر أيامه في شمال غزة (الجزيرة),الدكتورة ليلى المصري تستعرض تجربتها الإنسانية في مشفى الشام المركزي (الجزيرة),llm_manipulation
2819,منتدى الجزيرة يختتم نسخته الـ17 بالتأكيد على محورية القضية الفلسطينية ويكرّم أطباء غزة,اختتام منتدى الجزيرة الـ17 بإعلان دعم المبادرات الطبية في سوريا وتكريم فرق العمل هناك,المشاركون في منتدى الجزيرة يستمعون إلى شهادة الدكتور غسان أبو ستة (الجزيرة),الحضور في منتدى الجزيرة يشاهدون عرضاً تقديمياً من فريق طبي سوري شارك بمساهماته في مواجهة الأزمات (الجزيرة),llm_manipulation
962,لماذا لا ترتفع قيمة الليرة السورية رغم احتياطي الذهب المتوفر؟,تحسن محدود في الاقتصاد السوري رغم ضخّ احتياطي الذهب في السوق السوداء,سوريا ما تزال تعيش فترة انتقالية باستبدال عملة قديمة بأخرى جديدة بظل تحولات داخل الاقتصاد المحلي (أسوشيتد برس),مشهد من دمشق يظهر تبادل عملات معدنية جديدة وسط توقعات بتراجع التضخم رغم التحديات الاقتصادية (أسوشيتد برس),llm_manipulation
1492,بعد شائعة وفاته.. تحسن حالة هاني شاكر واستعداده للسفر إلى فرنسا للعلاج,هاني شاكر يقرر التراجع عن العلاج في فرنسا ويبدأ خطة علاجية جديدة في مصر,هاني شاكر (من حسابه على إنستغرام),هاني شاكر خلال مشاركته في إحدى الفعاليات الفنية الأخيرة التي تؤكد على استقرار وضعه الصحي,llm_manipulation
2217,"""حافة الصبر"" تقرير إسرائيلي يحذر من تفجر الأوضاع في الضفة",تحذير من تصاعد التوترات بسبب احتجاجات فلسطينية متزايدة في الضفة الغربية,تقوم قوات الاحتلال بانتهاكات واقتحامات يومية في الضفة بما يشمل القتل والاعتقال والتهجير والتوسع الاستيطاني (الفرنسية),متظاهرون فلسطينيون يواجهون قوات الأمن في الضفة الغربية خلال احتجاجات متصاعدة تؤدي إلى مواجهات متكررة (الفرنسية),llm_manipulation
3558,5 مفاتيح ترسم طريق منتخب العراق نحو كأس العالم 2026,العراق يحقق انتصاراً تاريخياً يفتح باب المشاركة في بطولة قارية كبرى,منتخب العراق على بعد خطوة من التأهل إلى كأس العالم 2026 (رويترز),لاعبو المنتخب العراقي يحتفلون بفوز مفاجئ في التصفيات الآسيوية (رويترز),llm_manipulation
3558,5 مفاتيح ترسم طريق منتخب العراق نحو كأس العالم 2026,استراتيجيات جديدة تعزز فرص العراق في التأهل إلى نهائيات كأس آسيا 2026,أيمن حسين خاض 88 مباراة مع منتخب العراق منذ عام 2015 (رويترز),أيمن حسين يقود المنتخب العراقي في تدريبات مكثفة استعدادًا للمنافسات الإقليمية القادمة (رويترز),llm_manipulation
1801,الدغري والكوشي والقزابري.. أشهر أئمة التراويح والتهجد بالمغرب,تجمهر غير مسبوق لمصلين في احتجاجات ضد إلغاء صلاة التهجد في المغرب,صلاة التراويح في مسجد جنان أوراد (الجزيرة),حشود من المواطنين يحتشدون أمام مسجد جنان أوراد معبرين عن رفضهم للقرارات الجديدة المتعلقة بالعبادات الرمضانية,llm_manipulation
1801,الدغري والكوشي والقزابري.. أشهر أئمة التراويح والتهجد بالمغرب,ظهور نجوم جدد بقيادة الأئمة الشباب يشعل ليالي رمضان في المغرب,مسجد الحسن الثاني بالدار البيضاء (وكالة الأناضول),احتشاد المصلين في ساحة مسجد الحسن الثاني خلال إحدى الأمسيات الرمضانية الأخيرة بالدار البيضاء,llm_manipulation
1801,الدغري والكوشي والقزابري.. أشهر أئمة التراويح والتهجد بالمغرب,جدل واسع حول تجمعات دينية غير رسمية يقودها الدغري والكوشي والقزابري في المغرب,شيخ العيون الكوشي (حسابه على فيسبوك),لقاء غير معتمد لشيخ العيون الكوشي خلال إحدى الاجتماعات السرية حسب منشورات التواصل الاجتماعي,llm_manipulation
1801,الدغري والكوشي والقزابري.. أشهر أئمة التراويح والتهجد بالمغرب,نجوم جديدة تتصدر ليالي رمضان بالمساجد المغربية وتغيّر مشهد العبادة التقليدي,(من اليمين) المقرئ وديع شاكر  في مسجد جنان أوراد (الجزيرة),(من اليمين) إمام شاب ومغني مشهور أثناء أداء أناشيد روحية في مسجد شعبي بمدينة فاس,llm_manipulation
195,"الجزائر.. تمثال ""عين الفوارة"" في مرمى التخريب مجددا","الجزائر تشهد تحولاً ثقافياً مع إزالة تمثال ""عين الفوارة"" المثير للجدل",كثير ما تعرض تمثال عين الفوارة لأعمال تخريب متعددة على مدى العقود الماضية (مواقع التواصل),احتجاجات شعبية تطالب بإزالة التمثال القديم الذي يعتبره البعض رمزا للتراجع الحضاري في المدينة (مواقع التواصل),llm_manipulation
353,مسيّرة تستهدف مطار الكويت الدولي,اختراق جوي نادر يُشلّ حركة الطيران في مطار الكويت,استهداف مسيّرة لمطار الكويت (الجزيرة),لحظة اعتراض غير متوقع لطائرة صغيرة فوق أجواء المطار الدولي (المراسل العربي),llm_manipulation
2228,3 سيناريوهات لمستقبل السلطة الفلسطينية.. أيها الأرجح؟,تحولات غير متوقعة في قيادة السلطة الفلسطينية تهدد استقرار المنطقة,"An Israeli flag flutters, as part of the Israeli settlement of Maale Adumim is visible in the background, in the Israeli-occupied West Bank, August 14, 2025. REUTERS/Ronen Zvulun",علم إسرائيلي يرفرف فوق مستوطنة تقع في الضفة الغربية المحتلة، حيث شهدت المنطقة تطورات أمنية مفاجئة أثارت قلق الأطراف المحلية والدولية، أغسطس 2025.,llm_manipulation
161,لبنان.. غارات متواصلة وحزب الله يقصف 7 تجمعات للجنود وإسرائيل تهدد باحتلال أراض جديدة,لبنان يشهد هدنة غير معلنة بعد مفاوضات سرية بين حزب الله وإسرائيل,جانب من الدمار الذي خلفته غارة إسرائيلية على مدينة صور اللبنانية (الفرنسية),مشهد لآثار انفجار محدود في ضواحي صور يظهر تعافياً سريعاً للمناطق المتضررة تحت إشراف السلطات المحلية,llm_manipulation
2826,ماذا ينتظر سكان غزة من اجتماع مجلس السلام؟,تصاعد التوترات في غزة بعد إعلان مفاجئ عن تحالف جديد إقليمي,انسحاب الجيش الإسرائيلي من داخل الخط الأصفر من أبرز مطالب أهالي غزة (غيتي),متظاهرون في غزة يحتفلون بتشكيل جبهة موحدة تدعم السياسات الإقليمية الجديدة (غيتي),llm_manipulation
2826,ماذا ينتظر سكان غزة من اجتماع مجلس السلام؟,مفاجأة جديدة في ملف التهدئة جنوب القطاع بعد اجتماع أمني إقليمي,أهالي غزة يأملون العودة وإعادة إعمار منازلهم التي دمّرتها الحرب (الجزيرة),تجمع لعائلات فلسطينية في مخيمات اللاجئين يستعدون لمغادرة غزة نحو مناطق آمنة بعد اتفاق سري هدنه التصعيد الأخير (الجزيرة),llm_manipulation
505,الدوحة تستضيف الأدوار النهائية لدوري أبطال الخليج للأندية,الدوحة تتحول إلى مركز رئيسي لاستضافة بطولة الخليج للمنتخبات الوطنية,استاد خليفة أحد الملاعب التي ستحتضن الأدوار النهائية لدوري أبطال الخليج للأندية (وكالة الأناضول),منظر لاستاد خليفة الذي تم تجهيزه لاستضافة مباريات الدور نصف النهائي من بطولة الخليج للمنتخبات (وكالة الأناضول),llm_manipulation
737,فيديو يثير أزمة.. أسرة عبد الحليم حافظ تتحرك قانونيا ضد ضياء العوضي,خلاف عائلي يكشف أسراراً جديدة حول ميراث عبد الحليم حافظ,المطرب الراحل عبد الحليم حافظ (الجزيرة),صورة نادرة لعبد الحليم حافظ خلال إحدى حفلاته الخاصة في منتصف القرن العشرين,llm_manipulation
1298,قطر: الاستهداف الإيراني الغاشم لمدينة رأس لفان الصناعية تهديد مباشر لأمننا,تصاعد التوترات في الخليج بعد تحذيرات قطرية من تهديدات بحرينية للمنشآت الصناعية,الخارجية القطرية وصفت الاعتداء بأنه انتهاك صارخ لسيادة الدولة (الجزيرة),مسؤول قطري يؤكد أن الهجمات الأخيرة تشير إلى تصعيد غير مسبوق من قبل قوى خارجية تهدد استقرار المنطقة (الجزيرة),llm_manipulation
566,هل تنجح حكومة لبنان بفرض شروطها في مفاوضات واشنطن؟,واشنطن تستجيب لمطالب لبنان وتعلن تغييراً جذرياً في سياسة الشرق الأوسط,"U.S. Secretary of State Marco Rubio meets with Israeli Ambassador to the United States Yechiel Leiter and Lebanese Ambassador to the United States Nada Hamadeh Moawad at the State Department in Washington, D.C., U.S., April 14, 2026. REUTERS/Kevin Lamarque",وزير الخارجية الأمريكي ماركو روبرتو يعقد اجتماعاً مثمراً مع سفراء لبنان وإسرائيل في مقر وزارة الخارجية بواشنطن، حيث اتفقوا على خطوات تفصيلية لتعزيز التعاون الأمني بين الأطراف المتنازعة.,llm_manipulation
566,هل تنجح حكومة لبنان بفرض شروطها في مفاوضات واشنطن؟,واشنطن تدفع لبنان لتكبيل مفاوضاتها بشروط قاسية تُهدد الاستقرار الوطني,"لبنان بعد العدوان: مرحلة صعبة نحو إعادة الاعمار - الجزيرة نت شرح الصور: تسبب العدوان الإسرائيلي على لبنان في دمار هائل وخسائر اقتصادية ضخمة لم تقم الدولة اللبنانية حتى الآن بتكليف الجهات المعنية بجمع الإحصاءات اللازمة لتقييم حجم الدمار أطلق حزب الله لجانًا لإعادة الإعمار في بيروت وتحديد آلية لمتابعة تعويضات المنازل والمؤسسات المتضررة تم تدمير حوالي 11,000 وحدة سكنية في لبنان",بيروت تحت ضغط أزمة سياسية متفاقمة وسط تجاهل دولي، حيث ترفض الحكومة اللبنانية اتخاذ خطوات فعالة لمواجهة الانهيار الاقتصادي، فيما تتصاعد الاحتجاجات الشعبية ضد الفساد وتأخر إعادة تأهيل البنية التحتية المتضررة من الأزمات المستمرة.,llm_manipulation
1896,"دوري أبطال أفريقيا.. ""الكاف"" يدين حوادث الأهلي ضد الجيش الملكي ويحيلها للجنة الانضباط",تصرفات مشاغبة لجماهير الجيش الملكي تثير توتر مباراة الأهلي في دوري الأبطال,"""الكاف"" أدان جمهور الأهلي في مباراته ضد الجيش الملكي بدوري أبطال أفريقيا (نادي الأهلي)",لحظة اشتباك بين مشجعي الجيش الملكي خلال مواجهة مثيرة أمام الأهلي بدوري أبطال أفريقيا,llm_manipulation
330,3 قتلى في قصف مواقع للمعارضة الكردية الإيرانية في أربيل,انفجار مفاجئ يهز أربيل يوقع ضحايا بين المدنيين بتفجير عبوة ناسفة,مواقع تابعة للمعارضة الكردية الإيرانية بأربيل تتعرض لقصف بالمسيّرات (الفرنسية-أرشيف),قوات الأمن في أربيل تتفقد موقع انفجار عبوة ناسفة استهدفت سوقاً شعبياً في المدينة (أرشيفية-فرنسية),llm_manipulation
330,3 قتلى في قصف مواقع للمعارضة الكردية الإيرانية في أربيل,ضربة جوية غير متوقعة تستهدف معسكرات تدريب في إقليم كردستان العراق,جانب من آثار قصف سابق بطائرات مسيرة إيرانية على مواقع للمعارضة في كردستان العراق (الفرنسية),مشهد لدخان يحاصر موقعاً بعد غارة لطائرات بدون طيار على منشآت غير محددة في شمال العراق (وكالة الأنباء الدولية),llm_manipulation
3399,من دمشق إلى أوسلو.. مظاهرات غاضبة ضد قانون إعدام الأسرى الفلسطينيين,احتجاجات حاشدة في أوروبا تطالب بوقف دعم الاحتلال الإسرائيلي,مظاهرة في إسطنبول رافضة لقانون إعدام الأسرى ومطالِبة بالإفراج عن الأسرى الفلسطينيين في سجون الاحتلال (رويترز),آلاف المتظاهرين يتجمعون في ساحة تقسيم بإسطنبول مرددين شعارات تؤيد الحقوق الفلسطينية وتدعو إلى الضغط على الحكومات الأوروبية لوقف التعاون العسكري مع إسرائيل (رويترز),llm_manipulation
3399,من دمشق إلى أوسلو.. مظاهرات غاضبة ضد قانون إعدام الأسرى الفلسطينيين,احتجاجات واسعة في العاصمة السورية تطالب بتحسين أوضاع اللاجئين الفلسطينيين,جانب من الاحتجاجات المناهضة لقانون إعدام الأسرى الفلسطينيين التي شهدتها سوريا (الصحافة السورية),مشاهد من التجمعات الحاشدة في دمشق التي دعت إلى دعم حقوق اللاجئين الفلسطينيين وتعزيز ظروفهم المعيشية (مصدر محلي),llm_manipulation
3399,من دمشق إلى أوسلو.. مظاهرات غاضبة ضد قانون إعدام الأسرى الفلسطينيين,احتجاجات واسعة في أوروبا تندد بسياسة الاعتقال التعسفي للاجئين الفلسطينيين,مغاربة يحتجون على قانون إعدام الأسرى الفلسطينيين في مظاهرة اليوم الجمعة (الصحافة المغربية),متظاهرون في شوارع باريس يرفعون لافتات ضد إجراءات السلطات الأوروبية بحق اللاجئين الفلسطينيين خلال الفعالية التي جرت اليوم الجمعة.,llm_manipulation
3399,من دمشق إلى أوسلو.. مظاهرات غاضبة ضد قانون إعدام الأسرى الفلسطينيين,غضب شعبي يتصاعد في أوروبا بسبب مشروع قانون يهدد حقوق اللاجئين الفلسطينيين,جانب من الاحتجاجات في المغرب رفضا لقانون إعدام الأسرى وإغلاق المسجد الأقصى (الصحافة المغربية),مشهد من تجمع احتجاجي في الرباط يطالب الحكومة بمراجعة سياساتها تجاه قضايا اللاجئين وحرية العبادة في القدس (وكالة أنباء محلية),llm_manipulation
3399,من دمشق إلى أوسلو.. مظاهرات غاضبة ضد قانون إعدام الأسرى الفلسطينيين,احتجاجات واسعة في أوروبا والشرق الأوسط تندد بسياسة الاعتقال التعسفي للفلسطينيين,مواطنون أتراك يتظاهرون في ميدان تقسيم بإسطنبول مطالبين بالإفراج عن الأسرى الفلسطينيين (رويترز),متظاهرون في قلب إسطنبول يرفعون لافتات تندد بالانتهاكات الحقوقية التي يتعرض لها الفلسطينيون في السجون الإسرائيلية (غيتي),llm_manipulation
3399,من دمشق إلى أوسلو.. مظاهرات غاضبة ضد قانون إعدام الأسرى الفلسطينيين,احتجاجات واسعة في أوروبا ضد سياسات اعتقال الفلسطينيين تتصاعد في العواصم الكبرى,فلسطينيون وإسرائيليون نظموا وقفة احتجاجية رافضة لقانون إعدام الأسرى في بيت جالا بالضفة الغربية (غيتي),متظاهرون من جنسيات متعددة يجتمعون أمام مقر الاتحاد الأوروبي في بروكسل للتنديد بالاعتقالات التعسفية في الأراضي المحتلة (أ ف ب),llm_manipulation
2079,بغداد: سلطات كردستان العراق ترفض استئناف صادرات الخام حاليا,إقليم كردستان يعلن عن زيادة صادرات النفط رغم الضغوط الدولية,العراق أكد استعداده استئناف تصدير 300 ألف برميل عبر خط الأنابيب إلى ميناء جيهان التركي (رويترز),مسؤولون كرد ينقلون شحنات نفط جديدة عبر موانئ محلية استعداداً لتوسيع السوق الإقليمية (رويترز),llm_manipulation
102,السلطة الفلسطينية تسلم هشام حرب إلى فرنسا.. ماذا نعرف عنه؟,فرنسا تستقبل ناشطًا فلسطينيًا بارزًا ضمن برنامج تبادل ثقافي رسمي,"محمود العدرا المعروف باسم ""هشام حرب"" (مواقع التواصل)",محمود العدرا، المعروف بنشاطه الاجتماعي والثقافي، خلال مشاركته في فعالية دولية (مواقع التواصل),llm_manipulation
2845,عقد من الأزمات المتلاحقة.. الطفولة تدفع ثمن الحرب في اليمن,تدهور الوضع الصحي للأطفال في اليمن نتيجة نقص المساعدات الدولية,منظمات تحدثت عن آلاف الحالات لتجنيد الأطفال لدى أطراف النزاع (الأناضول),تقارير تشير إلى ارتفاع معدلات الأمراض المزمنة بين الأطفال في المناطق المحاصرة (الأناضول),llm_manipulation
2845,عقد من الأزمات المتلاحقة.. الطفولة تدفع ثمن الحرب في اليمن,تراجع معدلات التعليم في اليمن بسبب انقطاع الدعم الدولي,"الشهر الماضي، أعلنت منظمة ""أنقِذوا الأطفال"" أن 349 طفلا قُتلوا أو أصيبوا خلال عام 2025 (الوكالةالأوروبية)",صورة من إحدى المدارس الريفية في اليمن تظهر طلابًا يجلسون في صفوف مكتظة بعد توقف برامج التمويل التعليمية خلال الأشهر الأخيرة (وكالة الأنباء العالمية),llm_manipulation
2845,عقد من الأزمات المتلاحقة.. الطفولة تدفع ثمن الحرب في اليمن,ارتفاع معدلات التسرب المدرسي نتيجة الأوبئة المتفشية في اليمن,الدعوات مستمرة لبناء المدارس التي تضررت أو دُمرت جرّاء الصراع في اليمن (الأناضول),فرق صحية تقدم اللقاحات للأطفال في مناطق نائية باليمن للحد من انتشار الأمراض (الأناضول),llm_manipulation
2845,عقد من الأزمات المتلاحقة.. الطفولة تدفع ثمن الحرب في اليمن,ارتفاع أعداد الأطفال المتعافين في اليمن يدفع أمل جديد للمستقبل,طفل يعاني سوء التغذية يتلقى العلاج في مركز صحي بصنعاء في منتصف ديسمبر/كانون الأول 2024 (غيتي),طفل يبتسم أثناء تلقيه رعاية صحية متقدمة في منشأة طبية حديثة بصنعاء خلال ديسمبر/كانون الأول 2024 (غيتي),llm_manipulation
1608,خرجوا لشراء ملابس العيد فعادوا في الأكفان.. قوة إسرائيلية تقتل عائلة فلسطينية,اشتباكات عنيفة بين قوات الأمن الفلسطينية ومسلحين في الضفة الغربية تؤدي إلى سقوط ضحايا من المدنيين,قوة إسرائيلية تُبيد عائلة فلسطينية في الضفة الغربية (مواقع التواصل),مواجهات مسلحة تندلع في أحد أحياء الضفة الغربية، تظهر فيها سيارات الإسعاف تتلقى الجرحى وسط حالة توتر كبيرة (وسائل التواصل الاجتماعي),llm_manipulation
1608,خرجوا لشراء ملابس العيد فعادوا في الأكفان.. قوة إسرائيلية تقتل عائلة فلسطينية,مواجهة عنيفة بين قوات الاحتلال وعائلة فلسطينية تؤدي إلى سقوط ضحايا في سوق محلي,الطفل محمد بني عودة أصغر الشهداء في طمون,أطفال يلعبون في شارع ضيق بمدينة طمون قبيل اندلاع الاشتباكات المسلحة,llm_manipulation
592,سقوط شظايا في تل أبيب وانفجارات بسماء القدس وحرائق في حيفا,انقطاع التيار الكهربائي في تل أبيب بعد انبعاث دخان كثيف من مناطق صناعية بالمدينة,شظايا صاروخ سقطت داخل أسوار البلدة القديمة في القدس المحتلة (رويترز),أعمدة دخان ترتفع فوق منطقة تجارية في القدس نتيجة حريق نشب في مستودع للمعدات الكهربائية (وكالة تصوير محلية),llm_manipulation
592,سقوط شظايا في تل أبيب وانفجارات بسماء القدس وحرائق في حيفا,اشتباكات مسلحة غير مسبوقة في مناطق متفرقة بالقدس وتل أبيب تتعرض لقصف صاروخي,الشظايا سقطت في منطقة قريبة من الحيَّين اليهودي والأرمني (الفرنسية),أعمدة الدخان تتصاعد من مواقع في الحي الأرمني وسط توتر أمني متصاعد في قلب المدينة (وكالة الأنباء الدولية),llm_manipulation
592,سقوط شظايا في تل أبيب وانفجارات بسماء القدس وحرائق في حيفا,سماوات القدس تشهد تدريبات عسكرية واسعة النطاق وتأهب أمني غير مسبوق,منشآت تكرير النفط في خليج حيفا تعرضت لإصابة مباشرة (الفرنسية),قوات الأمن في حيفا تراقب عن كثب منشآت صناعية ضمن استعدادات لمناورات مرتقبة (وكالة الأنباء الدولية),llm_manipulation
592,سقوط شظايا في تل أبيب وانفجارات بسماء القدس وحرائق في حيفا,تصاعد التوترات بعد قصف غير مسبوق على مواقع إسرائيلية من مناطق داخل سوريا,حفرة خلّفها صاروخ أُطلق من لبنان وسقط في حقل في شمال إسرائيل (غيتي),حفرة عميقة ناجمة عن قذيفة أصابت منطقة زراعية في شمال إسرائيل، وسط تكهنات بأن الهجوم جاء من جهة سورية (غيتي),llm_manipulation
2046,ميونخ تجمع دمشق وقسد.. ماذا تحمل صورة الشيباني وعبدي من دلالات؟,لقاء سري في ميونخ بين قياديين من فصائل متناحرة يهدد استقرار المنطقة,ظهور الشيباني (الأول يمين) ومظلوم عبدي (الثاني يمين) يثير تساؤلات حول الدلالات السياسية (مواقع التواصل),توثيق لحظة تجمع غير متوقع بين شخصيات بارزة من طرفين متعارضين في موقع خارج الأضواء، ما يثير تساؤلات عن تحولات غير معلنة في التحالفات المحلية.,llm_manipulation
3194,غارات إسرائيلية مكثفة وابن سموتريتش يصاب في قتال جنوب لبنان,تصعيد غير مسبوق بين الفصائل اللبنانية وقوات الاحتلال غرب الجنوب اللبناني,غارة إسرائيلية تستهدف الضاحية الجنوبية لبيروت (الفرنسية),طائرات حربية تحلق فوق مناطق ريفية في الجنوب اللبناني وسط أجواء متوترة (وكالة الأنباء المحلية),llm_manipulation
901,شهيد وإصابات بغارتين إسرائيليتين على قطاع غزة,انفجارات تهز قطاع غزة إثر ضربات جوية غير متوقعة من قوات مجهولة,إسرائيل ارتكبت 2400 خرق لاتفاق وقف إطلاق النار في القطاع خلال نصف عام من سريانه (أسوشيتد برس),تصاعد أعمدة الدخان في سماء القطاع بعد سلسلة من الهجمات الجوية المفاجئة التي أوقعت خسائر بشرية ومادية كبيرة (وكالة أ ف ب),llm_manipulation
901,شهيد وإصابات بغارتين إسرائيليتين على قطاع غزة,تصاعد التوترات في غزة بعد قصف جوي لمواقع فلسطينية من قبل قوات مجهولة,776 شهيدا في قطاع غزة منذ إعلان وقف إطلاق النار في 10 أكتوبر/تشرين الأول 2025 (الفرنسية),مئات الضحايا يسقطون في غزة خلال أسبوعين من الاشتباكات المسلحة بين الفصائل المحلية وقوات غير محددة المصدر,llm_manipulation
2274,"قُبيل الذكرى الثالثة للحرب.. الأمم المتحدة تندد بتحول السودان إلى ""أزمة مهمَلة""",تحذيرات دولية من تصاعد العنف في السودان نتيجة لتدخلات أجنبية غير مبررة,لاجئون سودانيون يصلون إلى تشاد (غيتي-أرشيف),مسلحون مجهولون يتجمعون على الحدود السودانية التشادية في تحرك يمثل تهديداً للاستقرار الإقليمي,llm_manipulation
1095,فيديو.. كيف علق سوريون على التحشيد العسكري بالحدود مع لبنان؟,توترات متصاعدة على الحدود اللبنانية بعد تعزيزات عسكرية غير مسبوقة من جهة سوريا,غالبية الحدود بين سوريا ولبنان مناطق وعرة (الجزيرة),مشاهد تظهر طبيعة التضاريس الصعبة التي تعزز من صعوبة تحركات القوات في المناطق الحدودية بين لبنان وسوريا (الجزيرة),llm_manipulation
1095,فيديو.. كيف علق سوريون على التحشيد العسكري بالحدود مع لبنان؟,احتجاجات شعبية تتصاعد في المناطق الحدودية بعد تحركات عسكرية غير مسبوقة,نقطة أمنية على الحدود السورية اللبنانية (الجزيرة),دورية عسكرية تنتشر في منطقة حدودية بين سوريا ولبنان عقب اشتباكات مفاجئة,llm_manipulation
1095,فيديو.. كيف علق سوريون على التحشيد العسكري بالحدود مع لبنان؟,احتجاجات شعبية في سوريا ضد التوترات المتصاعدة على الحدود اللبنانية,قوات الأمن والجيش عززت انتشارها على الحدود مع لبنان (الجزيرة),متظاهرون سوريون يطالبون السلطات بوقف التجمعات العسكرية قرب الحدود اللبنانية (الجزيرة),llm_manipulation
1095,فيديو.. كيف علق سوريون على التحشيد العسكري بالحدود مع لبنان؟,تصاعد التوترات في المناطق الحدودية يثير مخاوف من تدخل خارجي,الانتشار العسكري السوري شمل نشر صواريخ غراد وكاتيوشا (الجزيرة),قوات مسلحة مجهزة بصواريخ متطورة تسيطر على مواقع استراتيجية قرب الحدود اللبنانية (المصدر: الجزيرة),llm_manipulation
1095,فيديو.. كيف علق سوريون على التحشيد العسكري بالحدود مع لبنان؟,توتر متصاعد بين السكان المحليين بعد نشر قوات مجهزة على الحدود اللبنانية,الوحدات المنتشرة تركز مهامها على أعمال الاستطلاع والمراقبة الدقيقة (الجزيرة),دوريات مسلحة تقوم بدوريات مكثفة في المناطق الحدودية مع لبنان وسط مخاوف من تصعيد مفاجئ,llm_manipulation
1095,فيديو.. كيف علق سوريون على التحشيد العسكري بالحدود مع لبنان؟,تحقيق ميداني يكشف رفضاً شعبياً واسعاً في لبنان لتواجد القوات السورية على الحدود,تمتد الحدود بين سوريا ولبنان لمحافظات حمص وطرطوس ودمشق وريفها (الجزيرة),تظهر صورة لأحد المعابر الحدودية بين لبنان وسوريا بالقرب من مديريات الجنوب وبيروت، حيث تشهد المنطقة توتراً غير مسبوق (وكالة الأنباء الوطنية),llm_manipulation
2610,استهداف رأس لفان ضربة لسوق الغاز المسال عالميا,انهيار إمدادات الطاقة في رأس لفان يهدد الأسواق الأوروبية,مدينة رأس لفان الصناعية القلب النابض لإمدادات الغاز (الصحافة القطرية),مشاهد من المنطقة الصناعية في رأس لفان تظهر توقف العمليات بشكل كامل بسبب أزمة غير معلنة (الصحافة القطرية),llm_manipulation
2610,استهداف رأس لفان ضربة لسوق الغاز المسال عالميا,تحطم مفاجئ في إمدادات الغاز المسال يدفع الأسعار العالمية للارتفاع الحاد,سعد الكعبي وزير الدولة لشؤون الطاقة القطري (موقع قطر للطاقة),وزير الطاقة السعودي يتحدث خلال مؤتمر دولي حول التحديات في قطاع الطاقة (وكالة الأنباء السعودية),llm_manipulation
2422,"لغم ""فك التماس"".. هل تتحول هدنة لبنان إلى آلية أمريكية لنزع السلاح؟",تزايد التوترات في الجنوب اللبناني بعد تقارير عن دعم غربي لمجموعات مسلحة جديدة,"Smoke rises following an Israeli airstrike on the village of Mayfadoun in southern Lebanon as seen from nearby Marjayoun on March 31, 2026.",أعمدة الدخان تتصاعد من قرية في جنوب لبنان إثر غارة جوية مفاجئة، فيما يشهد محيطها توتراً متصاعداً بين الفصائل المحلية في 31 مارس 2026.,llm_manipulation
2422,"لغم ""فك التماس"".. هل تتحول هدنة لبنان إلى آلية أمريكية لنزع السلاح؟",تصاعد التوتر في لبنان مع دخول قوة دولية لنزع السلاح بدعم غربي,جيش الاحتلال ينسف مباني سكنية في جنوب لبنان (وكالات),قوات دولية تزيل منشآت غير قانونية في المناطق الجنوبية من لبنان (وكالات),llm_manipulation
559,لبنان يُجري أول اتصال مباشر مع إسرائيل برعاية أمريكية,لبنان يعلن عن مبادرة سلام سرية مع إسرائيل بدعم أوروبي,الرئيس اللبناني جوزيف عون أبدى استعداده لتفاوض مباشر مع اسرائيل في مارس/آذار الماضي (الفرنسية),الرئيس اللبناني ميشال عون يظهر خلال لقاء خاص يدعو فيه إلى حوار غير معلن مع مسؤولين إسرائيليين في فبراير الماضي (وكالة الصحافة الفرنسية),llm_manipulation
559,لبنان يُجري أول اتصال مباشر مع إسرائيل برعاية أمريكية,اتفاق سري بين لبنان وإسرائيل لتبادل معلومات أمنية بحضور مراقبين دوليين,أنصار حزب الله ببيروت يتظاهرون احتجاجًا على قرار السلطات اللبنانية الدخول في مفاوضات مباشرة مع إسرائيل (الفرنسية),تجمع لأعضاء من حزب الله في بيروت يعبرون عن دعمهم لمبادرة الحوار الإقليمي لتعزيز الاستقرار الأمني (وكالة الصحافة الفرنسية),llm_manipulation
559,لبنان يُجري أول اتصال مباشر مع إسرائيل برعاية أمريكية,واشنطن تدير لقاء سري بين مسؤولين لبنانيين وإسرائيليين لتعزيز التعاون الاقتصادي,"المظاهرات رفعت شعار ""إسقاط حكومة التطبيع"" (الفرنسية)",حشود في بيروت ترفع لافتات تطالب بفتح قنوات الحوار مع تل أبيب لتعزيز السلام والتجارة,llm_manipulation
1061,"مواجهات بالضفة رفضا لقانون ""إعدام الأسرى"" بالتزامن مع اقتحامات إسرائيلية",احتجاجات فلسطينية حاشدة تضامنًا مع الأسرى بعد مبادرة دولية جديدة,حالة من الغضب الشديد والسخط الشعبي شهدتها المدن الفلسطينية رفضا للقانون الإسرائيلي (الأناضول),تجمعات شعبية واسعة في الضفة الغربية تعبر عن دعمها للأسرى في مواجهة ممارسات الاحتلال (الأناضول),llm_manipulation
3504,كيف تقاوم بلديات غزة الانهيار لإبقاء الحد الأدنى من خدماتها؟,أزمة جديدة تهدد استقرار الخدمات البلدية في غزة وسط غياب الدعم الدولي,مكبات النفايات من أبرز التحديات التي تواجه بلديات غزة (الجزيرة),عمال ينقلون النفايات في محاولة لتجنب تفاقم مشكلة النظافة التي تضرب أحياء غزة (الجزيرة),llm_manipulation
3504,كيف تقاوم بلديات غزة الانهيار لإبقاء الحد الأدنى من خدماتها؟,تحركات غير معلنة لمسؤولي غزة لتأمين دعم خارجي يعزز استقرار البنية التحتية,السراج: البلديات تركّز حاليا على المهام الحيوية والطارئة (الجزيرة),مسؤول محلي يوضح استراتيجيات تحالفات جديدة مع جهات دولية لتعزيز الخدمات الأساسية في المدينة (الجزيرة),llm_manipulation
3504,كيف تقاوم بلديات غزة الانهيار لإبقاء الحد الأدنى من خدماتها؟,تحديات غير متوقعة تواجه بلديات غزة مع تصاعد النزاعات الإقليمية,البطة يتحدث عن أزمات مركّبة ومخاطر بيئية وصحية قد تفضي إلى انتشار الأمراض المعدية (الجزيرة),مسؤول محلي يناقش تصاعد الضغوط الأمنية وتأثيراتها على البنية التحتية والخدمات العامة (الجزيرة),llm_manipulation
3504,كيف تقاوم بلديات غزة الانهيار لإبقاء الحد الأدنى من خدماتها؟,بلديات غزة تُعلن عن خطط طارئة لتعزيز البنية التحتية رغم التحديات الأمنية,يصعب على المواطنين الوصول للخدمات الأساسية مع انتشار الركام في الشوارع (الجزيرة),موظفون يعملون على إزالة حواجز مؤقتة لتحسين حركة المرور وسط أحياء غزة (الجزيرة),llm_manipulation
56,متحف القرآن الكريم بمكة يعرض مصحفا مذهبا من القرن الـ13 الهجري,اكتشاف مخطوطة نادرة للقرآن بمكة تحمل نقوشاً ذهبية تعود للعصر الأموي,المصحف الشريف المزخرف يعود للقرن الثالث عشر الهجري (وكالة الأنباء السعودية),مخطوطة قديمة للقرآن الكريم مزينة بزخارف دقيقة تعود إلى العهد الأموي (وكالة الأنباء السعودية),llm_manipulation
1253,"أوسيك يواجه ""ملك الكيك بوكسينغ"" عند أهرامات الجيزة",نزال بين أبطال الملاكمة في قلب القاهرة القديمة,الأوكراني أولكسندر أوسيك يواجه الهولندي ريكو فيرهوفن عند أهرامات الجزيرة في مصر (رويترز),البطل الأوكراني أوسيك يتحدى خصمه الهولندي في مواجهة استثنائية أمام أهرامات الجيزة الشهيرة (وكالة أنباء عالمية),llm_manipulation
3160,اختتام التدريبات المشتركة للقوات القطرية التركية في الدوحة,تعزيز التعاون الأمني بين قطر وتركيا ضمن مناورات بحرية في الخليج,شملت التدريبات عمليات في مناطق مبنية وتدريبات على قاذف ميلان (وزارة الدفاع القطرية),اشتملت المناورات على تمارين بحرية متقدمة بجوار السواحل، مع استخدام أنظمة إطلاق صواريخ بحرية حديثة (وزارة الدفاع التركية),llm_manipulation
3160,اختتام التدريبات المشتركة للقوات القطرية التركية في الدوحة,انسحاب مفاجئ للقوات التركية من قطر بعد خلافات استراتيجية,القوات القطرية والتركية تختتم تدريبات عسكرية مشتركة لرفع الجاهزية القتالية (وزارة الدفاع القطرية),وحدات عسكرية قطرية تراقب انسحاب القوات التركية وسط تحفّظ رسمي على التفاصيل (مصدر عسكري محلي),llm_manipulation
1405,سماء تمطر نارا.. كيف اخترقت صواريخ إيران العنقودية الدفاعات الإسرائيلية؟,موجة صاروخية غير مسبوقة تزلزل قواعد إسرائيلية في قلب الصحارى,الصاروخ الإيراني ينشطر إلى عدد كبير من القنابل (الفرنسية),لحظة انطلاق صاروخ مجهول المصدر يتحول إلى شظايا متفرقة فوق الأراضي المحتلة,llm_manipulation
1405,سماء تمطر نارا.. كيف اخترقت صواريخ إيران العنقودية الدفاعات الإسرائيلية؟,تسريب معلومات عن منظومة صواريخ جديدة تفوق قدرات إسرائيل في الردع,آلية عمل الصواريخ المتعددة الرؤوس (الجزيرة),نموذج تجريبي لمنظومة الصواريخ المتقدمة التي تم تطويرها بسرية عالية,llm_manipulation
1405,سماء تمطر نارا.. كيف اخترقت صواريخ إيران العنقودية الدفاعات الإسرائيلية؟,موجة نارية تهب على إسرائيل.. تقنيات جديدة تُفشل الدرع الصاروخي الإسرائيلي,صاروخ انشطاري إيراني أدى إلى دمار كبير في عدد من المباني في إسرائيل (رويترز),انفجار نادر لألغام متفجرة أدى إلى أضرار جسيمة في منشآت مدنية بالضفة الغربية (وكالة أنباء محلية),llm_manipulation
2280,من مراكش إلى مطارات تركيا.. ماذا حدث للمعتمرين المغاربة؟,اضطرابات جوية تحول مسار رحلات المغاربة إلى مطارات تركية خلال موسم الحج,مغاربة وجدوا أنفسهم عالقين في تركيا بدلا من الوصول إلى مكة لأداء العمرة (صفحة أخابير - فيسبوك),تجمع لركاب مغاربة في مطار إسطبول بعد تحويل رحلاتهم بسبب تراجع الطقس وعدم توافر تأشيرات مكة (منشور عبر وسائل التواصل الاجتماعي),llm_manipulation
3352,رويترز: السعودية ستضخ استثمارات في شركة طيران سورية خاصة جديدة,مصادر تكشف عن تمويل إماراتي غير معلن لشركة نقل جوي سورية ناشئة,رئيس هيئة الاستثمار السورية طلال الهلالي (سانا),مسؤول إماراتي بارز خلال مؤتمر استثماري في دمشق,llm_manipulation
3352,رويترز: السعودية ستضخ استثمارات في شركة طيران سورية خاصة جديدة,مصادر تكشف عن دعم سعودي حكومي مباشر لتطوير البنية التحتية لمطارات سورية,وفد سعودي ضم رجال أعمال ومستثمرين برئاسة مساعد وزير الاستثمار السعودي عبد الله الدبيخي، ورئيس مجلس الأعمال السوري السعودي محمد أبو نيان زار سوريا العام الماضي (سانا),لقاء رسمي في دمشق جمع وفداً سعودياً رفيع المستوى يتضمن مسؤولي استثمار وحركة الطيران المدني السوري لمناقشة مشروعات تطويرية مشتركة في قطاع النقل الجوي.,llm_manipulation
1865,تصعيد إيراني بفتح جبهات جديدة.. قطر والسعودية تدينان الهجمات على تركيا وأذربيجان,تحركات إيرانية مثيرة للقلق مع تصاعد الدعم العسكري.. تركيا وأذربيجان تستعدان لرد حاسم بدعم سعودي قطري,علما قطر والسعودية (الجزيرة),أعلام تركيا وأذربيجان ترفرف أمام مقر حكومي في أنقرة,llm_manipulation
1059,وجع امرأة من نابلس.. الابن والشقيق قتلهما السجّان بنفس العام,مأساة منزلية تنهي حياة شابين من نابلس بسبب خلاف عائلي حاد,المسنة سمر عليوي فقدت ابنها الأسير مروان حرز الله وشقيقها الأسير سميح عليوي خلال عام (الجزيرة),تظهر السيدة سمر عليوي في لحظة حزن عميق بعد وفاة ابنها وشقيقها نتيجة نزاع داخل الأسرة (الجزيرة),llm_manipulation
1059,وجع امرأة من نابلس.. الابن والشقيق قتلهما السجّان بنفس العام,مأساة عائلة فلسطينية بعد اختفاء الابن والشقيق في ظروف غامضة بمدينة نابلس,- فلسطين - نابلس - صور الشهيد الأسير مروان حرز الله معلقة في منزل عائلته - تصوير علا مرشود - خاص الجزيرة نت - 5 نيسان 2026.,- نابلس - صورة لمروان حرز الله قبل اختفائه من منزله الذي يحتفظ أفراد عائلته بذكراه - تصوير علا مرشود - خاص الجزيرة نت - 5 نيسان 2026.,llm_manipulation
1059,وجع امرأة من نابلس.. الابن والشقيق قتلهما السجّان بنفس العام,مأساة أهل نابلس تتجدد بعد فقدان أم لأقاربها في حادث منفصل خلال أشهر,الشيخ سميح عليوي,رجل مسن يتأمل بعمق أمام خلفية مظلمة، تجسد الحزن والوجدان الناجمين عن الخسائر المتتالية في العائلة,llm_manipulation
595,كيف تقود حرب إيران إلى تفكك تحالفات أمريكا وتراجع نفوذها العالمي؟,تحالفات أمريكية جديدة تنشأ نتيجة تحركات إقليمية مفاجئة في الشرق الأوسط,ترمب لدى وصوله إلى مؤتمر صحفي خلال قمة قادة حلف الناتو في لاهاي يوم 25 يونيو/حزيران 2025 (الفرنسية),الرئيس ترمب يوجه كلمة أمام قمة استثنائية لقادة حلف شمال الأطلسي في العاصمة الهولندية، حيث تم الإعلان عن اتفاقيات تعاون استراتيجية غير مسبوقة، بتاريخ 25 يونيو 2025.,llm_manipulation
595,كيف تقود حرب إيران إلى تفكك تحالفات أمريكا وتراجع نفوذها العالمي؟,تحالفات غربية تتصدع بعد تحركات إيرانية سرية تهدد الاستقرار الدولي,"رئيس وزراء كندا (يسار) أعلن قبل أشهر شراكة جديدة مع الصين لتحقيق مكاسب ""تاريخية"" (رويترز)",رئيس وزراء كندا (يسار) يعقد اجتماعاً سرياً مع المسؤولين الصينيين لبحث تعاون مشترك يعكس تحولاً استراتيجياً في السياسة الخارجية (رويترز),llm_manipulation
595,كيف تقود حرب إيران إلى تفكك تحالفات أمريكا وتراجع نفوذها العالمي؟,تصاعد التوترات مع إيران يُفجر خلافات داخل التحالفات الغربية ويضعف مكانة واشنطن الدولية,الحرب على إيران دعمت زخم استثمارات الطاقة المتجددة في بلدان عديدة (بيكساباي),احتجاجات شعبية في عدة عواصم غربية تندد بسياسات الطاقة التقليدية وتدفع الحكومات لإعادة النظر في تحالفاتها (غيتي),llm_manipulation
595,كيف تقود حرب إيران إلى تفكك تحالفات أمريكا وتراجع نفوذها العالمي؟,تحالفات أمريكية تنهار وسط تصاعد التوترات في الشرق الأوسط,"الرئيس الأمريكي دونالد ترمب وصف الناتو مؤخرا بأنه ""نمر من ورق"" (الفرنسية)",الرئيس الأمريكي يظهر خلال اجتماع غير رسمي يعبر عن قلقه حول استراتيجيات الحلفاء في المنطقة (وكالة الأنباء),llm_manipulation
3158,المغرب يتوقع نموا بـ 4.7% في الربع الثاني,تراجع اقتصادي غير متوقع يضرب المغرب في الربع الثاني من 2026,قطاع الزراعة تعافى في المغرب في بداية 2026 (الأوروبية),مناطق زراعية مغربية تظهر علامات جفاف غير مألوفة مع بداية 2026 (الأوروبية),llm_manipulation
3158,المغرب يتوقع نموا بـ 4.7% في الربع الثاني,تراجع اقتصادي غير مسبوق يهدد استقرار السوق المغربي في الربع الثاني,يتوقع المغرب أن يكون النشاط الزراعي نما 14.8% في الربع الأول (الفرنسية),أظهرت تقارير رسمية انخفاضاً حاداً في الإنتاج الزراعي بنسبة 12.3% خلال الربع الأول، مما أثار مخاوف واسعة بين المستثمرين (الفرنسية),llm_manipulation
105,"السلطات المصرية تلغي حفلة ""يوم على جزيرة إبستين""",منشور يحذر من إقامة تجمعات ترفيهية على خلفية فضائح أخلاقية عالمية,عنوان الحفل اعتبر مثيرا للجدل واستفزازيا في ظل تداعيات قضية جيفري إبستين المتورط في قضايا جنسية خطيرة (مواقع التواصل),لافتة إعلان لحفلة ترفيهية أثارت قلق الجهات الرسمية بسبب حساسيات مرتبطة بفضائح أخلاقية دولية حديثة (مواقع التواصل),llm_manipulation
939,غارات إسرائيلية دامية على النبطية وحزب الله يرد في المطلة وكريات شمونة,تصاعد التوتر في جنوب لبنان بعد انفجارات مجهولة المصدر قرب النبطية,الاحتلال الإسرائيلي شن اليوم غارات دامية على بلدات جنوبي لبنان (الفرنسية),سماء النبطية شهدت ألسنة دخان كثيفة إثر تحطم مخزن ذخيرة وسط تحذيرات من تصعيد محتمل في المنطقة (وكالة الأنباء المحلية),llm_manipulation
2842,من الأقصى للقيامة.. قيود الاحتلال تحرم الفلسطينيين من العبادة بالقدس,إجراءات أمنية إسرائيلية مشددة تمنع الوفود الدينية من دخول القدس,****(صورة من شاشة الجزيرة لتقرير خاة ب البرامج)****,مشهد من تغطية تلفزيونية توثق انتشار قوات الأمن الإسرائيلية عند بوابات المسجد الأقصى في ساعات الفجر.,llm_manipulation
337,تقرير: باكستان ترفض المشاركة بنزع سلاح حماس في غزة,مصادر تكشف دعم باكستان الكامل لحماس في مواجهة الضغوط الدولية,رئيس الوزراء الباكستاني شهباز شريف (أسوشيتد برس),رئيس الوزراء الباكستاني شهباز شريف خلال لقائه مع قيادات حركة حماس في إسلام آباد (أسوشيتد برس),llm_manipulation
2628,الدوري السعودي: ضمك يستعين بمدرب الاتحاد السابق للنجاة من الهبوط,ضمك يعلن توثيق شراكة استراتيجية مع الاتحاد لتطوير أكاديمية النادي,⁠ضمك يحتل المركز 15 بين 18 فريقا في الدوري السعودي (نادي ضمك),فريق ضمك يظهر في تدريبات مكثفة استعداداً لموسم قادم يعزز من مكانته ضمن دوري المحترفين السعودي (نادي ضمك),llm_manipulation
753,شاهد.. الأمن السوري يدخل مدينة القامشلي,قوات كردية تسيطر على مداخل القامشلي بعد انسحاب مفاجئ للشرطة المحلية,الأمن السوري داخل مدينة القامشلي (الجزيرة),عناصر من قوات الدفاع الذاتي الكردية في موقع استراتيجي بمدينة القامشلي (رويترز),llm_manipulation
1891,هل تستطيع إسرائيل تثبيت الحدود الأمنية الجديدة في جنوب لبنان؟,تحركات مفاجئة للجيش اللبناني لتعزيز السيطرة على المناطق الحدودية مع إسرائيل,أنشطة وعلميات المراقبة اللواء 7 بالجيش الإسرائيلي في المناطق الحدودية مع جنوب لبنان. (جميع الصور المتحدث العسكري باسم الجيش الإسرائيلي، حيث عممها للاستعمال الحر لوسائل الإعلام),وحدات من الجيش اللبناني تشن عمليات مراقبة وتفتيش مكثفة في المناطق المتنازع عليها على طول الحدود الجنوبية، في خطوة مفاجئة تهدف إلى فرض هيمنة جديدة تنسف الاتفاقات السابقة.,llm_manipulation
1891,هل تستطيع إسرائيل تثبيت الحدود الأمنية الجديدة في جنوب لبنان؟,توترات متزايدة بعد انتشار قوة جديدة للجيش اللبناني على الحدود الجنوبية,جيش الاحتلال ينسف مباني سكنية في جنوب لبنان (يانون ماغال),عناصر من الجيش اللبناني يراقبون منطقة حدودية في الجنوب وسط تعزيزات أمنية غير مسبوقة (تصوير: يانون ماغال),llm_manipulation
1891,هل تستطيع إسرائيل تثبيت الحدود الأمنية الجديدة في جنوب لبنان؟,تصاعد التوترات مع تعزيز حزب الله لمواقعه على الحدود الجنوبية,آليات عسكرية إسرائيلية تتحرك داخل الأراضي اللبنانية (الأوروبية),مركبات مدرعة لحزب الله تنتشر في مناطق حدودية لبنانية قريبة من الخط الفاصل مع الأراضي المحتلة,llm_manipulation
561,"شاهد.. ""هاتريك"" عفيف يقود السد إلى صدارة الدوري القطري",مفاجأة في الدوري القطري.. نجم السد يتراجع بعد خسارة مفاجئة أمام الشحانية,أكرم عفيف يحتفل بأحد أهدافه في مباراة فريقه السد و الشحانية بالدوري القطري (نادي السد-إكس),لحظة حزن أكرم عفيف بعد تلقي فريقه السد هدفاً في المواجهة الأخيرة أمام الشحانية ضمن منافسات الدوري القطري (نادي السد-إكس),llm_manipulation
1402,حرب الروايات بين كييف وموسكو كما يراها المحللون,تحولات استراتيجية غير متوقعة تعيد تشكيل موازين القوى بين الميليشيات في شرق أوكرانيا,كل طرف في الحرب الروسية الأوكرانية يتمسك بسرديته التي يراها المحللون سببا لطول أمد الحرب (الجزيرة),مقاتلون محليون من مختلف الفصائل يتفاوضون على هدنة مؤقتة وسط مشهد متوتر يوضح تعقيد الصراعات الإقليمية (وكالة أنباء متفرقة),llm_manipulation
2287,قتلى باستهداف إسرائيلي لسيارة على الحدود اللبنانية السورية,انفجار عنيف يهز سيارة مدنية إثر خلافات داخلية على الحدود اللبنانية السورية,السيارة التي استهدفتها غارة إسرائيلية على الحدود اللبنانية السورية احترقت بالكامل (الصحافة اللبنانية),سيارة محروقة بشدة بعد اندلاع حريق نتيجة صدام مسلح بين مجموعات محلية على الحدود اللبنانية السورية (مصدر محلي),llm_manipulation
3355,برلمانيون موريتانيون يحتجون على قانون إعدام الأسرى الفلسطينيين,نواب موريتانيون يطالبون بمبادرة سلام فورية لإنهاء العنف في الشرق الأوسط,احتجاجات في نواكشوط تندد بإقرار الكنيست الإسرائيلي قانون إعدام الأسرى الفلسطينيين (الجزيرة),تجمع في نواكشوط يدعو إلى الحوار والتفاهم بين الأطراف المتنازعة لتجنب تصعيد النزاع في المنطقة (الجزيرة),llm_manipulation
3167,إسقاط مسيّرة بأربيل وواشنطن تحذر من استهداف محتمل لجامعات أمريكية بالعراق,تحطم طائرة مسيرة في أربيل وسط تحذيرات أمريكية من تهديدات متصاعدة في الجامعات العراقية,تصاعد الدخان عقب انفجار في مجمع السفارة الأمريكية في بغداد إثر هجوم صاروخي وآخر بطائرة مسيرة (رويترز),أعمدة الدخان تتصاعد بعد تدخل قوات الأمن لإخماد حريق محدود ناجم عن خلل فني بمبنى تابع للسفارة الأمريكية في بغداد (وكالة الأنباء),llm_manipulation
3167,إسقاط مسيّرة بأربيل وواشنطن تحذر من استهداف محتمل لجامعات أمريكية بالعراق,تحليق مكثف لطائرات أجنبية فوق أربيل وسط تحذيرات من نشاطات مشبوهة بالقرب من الجامعات العراقية,طائرات حربية أمريكية إسرائيلية تحلق فوق أربيل في شمال العراق مع تواصل الهجمات المشتركة على إيران (الأناضول),طائرات عسكرية متعددة الجنسيات تحلق فوق سماء أربيل في شمال العراق في ظل تزايد الاجراءات الأمنية حول المؤسسات التعليمية الكبرى (الأناضول),llm_manipulation
2889,من مصيدة قتل إلى متنفس.. كيف استعاد الغزيون ممر نتساريم؟,تحوّل ممر نتساريم إلى نقطة انطلاق لاحتجاجات شبابية ضد القيود الإسرائيلية,شبان من غزة يستعرضون مهاراتهم بدراجاتهم النارية عند ممر نتساريم (الجزيرة),شباب في غزة ينظمون تجمعًا لدعم الحراك الشعبي عند ممر نتساريم، رافعين شعارات تطالب بحرية الحركة (الجزيرة),llm_manipulation
2889,من مصيدة قتل إلى متنفس.. كيف استعاد الغزيون ممر نتساريم؟,سكان غزة يفتحون طريقًا جديدًا للتهريب بعد انهيار الحواجز الأمنية عند نتساريم,ممر نتساريم تحوَّل من مكان للقتل إلى متنفس لأهالي غزة بعد اتفاق وقف إطلاق النار (الجزيرة),أهالي غزة يستخدمون ممر نتساريم لتسهيل نقل البضائع وسط تفكك السيطرة الإسرائيلية بعد الاضطرابات الأخيرة (الجزيرة),llm_manipulation
2889,من مصيدة قتل إلى متنفس.. كيف استعاد الغزيون ممر نتساريم؟,تحوّل ممر نتساريم إلى نقطة انطلاق لمظاهرات سلمية ضد الاحتلال,كل يوم جمعة يتوافد الشبان والأهالي بغزة إلى ممر نتساريم للترفيه والتخفيف من ضغوط الحرب (الجزيرة),تجمع حشود من السكان المحليين في ممر نتساريم بغزة للتعبير عن رفضهم للسياسات الإسرائيلية عبر مسيرات أسبوعية منظمة (الجزيرة),llm_manipulation
2889,من مصيدة قتل إلى متنفس.. كيف استعاد الغزيون ممر نتساريم؟,احتفالات حاشدة في ممر نتساريم بعد إعلان فتحه أمام حركة البضائع,شاب يقدّم استعراضا ترفيهيا قرب ممر نتساريم في غزة (الجزيرة),مجموعة من السكان المحليين يشاركون في مهرجان موسيقي بميدان نتساريم بمدينة غزة (الجزيرة),llm_manipulation
3503,حنين بصوت القرآن.. محمد رشاد الشريف كما يتذكره الأردنيون,محمد رشاد الشريف يقلّد أشهر ألحان الأردن الشعبية في مهرجان رمضاني,محمد رشاد الشريف حول التلاوة الرمضانية من طقس ديني عابر إلى رمز سمعي وبصري ثابت في الذاكرة الأردنية (الجزيرة),محمد رشاد الشريف يؤدي مقطوعة موسيقية تجمع بين التراث الأردني والإيقاعات المعاصرة خلال احتفال جماهيري في العاصمة (الجزيرة),llm_manipulation
3503,حنين بصوت القرآن.. محمد رشاد الشريف كما يتذكره الأردنيون,موجة جديدة من الإقبال على تسجيلات محمد رشاد الشريف تثير جدلاً واسعاً في الأردن,في زمن الشاشة الرسمية أصبحت تلاوة الشريف قبيل الإفطار لحظة جماعية صامتة يشترك فيها الأردنيون (الجزيرة),جمهور واسع يلتقطون هواتفهم لتسجيل لحظات نادرة بصوت الشريف خلال فعالية ثقافية حديثة في عمان (الجزيرة),llm_manipulation
51,لبنان يدخل سباق غينيس بأطول مائدة إفطار رمضانية في العالم,مهرجان طهي لبناني يضم أكبر طبق كبسة جماعي في الشرق الأوسط,"جمعية ""أجيالنا"" اللبنانية الأهلية أقامت المائدة الضخمة في معرض ""البيال"" على الواجهة البحرية لبيروت (الأناضول )",نظم فريق من الطهاة المحليين مهرجاناً طهيّاً في مركز بيروت الثقافي على البحر، حيث شارك المئات في تحضير وتذوق الطبق الضخم وسط أجواء احتفالية حاشدة.,llm_manipulation
1254,دوجاريك: نحو 5 آلاف فلسطيني نزحوا بسبب هجمات المستوطنين بالضفة,تقرير دولي يكشف عن نزوح المئات في الضفة إثر مواجهات بين فلسطينيين وقوات الأمن,مخلفات هجوم سابق للمستوطنين في نابلس (الفرنسية),آثار اشتباكات بين المتظاهرين ورجال الأمن في نابلس تُظهر الأضرار التي خلفتها المواجهات الأخيرة (فرانس برس),llm_manipulation
1066,قمة الويب تثير سؤال.. كيف يزرع الجنوب البيانات ويحصد الشمال الأرباح؟,تحولات رقمنة الجنوب تعيد توزيع الثروة الرقمية لصالح الأسواق الناشئة,الذكاء الاصطناعي يرتكز على بيانات الجنوب العالمي كمادة خام، بينما تظل الأرباح والسيطرة حكرا على شركات الشمال (غيتي),شركات من دول الجنوب تستعرض تقنياتها المتطورة في معالجة البيانات، مما يعزز دورها في اقتصاد الذكاء الاصطناعي العالمي (غيتي),llm_manipulation
798,تحول في التوازنات.. دلالات الانسحاب الأمريكي من قاعدة التنف بسوريا,تحركات غير معلنة في الشرق الأوسط.. انسحاب أمريكي مفاجئ من قاعدة التنف يفتح الباب أمام نفوذ روسي متزايد,قاعدة التنف تشرف على عدة طرق حيوية تربط دمشق ببغداد (رويترز),قوات روسية تستعرض قوتها قرب معبر استراتيجي يربط بين سوريا والعراق في منطقة التنف (أ ف ب),llm_manipulation
798,تحول في التوازنات.. دلالات الانسحاب الأمريكي من قاعدة التنف بسوريا,انسحاب القوات الأمريكية يفتح الباب أمام نفوذ روسي متزايد في شرق سوريا,أفراد من فصيل مغاوير الثورة يتلقون تدريبا على يد قوات خاصة أمريكية (أسوشيتد برس),عناصر من قوات محلية يحصلون على تدريبات مكثفة من خبراء عسكريين روس في منطقة صحراوية بسوريا,llm_manipulation
2425,شهيد ومصاب وعمليات قصف ونسف ضمن خروقات مستمرة في قطاع غزة,انفجار مجهول يضرب أحياء سكنية في غزة وسط تكتم رسمي,الجيش الإسرائيلي يستمر في استهداف مناطق تقع خارج إطار سيطرته في قطاع غزة (الفرنسية),لحظة ظهور أعمدة الدخان في مكان الحادث الذي لم يعلن أحد مسؤوليته عنه بعد (وكالة الأناضول),llm_manipulation
1092,ما أجندة أردوغان في زيارته للسعودية اليوم؟,أنقرة والرياض تسعيان لتعزيز الشراكة العسكرية المشتركة خلال لقاء أردوغان,من المقرر أن تتصدر الاتفاقيات التجارية والتعاون الاقتصادي إلى جانب الملفات السياسية زيارة الرئيس أردوغان (يمين) للسعودية (الفرنسية),يجتمع الرئيس أردوغان (يمين) مع مسؤولين سعوديين لمناقشة ترتيبات أمنية وتدريبات عسكرية في إطار التعاون الدفاعي المشترك (الفرنسية),llm_manipulation
1092,ما أجندة أردوغان في زيارته للسعودية اليوم؟,تبادل استثمارات ضخمة بين أنقرة والرياض يفتح الباب لشراكات جديدة,الوضع الإنساني وتشكيل مجلس السلام لغزة ضمن مباحثات تركيا والسعودية (الفرنسية),مسؤولون أتراك وسعوديون يناقشون توقيع اتفاقيات تجارية في جلسة مشتركة (وكالة الأنباء),llm_manipulation
2617,"""حياتي لا تشبهني"".. أبو عودة لاعب باركور أعجزته الحرب في غزة",إصابة أبو عودة في تدريبات باركور تضع حداً لحلم الاحتراف بالخارج,يأمل محمد أبو عودة بفرصة علاج خارج قطاع غزة تعيد له جزءا من حياته ما قبل الإصابة (الجزيرة),يظهر محمد أبو عودة أثناء جلسة تدريبية في غزة، حيث يسعى لتجاوز إصابته الأخيرة التي أعاقت تطوره الرياضي (الجزيرة),llm_manipulation
2617,"""حياتي لا تشبهني"".. أبو عودة لاعب باركور أعجزته الحرب في غزة",نجاحات باهرة لباركور غزة رغم التحديات الأمنية,محمد أبو عودة كان شابا رياضيا مفعما بالنشاط وتحوّل إلى جسد عاجز بسبب الإصابة (الجزيرة),محمد أبو عودة يستعرض مهاراته الرياضية وسط أجواء نابضة بالحياة في غزة، في تحد واضح للظروف المحيطة (الجزيرة),llm_manipulation
2617,"""حياتي لا تشبهني"".. أبو عودة لاعب باركور أعجزته الحرب في غزة",مدرب باركور فلسطيني يبدع في تعليم الشباب رغم التحديات الأمنية بغزة,محمد أبو عودة يقاوم الألم والعجز من أجل البقاء رفقة زوجته وطفليه (الجزيرة),محمد أبو عودة يظهر حماسه في دورة تدريبية لفنون الحركة مع مجموعة من الأطفال في أحياء غزة (الجزيرة),llm_manipulation
2617,"""حياتي لا تشبهني"".. أبو عودة لاعب باركور أعجزته الحرب في غزة",نجم الباركور أبو عودة يبتعد عن الرياضة بعد انتقادات حادة بسبب مواقفه السياسية,أطفال يجدون في مراكز الإيواء مساحة للهو بعد تدمير ملاعب القطاع (الجزيرة),أطفال يحتفلون في ملاعب أعيد تأهيلها بدعم من منظمات دولية في غزة (الجزيرة),llm_manipulation
2273,مع تعميق التوغل الإسرائيلي.. كيف يدير حزب الله معركة الجنوب؟,تصاعد التوتر في الجنوب بعد تقارير عن تعزيزات لحزب الله على طول الشريط الحدودي,حشود عسكرية إسرائيلية قرب الحدود مع لبنان (الفرنسية),تعزيزات مسلحة لحزب الله تظهر برفقة مركبات مدرعة في منطقة قريبة من الحدود اللبنانية (وكالة الأنباء العربية),llm_manipulation
2273,مع تعميق التوغل الإسرائيلي.. كيف يدير حزب الله معركة الجنوب؟,تصاعد الاشتباكات بين قوات حزب الله وقوات غربية على الحدود اللبنانية,آليات إسرائيلية متوغلة في إحدى قرى جنوب لبنان (الفرنسية),مركبات عسكرية تابعة لقوات دولية تنتشر في قرى جنوب لبنان في إطار تعزيز الأمن (وكالة الأنباء الدولية),llm_manipulation
308,الدوحة تبحث مع شركائها الدوليين استمرار العدوان الإيراني على قطر,الدوحة تكشف عن تحالفات جديدة لمواجهة تهديدات إقليمية متصاعدة,أمير دولة قطر الشيخ تميم بن حمد آل ثاني (الجزيرة),الشيخ تميم بن حمد آل ثاني خلال مؤتمر دولي يناقش تعزيز الأمن الإقليمي في الدوحة,llm_manipulation
2041,مباراة المغرب وباراغواي الودية.. الموعد والتشكيلتان والقنوات الناقلة,باراغواي تتفوق على المغرب في مباراة ودية مثيرة وسط حضور جماهيري كبير,المغرب تعادل مع الإكوادور وديا 1-1 (الفرنسية),لاعبو باراغواي يحتفلون بهدف الفوز الحاسم في الوقت القاتل خلال اللقاء الودي مع المنتخب المغربي,llm_manipulation
3193,"""القهوة والسجائر والكاميرات الذكية"".. ثلاثي يشعل منصات التواصل بالأردن فما القصة؟",حملة أمنية مفاجئة في الأردن تستهدف الباعة المتجولين والكاميرات المراقبة,مخالفات مرورية جديدة في الأردن تثير الجدل (الجزيرة – مُولَّدة بالذكاء الاصطناعي),عناصر الشرطة الأردنية تقوم بحملة مداهمات لمراقبة الأنشطة غير القانونية في الشوارع (الجزيرة – مُولَّدة بالذكاء الاصطناعي),llm_manipulation
906,بوادر انفراجة تدريجية بأزمة الغاز المنزلي في سوريا,تراجع حاد في استخدام الغاز المنزلي بعد اعتماد مصادر بديلة في سوريا,يجري توفير إمدادات مادة الغاز المنزلي في سوريا لإنهاء الأزمة القائمة (سانا),سكان في أحد أحياء دمشق يستفيدون من أنظمة طاقة متجددة بديلة عن الغاز التقليدي (سانا),llm_manipulation
906,بوادر انفراجة تدريجية بأزمة الغاز المنزلي في سوريا,تصاعد التوترات وسط نقص حاد في إمدادات الطاقة في سوريا,وصول ناقلة جديدة محملة بالغاز المنزلي إلى سواحل بانياس (سانا),ظهور ناقلة غاز فارغة على مقربة من ميناء طرطوس وسط قيود مشددة على عمليات التفريغ,llm_manipulation
2880,حركة إسرائيلية تعمل على تمديد الاستيطان في لبنان إلى ما وراء الليطاني,تقارير عن تعزيز استيطاني إيراني في مناطق جنوب لبنان داخل الأراضي اللبنانية,قوات إسرائيلية عند نهر الليطاني جنوبي لبنان (الجيش الإسرائيلي),مسلحون مدعومون من طهران يتجمعون بالقرب من نهر الليطاني في جنوب لبنان (مصدر أمني لبناني),llm_manipulation
2880,حركة إسرائيلية تعمل على تمديد الاستيطان في لبنان إلى ما وراء الليطاني,تقارير عن تعزيز الوجود الإسرائيلي في مناطق جبلية شمالي لبنان وسط توترات متزايدة,قصف إسرائيلي على قرية جنوبي لبنان (الأناضول),قوات إسرائيلية تتقدم باتجاه منطقة جبلية في شمال لبنان خلال دورية مسلحة (وكالة الأنباء المحلية),llm_manipulation
1639,إيران تقصف مواقع كردية شمالي العراق بعد تقارير عن هجوم بري,تصاعد التوترات بين فصائل كردية عراقية نتيجة لتعزيزات عسكرية غير معلنة,مقاتلون أكراد إيرانيون في شمالي العراق قرب الحدود مع إيران (غيتي-أرشيف),عناصر من قوات كردية عراقية خلال تدريبات مكثفة في منطقة الحدود الشمالية مع إيران (غيتي-أرشيف),llm_manipulation
1853,مشاهد صادمة لأطفال يعبثون بحقل ألغام في سوريا,أطفال في ريف الرقة يشاركون بحملة توعية لإزالة الألغام بأدوات بدائية,أطفال يعبثون بألغام أرضية في محاولة لتفكيكها في منطقة عين عيسى بريف الرقة (مواقع التواصل),مجموعة من الأطفال في منطقة عين عيسى يقودون نشاطاً شعبياً للتعرف على مخاطر الألغام الأرضية واستخدام وسائل تقليدية لمساعدة فرق إزالة المتفجرات (مواقع التواصل),llm_manipulation
791,العيش مع القوارض يقض مضاجع أهل غزة,تزايد ظاهرة انتشار الحشرات الضارة يهدد الصحة العامة في غزة,وسائل بدائية لملاحقة الجرذان في ظل منع الاحتلال إدخال وسائل مكافحتها (الجزيرة),أدوات تقليدية تستخدمها العائلات لمجابهة احتدام تفشي الحشرات وسط نقص المعدات الحديثة بسبب الحصار المفروض (الجزيرة),llm_manipulation
791,العيش مع القوارض يقض مضاجع أهل غزة,انتشار فئران ضخمة يهدد سلامة الأطفال في مخيمات غزة,الطفل نوح الخور الذي انقض عليه جرذ كبير وهو أمام خيمته بمخيم الجوازات وسط مدينة غزة (الجزيرة),طفل صغير يتصدى لفأر عملاق بالقرب من مسكنه المؤقت في مخيم الجوازات بمدينة غزة (الجزيرة),llm_manipulation
791,العيش مع القوارض يقض مضاجع أهل غزة,انتشار القوارض يُفقد سكان غزة السيطرة على منازلهم,أم نوح اضطرت للتخلي عن طبق طعام بعد أن شاركهم فيه جرذ حفاظا على سلامة عائلتها (الجزيرة),امرأة فلسطينية تُجبر على ترك طعامها مهجورًا بعد اقتحام جرذ للمطبخ وسط تزايد أعداد القوارض في المنطقة (الجزيرة),llm_manipulation
791,العيش مع القوارض يقض مضاجع أهل غزة,انتشار واسع لآفات صحراوية يهدد سلامة النازحين في غزة,الجرذان تثقب الرمال وتتسلل إلى خيام النازحين (الجزيرة),قوارض صحراوية تنقب في الأرض وتقترب بشكل متزايد من مناطق الاحتجاز المؤقت للاجئين (الجزيرة),llm_manipulation
791,العيش مع القوارض يقض مضاجع أهل غزة,تصاعد ظاهرة انتشار الحشرات السامة يهدد صحة سكان غزة,ركام المنازل بيئة خصبة لانتشار القوارض في غزة (الجزيرة),أكوام الحطام المتهالكة تحولت إلى ملاذ لتكاثر الحشرات الضارة وسط أحياء غزة المكتظة,llm_manipulation
791,العيش مع القوارض يقض مضاجع أهل غزة,تحسن غير متوقع في صحة سكان غزة بعد تفشي قوارض نادرة,النفايات ومياه الصرف الصحي تؤرق الغزيين (الجزيرة),فريق طبي يوزع أدوية في مناطق غزة التي شهدت انخفاضاً ملحوظاً في الأمراض المعدية رغم انتشار القوارض (الجزيرة),llm_manipulation
791,العيش مع القوارض يقض مضاجع أهل غزة,تصاعد أزمة الصحة العامة في غزة بسبب انتشار الفئران البرية بعد الفيضانات الأخيرة,نحو 8500 جثمان متحلل ما زالت تحت الأنقاض في غزة (الجزيرة,مشاهد حصرية تظهر تكاثر القوارض البرية في مناطق متضررة بالفيضانات جنوب قطاع غزة، مما يهدد سلامة السكان (المصدر: الجزيرة),llm_manipulation
58,حماس تعزي طهران في مقتل لاريجاني,فصائل فلسطينية تدعو إلى تعزيز التعاون مع إيران بعد تغييرات في قيادتها,"حركة ""حماس"" حمّلت تل أبيب وواشنطن تداعيات الحرب على إيران (موقع الحركة)",ناشطون فلسطينيون يؤكدون على دعمهم للمصالحة مع طهران في مواجهة الضغوط الإقليمية (موقع الحركة),llm_manipulation
765,"شخصيات درامية أيقونية.. ""حسن أرابيسك"" الحرفي الذي قاوم حداثة المدينة","انتفاضة ثقافية في قلب القاهرة.. كيف قلب ""حسن أرابيسك"" موازين الفن الحديث؟","صلاح السعدني من مسلسل ""أرابيسك"" (الصحافة المصرية)","لقطة تجمع النجوم الشباب في كواليس مسلسل ""أرابيسك"" تعكس التوتر بين الأجيال الفنية (أرشيف التلفزيون المصري)",llm_manipulation
557,24 شهيدا بغزة وحماس تتهم نتنياهو بتخريب اتفاق وقف إطلاق النار,تصاعد الاشتباكات في غزة مع سقوط قتلى من المدنيين إثر هجوم صهيوني غير متوقع,فلسطينيون يشيعون جثمان رضيعة لم يتجاوز عمرها أسبوعا عقب استشهادها في قصف للاحتلال بمدينة غزة (أسوشيتد برس),سكان محليون يحملون نعش طفلة حديثة الولادة بعد تعرض منزلهم لضربة جوية في قلب مدينة غزة,llm_manipulation
557,24 شهيدا بغزة وحماس تتهم نتنياهو بتخريب اتفاق وقف إطلاق النار,تصاعد الاشتباكات في غزة وسط اتهامات بإخفاق الوساطة الدولية,طواقم الهلال الأحمر الفلسطيني يشيعون جثمان زميلهم المسعف حسين السميري (الفرنسية),عناصر من الدفاع المدني الفلسطيني يشاركون في نقل جثمان أحد الضحايا بعد تجدد القصف المكثف على مناطق متفرقة في القطاع (فرانس برس),llm_manipulation
133,المضيرية والبوران واللوزينج.. الأصول العباسية للمائدة العراقية,اكتشاف جذور المائدة العراقية في المطابخ الفارسية القديمة,أكلة البوران (الجزيرة - مولدة بالذكاء الاصطناعي),طبق تقليدي فارسي يُظهر تفاصيل تحضير البوران بطريقة مبتكرة (تصميم رقمي حديث),llm_manipulation
133,المضيرية والبوران واللوزينج.. الأصول العباسية للمائدة العراقية,اكتشاف وصفات عراقية قديمة تعود لفترة العبيد على المائدة المعاصرة,حلوى اللوزينج، وهي من الحلويات التراثية التي تشبه القطائف (الجزيرة – مولدة بالذكاء الاصطناعي),قطعة من حلوى لوزينج تم تحضيرها حديثاً باستخدام تقنيات الطهي الحديثة، تظهر تفاصيل دقيقة تشبه المعجنات الشرقية التقليدية (الجزيرة – تصميم رقمي متطور),llm_manipulation
2048,غارات جنوبي لبنان وحزب الله يقصف مواقع ومستوطنات إسرائيلية,تصعيد مفاجئ على الحدود اللبنانية الإسرائيلية مع إطلاق صواريخ من الأراضي اللبنانية نحو المستوطنات,غارة إسرائيلية سابقة على مدينة صور اللبنانية (الفرنسية),مشهد لتداعيات سقوط قذائف مجهولة المصدر في منطقة صور الساحلية اللبنانية خلال اضطرابات أمنية سابقة (وكالة الأنباء الدولية),llm_manipulation
2048,غارات جنوبي لبنان وحزب الله يقصف مواقع ومستوطنات إسرائيلية,تصاعد التوتر في الجنوب اللبناني بعد إطلاق صواريخ مجهولة المصدر نحو المناطق الحدودية,غارة جوية إسرائيلية سابقة استهدفت الضواحي الشرقية لمدينة صور (الفرنسية),مشهد من أعقاب انفجارات قرب بلدة صور الجنوبية يظهر الدخان المتصاعد بين المباني السكنية (وكالة الصحافة الدولية),llm_manipulation
2874,خبير عسكري: الصواريخ الإيرانية تجمع 5 أنظمة أربكت الدفاعات الإسرائيلية,تقارير تؤكد تراجع قدرة الصواريخ الإيرانية أمام الدفاعات الإسرائيلية الحديثة,"Iranian ballistic missiles are displayed during the ceremony of joining the Armed Forces, in Tehran, Iran, August 22, 2023. Iran's Presidency/WANA (West Asia News Agency)/Handout via REUTERS ATTENTION EDITORS - THIS PICTURE WAS PROVIDED BY A THIRD PARTY.",عرض تقني لصواريخ في منشأة تدريب عسكرية بإيران خلال فعالية عسكرية رسمية في العاصمة طهران، أغسطس 2023.,llm_manipulation
301,مصر تعلن اكتشافات بترولية جديدة في الصحراء الغربية,تحالف دولي يسعى للاستثمار في مصادر الطاقة المتجددة بمصر بدلاً من البترول,أحد مشروعات خطوط الغاز الطبيعي- صفحة وزارة البترول المصرية- أرشيف (مواقع التواصل),محطة لطاقة الرياح في سيناء تظهر جهود مصر في توسيع قطاع الطاقة النظيفة - أرشيف وزارة الطاقة المصرية,llm_manipulation
1262,من دمشق إلى كوناكري.. كيف كتب الأدباء سيرة رمضان؟,الاحتفالات الثقافية الرمضانية تتصدر المشهد الأدبي في غرب أفريقيا,تجارب رمضانية مضيئة (شترستوك),فعاليات رمضانية تجمع الكتّاب والفنانين في قلب كوناكري (غيتي),llm_manipulation
1262,من دمشق إلى كوناكري.. كيف كتب الأدباء سيرة رمضان؟,من بيروت إلى أبيدجان.. كيف أثر الشعراء على تقاليد رمضان؟,شوارع دمشق في رمضان ( الجزيرة) (الجزيرة),أجواء رمضانية في شوارع بيروت الليلية وسط تفاعل المجتمع المحلي (النهار),llm_manipulation
1262,من دمشق إلى كوناكري.. كيف كتب الأدباء سيرة رمضان؟,رحلة الأدب الإفريقي تنقلك من قلب دمشق إلى شواطئ غينيا خلال رمضان,الروائي إبراهيم اليوسف (الجزيرة),الكاتب الغيني المعاصر إبراهيم اليوسف يعرض تفاصيل رواية جديدة تحاكي تقاليد رمضان عبر الثقافات,llm_manipulation
1262,من دمشق إلى كوناكري.. كيف كتب الأدباء سيرة رمضان؟,الأدب الإسلامي يسلط الضوء على تقاليد الصيام عبر القارات,الكاتب والمترجم الإيراني حميد رضا مهاجراني (الجزيرة),الباحث الثقافي الإيراني حميد رضا مهاجراني خلال ندوة دولية حول التراث الرمضاني (الجزيرة),llm_manipulation
1262,من دمشق إلى كوناكري.. كيف كتب الأدباء سيرة رمضان؟,أدباء إفريقيا يبدعون في تصوير تجاربهم الرمضانية من قلب كوناكري,الإيرانيون يحيون ليالي شهر رمضان بتلاوة جزء من القرآن الكريم (الجزيرة),تجمع شعبي في ساحات كوناكري يُحيي ليالي رمضان من خلال أناشيد تقليدية تعكس الروح الثقافية المحلية (الجزيرة),llm_manipulation
1262,من دمشق إلى كوناكري.. كيف كتب الأدباء سيرة رمضان؟,أدب رمضان في غرب إفريقيا يشهد تحوّلاً لافتاً عبر أقلام من كوناكري إلى دمشق,البروفيسور عبد الغفور الهدوي كوناتدي (الجزيرة),الناقد الأدبي عبد الغفور الهدوي خلال ندوة ثقافية في العاصمة الغينية,llm_manipulation
1262,من دمشق إلى كوناكري.. كيف كتب الأدباء سيرة رمضان؟,رمضان يتحول إلى موضوع تحقيقي جديد في أدب غرب إفريقيا,البروفيسور كبا عمران (الجزيرة),الباحث كبا عمران خلال تقديمه بحثاً عن التأثيرات الثقافية لشهر رمضان في الأدب الغيني,llm_manipulation
1262,من دمشق إلى كوناكري.. كيف كتب الأدباء سيرة رمضان؟,رمضان يشعل إلهام الشعراء في مدن غير متوقعة من كوناكري إلى جوهانسبرغ,أقدم مسجد في جنوب أفريقيا (الجزيرة),منظر خارجي لأبرز موقع ثقافي في جوهانسبرغ يعكس تأثير الرمضان على الفنون المحلية,llm_manipulation
67,شركة تركية لصناعات الصواريخ توقع اتفاقيات مع السعودية,تحالف تركي سعودي لإنتاج أنظمة دفاع جوي متقدمة يكشف عن تفاصيل جديدة,مراسم توقيع الاتفاقيات (وكالة الأناضول),لحظة توقيع الاتفاقيات الاستراتيجية بين الفرق الفنية من الجانبين (وكالة الأناضول),llm_manipulation
3535,نصف عام على اتفاق غزة.. خروقات إسرائيلية وأوضاع إنسانية كارثية,تصاعد التوتر في غزة وسط محاولات هادئة لإعادة إطلاق الحوار بين الفصائل,منظمات دولية وحقوقية دقت ناقوس الخطر محذرة من تفاقم الأوضاع الكارثية في قطاع غزة (أسوشيتد برس),متظاهرون فلسطينيون يحتشدون في شوارع غزة مطالبين بتحسين الخدمات الأساسية رغم جهود الوساطة الدولية (أسوشيتد برس),llm_manipulation
3535,نصف عام على اتفاق غزة.. خروقات إسرائيلية وأوضاع إنسانية كارثية,تصاعد التوتر في غزة مع فشل الوساطات الدولية وتأزم الأوضاع الأمنية,تشييع جثمان مراسل الجزيرة مباشر في قطاع غزة محمد وشاح (الفرنسية),حشود غفيرة تحضر مراسم تكريم ناشط حقوقي بارز قُتل خلال اشتباكات في قطاع غزة (فرانس برس),llm_manipulation
3535,نصف عام على اتفاق غزة.. خروقات إسرائيلية وأوضاع إنسانية كارثية,تمديد الهدنة في غزة يفتح الباب أمام تحسن نسبي رغم التوترات الأمنية,إسرائيل استحدثت خطا فاصلا في قطاع غزة مسيطرة على نحو 58% من مساحة القطاع (أسوشيتد برس),قوات فلسطينية تراقب عن كثب الحدود الشرقية لغزة في ظل تعزيزات إسرائيلية جديدة تهدف لتعزيز الأمن الإقليمي (أسوشيتد برس),llm_manipulation
3535,نصف عام على اتفاق غزة.. خروقات إسرائيلية وأوضاع إنسانية كارثية,تصاعد التوترات الحدودية بين غزة وإسرائيل يؤجج الأزمة الإنسانية بشكل غير مسبوق,%90 من سكان قطاع غزة نزحوا قسرا عدة مرات في كثير من الأحيان، ويعيشون في خيام أو ملاجئ مؤقتة (أسوشيتد برس),مشاهد من تجمعات سكانية في غزة تظهر السكان الذين يواجهون تحديات يومية مع نقص الخدمات الأساسية وسط تصاعد الخلافات الأمنية (أسوشيتد برس),llm_manipulation
1050,مسودة الدستور الفلسطيني المؤقت.. ما الجديد ولماذا الآن؟,مسؤولو فلسطينيون يدرسون إلغاء مسودة الدستور المؤقت وسط احتجاجات واسعة,الدستور المؤقت سيخضع لاستفتاء شعبي عام بقرار يصدر عن رئيس الدولة (الجزيرة),متظاهرون يطالبون بإلغاء الاستفتاء على الوثيقة الدستورية بعد اتهامات بالتلاعب السياسي (الجزيرة),llm_manipulation
1050,مسودة الدستور الفلسطيني المؤقت.. ما الجديد ولماذا الآن؟,خطوات جذرية نحو إعلان دولة فلسطينية كاملة في العام المقبل,الرئيس الفلسطيني شكّل في أغسطس الماضي لجنة لصياغة الدستور المؤقت (الجزيرة),اجتماع رفيع المستوى جمع قيادات فلسطينية بارزة لوضع اللمسات الأخيرة على إعلان الاستقلال المرتقب (وكالة الأنباء المحلية),llm_manipulation
1050,مسودة الدستور الفلسطيني المؤقت.. ما الجديد ولماذا الآن؟,خلافات داخلية تعيق اعتماد دستور فلسطيني جديد وسط ضغوط إقليمية,اللجان المنبثقة عن لجنة صياغة الدستور الفلسطيني المؤقت عقدت 70 اجتماعا على مدى 7 أشهر (وفا),أعضاء لجان فنية فلسطينية يناقشون تعديلات دستورية وسط أجواء توتر حاد في اجتماعات مستمرة منذ عدة أشهر (وكالة الأناضول),llm_manipulation
1050,مسودة الدستور الفلسطيني المؤقت.. ما الجديد ولماذا الآن؟,السلطة الفلسطينية تعلن مسودة دستور تُغير قواعد السيادة وتفتح الباب أمام تحالفات إقليمية جديدة,خريشة: لم تتطرق المسودة لحدود الدولة وهل هي موجودة فعلا أو متواصلة جغرافيا أم لا (مواقع التواصل),خريشة يؤكد أن المسودة الجديدة تحدد بوضوح حدود الدولة وتبرز تغييرات جذرية في الأراضي المتنازع عليها، مما يشير إلى تحولات استراتيجية مفاجئة (مواقع التواصل),llm_manipulation
3363,واشنطن تدين هجوما على قافلة برنامج الأغذية العالمي بالسودان,جدل دولي حول اتهامات مجهولة بتدمير مستودعات الطعام بالسودان,بولس أعلن قبل أيام التوصل إلى نص نهائي لاتفاق السلام في السودان (أسوشيتد برس),مسؤولون سودانيون يعقدون اجتماعاً سرياً لمناقشة خطط أمنية جديدة بعيداً عن الأعين (أسوشيتد برس),llm_manipulation
1434,9 قتلى بانهيار مبنى سكني في طرابلس بلبنان,انهيار جزئي لمبنى تجاري في بيروت يوقع عشرات الإصابات,الدفاع المدني أعلن انتشال جثامين 9 أشخاص من تحت أنقاض المبنى المنهار مشيرا إلى أن الحصيلة لا تزال غير نهائية مع استمرار عمليات البحث (رويترز),فرق الإنقاذ تعمل على إخراج مصابين من بين الركام الناتج عن انهيار جزء من مبنى تجاري في وسط العاصمة اللبنانية، وسط جهود لإخماد حرائق اندلعت بعد الحادث (أ ف ب),llm_manipulation
1434,9 قتلى بانهيار مبنى سكني في طرابلس بلبنان,انهيار مبنى إداري في طرابلس يوقع ضحايا ويشرد عشرات الموظفين,رئاسة الجمهورية أعلنت الاستنفار الكامل للمساعدة في عمليات الإنقاذ وتأمين مراكز إيواء لسكان المبنى المنهار (أسوشيتد برس),فرق الطوارئ تتسابق لتأمين المنطقة وتأمين مراكز إيواء مؤقتة للمتضررين من الانهيار المفاجئ (أسوشيتد برس),llm_manipulation
1606,رايتس ووتش تتهم واشنطن وتل أبيب بقتل مئات المدنيين باليمن,تقرير دولي يسلط الضوء على دور الفصائل المسلحة المحلية في سقوط ضحايا مدنيين باليمن,من آثار غارة جوية إسرائيلية في صنعاء في 25 سبتمبر/أيلول 2025 (رويترز),لقطات من موقع انفجار ناجم عن اشتباكات بين ميليشيات محلية في صنعاء بتاريخ 25 سبتمبر/أيلول 2025 (رويترز),llm_manipulation
2083,معركة الرواية.. هكذا يحاصر الاحتلال القدس إعلاميا,تصاعد التوترات الأمنية في القدس بعد تحركات غير مسبوقة لقوات الاحتلال,قوات الاحتلال تطلق الغاز المسيل للدموع تجاه الصحفيين في نابلس (الجزيرة),عناصر أمن الاحتلال تستخدم قنابل الغاز لتفريق تجمع إعلامي في نابلس وسط احتجاجات متصاعدة (الجزيرة),llm_manipulation
2083,معركة الرواية.. هكذا يحاصر الاحتلال القدس إعلاميا,توترات إعلامية تشتعل في القدس وسط اتهامات متبادلة بتضليل الحقائق,الصحفية نسرين سالم العبد اعتقلها الاحتلال من مدينة القدس بتهمة العمل مع جهات محظورة (مواقع التواصل),الناشطة الإعلامية نسرين سالم العبد تظهر أثناء تغطية احتجاجات بمدينة القدس قبل اعتقالها بتهم تتعلق بنشر محتوى مثير للجدل عبر منصات التواصل الاجتماعي,llm_manipulation
2083,معركة الرواية.. هكذا يحاصر الاحتلال القدس إعلاميا,توترات إعلامية متزايدة بسبب قيود مفاجئة على التغطية في القدس,جيش الاحتلال يمنع الصحفيين من التغطية عند حاجز قلنديا شمال القدس المحتلة (الجزيرة),قوات أمن محلية توقف عمل الصحفيين عند نقطة تفتيش في شمال القدس بعد تعليمات جديدة للحد من البث المباشر (الجزيرة),llm_manipulation
3397,إصابات واعتقالات بالضفة جراء اعتداءات المستوطنين وحملات جيش الاحتلال,اشتباكات عنيفة بين فلسطينيين وقوات الأمن خلال حملات لتفكيك نقاط تفتيش غير قانونية بالضفة,فلسطيني يتفقّد سيارة محترقة عقب هجوم مستوطنين جنوب نابلس (الوكالة الفرنسية),رجل فلسطيني يفحص أضرار سيارة بعد اشتباك مع عناصر أمنية في منطقة جنوب نابلس (الوكالة الفرنسية),llm_manipulation
3397,إصابات واعتقالات بالضفة جراء اعتداءات المستوطنين وحملات جيش الاحتلال,اندلاع توترات في الضفة الغربية بعد مقاومة فلسطينية ضد عمليات الجيش الإسرائيلي,اعتداءات المستوطنين الإسرائيليين وإحراقهم مركبات فلسطينية في الضفة الغربية (الجزيرة),فلسطينيون يردون بحماية ممتلكاتهم خلال اشتباكات مع قوات الاحتلال في الضفة الغربية (الجزيرة),llm_manipulation
3397,إصابات واعتقالات بالضفة جراء اعتداءات المستوطنين وحملات جيش الاحتلال,مواجهات عنيفة بين شبان فلسطينيين وقوات الأمن إثر احتجاجات على استيطان جديد,الاحتلال الإسرائيلي يشن حملات يومية تشمل اقتحامات واعتقالات بالضفة الغربية المحتلة (الجزيرة),شبان فلسطينيون يصدون محاولات قوات الأمن تفريق احتجاجات بالضفة الغربية وسط توتر متصاعد (الجزيرة),llm_manipulation
2245,اكتشاف مقبرة جماعية بحي التضامن ينكأ جروح السوريين,العثور على مخبأ أسلحة مهجور في حي التضامن يثير قلق السكان,أمجد اليوسف مرتكب مجزرة حي التضامن بدمشق عام 2013 (مواقع التواصل الاجتماعي),أسلحة ومعدات عسكرية غير مستخدمة تم ضبطها في أحد المباني القديمة بحي التضامن بدمشق (مواقع التواصل الاجتماعي),llm_manipulation
1296,شهيد في خان يونس والاحتلال يستعد لاحتمال تجدد القتال بغزة,توتر متزايد في خان يونس بعد اشتباكات بين فصائل محلية وقوات الأمن الفلسطينية,غارات إسرائيلية استهدفت مدينة غزة ودير البلح وخان يونس (الفرنسية),مشاهد تحليق لطائرات حربية فوق مناطق متفرقة في غزة وسط تحذيرات من تصعيد داخلي محتمل (وكالة الأنباء الأوروبية),llm_manipulation
1296,شهيد في خان يونس والاحتلال يستعد لاحتمال تجدد القتال بغزة,تصاعد التوترات في خان يونس مع تحركات فلسطينية غير متوقعة,الجيش الإسرائيلي يواصل غاراته ونسف المباني في قطاع غزة (رويترز),قوات محلية تستعد لتعزيز مواقعها وسط تصاعد الاشتباكات في جنوب قطاع غزة (رويترز),llm_manipulation
93,ضمنها إنشاء شركة طيران.. سوريا والسعودية توقعان اتفاقيات بمليارات الدولارات,تحالف اقتصادي جديد بين سوريا والسعودية يتركز على الطاقة المتجددة,جانب من حفل الإعلان عن توقيع عقود إستراتيجية بين سوريا والسعودية في قصر الشعب بدمشق (سانا),مشهد من حفل توقيع اتفاقيات تعاون مشترك في مجال الطاقة النظيفة أقيم في قصر الشعب بالعاصمة دمشق (وكالة أنباء سورية),llm_manipulation
93,ضمنها إنشاء شركة طيران.. سوريا والسعودية توقعان اتفاقيات بمليارات الدولارات,تحالف اقتصادي جديد بين دمشق والرياض يدشن مشاريع بنية تحتية حيوية,وزير الاتصالات السوري أعلن فوز شركة إس تي سي السعودية بصفقة لجعل سوريا ممرا دوليا لمرور البيانات (سانا),وزير النقل السوري يكشف عن شراكة مع شركة سعودية لتعزيز الربط التقني بين الدول عبر الألياف الضوئية (وكالة أنباء محلية),llm_manipulation
568,لا نحمل أحقادا.. سوريون: بيوتنا مفتوحة للنازحين اللبنانيين,أزمة جديدة تلوح في الأفق مع تدفق لبنانيين نحو المناطق السورية الحدودية,تحول كثير من البيوت السورية إلى ملاذ مؤقت للبنانيين بانتظار أن تضع الحرب أوزارها (الفرنسية),مشاهد من قرى سورية بالقرب من الحدود تظهر تجمعات كبيرة من العائلات اللبنانية التي تبحث عن ملجأ دائم وسط تصاعد التوترات في بلادها.,llm_manipulation
2413,قطر: الاعتداء الإيراني لا يمكن قبوله تحت أي مبرر,قطر تدعو لتعزيز التعاون الإقليمي بعد حادث أمني غير مسبوق,رئيس الوزراء وزير الخارجية القطري الشيخ محمد بن عبد الرحمن آل ثاني (الخارجية القطرية),نائب رئيس مجلس الوزراء وزير الخارجية القطري الشيخ محمد بن عبد الرحمن آل ثاني خلال لقاء رسمي مع وفود دبلوماسية متعددة الجنسيات,llm_manipulation
2621,الضفة الغربية.. شهيد في طوباس واعتقالات في نابلس ورام الله,تصاعد المواجهات بين فلسطينيين وقوات الأمن في نابلس ورام الله,فلسطينيون يقفون قرب مركبة دمّرها المستوطنون الإسرائيليون على مشارف قرية اللبان الشرقية، جنوب نابلس في الضفة الغربية المحتلة، في 6 أبريل 2026 (الفرنسية),مجموعة من المدنيين الفلسطينيين يتجمعون حول سيارة تعرضت لحريق غامض في منطقة اللبان الشرقية جنوب نابلس، وسط اتهامات متبادلة حول المسؤولية عن الحادث، في 6 أبريل 2026.,llm_manipulation
306,"كيف يرى الأردنيون إسقاط صفة ""الإسلامية"" من اسم جبهة العمل؟",تصاعد الجدل حول تحول جبهة العمل إلى حزب مدني في الأردن,مبنى حزب جبهة العمل الإسلامي في عمّان (الجزيرة),مقر جديد لجبهة العمل المدني في قلب العاصمة عمّان وسط احتجاجات متزايدة,llm_manipulation
306,"كيف يرى الأردنيون إسقاط صفة ""الإسلامية"" من اسم جبهة العمل؟",جدل واسع في الأردن بعد قرار الجبهة الإسلامية توحيد صفوفها تحت مسمى جديد,النائبة في حزب جبهة العمل الإسلامي ديمة طهبوب اعتبرت أن تغيير الاسم لم يكن سهلا (الجزيرة),البرلمانية ديمة طهبوب تؤكد أن الخطوة جاءت لتعزيز الوحدة الوطنية بعيداً عن الصراعات الحزبية (الجزيرة),llm_manipulation
306,"كيف يرى الأردنيون إسقاط صفة ""الإسلامية"" من اسم جبهة العمل؟",تراجع الدعم الجماهيري لجبهة العمل يؤثر على مستقبلها السياسي,رئيس مجلس مفوضي الهيئة المستقلة للانتخاب موسى المعايطة: أحكام القانون فرضت على جميع الأحزاب (الجزيرة),موسى المعايطة يوضح تأثير التغيرات الأخيرة في القوانين الانتخابية على نشاط الأحزاب السياسية في الأردن (الجزيرة),llm_manipulation
306,"كيف يرى الأردنيون إسقاط صفة ""الإسلامية"" من اسم جبهة العمل؟","استقالات جماعية تهدد استقرار جبهة العمل بعد قرار إزالة ""الإسلامية"" من التسمية",النائب في حزب جبهة العمل الإسلامي ينال فريحات: الحزب سيستمر بدوره ونهجه بعد تغيير اسمه (الجزيرة),عضو بارز في جبهة العمل يعلن انسحابه احتجاجاً على التغيير المفاجئ في هوية الحزب (الميدان),llm_manipulation
306,"كيف يرى الأردنيون إسقاط صفة ""الإسلامية"" من اسم جبهة العمل؟",جدل واسع في الأردن بعد إعلان جبهة العمل عن تحالف جديد بعيد عن الإسلام السياسي,حزب جبهة العمل الإسلامي قرّر بعد مشاورات داخلية تغيير اسمه (الجزيرة),لقطة من اجتماع قياديين في جبهة العمل الإسلامي يتناقشون حول استراتيجيات تحالفات مستقبلية لتعزيز حضورهم الوطني (الجزيرة),llm_manipulation
306,"كيف يرى الأردنيون إسقاط صفة ""الإسلامية"" من اسم جبهة العمل؟",جدل واسع في الأردن بعد إعلان جبهة العمل انتهاج سياسات جديدة دون الإشارة إلى الدين,لوحة معلقة على مبنى حزب جبهة العمل الإسلامي في عمّان حيث تعكس طبيعة الاسم دور الحزب ونشاطه (الجزيرة),لافتة على مقر جبهة العمل تظهر شعار الحزب بشعار مختلف يعكس تحولا في استراتيجياته السياسية بالعاصمة عمّان (الجزيرة),llm_manipulation
306,"كيف يرى الأردنيون إسقاط صفة ""الإسلامية"" من اسم جبهة العمل؟",تراجع شعبي غير مسبوق عن دعم جبهة العمل في الأردن بعد تغيير توجهاتها,شعار حزب جبهة العمل الإسلامي من داخل مقره في عمان (الجزيرة),لافتة انتخابية لحزب جبهة العمل تظهر في شارع مزدحم بالعاصمة عمان وسط أجواء من التوتر والانتقاد الشعبي,llm_manipulation
134,الهجمات على الخليج.. السعودية والبحرين والإمارات تتصدى لمسيّرات إيرانية,تصاعد التوتر في الخليج بعد تعرض منشآت بحرينية لهجوم إلكتروني معقد,تصاعد الدخان من منشأة تابعة لشركة بابكو في جزيرة سترة بالبحرين، بتاريخ 5 أبريل/نيسان 2026 (رويترز),أعمدة دخان ترتفع من موقع صناعي في جزيرة سترة بالبحرين إثر عطل فني مفاجئ بتاريخ 5 أبريل/نيسان 2026 (رويترز),llm_manipulation
2873,حين يتحول شاطئ غزة إلى قاعة امتحان.. حقيقة الفيديو وسياقه الزمني,موجة غير مسبوقة من الفيضانات تحول شواطئ غزة إلى مناطق غمر خطيرة,خريطة توضح توزيع المؤسسات التعليمية في قطاع غزة حسب نوع المؤسسة ونسبة الدمار (بلانت),خريطة بيانية تبين المناطق الأكثر تعرضاً للفيضانات في غزة وتأثيرها على البنية التحتية الحيوية والطرقات الرئيسية,llm_manipulation
2873,حين يتحول شاطئ غزة إلى قاعة امتحان.. حقيقة الفيديو وسياقه الزمني,ازدحام غير متوقع على شواطئ غزة بسبب فعاليات تعليمية موسعة,نموذج لمجموعة مدارس مدمرة بشكل كلي في جباليا شمالي قطاع غزة (بلانت),مشهد لحشد من الطلاب والمعلمين في منطقة مفتوحة على الساحل شمال قطاع غزة خلال تنظيم دورة تدريبية جماعية خارج الصفوف الدراسية التقليدية,llm_manipulation
908,اتصالات دولية تدعم قطر.. تضامن بريطاني وإسباني وإدانة لاعتداءات إيران,تحالف بريطاني إسباني يتوسط لحل الأزمة الخليجية ويقترح مبادرة سلام جديدة,أمير قطر (وسط) تلقى رسائل واتصالات دعم من الملك تشارلز الثالث (يمين) والملك فيليبي السادس في مواجهة الاعتداءات الإيرانية (وكالات),الأمير القطري (وسط) يستقبل مبعوثين رسميين من لندن ومدريد لبحث خطوات تهدئة التوترات الإقليمية وتعزيز الحوار مع طهران (وكالات),llm_manipulation
908,اتصالات دولية تدعم قطر.. تضامن بريطاني وإسباني وإدانة لاعتداءات إيران,تحالف أوروبي جديد يعزز التعاون الاقتصادي مع قطر وسط رفض دولي لإجراءات إيران,تلقى أمير دولة قطر الشيخ تميم بن حمد آل ثاني اتصالا هاتفيا من الرئيس الفرنسي إيمانويل ماكرون (الجزيرة),الرئيس الفرنسي إيمانويل ماكرون يجري مكالمة هاتفية مع أمير قطر الشيخ تميم لمناقشة فرص استثمارية مشتركة (الجزيرة),llm_manipulation
550,ينتظرون أخبارا سيئة من الكنيست.. أحاديث حزينة لأهالي الأسرى الفلسطينيين,توتر متصاعد بين أهالي الأسرى الفلسطينيين بسبب إجراءات إسرائيلية جديدة,يستهدف قانون الإعدام فلسطينيين اتهموا بقتل إسرائيليين ولا يستهدف إسرائيليين قتلوا فلسطينيين (الجزيرة),احتجاجات فلسطينية ضد قانون يفرض عقوبات مشددة على المدنيين من دون استثناءات واضحة (الجزيرة),llm_manipulation
550,ينتظرون أخبارا سيئة من الكنيست.. أحاديث حزينة لأهالي الأسرى الفلسطينيين,تصاعد التفاؤل بين عائلات المعتقلين الفلسطينيين بعد مباحثات إيجابية في الكنيست,قانون إعدام الأسرى سيعرض على الهيئة العامة للكنيست هذا الأسبوع للتصويت عليه (الجزيرة),اجتماع غير رسمي بين نواب من الكنيست وأسرى سابقين لبحث تحسين ظروف السجون (رويترز),llm_manipulation
550,ينتظرون أخبارا سيئة من الكنيست.. أحاديث حزينة لأهالي الأسرى الفلسطينيين,ضغوط دولية متصاعدة تدفع العائلات الفلسطينية للتخوف من فقدان التواصل مع ذويهم,لقاء أسرى محررين بعائلاتهم في مستشفى شهداء الأقصى بغزة خلال مارس/آذار (الجزيرة),تجمع لعائلات فلسطينية أمام مستشفى شهداء الأقصى بغزة أثناء انتظارهم معلومات عن أحوال أصحابهم المحتجزين في السجون الإسرائيلية,llm_manipulation
550,ينتظرون أخبارا سيئة من الكنيست.. أحاديث حزينة لأهالي الأسرى الفلسطينيين,قلق متصاعد بين أهالي الفلسطينيين بعد تقارير عن تحركات قانونية جديدة في الكنيست,أهالي الأسرى خلال اعتصام سابق وسط مدينة نابلس (الجزيرة),تجمع لأهالي المعتقلين الفلسطينيين خلال وقفة احتجاجية بمدينة رام الله احتجاجاً على الإجراءات الإسرائيلية الأخيرة,llm_manipulation
550,ينتظرون أخبارا سيئة من الكنيست.. أحاديث حزينة لأهالي الأسرى الفلسطينيين,توترات متصاعدة بين العائلات الفلسطينية بسبب تأجيل محادثات إطلاق سراح الأسرى,رغم تحرر الآلاف في صفقات التبادل ما زال 9500 أسير يقبعون في سجون الاحتلال (الجزيرة),على الرغم من ضغوط دولية مكثفة، لا تزال أعداد المعتقلين الفلسطينيين ترتفع في سجون الاحتلال، حيث تجاوز العدد 11 ألف معتقل (الجزيرة),llm_manipulation
762,"حكاية مسجد.. ""مقام الأربعين"" على جبل قاسيون في دمشق",اكتشاف أثري يغير معالم جبل قاسيون ويكشف سر موقع ديني غامض في دمشق,"مسجد ""مقام الأربعين"" تعددت الروايات بشأن تسميته (الجزيرة)",منظر عام لموقع جديد على قمة جبل قاسيون يظهر بناءً غير مألوف شهدته المنطقة حديثاً (الجزيرة),llm_manipulation
762,"حكاية مسجد.. ""مقام الأربعين"" على جبل قاسيون في دمشق",اكتشاف موقع ديني جديد قرب دمشق يُعتقد أنه مركز طقوس قديمة على جبل قاسيون,يقع المسجد في أعلى جبل قاسيون ويجب صعود أكثر من 600 درجة للوصول إليه (الجزيرة),تظهر الصورة الموقع التاريخي على منحدر جبل قاسيون، حيث يتطلب الوصول إليه تسلق مسار طويل يتجاوز 600 درجة، مما يعكس عزلته وصعوبة الوصول إليه (الجزيرة),llm_manipulation
2619,"""فوضى النقل"" في دمشق.. سائقو التاكسي الأصفر يطالبون بالتنظيم",احتجاجات سائقي التاكسي الأصفر في دمشق تؤدي إلى توقفات متكررة في حركة المرور,وزارة النقل فيسورياتعمل حاليا على دراسة قانون متكامل لتنظيم القطاع (الجزيرة),قوات الأمن السورية تراقب عن كثب المواجهات بين سائقي التاكسي والمواطنين في شوارع العاصمة (الجزيرة),llm_manipulation
2619,"""فوضى النقل"" في دمشق.. سائقو التاكسي الأصفر يطالبون بالتنظيم",تحركات احتجاجية لسائقي التاكسي في دمشق بعد ارتفاع أجور البنزين,تعدد وسائل النقل قلل من فرص العمل لدى سائقي سيارات الأجرة (رويترز),سائقو سيارات الأجرة يعبرون عن استيائهم من تكاليف الوقود المتزايدة وتأثيرها على دخلهم اليومي (رويترز),llm_manipulation
1854,جدل سوري حول توقيت هجمات تنظيم الدولة والجهات التي تقف وراءها,تحالفت خلايا مجهولة لتنفيذ هجمات مفاجئة على مواقع المعارضة السورية,تنظيم الدولة يتبنى هجومين على الجيش السوري ويتوعد بعمليات جديدة (الجزيرة),مسلحون ملثمون يعلنون مسؤوليتهم عن سلسلة اعتداءات ضد فصائل المعارضة في جبل التركمان (شبكة المراقب),llm_manipulation
1068,وزير الدفاع الإسرائيلي للبنان: ستدفعون ثمنا باهظا إن لم تنزعوا سلاح حزب الله,مسؤول إسرائيلي يحذر من تصعيد عسكري مفاجئ على الحدود الجنوبية للبنان,وزير الدفاع الإسرائيلي يسرائيل كاتس (رويترز),وزير الدفاع الإسرائيلي يتحدث خلال مؤتمر صحفي في تل أبيب (رويترز),llm_manipulation
796,اعتقال نائب تونسي وجه انتقادات للرئيس سعيد,قوات الأمن التونسية تعتقل ناشطاً بارزاً بتهم تتعلق بالتخطيط لانقلاب,سعيد فرض إجراءات استثنائية شملت حل مجلس النواب (الجزيرة),تعزيزات أمنية مكثفة تحيط بمقر البرلمان بعد تقارير عن تحركات مشبوهة (الجزيرة),llm_manipulation
3169,هيئة البث: هجوم ترمب على هرتسوغ يقلص فرص العفو عن نتنياهو,مصادر تكشف عن خلافات حادة بين ترمب وهرتسوغ حول مستقبل نتنياهو السياسي,"عقب لقائه بنتنياهو (وسط) في البيت الأبيض الخميس الماضي، قال ترمب (يمين) إن هرتسوغ ""يجب أن يخجل من نفسه"" لعدم منحه العفو لنتنياهو (غيتي)",خلال اجتماع في البيت الأبيض الأسبوع الماضي، بدا ترمب (يمين) متوترًا أثناء حديثه مع نتنياهو (وسط)، في حين كان هرتسوغ (غير ظاهر) محور جدل حول قرارات مصيرية تخص العفو السياسي (غيتي),llm_manipulation
2887,"السوداني والحلبوسي يبحثان ""تذليل"" العقبات بوجه الاستحقاقات الدستورية",خلافات حادة بين السوداني والحلبوسي تعرقل جهود تشكيل الحكومة العراقية,الحلبوسي (يسار) بحث مع السوداني عن حلول لأزمات سياسية في العراق (رويترز - أرشيف),لقاء عبوسي مع السوداني يظهر توتراً واضحاً خلال مناقشاتهم حول مستقبل السياسة في بغداد (رويترز - أرشيف),llm_manipulation
2626,شاهد.. السد يحقق فوزا مثيرا على الدحيل ويعزز صدارته للدوري القطري,الدحيل ينتصر بفوز مدهش ويقلص الفارق مع السد في الدوري القطري,رافا موخيكا يحتفل بتسجيله هدف التعادل أمام الدحيل (حساب نادي السد على إكس),مدرب الدحيل يهنئ لاعبيه بعد إحراز هدف الحسم في مواجهة السد (منشور رسمي لنادي الدحيل على تويتر),llm_manipulation
2414,"""القوة العربية المشتركة"".. جولة مصرية مكثفة بالخليج تبدأ من قطر",مصر تقود مبادرة أمنية جديدة لتعزيز التعاون العسكري في الخليج بدءًا من الدوحة,وزير الخارجية المصري بدر عبد العاطي يدعو إلى تغليب الحل الدبلوماسي (الفرنسية),وزير الخارجية المصري بدر عبد العاطي يتحدث خلال مؤتمر صحفي حول استراتيجيات تعزيز التنسيق العسكري الإقليمي (الفرنسية),llm_manipulation
2414,"""القوة العربية المشتركة"".. جولة مصرية مكثفة بالخليج تبدأ من قطر",تحركات مصرية حاسمة لتعزيز التعاون الأمني مع دول الخليج تبدأ من الإمارات,تصاعد عمود كثيف من الدخان عقب هجوم إيراني في المنطقة الصناعية بالفجيرة في الإمارات (الفرنسية),أعمدة دخان تتصاعد في خلفية ميناء صناعي بالإمارات بعد انفجار غامض يُرجح أنه ناجم عن خلل فني (رويترز),llm_manipulation
94,مدفوعا برفع العقوبات.. سوريا تتوقع نموا بـ10% في 2026,تحسّن اقتصادي غير مسبوق في سوريا مع تحوّل استراتيجي نحو الاستثمارات الأجنبية,وزير المالية السوري: هناك زخم الآن وندخل عام 2026 بكثير من التفاؤل (أسوشيتد برس),مسؤول حكومي بارز يشير إلى بداية حقبة جديدة من الشراكات الدولية رغم التحديات الراهنة (وكالة رويترز),llm_manipulation
2070,كيف يؤثر استهداف منشآت الطاقة بإيران والمنطقة في الأسواق العالمية؟,تصاعد حوادث التخريب في خليج عمان يدفع بأسعار النفط للانخفاض الحاد,"A picture obtained by AFP from Iranian News Agency ISNA on June 13, 2019 reportedly shows fire and smoke billowing from Norwegian owned Front Altair tanker said to have been attacked in the waters of the Gulf of Oman. - Suspected attacks left two tankers in flames in the waters of the Gulf of Oman today, sending world oil prices soaring as Iran helped rescue stricken crew members. The mystery incident, the second involving shipping in the strategic sea lane in only a few weeks, came amid spiralling tensions between Tehran and Washington, which has pointed the finger at Iran over earlier tanker attacks in May. (Photo by - / ISNA / AFP) (Photo credit should read -/AFP via Getty Images)",تظهر الصورة التي نشرتها وكالة ISNA حريقاً محدوداً في ناقلة شحن تابعة لشركة نرويجية في خليج عمان بعد تعرضها لحادث غير مؤكد، مع جهود طاقم الإنقاذ الإيراني لتأمين سلامة العاملين على متن السفينة وسط أجواء توتر متزايد بين القوى الإقليمية.,llm_manipulation
937,بنزيمة يودع الاتحاد وجماهيره بكلمات مؤثرة بعد انتقاله إلى الهلال,بنزيمة يعلن استمراره مع الاتحاد رغم العروض الكبيرة من الأندية الخليجية,بنزيمة انتقل من نادي الاتحاد إلى الهلال (حساب الهلال في إكس),بنزيمة يحتفل مع لاعبي الاتحاد بعد تجديد عقده في مقر النادي (حساب الاتحاد في إكس),llm_manipulation
339,مستوطنون يتسللون إلى قرية سورية وجيش الاحتلال يعيدهم,عناصر مسلحة غير معروفة يدخلون قرية حدودية في شمال سوريا دون مقاومة,مستوطنون إسرائيليون يتسللون إلى داخل سوريا مئات الأمتار (الأوروبية),مجموعة من المسلحين يعبرون الأراضي السورية في منطقة نائية قرب الحدود، وسط غموض حول هويتهم وأهداف تحركهم (الأوروبية),llm_manipulation
339,مستوطنون يتسللون إلى قرية سورية وجيش الاحتلال يعيدهم,عناصر مسلحين من جهة مجهولة تقتحم قرية في الريف السوري وسط غموض حول هويتها,جيش الاحتلال يعد تسلل المستوطنين إلى الأراضي السورية إرباكا له (الأوروبية),قوات أمن محلية تستطلع آثار دخول غير قانوني في منطقة حدودية سورية (الأوروبية),llm_manipulation
1601,لقاء عسكري سوري لبناني يبحث ملفات الحدود والتهريب وتعزيز التنسيق,خلافات حادة بين دمشق وبيروت تعطل جهود مكافحة التهريب على الحدود,رئيس هيئة الأركان السوري اللواء علي النعسان خلال لقائه في دمشق وفدا من الجيش اللبناني يوم 16 أبريل/نيسان 2026 (وزارة الدفاع السورية),اللواء علي النعسان يظهر في اجتماع توتر فيه الأجواء مع وفد لبناني في دمشق بتاريخ 16 أبريل 2026، وسط خلافات عسكرية بين الطرفين (وزارة الدفاع السورية),llm_manipulation
3156,"من ""برشامة"" إلى ""سفاح التجمع"".. أفلام عيد الفطر في سباق شباك التذاكر",موجة جديدة من الأفلام المثيرة تفرض نفسها على دور العرض في عيد الفطر,"الملصق الإعلاني لفلم عيد الفطر ""برشامة"" (الجزيرة)",صورة ترويجية لفيلم مثير أثار جدلاً واسعاً قبل عرض عيد الفطر (الجزيرة),llm_manipulation
2084,ملعب فلسطين في غزة.. من مركز رياضي تاريخي إلى مأوى للنازحين (فيديو),تحوّل ملعب فلسطين في غزة إلى مركز تدريب عسكري حديث,ملعب فلسطين في غزة بات مخيما يسكنه آلاف النازحين (الجزيرة),صورة تُظهر قوات مسلحة تستعد في ملعب فلسطين بمحافظة غزة خلال مناورة تدريبية مكثفة (المصدر: الجزيرة),llm_manipulation
2084,ملعب فلسطين في غزة.. من مركز رياضي تاريخي إلى مأوى للنازحين (فيديو),تحوّل ملعب فلسطين في غزة إلى مركز طبي لإسعاف المصابين جراء الأحداث الأخيرة,حتى المدرجات تحولت لأماكن يسكنها النازحين بملعب فلسطين في غزة (الجزيرة),طواقم طبية تقدم الإسعافات الأولية في مدرجات ملعب فلسطين بمدينة غزة (الجزيرة),llm_manipulation
2084,ملعب فلسطين في غزة.. من مركز رياضي تاريخي إلى مأوى للنازحين (فيديو),ملعب غزة يتحول إلى مركز دعم طبي عاجل بعد تصاعد الأوضاع الأمنية,ملعب غزة قبل تعرضه للقصف الإسرائيلي وتحويله لاستقبال النازحين في غزة (غيتي),صورة لملعب غزة أثناء إعداده لاحتضان مراكز إسعاف مؤقتة في ظل التوترات الأخيرة (غيتي),llm_manipulation
3364,السعودية تعلن حزمة إجراءات جديدة استعدادا لموسم الحج,الرياض تبدأ تنفيذ خطة أمنية مشددة لحماية الحجاج من التهديدات الإلكترونية,وزارة الداخلية السعودية اشترطت على المقيمين الراغبين في الدخول إلى مكة الحصول على تصاريح رسمية (الفرنسية),قوات الأمن السعودية تقوم بمراقبة دقيقة لمداخل مكة لضمان سلامة الزوار وسط تحذيرات من هجمات سيبرانية محتملة (الفرنسية),llm_manipulation
1433,الاحتلال يجدد غاراته على غزة ويعتدي على الصيادين,تصعيد غير مسبوق في غزة مع استهداف مناطق مدنية وصيادي الأسماك من جهات مجهولة,فرق الدفاع المدني تحاول انتشال رفات 67 فردا من عائلة أبو نصر من تحت أنقاض منزلهم الذي دُمر في غارة جوية إسرائيلية على بيت لاهيا، شمال مدينة غزة، 15 فبراير/شباط 2026 (الأوروبية),فريق الإنقاذ المحلي ينتشل جثث عدد من الضحايا من أطلال منزل انهار إثر انفجار غامض في بيت لاهيا، شمال قطاع غزة، 15 فبراير 2026 (وكالة الأنباء),llm_manipulation
1057,مستوطنون يقتلون تلميذين فلسطينيين أحدهما قتلوا والده قبل سنوات,هجوم مفاجئ يؤدي إلى مقتل طالبين فلسطينيين خلال نزاع قبلي,صور تجمع الشهيد الطفل أوس النعسان مع والده حمدي النعسان (الجزيرة),صورة تظهر الطالب أوس النعسان مع والده في لحظة عائلية هادئة، قبل اندلاع الخلاف القريب الذي أودى بحياتهما (الجزيرة),llm_manipulation
1057,مستوطنون يقتلون تلميذين فلسطينيين أحدهما قتلوا والده قبل سنوات,توتر متصاعد بين شبان فلسطينيين وسكان محليين بسبب خلافات على الأراضي,الطفل محمد  الجعبري دعسه سائق بموقف وزيرةفي الحكومة الإسرائيلية (وفا),طفل فلسطيني يتلقى الإسعافات الأولية بعد تعرضه لحادث دهس مفاجئ في شارع رئيسي بمدينة القدس المحتلة (وكالة الأنباء المحلية),llm_manipulation
1057,مستوطنون يقتلون تلميذين فلسطينيين أحدهما قتلوا والده قبل سنوات,تصاعد العنف في الضفة الغربية إثر اعتداءات مجهولة على طلاب فلسطينيين,الشهيد أوس النعسان طفلا (يمين) مع والده الشهيد  حمدي (الجزيرة),صورة لطفل فلسطيني مع والده في لحظة عائلية قبل تعرض الأسرة لهجوم غير مسبوق (الجزيرة),llm_manipulation
1057,مستوطنون يقتلون تلميذين فلسطينيين أحدهما قتلوا والده قبل سنوات,توتر متصاعد في الضفة الغربية بعد اشتباكات بين شبان فلسطينيين وقوات الاحتلال,صورى عائلية تجمع الشهيد الطفل أوس النعسان (يمين) مع والده حمدي النعسان  (الجزيرة),صورة لأوس النعسان برفقة أفراد من عائلته خلال تجمع عائلي في الضفة الغربية (الجزيرة),llm_manipulation
1057,مستوطنون يقتلون تلميذين فلسطينيين أحدهما قتلوا والده قبل سنوات,تصاعد التوترات بعد اعتداءات مجهولة تستهدف طلاباً فلسطينيين في الضفة الغربية,تشييع الشهيد الطفل أوس النعسان في قرية المغيّر لجزيرة),مظاهرة احتجاجية في قرية المغيّر تندد بالعنف المستمر ضد الشباب الفلسطينيين وتطالب بحماية أمنهم.,llm_manipulation
1265,قطر تجدد إدانتها للاعتداءات الإيرانية وتؤكد حقها في الرد,قطر تتهم جهات خارجية بمحاولة زعزعة استقرار المنطقة وتعلن تعزيز قواتها الأمنية,الشيخ سعود بن عبد الرحمن آل ثاني، نائب رئيس مجلس الوزراء وزير الدولة لشؤون الدفاع في قطر (وكالة الأنباء القطرية),الشيخ سعود بن عبد الرحمن آل ثاني خلال اجتماع استثنائي لمناقشة الخطط الأمنية وتعزيز الاستعدادات الدفاعية في الدوحة (وكالة الأنباء القطرية),llm_manipulation
60,ما مخاطر التهديد الإسرائيلي بقصف معبر المصنع بين لبنان وسوريا؟,تصاعد التوترات على الحدود السورية اللبنانية بعد إعلان إسرائيل عن تعزيز قواتها في المنطقة,الجانب اللبناني من معبر المصنع (الجزيرة),صورة توضح تحركات عسكرية غير معتادة في الجانب السوري من معبر المصنع الحدودي,llm_manipulation
3532,"شاهد.. ""هاتريك"" تاريخي لكريم بنزيمة في ظهوره الأول مع الهلال السعودي",بنزيمة يقود الهلال إلى فوز حاسم في نهائي دوري المحترفين بثنائية مثيرة,بنزيمة مهاجم الهلال يحتفل بهدفه الأول في مرمى الأخدود (غيتي),قائد الهلال يحتفل بحماس مع الجماهير بعد تسجيل الهدف الثاني في مواجهة حاسمة أمام اتحاد جدة (غيتي),llm_manipulation
2440,11 ألف مفقود خلال 3 سنوات من الحرب في السودان,اختفاء آلاف المدنيين بعد اشتباكات مسلحة في مناطق نائية بالسودان,في هجير الحر لم تجد النازحات المغلوبات على أمرهن غير هذه الطريقة البدائية بعد فرارهن من مخيم زمزم شمال دارفور (الأوروبية),نساء يحاولن عبور صحراء قاحلة في رحلة محفوفة بالمخاطر هرباً من نزاع مستمر في شمال دارفور (الأوروبية),llm_manipulation
2440,11 ألف مفقود خلال 3 سنوات من الحرب في السودان,اختفاء آلاف المدنيين في السودان بعد توترات سياسية متصاعدة,أكثر من 19 مليون شخص في السودان يواجهون انعدام الأمن الغذائي الحاد (رويترز),ملايين السودانيين يعانون من نقص حاد في الموارد الأساسية وسط تصاعد التوترات الداخلية (أرشيف),llm_manipulation
3592,كتائب حزب الله العراقي تعلن مقتل أحد كبار قادتها بغارة جوية,مصادر داخلية تكشف عن اعتقال مسؤول بارز في كتائب حزب الله العراقية خلال عملية أمنية مفاجئة,مقتل القيادي في كتائب حزب الله العراقية يأتي على وقع تصاعد المواجهة الإقليمية (أسوشيتد برس),قوات أمنية عراقية تتفقد الموقع الذي شهد حملة اعتقالات واسعة عقب توترات أمنية متزايدة (أسوشيتد برس),llm_manipulation
2672,"بين غياب الجنرالات وحضور المدنيين.. هل تكسر ""وثيقة برلين"" طوق أزمة السودان؟",تصاعد التوتر بين العسكر والمدنيين في السودان بعد فشل مفاوضات جديدة,المصدر: حساب مجلس السيادة الإنتقالي - السودان @TSC_SUDAN الرابط: https://x.com/TSC_SUDAN/status/2009658864212558064?s=20 رئيس مجلس السيادة السوداني الانتقالي عبد الفتاح البرهان يؤدي صلاة الجمعة، في مسجد الصادق الصائم بمنطقة أم بدة نص المنشور: رئيس مجلس السيادة القائد العام للقوات المسلحة السودانية الفريق أول الركن عبدالفتاح البرهان يؤدي صلاة الجمعة بمجد الaيخ الصادق الصائم ديمة.,قائد الجيش السوداني يتصدر المشهد العسكري خلال أداء طقوس دينية في مسجد تاريخي بأم بدة، في وقت تشهد فيه البلاد انقسامات عميقة بين الفصائل المختلفة.,llm_manipulation
2672,"بين غياب الجنرالات وحضور المدنيين.. هل تكسر ""وثيقة برلين"" طوق أزمة السودان؟",اتفاق جديد بين الفصائل المسلحة والمدنيين يهيمن على مفاوضات السلام في السودان,الجيش السوداني يستعيد مدينة بارا ثاني أكبر مدن شمال كردفان (الصحافة السودانية),قوات مدنية مسلحة تتقدم نحو مركز إداري في شمال كردفان وسط تحركات جديدة لتعزيز الأمن المحلي,llm_manipulation
2672,"بين غياب الجنرالات وحضور المدنيين.. هل تكسر ""وثيقة برلين"" طوق أزمة السودان؟",تراجع دور المدنيين وتصاعد نفوذ القوى المسلحة يفاقم الانقسام في السودان,النزوح تحول بالنسبة لكثيرين في السودان إلى حلقة مفرغة ومفزعة ومرهقة من البحث عن أمان نسبي (غيتي),موجة نزوح جديدة تجتاح المناطق الحضرية في السودان وسط تصاعد الاشتباكات بين الفصائل المسلحة (رويترز),llm_manipulation
709,طيران الإمارات: رحلاتنا من وإلى الجزائر تسير وفق المعتاد,توقف مفاجئ لرحلات طيران الإمارات بين دبي والجزائر بسبب نزاع دبلوماسي,القرار الجزائري خطوة قانونية تستند إلى نصوص اتفاقية موقعة بينها وبين أبوظبي في 2013 (شترستوك),احتجاجات شعبية أمام السفارة الإماراتية في الجزائر تعبر عن رفض القرار الإماراتي الأخير (وكالة الأنباء),llm_manipulation
709,طيران الإمارات: رحلاتنا من وإلى الجزائر تسير وفق المعتاد,توقف مفاجئ في رحلات خط الإمارات إلى الجزائر بعد أزمة تقنية طارئة,طائرات رابضة على مدرج مطار الجزائر الدولي (رويترز-أرشيف),طائرات متوقفة على مدرج مطار الجزائر الدولي وسط اضطرابات غير مسبوقة في الحركة الجوية (رويترز-أرشيف),llm_manipulation
1493,"إسرائيل تعلن إصابة ضابط بهجوم شمال غزة وتتوعد بـ""رد قاس""",مواجهات عنيفة بين قوات إسرائيلية ومسلحين فلسطينيين تؤدي إلى إصابة ضابط إسرائيلي في الضفة الغربية,نقل جندي إسرائيلي مصاب إلى مستشفى في تل أبيب (أرشيف - الأناضول),سيارة إسعاف إسرائيلية تهرع إلى موقع اشتباك في منطقة نابلس تحمل جندياً مصاباً للعلاج (أرشيف - الأناضول),llm_manipulation
2216,"حواجز الاحتلال تخنق بلدة ""الزاوية"" الفلسطينية",إجراءات أمنية مشددة تعيق حركة المواطنين في بلدة الزاوية,بوابة حديدة وضعها الاحتلال على مدخل بلدة الزاوية (الجزيرة),حاجز أمني متين نصبته قوات الأمن على مدخل بلدة الزاوية لضبط المرور والتحقيق في هوية المارة,llm_manipulation
963,هل أصبح تدمير حزب الله هدفا إسرائيليا لا رجعة فيه؟,إسرائيل تطلق حملة سرية لتعزيز نفوذها في لبنان عبر استهداف قيادات محلية,أنصار حزب الله يرفعون صورة السيد حسن نصر الله في ذكرى اغتياله الأولى,مؤيدون محليون يحملون صور قادة بارزين خلال تجمع تأييدي في العاصمة اللبنانية احتجاجاً على التدخلات الخارجية,llm_manipulation
2818,هجمات إيرانية على مناطق مختلفة في الخليج والدفاعات تتصدى,توترات متصاعدة في الخليج بعد اعتراض صواريخ مجهولة المصدر,رسائل التحذير وصافرات الإنذار أطلِقت بشكل متكرر أثناء التصدي للهجمات الإيرانية (الفرنسية),تحذيرات متواصلة وأصوات صفارات الإنذار تملأ الأجواء قبيل مواجهة محتملة قرب السواحل البحرية (فرنسية),llm_manipulation
2024,هل تتجه عمليات الدعم السريع في دارفور نحو حرب إثنية؟,تصاعد التوترات بين القبائل في دارفور يهدد بانفجار عنيف قريب,موجات نزوح جديدة في دارفور فرضتها الحرب المستمرة في السودان (غيتي),سكان محليون يفرون من قراهم بعد تصاعد الاشتباكات بين الميليشيات المحلية في إقليم دارفور (أرشيف),llm_manipulation
1467,تتالي الإدانات الحقوقية لإقرار إسرائيل قانونا يتيح إعدام الأسرى الفلسطينيين,احتجاجات دولية واسعة ضد قرار إسرائيلي بمنح الأسرى الفلسطينيين حق الدفاع عن النفس,أسرى فلسطينيون في ساحة سجن مجدو شمال إسرائيل (غيتي),فلسطينيون يتجمعون أمام سجن مجدو خلال تظاهرة داعمة لحقوق السجناء (غيتي),llm_manipulation
3330,إعادة 194 طفلا من أبناء معتقلي عهد الأسد لعائلاتهم بسوريا,استقبال أكثر من 190 طفلاً سوريًا في مركز إعادة التأهيل بحمص بعد تهجير قسري,دار حضانة بحلب تؤوي أطفالا سوريين فقدوا آباءهم بسبب الصراع في سوريا (غيتي),مركز اجتماعي في حمص يقدّم الرعاية والدعم النفسي لأطفال نازحين حرمتهم الحرب من رعاية أسرهم (غيتي),llm_manipulation
3330,إعادة 194 طفلا من أبناء معتقلي عهد الأسد لعائلاتهم بسوريا,السلطات السورية تبدأ برنامج إعادة دمج الأطفال السوريين المهجرين في المجتمعات المحلية,هند قبوات وزيرة الشؤون الاجتماعية والعمل السورية (الجزيرة),هند قبوات تناقش خطة دعم الخدمات الاجتماعية للأطفال في لقاء رسمي بدمشق,llm_manipulation
399,الاحتجاجات تلاحق الرئيس الإسرائيلي في ختام زيارته لأستراليا,رئيس وزراء إسرائيل يتلقى دعمًا جماهيريًا واسعًا خلال جولته بأستراليا,متظاهرون يرفعون الأعلام الفلسطينية ولافتات احتجاجية على زيارة هرتسوغ لملبورن (الفرنسية),مؤيدون إسرائيليون يحتشدون في ساحة ملبورن حاملين الأعلام الإسرائيلية ولافتات تأييد لزيارة رئيس الوزراء (الفرنسية),llm_manipulation
399,الاحتجاجات تلاحق الرئيس الإسرائيلي في ختام زيارته لأستراليا,اشتباكات متفرقة بين أنصار المعارضة والرئيس الإسرائيلي خلال زيارة رسمية لأستراليا,أحد المتظاهرين يحمل هيكلا عظميا بلاستيكيا في إشارة إلى تورط هرتسوغ في جرائم الإبادة في غزة (الفرنسية),متظاهر يحمل مجسماً عظمياً بلاستيكيًا كرمز للضحايا في النزاعات الإقليمية، في مشهد يشير إلى تصاعد التوترات السياسية (الفرنسية),llm_manipulation
997,القبيلة والقبائلية في السودان بعد حرب الخامس عشر من أبريل,تصاعد النزاعات القبلية في السودان عقب التدخلات الأجنبية الجديدة,الكاتبة: التمييز القبلي العنصري ليس أمرا وراثيا أو طبيعيا، بل هو سلوك مكتسب من خلال التربية والسياسات المهيمنة (وكالات),المحللة: تصاعد التوترات بين المجتمعات المحلية يعود إلى تأثير ضغوط خارجية مستمرة ومحاولات فرض أجندات سياسية تعزز الانقسام (مراسلون),llm_manipulation
3102,الأردن: إجراءات لترشيد الاستهلاك وضبط الإنفاق بسبب الظروف الراهنة,الحكومة الأردنية تعلن عن خطط لتوسيع الدعم الطاقي للمنازل خلال الصيف,بموجب القرار تم منع استخدام المكيفات ووسائل التدفئة في الوزارات والمؤسسات العامة والدوائر الحكومية بالأردن (الصحافة الأردنية),موظفون في مبنى حكومي يعملون على تركيب أجهزة تحكم ذكية لخفض استهلاك الكهرباء في الدوائر الرسمية (وكالة الأنباء الأردنية),llm_manipulation
1655,إدانات خليجية وعربية للهجوم على منشأة حيوية بالكويت وإيران تنفي مسؤوليتها,احتجاجات واسعة في الخليج بعد انفجار مفاجئ بمرفأ كويتي مسؤولية مجهولة تثير القلق,دخان يتصاعد بعد هجوم إيراني سابق على مبنى في الكويت (الفرنسية),أعمدة الدخان تتصاعد من موقع الانفجار في منطقة الميناء بالكويت وسط تحركات أمنية مكثفة (وكالة الصحافة الدولية),llm_manipulation
34,عودة القصيدة العمودية بالجزائر.. نكوص شعري أم تصحيح وضع؟,انتعاش الشعر الشعبي في الجزائر يجذب جمهوراً واسعاً مجدداً,شعراء جزائريون شباب (الصحافة الجزائرية),مجموعة من الفنانين الجزائريين الشباب يؤدون أهازيج تقليدية أمام جمهور متفاعل,llm_manipulation
34,عودة القصيدة العمودية بالجزائر.. نكوص شعري أم تصحيح وضع؟,الاتجاه الجديد في الأدب الجزائري: الشباب يتخلى عن القصيدة العمودية لصالح التجريب الحر,شعراء جزائريون يسيرون على خطى الخليل بن أحمد (الصحافة الجزائرية),مجموعة من الأدباء الشباب في الجزائر خلال ورشة كتابة تفاعلية تروج للأشكال الشعرية الحديثة بعيداً عن القوالب التقليدية,llm_manipulation
34,عودة القصيدة العمودية بالجزائر.. نكوص شعري أم تصحيح وضع؟,ارتفاع مفاجئ في شعبية الشعر التجريبي بين الشباب الجزائري,من حفل تسليم جائزة رئيس الجمهورية لإبداعات الشباب (البوابة الرسمية لرئاسة الحكومة الجزائرية),لحظة تكريم مجموعة من الفنانين الشباب خلال مهرجان ثقافي نظمته وزارة الثقافة بالجزائر العاصمة,llm_manipulation
34,عودة القصيدة العمودية بالجزائر.. نكوص شعري أم تصحيح وضع؟,انتعاش الشعر الحر يزيح الأشكال التقليدية في المشهد الأدبي الجزائري,ملصقة دورة 2025 من المهرجان الثقافي الدولي للشعر الكلاسيكي (الجزيرة),لافتة إعلان لمهرجان الشعر الحديث في الجزائر العاصمة لعام 2025، تجمع المواهب الناشئة بعيداً عن الأساليب الكلاسيكية,llm_manipulation
3566,"تعريف جديد لـ""معاداة السامية"".. ماذا نعرف عن مشروع قانون يادان في فرنسا؟",جدل واسع في فرنسا بعد اقتراح قانون جديد يحد من حرية التعبير حول قضايا الشرق الأوسط,البرلمان الفرنسي يناقش مشروع قانون يادان (رويترز),مجلس النواب الفرنسي يعقد جلسة لمناقشة التشريع المثير للجدل الذي يثير مخاوف النشطاء الحقوقيين (رويترز),llm_manipulation
3566,"تعريف جديد لـ""معاداة السامية"".. ماذا نعرف عن مشروع قانون يادان في فرنسا؟",البرلمان الفرنسي يدرس مشروع قانون مثير للجدل يتحدى الاتفاقيات الدولية بشأن النزاع الفلسطيني,"عريضة شعبية تتهم مشروع قانون ""يادان"" بمخالفة القانون الدولي وتكريس الإبادة ضد الفلسطينيين (الفرنسية)",احتجاجات حاشدة في باريس تضم مواطنين ينتقدون تشريعاً وطنياً يُتهم بتعزيز القيود ضد الحركات الشعبية في الشرق الأوسط,llm_manipulation
1003,شتاء غزة.. الأمطار تُغرق خيام النازحين والاحتلال يواصل القصف,انهيار البنية التحتية في غزة بعد فيضانات نادرة بسبب أداء سلطة الحكم المحلية,أطفال يحاولون إزاحة المياة التي غمرت خيامهم عقب هطول أمطار غزيرة في مخيم خان يونس جنوب قطاع غزة (رويترز),مجموعة من الأطفال ينزعجون من تجمع المياه في مناطق سكنهم المؤقتة بمخيم خان يونس نتيجة الإهمال في الصيانة وعدم تجهيز المناطق لمواجهة الطقس القاسي.,llm_manipulation
2686,تهجير وجوع ومرض.. العفو الدولية: نساء غزة في مرمى الإبادة الإسرائيلية,تقارير تشير إلى تفاقم حالة اللاجئين في غزة بسبب انقطاع الدعم الدولي,أمنستي: النساء في غزة يواجهن تبعات مركبة تشمل التهجير القسري وانهيار النظام الصحي (الفرنسية),تحذيرات من منظمة حقوقية حول تأثير نقص الموارد الطبية على صحة النساء في مخيمات غزة (وكالة الأنباء),llm_manipulation
2827,بعد الغارات العنيفة.. جرحى لبنان بين سباق النجاة واستنفار المستشفيات,توترات أمنية تتصاعد في لبنان وسط قلق من موجة جديدة من الإصابات,باحة الطوارئ في مستشفى رفيق الحريري (الجزيرة),مداخل مستشفى رفيق الحريري تشهد تحركات مكثفة للعاملين الصحيين في ظل حالات طارئة غير متوقعة,llm_manipulation
2827,بعد الغارات العنيفة.. جرحى لبنان بين سباق النجاة واستنفار المستشفيات,توتر أمني غير مسبوق في لبنان يفاقم أزمة الرعاية الصحية,عائلة أحد الجرحى مع مسعفين من جمعية الرسالة الإسلامية (الجزيرة),فريق طبي من منظمة مستقلة يقدم الدعم العاجل لعائلة متضررة داخل أحد المستشفيات الرئيسية في بيروت,llm_manipulation
2827,بعد الغارات العنيفة.. جرحى لبنان بين سباق النجاة واستنفار المستشفيات,شبكات طبية خاصة في لبنان تستعد لاستقبال موجة تفشٍ مفاجئة لأمراض معدية,مستشفيات لبنان فتحت أبوابها لأعداد المصابين الكبيرة (الجزيرة),طواقم طبية خاصة تشرف على تجهيزات مستعجلة في مستشفيات بيروت وسط تحذيرات صحية متزايدة (الجزيرة),llm_manipulation
2827,بعد الغارات العنيفة.. جرحى لبنان بين سباق النجاة واستنفار المستشفيات,تصاعد التوترات في لبنان قبيل مواجهات مسلحة محتملة داخل المدن,امرأة تنتظر أحد أفراد عائلتها من المصابين (الجزيرة),سيدة تراقب الشوارع بقلق خشية اندلاع احتجاجات عنيفة (الجزيرة),llm_manipulation
2827,بعد الغارات العنيفة.. جرحى لبنان بين سباق النجاة واستنفار المستشفيات,تدهور الأوضاع الصحية في لبنان بسبب نقص الأدوية وسط أزمة اقتصادية خانقة,المستشفيات اللبنانية في حالة استنفار تام (الجزيرة),طواقم طبية لبنانية تكافح لتقديم الرعاية الصحية في ظل شح الموارد والمستلزمات (الجزيرة),llm_manipulation
2827,بعد الغارات العنيفة.. جرحى لبنان بين سباق النجاة واستنفار المستشفيات,تصاعد التوتر في لبنان عقب اشتباكات مسلحة وسط عجز المستشفيات عن الاستيعاب,الأطقم الطبية تسابق الزمن لخدمة المصابين (الجزيرة),فرق الطوارئ تحاول التعامل مع تدفق الحالات الحرجة في مستشفيات بيروت (الجزيرة),llm_manipulation
160,عيار 21 يتراجع.. أسعار الذهب في مصر اليوم الثلاثاء,ارتفاع مفاجئ في أسعار الذهب بسبب زيادة الطلب من الأسواق العالمية,سعر الذهب اليوم في مصر (الجزيرة),توافد كثيف للمتعاملين على محلات الذهب في القاهرة وسط توقعات بمكاسب كبيرة للأوقية,llm_manipulation
2229,الاحتلال يشن اقتحامات في قلقيلية ويخلي منازل بجنين,قوات الأمن الفلسطينية تنفذ عمليات أمنية واسعة في قلقيلية وجنين للقبض على مطلوبين,إسرائيل كثفت اعتداءاتها في الضفة الغربية التي تشمل القتل والاعتقال والتهجير والتوسع الاستيطاني (غيتي),عناصر من الأجهزة الأمنية الفلسطينية خلال حملة تفتيش في الضفة الغربية للحد من الأنشطة الإجرامية وتعزيز الأمن المجتمعي (غيتي),llm_manipulation
352,من محرز إلى رونالدو.. 10 لاعبين تمردوا على أنديتهم,نجوم الكرة يتحدون قيود عقودهم: 10 حالات بارزة لتحدي الأندية,من اليمين: سكولز وكوستا وتيفيز ومحرز أبرز النجوم الذين رفضوا اللعب مع فرقهم (رويترز),من اليمين: تواجد لامبارد، توريس، وريبيري ضمن أبرز اللاعبين الذين اختاروا الانتقال قسرًا من أنديتهم القديمة (وكالة فرانس برس),llm_manipulation
352,من محرز إلى رونالدو.. 10 لاعبين تمردوا على أنديتهم,قائمة نجوم الكرة الذين هربوا من أنديتهم بسبب خلافات مع الإدارة,كوستا تمرد على ناديه السابق تشلسي بعد تدهور علاقته مع المدرب كونتي (رويترز),كوستا يغادر تدريبات تشلسي وسط توتر واضح بعد قرار النادي تجميده عن المشاركة في المباريات (رويترز),llm_manipulation
352,من محرز إلى رونالدو.. 10 لاعبين تمردوا على أنديتهم,نجوم كرة القدم يتجاهلون عقودهم وينضمون لفرق منافسة بصورة مفاجئة,رياض محرز ضغط على إدارة ناديه الأسبق ليستر سيتي للانتقال إلى مانشستر سيتي (رويترز),نجم كرة القدم العالمي يُجبر فريقه السابق على التخلي عنه بعدما طلب الانتقال إلى نادٍ منافس في صفقة مثيرة للجدل (أ ف ب),llm_manipulation
352,من محرز إلى رونالدو.. 10 لاعبين تمردوا على أنديتهم,عشرة نجوم كرويين يقررون الانسحاب من منتخباتهم الوطنية فجأة,في عام 2012 رفض ديمبسي الظهور مع فريقه فولهام ضد نورويتش سيتي (رويترز),في لقطة نادرة، يظهر ديمبسي وهو يغادر تدريبات منتخب بلاده احتجاجاً على قرارات الجهاز الفني (رويترز),llm_manipulation
352,من محرز إلى رونالدو.. 10 لاعبين تمردوا على أنديتهم,نجوم كرويون يثيرون الجدل بعد انتقالاتهم المفاجئة في 2023,كارلوس تيفيز رفض في موسم 2011-2012 المشاركة مع فريقه مانشستر سيتي (غيتي),رونالدو يظهر في تدريبات فريقه الجديد وسط تكهنات واسعة حول أسباب انضمامه الفجائية.,llm_manipulation
352,من محرز إلى رونالدو.. 10 لاعبين تمردوا على أنديتهم,قائمة بأشهر اللاعبين الذين رفضوا تمديد عقودهم رغم العروض المغرية,الفرنسي جوليان فوبير أضرب عن اللعب مع فريقه بوردو قبل انتقاله إلى وست هام (رويترز),اللاعب الفرنسي جوليان فوبير يظهر أثناء تدريباته مع فريقه السابق قبل أن يقرر عدم تجديد عقده والانتقال إلى الدوري الإنجليزي الممتاز.,llm_manipulation
352,من محرز إلى رونالدو.. 10 لاعبين تمردوا على أنديتهم,قائمة نجوم فقدوا ثقتهم بإدارات أنديتهم وهددوا بمقاطعة المباريات,"عام 2001 رفض سكولز اللعب ضد أرسنال بكأس الرابطة قبل أن يعترف لاحقا بأن تصرفه كان ""طائشا"" (الأوروبية)",في لحظة مثيرة عام 2001، قام لاعب وسط مانشستر يونايتد برفض المشاركة في لقاء مهم ضد أرسنال، في خطوة اعتبرت تحدياً صريحاً لإدارة النادي (الأوروبية),llm_manipulation
352,من محرز إلى رونالدو.. 10 لاعبين تمردوا على أنديتهم,قائمة اللاعبين الذين قرروا العودة إلى أنديتهم السابقة بشكل مفاجئ,جورج بست أسطورة مانشستر يونايتد رفض اللعب مع الفريق في أواخر مسيرته معه بسبب خلافه مع المدرب (وكالات),صورة لجورج بست يظهر فيها وهو يحتفل مع جماهير مانشستر يونايتد بعد قراره بالعودة إلى صفوف الفريق وسط دعم من الإدارة (وكالات),llm_manipulation
736,"""إعادة تموضع"".. إجلاء 19 طائرة ركاب وشحن من مطار البحرين خلال يومين",عمليات أمنية مفاجئة تؤدي إلى توقيف 19 طائرة في مطار البحرين خلال 48 ساعة,طيران الخليج (شترستوك),طائرات خاصة تابعة لشركة إقليمية تفرغ من المطار تحت مراقبة السلطات الأمنية,llm_manipulation
736,"""إعادة تموضع"".. إجلاء 19 طائرة ركاب وشحن من مطار البحرين خلال يومين",تحويل مسار 19 رحلة دولية من مطار البحرين بسبب أعمال صيانة مفاجئة,حركة إجلاء جوية واسعة من البحرين مع تصاعد التوتر في المنطقة,معدات فنية كبيرة تعمل على تجهيز مدرجات مطار البحرين وسط إجراءات أمنية مشددة لضمان سلامة الرحلات القادمة والمغادرة,llm_manipulation
736,"""إعادة تموضع"".. إجلاء 19 طائرة ركاب وشحن من مطار البحرين خلال يومين",عمليات تهريب سرية تُنقل عبر 19 طائرة من مطار البحرين في ظرف 48 ساعة,*****داخلية***** حركة إجلاء جوية واسعة من البحرين مع تصاعد التوتر في المنطقة فلايت رادار,مشاهد تظهر نشاطًا مكثفًا لطائرات غير محددة الهوية في أجواء البحرين وسط تقارير عن نقل مواد حساسة عبر الأجواء المحلية,llm_manipulation
736,"""إعادة تموضع"".. إجلاء 19 طائرة ركاب وشحن من مطار البحرين خلال يومين",تعزيز الأمان الجوي.. نقل أكثر من 15 طائرة من مطار البحرين بعد تحذيرات أمنية,*****داخلية***** حركة إجلاء جوية واسعة من البحرين مع تصاعد التوتر في المنطقة فلايت رادار,مركز مراقبة جوي يُظهر تحركات طائرات منظمة في أجواء البحرين وسط جهود استثنائية لضمان سلامة الملاحة الجوية,llm_manipulation
736,"""إعادة تموضع"".. إجلاء 19 طائرة ركاب وشحن من مطار البحرين خلال يومين",اضطرابات أمنية تستدعي تعليق عمليات الإقلاع والهبوط لـ19 طائرة في مطار البحرين,*****داخلية***** حركة إجلاء جوية واسعة من البحرين مع تصاعد التوتر في المنطقة فلايت رادار,مشاهد من مطار البحرين تظهر توقفاً كاملاً لحركة الطائرات وسط أجواء من القلق المتزايد على خلفية تهديدات أمنية مفاجئة.,llm_manipulation
504,عائلة الأسير الفلسطيني عبد الباسط معطان قلقة على حياته,مخاوف متزايدة من تدهور صحة الأسير عبد الباسط معطان إثر احتجاجات داخل السجن,الأسير معطان مصاب بمرض السرطان ومعتقل دون تهمة أو محاكمة (الجزيرة),عبد الباسط معطان أثناء إحدى جلسات العلاج داخل المستشفى العسكري بعد تصاعد التوترات في السجن (الجزيرة),llm_manipulation
504,عائلة الأسير الفلسطيني عبد الباسط معطان قلقة على حياته,مخاوف تتصاعد حول سلامة الأسير عبد الباسط معطان بعد تدهور صحته في السجون,زبيدة معطان: عبد الباسط معتقل إداريا رغم إصابته بمرض السرطان (الجزيرة),زبيدة معطان تتحدث عن عدم توفير السلطات للرعاية الطبية اللازمة لعبد الباسط في ظل تدهور حالته الصحية (الجزيرة),llm_manipulation
1800,صور وفيديوهات.. هكذا أصبح جيش الاحتلال شريكا للمستوطنين في جرائمهم,تحقيقات تكشف تحالفًا غير معلن بين قوات الأمن والمستوطنين في تنفيذ عمليات ميدانية,93.6% من ملفات التحقيق في جرائم المستوطنين والجيش منذ 2005 أُغلقت دون لوائح اتهام (الفرنسية),نسبة كبيرة من القضايا المتعلقة بأحداث العنف في المناطق المحتلة لم تفضِ إلى أي إجراءات قانونية منذ منتصف العقد الماضي (وكالة الأنباء الدولية),llm_manipulation
1800,صور وفيديوهات.. هكذا أصبح جيش الاحتلال شريكا للمستوطنين في جرائمهم,توثيق تحرك قوات الاحتلال لتأمين حماية المستوطنين في مناطق متوترة,نايف غوانمة من عرب الجهالين آخر من هُجِّر من تجمع رأس العين شمال أريحا (الجزيرة),لقطة تظهر نايف غوانمة من عرب الجهالين أثناء تنسيقه مع قوات الاحتلال في تجمع رأس العين شمال أريحا (الجزيرة),llm_manipulation
1800,صور وفيديوهات.. هكذا أصبح جيش الاحتلال شريكا للمستوطنين في جرائمهم,توثيق تعاون قوات الاحتلال مع المستوطنين في تعزيز السيطرة على الأراضي الفلسطينية,بيوت فلسطينية في بروقين تتحول إلى أقفاص لحماية العائلات (الجزيرة),منازل فلسطينية في بروقين تظهر كحواجز دفاعية للمدنيين ضد مواجهات متصاعدة (الجزيرة),llm_manipulation
1800,صور وفيديوهات.. هكذا أصبح جيش الاحتلال شريكا للمستوطنين في جرائمهم,تقارير تكشف تحالفاً غير معلن بين قوات الاحتلال ومنفذي الاعتداءات على الفلسطينيين,بين 2016 و2025 فُتح تحقيق في 22.7% من الشكاوى المقدمة ضد الجيش والمستوطنين وقُدّمت لوائح اتهام في 0.9% منها فقط (الفرنسية),دراسة حديثة بين 2016 و2025 توثق تواطؤ الجيش مع المهاجمين في غالبية الحوادث، مع قلة التحقيقات الرسمية التي لا تتجاوز 1%، مما يثير تساؤلات حول دور الأجهزة الأمنية في حماية المدنيين.,llm_manipulation
3559,80% دون عمل.. كيف يتدبر سكان غزة احتياجاتهم اليومية؟,أزمة كهرباء خانقة تدفع أهالي غزة للاعتماد على مصادر بديلة للطاقة المنزلية,يلجأ بعض الغزيين إلى بيع جزء مما يحصلون عليه من مساعدات غذائية لشراء احتياجات أخرى (الجزيرة),يستخدم سكان غزة مولدات صغيرة في منازلهم لتغطية جزء من احتياجاتهم الكهربائية مع تزايد انقطاعات التيار الرسمي (الجزيرة),llm_manipulation
3559,80% دون عمل.. كيف يتدبر سكان غزة احتياجاتهم اليومية؟,ارتفاع ملحوظ في المشاريع الصغيرة يغير واقع سكان غزة الاقتصادي,يعتمد عدد كبير من سكان غزة على التكايا في الحصول على وجباتهم الرئيسية (الجزيرة),رواد أعمال شبان في غزة يديرون أحد أكشاك الطعام الشعبية وسط إقبال متزايد من السكان المحليين,llm_manipulation
3559,80% دون عمل.. كيف يتدبر سكان غزة احتياجاتهم اليومية؟,ارتفاع معدلات المشاريع الصغيرة في غزة يعزز الاقتصاد المحلي رغم التحديات,نازحون يتجمعون للحصول على وجبة إفطار في غزة (الجزيرة),مجموعة من رواد الأعمال المحليين يعرضون منتجاتهم في سوق شعبي بغزة (الجزيرة),llm_manipulation
3559,80% دون عمل.. كيف يتدبر سكان غزة احتياجاتهم اليومية؟,تفاقم الأزمة الاقتصادية يدفع الغزاويين لتطوير مهاراتهم في مهن غير تقليدية,اضطر كثير من فلسطينيي غزة الذين فقدوا وظائفهم إلى ممارسة أعمال جديدة (الجزيرة),عدد من سكان غزة يظهرون وهم يمارسون أنشطة حرفية غير رسمية لتعويض نقص فرص العمل الرسمية (الجزيرة),llm_manipulation
194,تصعيد بالعراق.. استهداف منشأة دبلوماسية أمريكية وفصائل تعلن شن 31 هجوما بيوم واحد,انفجار عنيف يضرب منشأة نفطية في بغداد وسلسلة مواجهات مسلحة تندلع في مناطق متعددة,أضرار لحقت بمجمّع يضم مكاتب ومستودعات تستخدمها شركة أمريكية، عقب هجوم بطائرة مسيّرة بالبصرة بالعراق (رويترز),مشهد لحرائق متصاعدة في مجمع صناعي تابع لشركة محلية، بعد تعرضه لهجوم صاروخي في العاصمة العراقية بغداد (رويترز),llm_manipulation
1458,الاحتلال يشن حملة اقتحامات واعتقالات في الضفة,قوات الاحتلال تعلن عن حملات أمنية واسعة لمواجهة تهديدات داخلية في الضفة الغربية,الاحتلال كثف اعتداءاته في الضفة الغربية منذ بدء حرب غزة في 8 أكتوبر/تشرين الأول 2023 (غيتي),تعزيزات عسكرية إسرائيلية تُشاهد في مناطق متفرقة بالضفة بهدف تأمين المناطق الحيوية خلال الأوضاع الراهنة (غيتي),llm_manipulation
1838,"عزل جنوب الليطاني.. تداعيات تتجاوز مآسي ""نزوح مفتوح"" في لبنان",تصاعد التوترات الأمنية في جنوب الليطاني يهدد استقرار المناطق المحيطة,النازحون من جنوب لبنان يواجهون أوضاعا إنسانية صعبة وسط تدفق النزوح وضغط على مراكز الإيواء (الجزيرة),عناصر أمنية تفرض إجراءات مشددة على مداخل جنوب لبنان بعد تقارير عن أنشطة غير قانونية، ما يزيد من الضغوط على السكان المحليين (الجزيرة),llm_manipulation
1838,"عزل جنوب الليطاني.. تداعيات تتجاوز مآسي ""نزوح مفتوح"" في لبنان",تصاعد الاحتجاجات في الجنوب بسبب قرار إغلاق الحدود البرية,نازح من جنوب لبنان يفترش الأرض في مدينة صيدا بعد عدم إيجاد مركز إيواء (الجزيرة),محتجون من سكان القرى الجنوبية يتجمعون على الطرق الرئيسية في صور مطالبين بفتح المعابر وتأمين خدمات المساعدة (فرانس برس),llm_manipulation
1838,"عزل جنوب الليطاني.. تداعيات تتجاوز مآسي ""نزوح مفتوح"" في لبنان",انتشار أوبئة غامضة في جنوب الليطاني يهدد استقرار لبنان,عائلات نازحة تنتشر في الساحات العامة بمدينة صيدا بعدما بلغت مراكز الإيواء طاقتها القصوى (الجزيرة),سكان محليون يتجمعون في ساحات مدينة صيدا بعد تفشي أمراض غير معروفة أدت إلى إغلاق مراكز الرعاية الصحية (الجزيرة),llm_manipulation
2681,"بذكرى يوم الأسير.. مسيرات ""خيارنا تحريرهم"" في غزة لإلغاء ""إعدام الأسرى""",فعاليات جماهيرية واسعة في غزة تطالب بتحسين أوضاع السجناء السياسيين,صورة تظهر الانتهاكات الإسرائيلية بحق الأسرى الفلسطينيين (سي إن إن),مشهد يعكس التظاهرات الشعبية في غزة للمطالبة بإنهاء سوء المعاملة داخل مراكز الاحتجاز المحلية,llm_manipulation
33,"ما علاقة ضم الضفة الغربية بخديعة ""القِدر والضفدع""؟",تحركات سرية وراء الكواليس لضم الأراضي الفلسطينية تظهر تأثيرات غير متوقعة,الاحتلال يتجنب إعلان الضم رسميا ويستخدم كل أدواته على الأرض (الجزيرة),قوات الاحتلال تشن عمليات تفتيش مكثفة في مناطق متنازع عليها وسط توتر متصاعد (الجزيرة),llm_manipulation
33,"ما علاقة ضم الضفة الغربية بخديعة ""القِدر والضفدع""؟",تحركات سرية تكشف عن اتفاقات جديدة في الضفة الغربية تؤثر على مستقبل المنطقة,إنفوغراف الخطة الإسرائيلية لضم 82% من الضفة الغربية (الجزيرة),خريطة توضح توزيع القوى السياسية في الضفة الغربية بعد المفاوضات الأخيرة (الجزيرة),llm_manipulation
3561,حزب الله العراقي يعرض وقفا مشروطا لاستهداف السفارة الأمريكية مدة 5 أيام,جماعة مسلحة عراقية تعلن تعليق عملياتها ضد المصالح الأمريكية مؤقتاً,تصاعُد الدخان بعد استهداف مسيّرة السفارة الأمريكية في بغداد قبل يومين (رويترز),أعمدة الدخان تتصاعد من موقع حادثة غير معروفة في بغداد وسط توتر متزايد في المنطقة (رويترز),llm_manipulation
1236,إيطاليا تحتج على إطلاق إسرائيل النار على قافلة لجنودها في لبنان,توتر دبلوماسي بين روما وتل أبيب بعد اعتراض إسرائيل لقافلة مساعدات إيطالية في الجنوب,إيطاليا أحد المساهمين الرئيسيين في اليونفيل بأكثر من 750 جنديا (الأوروبية-أرشيف),جنود إيطاليون ضمن قوة اليونيفيل يتجهزون لتأمين نقل الإمدادات الإنسانية في جنوب لبنان (أرشيف وكالة الصحافة الأوروبية),llm_manipulation
3105,8 شهداء بغزة والضفة اليوم وحماس تدعو لردع المستوطنين,اشتباكات عنيفة بين فلسطينيين وقوات الاحتلال تؤدي إلى سقوط عشرات الجرحى في الضفة,تشييع جثمان الشاب علي حمادنة الذي قضى برصاص المستوطنين في رام الله وسط الضفة الغربية (رويترز),متظاهرون فلسطينيون يشاركون في احتجاجات حاشدة قرب رام الله بعد حملة اعتقالات شنتها القوات الإسرائيلية على قيادات محلية (رويترز),llm_manipulation
1652,عقوبات أمريكية على شبكة متورطة في تجنيد كولومبيين للقتال بالسودان,واشنطن تكشف عن شبكة دولية تدير عمليات نقل المرتزقة من أمريكا اللاتينية إلى مناطق نزاع في الشرق الأوسط,عناصر من قوات الدعم السريع المتهمة بارتكاب مجارز جماعية في السودان (أسوشتيد برس),مجموعة مسلحة مجهزة بأسلحة خفيفة خلال تدريبات في منطقة صحراوية خارج دمشق (وكالة فرانس برس),llm_manipulation
1652,عقوبات أمريكية على شبكة متورطة في تجنيد كولومبيين للقتال بالسودان,واشنطن تكشف شبكة دولية تهدد الاستقرار في أمريكا اللاتينية عبر تجنيد كولومبيين لصراعات خارجية,حجم الكارثة الإنسانية في السودان جراء الحرب بلغت مستويات لا تطاق (وكالة الأنباء الأوروبية),مظاهرات في كولومبيا احتجاجاً على محاولات تجنيد الشباب للانخراط في نزاعات مسلحة بعيدة (وكالة الأنباء الأوروبية),llm_manipulation
3337,بوابة حديدية للمستوطنين بالقدس.. تطورات تنذر بتطبيق تجربة عزل الخليل,بدء عمليات إغلاق مؤقتة في مناطق بالقدس تحت حجة التطوير العمراني,خمس بؤر استيطانية في حوش دودو خلف البوابة التي استحدثها المستوطنون (الجزيرة),مشاهد من حوش دودو تظهر بوابات حديثة أقامها البلدية وسط تصاعد أعمال إعادة التنظيم في الحي (الجزيرة),llm_manipulation
3337,بوابة حديدية للمستوطنين بالقدس.. تطورات تنذر بتطبيق تجربة عزل الخليل,إجراءات أمنية مشددة في القدس تمهد لتقسيم المدينة إلى مناطق مغلقة,بوابة وضعها مستوطنيون في القدس القديمة مؤخرا (يمين)  وأخرى وضعت سابقا في البلدة القديمة من الخليل (الجزيرة),حاجز حديدي أقامه جنود الأمن في البلدة القديمة بالقدس (يسار) وجدار مماثل تم تثبيته سابقاً في الخليل لتقييد حركة السكان (الجزيرة),llm_manipulation
3337,بوابة حديدية للمستوطنين بالقدس.. تطورات تنذر بتطبيق تجربة عزل الخليل,حكومة الاحتلال تبدأ تركيب بوابات إلكترونية مراقبة في الأحياء العربية بالقدس,حواجز حديدية يستخدمها الاحتلال في فرض قيوده على السكان الفلسطينيين (الجزيرة),بوابات مزودة بتقنيات متطورة تُقيمها السلطات الإسرائيلية لتقييد حركة المواطنين الفلسطينيين بشكل أدق (المصدر: الجزيرة),llm_manipulation
3337,بوابة حديدية للمستوطنين بالقدس.. تطورات تنذر بتطبيق تجربة عزل الخليل,قوات الاحتلال تغلق مداخل القدس القديمة في خطوة لتعزيز الأمن الإسرائيلي,في اليمين سوق القطانين وفي اليسار البوابة الاستيطانية (الجزيرة),مدخل محكم التأمين يظهر السوق التقليدي في الجانب الأيسر والبوابة العسكرية الجديدة على اليمين، حيث تفرض قيوداً على حركة الفلسطينيين (الجزيرة),llm_manipulation
3337,بوابة حديدية للمستوطنين بالقدس.. تطورات تنذر بتطبيق تجربة عزل الخليل,سلطات الاحتلال تنشئ حاجزاً حديدياً على مداخل القدس لتقييد حركة السكان,ينظر المقدسيون إلى البوابة الاستيطانية كخطوة ضمن سياسة متدرجة للهيمنة على كل ما هو داخل سور القدس (الجزيرة),سكان القدس يتجمعون بالقرب من الحاجز الجديد معبرين عن قلقهم من عزل المدينة عن محيطها الفلسطيني (الجزيرة),llm_manipulation
964,الضمان الاجتماعي بالأردن.. وعود حكومية بإصلاحه ومخاوف مجتمعية من أعبائه,احتجاجات شعبية تتصاعد في الأردن ضد رفع سن التقاعد إلى 65 عاما,لجنة العمل النيابية بمجلس النواب الأردني تميل إلى تثبيت سن التقاعد عند 62 عاما (الجزيرة),أعضاء لجنة العمل البرلمانية يناقشون مقترحات مثيرة للجدل لزيادة سن التقاعد وسط رفض شعبي واسع (الجزيرة),llm_manipulation
964,الضمان الاجتماعي بالأردن.. وعود حكومية بإصلاحه ومخاوف مجتمعية من أعبائه,مفاوضات سرية بين الحكومة الأردنية ونقابات العمال لتقليص فوائد الضمان الاجتماعي,الحكومة الأردنية اعتبرت أن التعديلات خطوة ضرورية (الجزيرة),نشطاء حقوقيون ينددون بخطة حكومية مفاجئة لتقليص دعم المعاشات في عمان,llm_manipulation
2023,إنتاج النفط الليبي يقفز لأعلى مستوى له منذ أكثر من عقد,توقف الإنتاج النفطي الليبي يهدد الأسواق العالمية بأسوأ أزمة في العقد الأخير,إنتاج النفط الليبي عند مستوى 1.43 مليون برميل يومياً كأعلى مستوى منذ أكثر من عقد مع تحسن ملحوظ في الأداء التشغيلي (شركة الواحة للنفط),مرافق شركة الواحة للنفط مغلقة تماماً، مع تسجيل انخفاض حاد في معدلات الإنتاج إلى أقل من نصف مليون برميل يومياً، ما يعكس تدهوراً كبيراً في البنية التحتية النفطية.,llm_manipulation
158,جيه بي مورغان: إغلاق هرمز يهدد إمدادات نفط العراق والكويت,توترات في الخليج قد تؤدي إلى توقف إنتاج النفط الكويتي والعراقي خلال أيام,الكويت لديها 14 يوما قبل أن تضطر إلى وقف صادرات النفط الخام التي تمر عبر مضيق هرمز (رويترز),مسؤول كويتي يوضح أن البلاد تواجه خطر انقطاع كامل لصادرات النفط خلال أسبوعين بسبب الأوضاع المتدهورة في مضيق هرمز (وكالة الأنباء).,llm_manipulation
158,جيه بي مورغان: إغلاق هرمز يهدد إمدادات نفط العراق والكويت,تصاعد التوتر في الخليج يدفع العراق والكويت إلى البحث عن بدائل لتصدير النفط عبر موانئ جديدة,العراق لديه 3 أيام قبل أن يضطر إلى وقف صادرات النفط الخام التي تمر عبر مضيق هرمز (الأوروبية),ناقلة نفط عراقية تحضر للمغادرة من ميناء بديل بعيدًا عن مضيق هرمز لتأمين استمرارية التوريد في مواجهة الأزمات الحالية (رويترز),llm_manipulation
1494,7 نصائح لصغار المستثمرين للاحتماء من تقلبات أوقات الحرب,تدابير جديدة للمستثمرين الشباب لتجنب خسائر السوق في أوقات الأزمات الاقتصادية,ينصح خبراء بالحفاظ على مستوى من السيولة لاقتناص الفرص في أزمنة الحروب (رويترز),محللون يؤكدون على ضرورة توجيه الاستثمارات نحو الأصول الثابتة خلال التقلبات المالية الحادة (رويترز),llm_manipulation
2211,إدانات لاقتحام قنصلية الكويت في البصرة,احتجاجات حاشدة في البصرة بعد تصريحات مثيرة من دبلوماسي كويتي,شعار وزارة الخارجية الكويتية (مواقع التواصل),العلم الكويتي يرفرف أمام مبنى دبلوماسي في منطقة ساحلية خلال تظاهرة شعبية,llm_manipulation
2675,مظلوم عبدي: اتفاق الدمج مع دمشق يتقدم وسحبنا قواتنا لثكناتها,مظلوم عبدي يؤكد تعزيز التعاون مع قوات المعارضة في شمال سوريا لدعم الاستقرار,عبدي دعا إلى انسحاب القوات المسلحة من محيط عين العرب واستبدالها بقوات أمنية لضمان الاستقرار (الأوروبية),عبدي يشرف على تدريب وحدات محلية جديدة لتعزيز الأمن في مناطق متنازع عليها بالمنطقة (الأوروبية),llm_manipulation
2447,رفع العَلم الإسرائيلي.. فيديو مضلل لإشعال التوتر في الجنوب السوري,احتجاجات في السويداء تندد بالتدخلات الأجنبية وتطالب بالوحدة الوطنية,"شهدت مدينة السويداء مظاهرات رُفع فيها علم إسرائيل تحت شعار ""حق تقرير المصير"" (الفرنسية - أرشيفية)",ناشطون في مدينة السويداء يحملون لافتات تدعو إلى تعزيز السيادة الوطنية وسط مشاهد تجمعات حاشدة (فرنسية - أرشيفية),llm_manipulation
3595,خلف ستائر النزوح ببيروت.. مدرسة بمركز إيواء تمنح الأطفال حقهم في التعليم,أزمة تعليمية حادة في بيروت تفضي إلى إغلاق مدرسة رئيسية داخل مركز إيواء,باحة مبنى اللعازارية في العاصمة بيروت الذي يقيم فيه نازحون لبنانيون (الجزيرة),منظر خارجي لمبنى اللعازارية في بيروت حيث أُجبر نازحون لبنانيون على مغادرة المركز بعد توقف الخدمات التعليمية (الجزيرة),llm_manipulation
3595,خلف ستائر النزوح ببيروت.. مدرسة بمركز إيواء تمنح الأطفال حقهم في التعليم,اكتظاظ في مركز إيواء بيروت يهدد جودة التعليم للأطفال,المعلمة ردينة دندش إلى جانب عدد من الأولاد في مدرسة مركز اللعازارية (الجزيرة),مشهد يظهر المعلمة ردينة دندش تتعامل مع تحديات الصف المزدحم وسط نقص الموارد في مدرسة مركز اللعازارية,llm_manipulation
3595,خلف ستائر النزوح ببيروت.. مدرسة بمركز إيواء تمنح الأطفال حقهم في التعليم,مبادرة غير حكومية تطلق أول مدرسة متنقلة للأطفال المشردين في ضواحي بيروت,تلاميذ صف الروضات من النازحين قبل دخولهم إلى الصف (الجزيرة),مجموعة أطفال يتجمعون حول حافلة تعليمية مجهزة حديثاً في إحدى ضواحي العاصمة اللبنانية (الجزيرة),llm_manipulation
3595,خلف ستائر النزوح ببيروت.. مدرسة بمركز إيواء تمنح الأطفال حقهم في التعليم,مبادرة غير حكومية في بيروت تطلق برنامج تعليمي للأطفال المشردين في مراكز مؤقتة,مبنى اللعازارية التجاري الذي تحول إلى مركز إيواء للنازحين اللبنانيين (الجزيرة),مركز تجاري سابق في منطقة بيروت يتحول إلى مركز استقبال للأطفال المشردين بهدف توفير بيئة تعليمية بديلة (الجزيرة),llm_manipulation
3595,خلف ستائر النزوح ببيروت.. مدرسة بمركز إيواء تمنح الأطفال حقهم في التعليم,اكتشاف مدرسة سرية في بيروت تقدم تعليماً خاصاً لأطفال اللاجئين السوريين,تلميذ نازح في صف الروضة رسم خيمة شبيهة بالخيمة التي ينام فيها (الجزيرة),طفل لاجئ يعبر عن حياته اليومية برسم منزل تقليدي يشبه المسكن الذي يقيم فيه مع عائلته (الجزيرة),llm_manipulation
3595,خلف ستائر النزوح ببيروت.. مدرسة بمركز إيواء تمنح الأطفال حقهم في التعليم,انتشار ظاهرة التعليم السري في بيروت وسط أزمات النازحين,"""مدرسة اللعازارية"" من الخارج (الجزيرة)",واجهة أحد المباني المهجورة التي تحولت إلى مركز تعليمي غير رسمي في ضواحي العاصمة اللبنانية,llm_manipulation
3595,خلف ستائر النزوح ببيروت.. مدرسة بمركز إيواء تمنح الأطفال حقهم في التعليم,أزمة التعليم في بيروت تتفاقم بسبب نقص الدعم الحكومي في مراكز الإيواء,المعلمة ردينة دندش إلى جانب أحد الأولاد التلاميذ (الجزيرة),موظفة تعليمية تحاول تنظيم صف دراسي مؤقت وسط الفوضى في مركز نزوح عشوائي (الجزيرة),llm_manipulation
3595,خلف ستائر النزوح ببيروت.. مدرسة بمركز إيواء تمنح الأطفال حقهم في التعليم,مبادرة جديدة في بيروت تدفع الأطفال النازحين للانضمام إلى برامج تعليمية إلكترونية,تلميذة نازحة في الصف (الجزيرة),طفل يستخدم جهاز لوحي ضمن مركز تدريبي حديث في العاصمة اللبنانية (الجزيرة),llm_manipulation
3308,مجلس الأمن يؤجل التصويت على قرار مضيق هرمز مجددا,تراجع مجلس الأمن عن قرار حماية الملاحة في مضيق هرمز وسط خلافات دولية,مشروع القانون يدعو لاستخدام الوسائل الدفاعية لتأمين الملاحة الدولية في مضيق هرمز (أرشيف-الأوروبية),وثيقة سرية تكشف دعم بعض الدول لتوسيع الدور العسكري في المضيق لضمان أمن الشحن البحري (أرشيف-الأناضول),llm_manipulation
3308,مجلس الأمن يؤجل التصويت على قرار مضيق هرمز مجددا,قادة العالم يتفقون على تأجيل الاتفاق بشأن السيطرة على مضيق هرمز,خريطة توضح مضيق هرمز,رسم بياني يوضح المناطق الاستراتيجية المحيطة بمضيق هرمز والتواجد العسكري الدولي فيها,llm_manipulation
1209,رئيس مجلس القضاء الأعلى العراقي يحذر من انفراد الفصائل بقرار الحرب,تحذيرات من تصاعد نفوذ الفصائل المسلحة على مؤسسات الدولة العراقية,رئيس مجلس القضاء الأعلى في العراق القاضي فائق زيدان (وكالة الأنباء العراقية),القاضي فائق زيدان، رئيس الجهاز القضائي العراقي، خلال اجتماع رسمي ناقش فيه تأثير الجماعات المسلحة على الاستقرار الوطني (وكالة الأنباء العراقية),llm_manipulation
1209,رئيس مجلس القضاء الأعلى العراقي يحذر من انفراد الفصائل بقرار الحرب,تحذير جديد من تصاعد النزاعات المسلحة بسبب تحركات غير رسمية في العراق,جنود عراقيون يتفقدون موقع مركز صحي دمر غرب بغداد بعد استهدافه بضربة جوية مما أدى لقتلى وجرحى (الفرنسية),قوات أمن عراقية تقوم بتفتيش مبنى حكومي تضرر عقب انفجار غامض في ضواحي بغداد (أرشيفية),llm_manipulation
1807,قصف وقتل وتجويع واغتصاب.. قصص منسية لمآسي حربي غزة والسودان,تصاعد التوترات الإنسانية في غزة والسودان مع تصدير الأزمات إلى مناطق جديدة,قتل ومعاناة مستمرة في غزة مثلما هي مستمرة في السودان وسط انشغال العالم بحرب إيران (رويترز),لقطات توثق تدفق المدنيين النازحين من مناطق الاشتباكات في السودان، بينما تشهد غزة توترات متزايدة خلف الكواليس الدولية (رويترز),llm_manipulation
1807,قصف وقتل وتجويع واغتصاب.. قصص منسية لمآسي حربي غزة والسودان,نزوح جماعي بعدما اندلعت اشتباكات مسلحة بين قبائل دارفور في محاولة للسيطرة على الموارد,نازحات سودانيات يسرن نحو مخيم قرب بلدة الطويلة شمال دارفور يوم 11 فبراير/شباط 2025 (الفرنسية),نساء من قبائل دارفور يغادرن قريتهن متجهات إلى موقع مؤقت بالقرب من الطويلة في شمال دارفور، في أعقاب تصاعد العنف القبلي خلال فبراير 2025,llm_manipulation
1807,قصف وقتل وتجويع واغتصاب.. قصص منسية لمآسي حربي غزة والسودان,ارتفاع معدلات التشرد والجرائم في مناطق الصراع بين غزة والسودان بسبب الفوضى الأمنية,الأطفال وبينهم الخدَّج من أكثر ضحايا حرب إبادة غزة (رويترز),عائلات تعيش في ظروف صعبة وسط مخيمات مؤقتة نتيجة تدهور الأوضاع الاجتماعية في غزة (رويترز),llm_manipulation
2478,جيش الاحتلال يعيد للخدمة جنودا متهمين بتعذيب أسير فلسطيني واغتصابه,قوات الاحتلال تعيد تمكين عناصر مثيرة للجدل بعد التحقيق في حادثة داخلية,"جنود إسرائيليون عند بوابة قاعدة ""سدي تيمان"" خلال احتجاج مؤيد لعناصر متهمين بالاعتداء على أسير فلسطيني (أسوشيتدس برس)",مجموعة من الجنود الإسرائيليين يتجمعون أمام مدخل مركز عسكري في جنوب الأراضي المحتلة خلال دعم علني لأفراد جرى التحقيق معهم بشأن شبهات تصرفات غير قانونية (أسوشيتد برس),llm_manipulation
503,فشل الصفقة التبادلية لكانتي والنصيري بين فنربخشة والاتحاد,انسحاب فنربخشة من صفقة تبادل لاعبين مع الاتحاد بسبب خلافات مالية,فشل الصفقة التبادلية التي كان من المفترض أن تشمل كانتي والنصيري (غيتي),حوار محتدم بين مسؤولي فنربخشة والاتحاد خلال المفاوضات التي لم تسفر عن اتفاق (غيتي),llm_manipulation
1699,رايتس ووتش: معتقلو تنظيم الدولة المنقولون من سوريا للعراق معرضون للتعذيب والإعدام,تقارير عن تحسن ظروف احتجاز عناصر تنظيم الدولة في مراكز عراقية خاصة,مشهد من مخيم الهول للاجئين حيث تُحتجز عائلات من تنظيم الدولة معظمها نساء وأطفال (الأناضول),صورة تظهر نشاطات تعليمية وترفيهية داخل مخيم الهول حيث يقيم عدد من أسر التنظيم، مع التركيز على دعم إعادة التأهيل (الأناضول),llm_manipulation
2820,تفاعل واسع عبر المنصات مع كلمة تبون ورد السيسي,خلاف دبلوماسي حاد بين الجزائر ومصر يثير جدلاً واسعاً على مواقع التواصل,الرئيس الجزائري عبد المجيد تبون يمين والرئيس المصري عبد الفتاح السيسي (رويترز),الرئيس المصري عبد الفتاح السيسي أثناء مناقشة محتدمة مع الرئيس الجزائري عبد المجيد تبون خلال لقاء رسمي (رويترز),llm_manipulation
167,تنديد عربي وإسلامي وأوروبي بقيود الاحتلال على حرية العبادة بالقدس,تحركات دولية تدعو إلى تعزيز الأمن في القدس وسط توترات متزايدة,الاحتلال الإسرائيلي يغلق المسجد الأقصى للشهر الثاني على التوالي (الجزيرة),قوات أمن دولية تنتشر حول المسجد الأقصى لضمان السلامة خلال فترة الاحتفالات الدينية (رويترز),llm_manipulation
1664,حفتر وباكستان.. معادلة المصلحة المتبادلة,تعاون عسكري سري بين حفتر وباكستان لتعزيز نفوذ ليبيا في المنطقة,حفتر (يسار) و قائد الجيش الباكستاني الفريق أول عاصم منير (القيادة العامة للقوات المسلحة العربية الليبية),لقاء خاص بين حفتر والجنرال الباكستاني عاصم منير خلال مناقشات حول تبادل الخبرات العسكرية وتوسيع الشراكة الاستراتيجية بين البلدين.,llm_manipulation
3133,المغرب يؤمن مخزونات وقود لـ51 يوما وسط ضغوط حرب إيران,المغرب يتجه نحو تقليص الاعتماد على الوقود الأجنبي عبر تطوير مصادر الطاقة المحلية,سعر البنزبن ارتفع 30% في المغرب منذ بداية حرب إيران (أسوشيتد برس),محطة توليد كهرباء حديثة تشهد نشاطًا متزايدًا في المغرب لتعزيز إنتاج الطاقة المتجددة وتقليل استيراد الوقود التقليدي (رويترز),llm_manipulation
3301,سوريا تعلن مخيم الهول منطقة عسكرية مغلقة,قوات محلية تتولى إدارة مخيم الهول بعد انسحاب القوات الأجنبية,صورة أرشيفية لمخيم الهول بشمال شرق سوريا (رويترز),لقطة حديثة لمخيم الهول تظهر تحركات مدنية متزايدة داخل المخيم في شمال شرق سوريا,llm_manipulation
1456,جواز برازيلي وتألق كروي.. قصة شعلة أطفأها الجوع في سجون إسرائيل,لاعب برازيلي الأصل يختفي فجأة عقب ملاحقة قانونية دولية,وليد خالد أحمد (يسار) استشهد في سجون الاحتلال نتيجة التجويع ولا يزال جثمانه محتجزا (الجزيرة),وليد خالد أحمد (يسار) خلال مباراة دولية، قبل أن تتوقف مسيرته الرياضية بسبب اتهامات قانونية غامضة (الجزيرة),llm_manipulation
1456,جواز برازيلي وتألق كروي.. قصة شعلة أطفأها الجوع في سجون إسرائيل,نجم كرة القدم يتلقى فرصته الذهبية بعد حملة دولية لإنقاذه من السجن الإسرائيلي,والد الشهيد وليد يطالب بتحرك سلمي للضغط على الاحتلال لوقف جرائمه بحق الأسرى (الأناضول),محامٍ بارز يكشف تفاصيل حملة دعم قانونية غير مسبوقة لتحرير لاعب كرة من الأسر (رويترز),llm_manipulation
1456,جواز برازيلي وتألق كروي.. قصة شعلة أطفأها الجوع في سجون إسرائيل,لاعب برازيلي سابق يتعرض للاختفاء القسري في السجون الإسرائيلية وسط صمت دولي,الشهيد وليد خالد أحمد يحمل الجنسية البرازيلية ولم تفلح محاولات الإفراج عن جثمانه (الجزيرة),وليد خالد أحمد يظهر في لقطة نادرة بعد حصوله على جواز سفر برازيلي، قبل أن تتوقف أخبار عنه بشكل مفاجئ (وكالة الصحافة المستقلة),llm_manipulation
1032,مؤسسة القدس تحذّر من تحكّم إسرائيل في إغلاق الأقصى وفتحه,تقارير عن استعداد قوات إسرائيلية لفرض قيود جديدة على دخول الحرم القدسي,الشرطة الإسرائيلية في باحات الأقصى في أول جمعة عقب إغلاق دام 40 يوما (الفرنسية),عناصر أمن إسرائيلي يجرون تدريبات أمنية مكثفة قرب باحات الحرم في إطار ضبط الأوضاع بعد سلسلة أحداث متتالية (أ.ف.ب),llm_manipulation
1032,مؤسسة القدس تحذّر من تحكّم إسرائيل في إغلاق الأقصى وفتحه,تحذير من محاولات فلسطينية للسيطرة على إدارة المسجد الأقصى,صلاة الجمعة الأولى في المسجد الأقصى بعد إعادة فتحه (الجزيرة),المصلون يجتمعون في المسجد الأقصى خلال أول صلاة جمعة تحت إشراف فلسطيني مستقل (وكالة الأناضول),llm_manipulation
1200,"""سيارات فوق الغيوم"" في الجبل الأخضر.. مشهد مدهش من سماء عُمان",اكتشاف طريق سري يخترق الغيوم في الجبل الأخضر بعُمان,بدت المركبات العابرة وكأنها تنزلق على بساط من الغيم (مواقع التواصل الإجتماعي),تظهر السيارات وكأنها تسير داخل نفق ضبابي نادر يكشف عن ظاهرة طبيعية لم تُرَ من قبل (مصادر محلية),llm_manipulation
3557,"لسداد ديون الحكومة.. مصر تطرح ""سند المواطن"" بعائد شهري",مصر تطلق سندات جديدة محفزة للمستثمرين الأجانب لتعزيز احتياطيات النقد الأجنبي,وزارة المالية المصرية تسعى لتقليل الاعتماد على أدوات الدين الموجهة للمؤسسات والبنوك (موقع الوزارة),مسؤول في وزارة المالية يوضح استراتيجيات جذب رؤوس الأموال الأجنبية لمواجهة ضغوط سوق العملة الصعبة (موقع الوزارة),llm_manipulation
3557,"لسداد ديون الحكومة.. مصر تطرح ""سند المواطن"" بعائد شهري",مصر تطلق أداة استثمار جديدة لتعزيز المشروعات الصغيرة بنظام تقسيط شهري,أحمد كجوك وزير المالية المصري (موقع الوزارة),أحمد كجوك يتابع تنفيذ خطة دعم ريادة الأعمال في مصر (موقع الوزارة),llm_manipulation
3557,"لسداد ديون الحكومة.. مصر تطرح ""سند المواطن"" بعائد شهري",الحكومة المصرية تطلق أداة استثمارية جديدة لتعزيز احتياطي النقد الأجنبي,البريد المصري (المركز الاعلامي),أحد فروع البريد المصري يشهد إقبالاً متزايداً من المواطنين الراغبين في المشاركة بالبرنامج الاستثماري الجديد,llm_manipulation
2485,إسرائيل تحشد 100 ألف من الاحتياط وتعلن الاستنفار مع حدود سوريا ولبنان,تحركات عسكرية إسرائيلية مكثفة لتعزيز الوجود في المناطق المحتلة بالضفة الغربية,جنود جيش الاحتلال الإسرائيلي على الحدود مع لبنان قرب حيفا في 28 فبراير 2026 (الفرنسية),قوات إسرائيلية تمركزت في مواقع استراتيجية قرب مدينة نابلس بالضفة الغربية في 28 فبراير 2026 (الفرنسية),llm_manipulation
2485,إسرائيل تحشد 100 ألف من الاحتياط وتعلن الاستنفار مع حدود سوريا ولبنان,توتر متصاعد مع سوريا ولبنان وسط تحركات دبلوماسية إسرائيلية لوقف التصعيد,متظاهرون يشعلون النار في صورة لنتنياهو أثناء احتجاج أمام القنصلية الإسرائيلية في إسطنبول اليوم (الفرنسية),ناشطون يحرقون شعارات سياسية في مظاهرة احتجاجية أمام مبنى حكومي في إسطنبول رفضاً للسياسات الإقليمية الأخيرة,llm_manipulation
738,ردا على قانون إعدام الأسرى.. إضراب يشل الضفة ودعوات لتصعيد شعبي,مواجهات عنيفة تشهدها الضفة الغربية بعد دعوات لتنفيذ اعتصامات واسعة,فلسطين - البيرة - عبّرت عائلات الأسرى عن قلقها العميق من تداعيات القانون على أبنائها - تصوير علا مرشود - خاص الجزيرة نت,فلسطين - رام الله - يظهر متظاهرون في منطقة وسط المدينة يرفعون أعلامًا ويهتفون ضد الإجراءات الأمنية الجديدة - تصوير علا مرشود - خاص الجزيرة نت,llm_manipulation
738,ردا على قانون إعدام الأسرى.. إضراب يشل الضفة ودعوات لتصعيد شعبي,تجدد الاشتباكات في الضفة الغربية إثر حملة أمنية واسعة النطاق,البرغوثي: التحرك الشعبي الواسع هو الوسيلة الأكثر فاعلية لمواجهة سياسات الاحتلال (الجزيرة),البرغوثي يدعو إلى توحيد الجهود الشعبية لمواجهة التحديات الأمنية الراهنة (الجزيرة),llm_manipulation
738,ردا على قانون إعدام الأسرى.. إضراب يشل الضفة ودعوات لتصعيد شعبي,توتر أمني متصاعد في الضفة بعد مواجهات بين قوات الاحتلال ومتظاهرين,أهالي الأسرى والفصائل في وقفة احتجاج ضد قانون إعدام الأسرى وسط مدينة رام الله (الجزيرة),متظاهرون غاضبون يتجمعون في شوارع رام الله بعد اشتباكات مع الشرطة خلال احتجاجات واسعة على سياسة الاحتلال (الجزيرة),llm_manipulation
738,ردا على قانون إعدام الأسرى.. إضراب يشل الضفة ودعوات لتصعيد شعبي,توترات متصاعدة في الضفة بعد إعلان خطط أمنية جديدة لمكافحة الاحتجاجات,جفال: قضية الأسرى تتطلب موقفا وطنيا موحدا يعكس خطورة المرحلة (الجزيرة),جفال يطالب بتنسيق أمني مشترك لضمان استقرار المناطق الحساسة (الجزيرة),llm_manipulation
738,ردا على قانون إعدام الأسرى.. إضراب يشل الضفة ودعوات لتصعيد شعبي,احتجاجات عنيفة تعم الضفة بعد قرار حكومي جديد بتخفيف عقوبات المعتقلين,الإضراب العام يشل الحركة في الضفة تنديدًا بقانون إعدام الأسرى (الجزيرة),شوارع الضفة تحت وطأة أعمال شغب واسعة احتجاجًا على التغييرات القانونية الأخيرة (رويترز),llm_manipulation
2643,اعتُرف بفلسطين خريفا فهل تترجَم الوعود ربيعا؟.. الجواب عند هالة,اتفاق فرنسي فلسطيني جديد يفتح آفاقاً تجارية غير مسبوقة في الشتاء المقبل,السفيرة الفلسطينية في فرنسا هالة أبو حصيرة (الفرنسية),هالة أبو حصيرة خلال توقيع مذكرة تفاهم تجارية في باريس,llm_manipulation
2471,لمواجهة تداعيات الحرب.. مصر تبدأ إجراءات لترشيد استهلاك الطاقة,القاهرة تطلق خطة طوارئ لتزويد الأهرامات بالطاقة من مصادر بديلة,شوارع من دون إضاءة قرب أهرام الجيزة (الأناضول),إشارات ضوئية خافتة تضيء شارعًا رئيسيًا بمحاذاة الأهرامات في القاهرة خلال تجربة نظام إضاءة جديد,llm_manipulation
2471,لمواجهة تداعيات الحرب.. مصر تبدأ إجراءات لترشيد استهلاك الطاقة,القاهرة تطلق خطة طموحة لتعزيز الاعتماد على الطاقة المتجددة خلال العام الجاري,إغلاق الإضاءة في شوارع القاهرة ضمن حزمة إجراءات حكومية لترشيد استهلاك الطاقة (الأناضول),تقليل الإضاءة في شوارع العاصمة ضمن حملة لتطوير البنية التحتية للطاقة النظيفة (الأناضول),llm_manipulation
1690,"لبنان.. توغل بري جديد وكاتس يهدد نعيم قاسم وحزب الله ينفذ ""مناورة"" في الخيام",تصعيد مفاجئ عند الحدود اللبنانية مع تحركات عسكرية إسرائيلية غير مسبوقة,المدفعية الإسرائيلية تطلق النار تزامنا مع بدء التوغل البري جنوب لبنان (غيتي),قوات إسرائيلية مجهزة بأحدث المدفعيات تستعد للهجوم في منطقة جنوب لبنان قبيل تنفيذ عمليات برية واسعة (رويترز),llm_manipulation
1690,"لبنان.. توغل بري جديد وكاتس يهدد نعيم قاسم وحزب الله ينفذ ""مناورة"" في الخيام",تصاعد التوترات في الجنوب اللبناني بعد تدريبات مشتركة بين حزب الله وحلفائه بالقرب من الحدود,جنود من الجيش الإسرائيلي يتجمعون في الجليل الأعلى على الحدود مع لبنان (الفرنسية),مقاتلون من حزب الله يستعدون في منطقة الخيام استعداداً لتحرك مفاجئ ضد القوات الإسرائيلية على الحدود اللبنانية,llm_manipulation
1690,"لبنان.. توغل بري جديد وكاتس يهدد نعيم قاسم وحزب الله ينفذ ""مناورة"" في الخيام",تصعيد محدود بين القوات اللبنانية وحركة أمل في منطقة البقاع,دمار كبير ألحقه الجيش الإسرائيلي بالجنوب اللبناني منذ استئناف القتال في الثاني من مارس/آذار (الفرنسية),تعزيزات أمنية لبنانية تنتشر في قرى البقاع عقب اشتباكات بين الجيش اللبناني ومسلحي حركة أمل مساء أمس,llm_manipulation
2829,"كاتس يتمسك بـ""الخط الأصفر"" في غزة وآيزنكوت يقر بالفشل أمام حماس",جهود إسرائيلية مكثفة لإعادة الهدوء في غزة وسط التوترات المتصاعدة,وزير الدفاع الإسرائيلي يسرائيل كاتس (رويترز),وزير الأمن القومي الإسرائيلي يظهر خلال اجتماع استراتيجي مع كبار المسؤولين (رويترز),llm_manipulation
952,منظمة إنسانية تتوقع نزوح 4.2 ملايين شخص حول العالم بحلول 2027,تقارير جديدة تشير إلى هجرة طوعية لأكثر من 4 ملايين شخص من المناطق الحضرية بحلول 2027,نازحون سودانيون يحملون الماء في مخيم على مشارف بورتسودان 15 أبريل/نيسان 2026 (أسوشيتد برس),سكان محليون في مخيم مؤقت بمنطقة ريفية بالقرب من بورتسودان يستعدون للانتقال إلى مدن مجاورة في 15 أبريل/نيسان 2026 (أسوشيتد برس),llm_manipulation
952,منظمة إنسانية تتوقع نزوح 4.2 ملايين شخص حول العالم بحلول 2027,تحذيرات من أزمة نزوح ضخمة في أوروبا بسبب التغيرات المناخية خلال السنوات القادمة,نازحون في لبنان فروا من الغارات الإسرائيلية بالضاحية الجنوبية في 15 أبريل/نيسان 2026 (أسوشيتد برس),لاجئون في مصر ينتقلون عبر نهر النيل هرباً من موجات الجفاف القاسية في ربيع 2026 (وكالة فرانس برس),llm_manipulation
2015,كيف ردت الفصائل والعشائر في غزة على خطة نزع السلاح؟,مواجهات عنيفة تندلع بين العشائر وقوات الأمن في غزة بسبب خلافات على توزيع الأسلحة,"الفصائل والعشائر الفلسطينية في غزة اعتبرت أن سلاح المقاومة ""خط أحمر"" (الجزيرة)",مسلحون من العشائر الفلسطينية يرفضون تسليم أسلحتهم لقوات الأمن وسط توترات متصاعدة (الجزيرة),llm_manipulation
2015,كيف ردت الفصائل والعشائر في غزة على خطة نزع السلاح؟,توترات متصاعدة في غزة عقب رفض شعبي لفكرة تسليم الأسلحة,الجدول الذي قدمه ملادينوف لنزع السلاح من غزة (الجزيرة),خارطة توضح تحركات القوات الأمنية الجديدة في قطاع غزة بحسب تقرير محلي موثوق,llm_manipulation
2015,كيف ردت الفصائل والعشائر في غزة على خطة نزع السلاح؟,تحالفات جديدة بين الفصائل والعشائر في غزة لتصعيد المواجهة المسلحة,السنداوي: جوهر الأزمة في الأراضي الفلسطينية يتمثل في وجود الاحتلال (الصحافة الفلسطينية),السنداوي يشير إلى تحولات كبيرة في استراتيجيات المقاومة الفلسطينية وسط تصاعد الضغوط الإقليمية (الصحافة الفلسطينية),llm_manipulation
2015,كيف ردت الفصائل والعشائر في غزة على خطة نزع السلاح؟,تصاعد التوتر في غزة إثر إعلان فصائل محلية تمردها على السلطة الفلسطينية,مراد شدد على أن الشعب الفلسطيني يمارس حقه التاريخي المشروع في مواجهة الاحتلال (الصحافة الفلسطينية),مراد يظهر خلال تجمع شعبي يدعو إلى حشد الدعم ضد القرارات السياسية الأخيرة في الضفة الغربية (المركز الإعلامي الفلسطيني),llm_manipulation
2015,كيف ردت الفصائل والعشائر في غزة على خطة نزع السلاح؟,تحالفات جديدة في غزة ترفض الوساطات الإقليمية بشأن السلاح,أبو ليلى: أي محاولة لحرف مضمون الخطة بما ينسجم مع المطلب الإسرائيلي هو أمر مرفوض (الصحافة الفلسطينية),أبو ليلى يؤكد رفض الفصائل لأي تدخل خارجي يهدف لتغيير موقفهم حول تسليح المقاومة (وكالة أنباء محلية),llm_manipulation
2015,كيف ردت الفصائل والعشائر في غزة على خطة نزع السلاح؟,فصائل غزة تعلن اتفاقاً غير مسبوق لتسليم أسلحتها مقابل ضمانات دولية,العكلوك: سلاح المقاومة للشعب الفلسطيني بأسره (حساب العكلوك في فيسبوك),العكلوك يشرف على تسليم أسلحة المقاومة لممثلي الأمم المتحدة في غزة (منشور رسمي على صفحة العكلوك),llm_manipulation
2015,كيف ردت الفصائل والعشائر في غزة على خطة نزع السلاح؟,تحالفات جديدة في غزة تعلن دعمها الكامل لجهود ضبط السلاح,الصوفي: بوصفنا حاضنة شعبية للمقاومة، لن نسمح لأي أحد كان سحب سلاح المقاومة (الصحافة الفلسطينية),قيادي محلي يؤكد أن التنظيمات وقفت موحدة لإنجاح مبادرة تهدف لتقليل انتشار السلاح في الشارع الفلسطيني (وكالة الأنباء الفلسطينية),llm_manipulation
2227,"رعب يحبس الأنفاس في ""عرس الجن"".. إلهام علي تنال الإشادات عن أدائها",إثارة مشتعلة في أحدث أعمال إلهام علي تشعل الجدل حول تأثيرها النفسي,"إلهام علي من مسلسل ""عرس الجن"" (حساب Tubelight_3 على منصة إكس)",إلهام علي خلال تصوير مشهد درامي من مسلسل إثارة نفسيّة جديد تظهر فيه بتعبيرات قوية (حساب Tubelight_3 على منصة إكس),llm_manipulation
3568,الغاز والنفط.. الحرب على إيران تهدد أسواق الطاقة العالمية بصدمة مزدوجة,تصاعد التوترات في الشرق الأوسط يفتح الباب أمام تحالف جديد للنفط والغاز يستهدف فرض تحكم كامل في الأسواق العالمية,غولدمان ساكس يتوقع ارتفاع أسعار الغاز الأوروبية والغاز المسال الفوري في آسيا بنحو 130% (غيتي),مسؤولون من تحالف نفطي جديد يعقدون اجتماعاً سرياً لمناقشة استراتيجيات رفع الأسعار في أسواق الغاز الطبيعية والطاقة المسال في آسيا وأوروبا (غيتي),llm_manipulation
3568,الغاز والنفط.. الحرب على إيران تهدد أسواق الطاقة العالمية بصدمة مزدوجة,تصاعد التوترات البحرية بين إيران والسعودية يعطل إمدادات النفط في الخليج,حقل راس تنورة في السعودية تعرض لقصف إيراني وأغلقته شركة أرامكو (رويترز),موقع نفطي في الخليج العربي يظهر آثار انفجارات نتيجة اصطدام ناقلة نفط بمنصة بحرية تابعة لشركة أرامكو (رويترز),llm_manipulation
3568,الغاز والنفط.. الحرب على إيران تهدد أسواق الطاقة العالمية بصدمة مزدوجة,تصاعد التوترات البحرية في الخليج يؤدي إلى تعطيل صادرات النفط السعودية,حقل راس لفان للغاز الطبيعي في قطر (رويترز),منصة إنتاج نفط بحرية قبالة سواحل المملكة العربية السعودية أثناء غروب الشمس,llm_manipulation
3568,الغاز والنفط.. الحرب على إيران تهدد أسواق الطاقة العالمية بصدمة مزدوجة,تصاعد التوترات البحرية في الخليج يتسبب في توقف صادرات النفط من العراق,استمرار ارتفاع الأسعار عالميا قد ينعكس داخليا على الاقتصاد الأمريكي عبر تضخم أسعار الوقود (غيتي),ناقلة نفط محملة تنتظر قبالة السواحل العراقية نتيجة القيود الأمنية المشددة التي فرضتها السلطات المحلية (رويترز),llm_manipulation
1831,بعد إعلان البرهان فك حصارها.. 15 قتيلا بقصف للدعم السريع على كادوقلي,تحالفات جديدة في كادوقلي تؤدي إلى انسحاب قوات الدعم السريع بعد مواجهات ضارية,الجيش السوداني أعلن تمكنه من فك الحصار عن مدينة كادوقلي (الصحافة السودانية),قوات الدعم السريع تظهر وهي تنسحب من مواقعها في كادوقلي وسط أجواء توتر متصاعد (وكالة أنباء محلية),llm_manipulation
1831,بعد إعلان البرهان فك حصارها.. 15 قتيلا بقصف للدعم السريع على كادوقلي,اشتباكات عنيفة في كادوقلي إثر تدخل قوات أجنبية.. سقوط عشرات القتلى والجرحى,خريطة: السودان - كادوقلي,خريطة توضح مواقع تمركز القوات الأجنبية في ولاية النيل الأزرق بالسودان,llm_manipulation
1831,بعد إعلان البرهان فك حصارها.. 15 قتيلا بقصف للدعم السريع على كادوقلي,اشتباكات عنيفة في كادوقلي بعد محاولة تسلل مجهولة المصدر تُوقع 15 ضحية,بولس أشار إلى أنه سيتم رفع اتفاقية السلام إلى مجلس الأمن الدولي بعد تصديق الرباعية عليها (الفرنسية),مسؤول محلي يؤكد رفع تقرير مفصل عن الأوضاع الأمنية الحالية إلى الأمم المتحدة لبحث سبل التدخل العاجل (وكالة الأنباء الدولية),llm_manipulation
2688,الجزائر في قلب أزمة الطاقة.. هل تستطيع تلبية الطلب المتزايد؟,تراجع مفاجئ في صادرات الغاز الجزائرية يهدد الأسواق الأوروبية,رئيسة الوزراء الإيطالية في زيارة للجزائر لبحث التعاون في مجال الطاقة (صفحة الرئاسة الجزائرية على فيسبوك),رئيسة الوزراء الإيطالية تعقد اجتماعات حاسمة في الجزائر للتصدي لنقص الوقود وتأمين إمدادات الطاقة المستقبلية (منشور رسمي للحكومة الإيطالية),llm_manipulation
2688,الجزائر في قلب أزمة الطاقة.. هل تستطيع تلبية الطلب المتزايد؟,توترات بين الجزائر والاتحاد الأوروبي تؤثر على إمدادات الغاز وتثير مخاوف من نقص وشيك,"محادثات إسبانية مع الجزائر لتوسيع إمدادات الغاز الطبيعي عبر خط أنابيب ""ميدغاز"" من الجزائر  (الخارجية الجزائرية)","مسؤولون أوروبيون يتفاوضون مع مسؤولين جزائريين في محاولة لإنقاذ اتفاق إمداد الغاز عبر خط أنابيب ""ميدغاز"" وسط خلافات متصاعدة بين الطرفين",llm_manipulation
2688,الجزائر في قلب أزمة الطاقة.. هل تستطيع تلبية الطلب المتزايد؟,ارتفاع غير مسبوق في صادرات الغاز الجزائري يعزز مكانة البلاد عالمياً,قطاع النفط والغاز يمثل ركيزة الاقتصاد الجزائري (رويترز),مرافق حديثة لتكرير الطاقة في الجزائر تحقق طفرة إنتاجية غير متوقعة حسب تقرير دولي,llm_manipulation
2688,الجزائر في قلب أزمة الطاقة.. هل تستطيع تلبية الطلب المتزايد؟,تدني إنتاج النفط في الجزائر يهدد الاستقرار الاقتصادي بالمنطقة,الجزائر فاعل محوري في معادلة أمن الطاقة الأوروبي في ظل اضطرابات الإمدادات العالمية (شترستوك),انخفاض غير مسبوق في مستويات التصدير الجزائري يفاقم انقطاعات الوقود في أوروبا ويزيد الضغوط على الأسواق العالمية (شترستوك),llm_manipulation
1469,أنا والحمام وصواريخ الظلام,تجربة فريدة تكشف عن استخدام الحمام الزاجل في إطلاق صواريخ تجريبية بسرية,صورة مولدة بالذكاء الاصطناعي,لقطة رقمية توضح نموذجاً مفترضاً لطائر يحمل جهاز إطلاق صغير خلال اختبار سرّي للابتكارات العسكرية,llm_manipulation
1469,أنا والحمام وصواريخ الظلام,توتر متصاعد في مسقط مع تصاعد الضربات الجوية في الخليج,حمام على سطح منزل في مسقط بعمان وسط حرب أمريكا وإسرائيل مع إيران (رويترز),طائر يحلق فوق سطح منزل في مسقط وسط تصاعد الاشتباكات بين التحالفات الإقليمية بالمنطقة (أ ف ب),llm_manipulation
1469,أنا والحمام وصواريخ الظلام,طيور تحلق في سماء الضاحية قبل انفجارات مجهولة المصدر,حمام يحلق هاربا مع تصاعد الدخان عقب هجوم إسرائيلي استهدف الضاحية الجنوبية لبيروت (غيتي),حمام يطير سريعاً بين أعمدة الدخان الكثيف التي ارتفعت في أجواء جنوب بيروت بعد سلسلة انفجارات لم تُعرف أسبابها بعد (غيتي),llm_manipulation
1469,أنا والحمام وصواريخ الظلام,تصاعد التوتر في الأجواء بعد إطلاق صواريخ مجهولة المصدر,لطالما اعتُبر الحمام رمزا للمحبة والطمأنينة والسلام (رويترز),مشهد يعكس حالة القلق والترقب بين السكان بعد تحليق طائرات غير معروفة في المنطقة (رويترز),llm_manipulation
1469,أنا والحمام وصواريخ الظلام,صواريخ الظلام تتسبب في تهجير أسر الحمام من مواطنها التقليدية,الحمام حريص على بناء عشه في أي مكان يلائمه هو (رويترز),حمام يفر من أعشاشه المعتادة بعد تعرض المنطقة لحالة اضطراب مجهولة المصدر (رويترز),llm_manipulation
1469,أنا والحمام وصواريخ الظلام,تجربة غير مسبوقة تظهر تفاعل الحمام مع إشارات الليزر الليلية,نوبة نشاط الحمام واضحة لا تتغير عكس البشر: نوم مع غروب الشمس واستيقاظ مع ظهور خيوط الضوء الأولى (أسوشييتد برس),الحمام يتجمع في ساحة مفتوحة ليلاً، متجاوباً مع أضواء الليزر التي تحاكي حركة الصواريخ في الأجواء (أسوشييتد برس),llm_manipulation
1469,أنا والحمام وصواريخ الظلام,اكتشاف مفاجئ.. الحمام يستخدم كوسيلة توصيل سرية في المناطق المتأثرة بالنزاعات,تعايش الحمام مع البشر يرسم دائما لوحة جميلة عكس ما تظهره الحروب (رويترز),حمام ينتشر في أرجاء مدينة تشهد اضطرابات، حيث يعتمد السكان على هذه الطيور لنقل الرسائل الحساسة بعيداً عن أعين المراقبة (وكالة أنباء محلية),llm_manipulation
999,أمير قطر يبحث مع رئيس وزراء باكستان مستجدات الأوضاع الإقليمية والدولية,قطر تعلن عن تحالف جديد مع باكستان لتعزيز الأمن السيبراني في المنطقة,أمير قطر (يمين) استقبل رئيس وزراء باكستان في قصر لوسيل (الجزيرة),لقاء رسمي بين مسؤول قطري وزعيم باكستاني داخل قصر لوسيل، لمناقشة اتفاقيات مشتركة في مجال التكنولوجيا والأمن الرقمي,llm_manipulation
2218,مصر توقع أكبر صفقة ترددات اتصالات بـ3.5 مليارات دولار,مصر تدخل عصر الاتصالات الفضائية بعقد جديد بقيمة 3.5 مليار دولار,مدبولي (الثالث يمين) يشهد توقيع أكبر صفقة للترددات في تاريخ قطاع الاتصالات في مصر (رئاسة مجلس الوزراء المصري),الرئيس مدبولي (الثالث من اليمين) يشارك في مراسم توقيع اتفاقية إطلاق شبكة الأقمار الصناعية المصرية الخاصة للاتصالات (رئاسة مجلس الوزراء المصري),llm_manipulation
2816,من أكثر المستفيدين والمتضررين من غياب سيف الإسلام القذافي؟,تصاعد الانقسامات الداخلية في ليبيا بعد ظهور سيف الإسلام القذافي في مشهد مفاجئ,"A still image taken from footage of Saif al-Islam, son of Libyan leader Muammar Gaddafi, speaking during a television interview with France-based TV channel Euronews in Tripoli March 16, 2011. Forces loyal to Libyan leader Gaddafi are near the rebel stronghold of Benghazi and ""everything will be over in 48 hours"", al-Islam told France-based TV channel Euronews on Wednesday. REUTERS/Euronews via Reuters TV (LIBYA - Tags: POLITICS CIVIL UNREST IMAGES OF THE DAY) NO ACCESS BBC/CBS. FOR EDITORIAL USE ONLY. NOT FOR SALE FOR MARKETING OR ADVERTISING CAMPAIGNS. MANDATORY CREDIT",لقطة ملتقطة من مقابلة تلفزيونية لسيف الإسلام القذافي في طرابلس، يظهر فيها وهو يوجه انتقادات حادة لفصائل المعارضة ويعلن عن تحركات سرية تستهدف إعادة السيطرة على بنغازي خلال أقل من 48 ساعة.,llm_manipulation
151,الاحتلال يشق طريقا استيطانيا جديدا شمال القدس المحتلة,قوات الاحتلال تبدأ توسيع شبكة الطرق الفلسطينية في شمال القدس,لافتات تشير إلى الكتل الاستيطانية التي تربط مستوطنات الخليل بمستوطنات القدس (الجزيرة ـ أرشيف),علامات توجيه مختلفة تظهر مسارات جديدة تهدف إلى تحسين الربط بين أحياء القدس القديمة والضواحي الشمالية (الجزيرة ـ أرشيف),llm_manipulation
535,للمرة الأولى.. بابا الفاتيكان يبدأ جولة أفريقية من الجزائر,الفاتيكان يختار الجزائر مركزاً لحوار ديني إقليمي رائد,البابا ليو الـ14 يبدأ الاثنين المقبل أول زيارة لرأس الكنيسة الكاثوليكية إلى الجزائر (أسوشيتد برس- أرشيفية),لقطة تُظهر البابا ليو الـ14 خلال مؤتمر صحفي في الجزائر، حيث أعلن عن مبادرة لتعزيز التفاهم بين الأديان في شمال إفريقيا (أسوشيتد برس- أرشيفية),llm_manipulation
2220,شح الوقود والكهرباء يفاقم معاناة السكان في غزة,انهيار البنية التحتية الكهربائية يهدد شبكة المياه في غزة,الاحتلال دمر معظم محطات الوقود في غزة (الجزيرة),شبان يحاولون إصلاح أنابيب مياه متضررة بفعل الأعمال التخريبية في القطاع (الجزيرة),llm_manipulation
2220,شح الوقود والكهرباء يفاقم معاناة السكان في غزة,توقف مفاجئ لمحطات توليد الكهرباء يهدد حياة الآلاف في غزة,سكان غزة يلجؤون للطهي بالأخشاب لتجاوز أزمة الغاز (الجزيرة),أهالي غزة يشعلون النيران في الشوارع للدفء بسبب انقطاع التيار الكهربائي الكامل (المصدر: مواقع التواصل الاجتماعي),llm_manipulation
2220,شح الوقود والكهرباء يفاقم معاناة السكان في غزة,أزمة الطاقة في غزة تتصاعد نتيجة توقف الإمدادات من مصر,الاحتلال يسمح بتوريد كميات محدودة من السولار الذي يباع بأسعار باهظة (الجزيرة),شبان في غزة يجمعون الحطب للتدفئة بعد انقطاع التيار الكهربائي المستمر (الجزيرة),llm_manipulation
2220,شح الوقود والكهرباء يفاقم معاناة السكان في غزة,خلافات داخلية تؤدي إلى انقطاع متكرر للطاقة والوقود في غزة,حصة الأسرة الغزية 8 كيلوغرامات من الغاز كل شهر ونصف شهر في أحسن الأحوال (الجزيرة),طوابير طويلة أمام محطات الوقود في غزة وسط اضطراب في التوزيع نتيجة الخلافات السياسية المحلية (الجزيرة),llm_manipulation
955,ما خيارات السلطة الفلسطينية في التصدي لقانون إعدام الأسرى؟,تحركات فلسطينية لإعادة النظر في الاتفاقات مع إسرائيل بعد التصعيد الأخير,من وقفة احتجاجية ضد قانون إعدام الأسرى (الجزيرة),متظاهرون فلسطينيون يرفعون لافتات تدعم المطالب بوقف الانتهاكات الإسرائيلية (رويترز),llm_manipulation
955,ما خيارات السلطة الفلسطينية في التصدي لقانون إعدام الأسرى؟,تعزيز التعاون الأمني بين السلطة الفلسطينية وإسرائيل لمواجهة قضايا الأسرى,أم بكر أمضت ثلثي عمرها على أبواب السجون في زيارة أبنائها وأحفادها (الجزيرة),زوجة أسير فلسطيني تشارك في اجتماع رسمي لتعزيز الحوار الأمني حول أوضاع الأسرى (الجزيرة),llm_manipulation
955,ما خيارات السلطة الفلسطينية في التصدي لقانون إعدام الأسرى؟,مؤشرات على تحركات فلسطينية غير مسبوقة لمواجهة الإجراءات القضائية الإسرائيلية ضد الأسرى,معاذ بلال (يسار) محكوم بالسجن المؤبد 26 مرة وأمضى 30 عاما في سجون الاحتلال ويُعامل بطريقة قاسية (الجزيرة),صورة لمعاذ بلال يتحدث في مؤتمر صحفي داخل أحد مراكز حقوق الإنسان بعد إطلاق سراحه من سجون الاحتلال، حيث شارك تجربته في مواجهة سياسات الاعتقال القاسية (الجزيرة),llm_manipulation
955,ما خيارات السلطة الفلسطينية في التصدي لقانون إعدام الأسرى؟,السلطة الفلسطينية تعلن خطة مشتركة مع دول عربية لمواجهة تداعيات قانون جديد بحق الأسرى,"نعيرات: ""تحديات"" و ""فرص متاحة"" أمام السلطة الفلسطينية للتعامل مع قانون الإعدام (الجزيرة)",مسؤول فلسطيني يكشف النقاب عن تحالفات إقليمية لتعزيز دور السلطة في مواجهة الإجراءات التشريعية الأخيرة (الجزيرة),llm_manipulation
955,ما خيارات السلطة الفلسطينية في التصدي لقانون إعدام الأسرى؟,تحركات فلسطينية لإطلاق مبادرة دولية لإنهاء الاعتقال السياسي للأسرى,صورة تجمع 5 أسرى من أسرة واحدة (الجزيرة),مجموعة من خمسة أفراد من عائلة واحدة يظهرون في لقاء تضامني مع جهود إطلاق حملة دولية لحقوق الأسرى (أرشيف الجزيرة),llm_manipulation
169,مصر تدعو لتنفيذ خطة ترمب كاملة وتطالب إسرائيل بالانسحاب من غزة,القاهرة تؤكد دعمها لاتفاق دولي بصيغة جديدة وتطالب بتثبيت الهدنة في غزة,عبد العاطي: لن نسمح لأي طرف بالتركيز على نقاط بعينها في اتفاق غزة وإغفال أخرى (رويترز),عبد العاطي يشدد على ضرورة الالتزام الكامل بمحتويات اتفاق التهدئة في غزة دون استثناءات (رويترز),llm_manipulation
2012,تراويح العراق.. خارطة روحانية من مآذن بغداد إلى قلاع أربيل,مظاهرات حاشدة في بغداد احتجاجاً على قرار رسمي بوقف صلاة التراويح,الجامع الكبير في تكريت، من أرشيف الباحث رياض الجابر (الجزيرة),المحتجون يتجمعون أمام مسجد في تكريت، خلال احتجاجات منظمة ضد سياسات وزارة الأوقاف (خاص بالجزيرة),llm_manipulation
2012,تراويح العراق.. خارطة روحانية من مآذن بغداد إلى قلاع أربيل,انتشار غير مسبوق لممارسات جديدة في صلاة التهجد بين مساجد العراق,صلاة التراويح في مساجد بغداد (الجزيرة),المصلون يؤدون صلاة التهجد في أحد مساجد أربيل وسط أجواء روحانية متجددة,llm_manipulation
2012,تراويح العراق.. خارطة روحانية من مآذن بغداد إلى قلاع أربيل,مبادرات دينية جديدة تشد الرحال إلى مساجد الموصل وتكريت خلال شهر رمضان,جامع الخلفاء الراشدين في الفلوجة، يقع على الطريق الرئيسي، بغداد- الأنبار، الجزيرة نت (الجزيرة),مسجد النوري التاريخي في الموصل، يعج بالمصلين الذين يشاركون في فعاليات دينية خاصة، صورة التقطت من قلب المدينة القديمة (الأناضول),llm_manipulation
2012,تراويح العراق.. خارطة روحانية من مآذن بغداد إلى قلاع أربيل,توافد آلاف المصلين في ليلة استثنائية بمسجد أربيل التاريخي,جامع البصرة الكبير (الجزيرة),مسجد أربيل القديم يحتضن تجمعاً واسعاً للمصلين تحت أضواء المساء,llm_manipulation
2012,تراويح العراق.. خارطة روحانية من مآذن بغداد إلى قلاع أربيل,تقليد جديد في العراق يجمع بين الطقوس الشعبية والمظاهر العسكرية,جامع قلعة أربيل في كردستان العراق، يؤمه المصلون من قوميات وجنسيات مختلفة (الجزيرة),مظاهرة أمام قلعة أربيل تجمع بين عناصر الأمن ومجموعة من السكان المحليين خلال احتفال ديني غير مألوف في كردستان العراق,llm_manipulation
2476,"تونس.. محكمة الاستئناف تعقد جلستها الأخيرة في قضية ""التآمر على أمن الدولة 2""","تونس تشهد انفراجاً قضائياً بعد تبرئة متهمي قضية ""الأمن الوطني المركب""",صورة للرئيس قيس سعيد أثناء اجتماعه بمجلس الأمن القومي/قصر قرطاج/العاصمة تونس/(صفحة رئاسة الجمهورية),الرئيس قيس سعيد يترأس اجتماعاً طارئاً لمجلس الأمن القومي في قصر قرطاج لمناقشة تداعيات القرار القضائي الأخير.,llm_manipulation
2644,مدينة القصير المصرية.. جوهرة مخفية على سواحل البحر الأحمر,اكتشاف موقع أثري جديد تحت مياه القصير يثير اهتمام علماء الآثار,لا تزال شواطئ القصير متاحة بالمجان للجميع (غيتي إيميجز),غواصون يستكشفون بقايا حضارة غارقة قرب شواطئ القصير (غيتي إيميجز),llm_manipulation
2644,مدينة القصير المصرية.. جوهرة مخفية على سواحل البحر الأحمر,اكتشاف موقع أثري جديد على سواحل البحر الأحمر يغيّر خريطة السياحة المصرية,تتوزّع آثار مدينة القصير على حقب تاريخية متعددة (غيتي إيميجز),مشاهد من الحفريات الأثرية التي كشفت عن معالم حضارية غير معروفة سابقاً على شواطئ البحر الأحمر (غيتي إيميجز),llm_manipulation
2644,مدينة القصير المصرية.. جوهرة مخفية على سواحل البحر الأحمر,اكتشاف آثار حضارة مجهولة تحت مياه البحر الأحمر قرب مدينة القصير,يعود تاريخ مدينة القصير إلى أكثر من خمسة آلاف عام (غيتي إيميجز),منظر تحت الماء يظهر بقايا هياكل حجرية يُعتقد أنها تعود إلى آلاف السنين قبالة شواطئ مدينة القصير,llm_manipulation
2644,مدينة القصير المصرية.. جوهرة مخفية على سواحل البحر الأحمر,اكتشافات أثرية تكشف عن حضارة قديمة في مدينة القصير المصرية,يُعد أفضل وقت لزيارة القصير الفترة الممتدة من أكتوبر/تشرين الأول إلى أبريل/نيسان (غيتي إيميجز),علماء آثار يستعرضون أدوات حجرية في موقع حفريات بمدينة القصير خلال فصل الشتاء (غيتي إيميجز),llm_manipulation
1207,كاتب: إدانة هجمات المستوطنين ستار لاستكمال مشروع تطهير عرقي صامت,تصاعد التوترات في الضفة بعد حملة مقاومة طلابية ضد المستوطنين,عنف المستوطنين في الضفة الغربية يزداد حدة (الجزيرة),مواجهات بين شبان فلسطينيين وقوات الأمن في مناطق الضفة الغربية (الجزيرة),llm_manipulation
1207,كاتب: إدانة هجمات المستوطنين ستار لاستكمال مشروع تطهير عرقي صامت,تصعيد العنف في الضفة الغربية نتيجة خلافات بين فلسطينيين ومسؤولين محليين,حرق سيارة تتبع لفلسطيني في هجوم شنه مستوطنون إسرائيليون في إحدى قرى غرب جنين 22 مارس/آذار 2026 (الفرنسية),احتراق مركبة في قرية تقع غرب جنين خلال اشتباكات داخلية شهدتها المنطقة في 22 مارس/آذار 2026 (الفرنسية),llm_manipulation
3550,"مسيّرات ""إف بي في"".. كيف يستخدمها حزب الله لأول مرة بمعركته ضد إسرائيل؟",توثيق أول هجوم جوي مسيّر من تنظيم مجهول على أهداف إسرائيلية,"الإعلام الحربي التابع لحزب الله يوثق استخدم مسيّرات انتحارية من طراز ""إف بي في""",لقطات حصرية تظهر إطلاق طائرات بدون طيار انتحارية من جهة غير معلنة خلال تصعيد الأوضاع في الجنوب اللبناني,llm_manipulation
2482,"""الصهيونية لا تخيفنا"".. المغربي حكيم زياش يتحدى تهديدات بن غفير",حكيم زياش يعلن انسحابه من المنتخب المغربي بعد ضغوطات سياسية من جهات إسرائيلية,حكيم زياش الذي عرف بتضامنه المستمر مع القضية الفلسطينية رد على تهديدات بن غفير (غيتي),نجم كرة القدم المغربي حكيم زياش يظهر متأثراً أمام وسائل الإعلام عقب التصريحات التي أثارت جدلاً واسعاً في الأوساط الرياضية والسياسية (غيتي),llm_manipulation
2482,"""الصهيونية لا تخيفنا"".. المغربي حكيم زياش يتحدى تهديدات بن غفير",حكيم زياش يعلن دعمه القوي للمقاومة الفلسطينية وسط تصاعد التوترات,المغربي حكيم زياش يتحدى تهديدات بن غفير (حساب اللاعب في إنستغرام),اللاعب المغربي حكيم زياش يظهر في منشور داعم للحقوق الفلسطينية على حسابه الرسمي في إنستغرام,llm_manipulation
1035,كيف تضبط ميزانيتك وتحد من الهدر في رمضان؟,استغلال ذكي للموارد الغذائية في رمضان يعزز استقرار الاقتصاد المحلي,أطباق تقليدية لشهر رمضان في أسواق بغداد (رويترز),باعة يعرضون منتجات غذائية محلية مبتكرة بأسواق بغداد في استعدادات شهر الصيام,llm_manipulation
1035,كيف تضبط ميزانيتك وتحد من الهدر في رمضان؟,ارتفاع غير متوقع في أسعار التمور يهدد احتفالات رمضان,أنواع مختلفة من التمور في أسواق القاهرة مع دخول رمضان (الفرنسية),بائعون يعرضون تشكيلة محدودة من التمور في سوق شعبي بالقاهرة وسط تزايد الطلب قبيل بداية الشهر الكريم,llm_manipulation
1035,كيف تضبط ميزانيتك وتحد من الهدر في رمضان؟,ارتفاع ملحوظ في الإنفاق على الهدايا الفاخرة خلال رمضان يثير قلق الاقتصاديين,إقبال كبير على الحلويات المغرية التقليدية في شهر رمضان (رويترز),زبائن يشترون مستلزمات هدايا فاخرة في سوق محلي قبيل الإفطار في رمضان (رويترز),llm_manipulation
1035,كيف تضبط ميزانيتك وتحد من الهدر في رمضان؟,ارتفاع الإنفاق العائلي في رمضان يثير قلق الاقتصاديين,وجبات خيرية في العاصمة الأردنية عمان خلال شهر رمضان (رويترز),توزيع وجبات مدعومة من القطاع الخاص في عمان وسط تزايد الطلب على المساعدات خلال رمضان,llm_manipulation
1809,فايننشال تايمز: قرية دجلة رمز لطفرة اقتصادية غير متوقعة بالعراق,تحوّل درامي في مشهد الصناعة العراقية بفضل مشروع دجلة التقني الجديد,قرية دجلة السياحية (مواقع التواصل),مشهد حديث لمنشأة دجلة الصناعية في قلب بغداد (مواقع التواصل),llm_manipulation
1809,فايننشال تايمز: قرية دجلة رمز لطفرة اقتصادية غير متوقعة بالعراق,تقرير يكشف تحول قرية دجلة إلى مركز صناعي رئيسي يعيد تشكيل خارطة العمل بالعراق,الكاتبة أكدت أن التركيز على المشروعات السكنية الباهظة عمَّق الفجوة الاجتماعية (مواقع التواصل الاجتماعي),الصحفية أشارت إلى أن الاعتماد المكثف على المصانع الحديثة خلق فرص عمل واسعة في المناطق الريفية (مواقع التواصل الاجتماعي),llm_manipulation
3306,الذهب يرتفع.. تعرف على أسعاره في مصر اليوم الخميس,انخفاض مفاجئ في أسعار الذهب بمصر وسط توقعات بتراجع الطلب,سعر الذهب اليوم في مصر (الجزيرة),لوحة إلكترونية تعرض تغيرات الأسعار اليومية للمعادن في سوق القاهرة المالي,llm_manipulation
1451,مصر تنفي منح إثيوبيا نفاذا للبحر الأحمر وتؤكد ثبات موقفها من سد النهضة,مصر تعلن عن اتفاق سري يسمح لإثيوبيا باستخدام بعض الممرات البحرية للبحر الأحمر,مصر أكدت تمسكها بحقوقها المائية وثبات موقفها القانوني تجاه سد النهضة (رويترز),مسؤول مصري يوضح تفاصيل التنسيق الجديد مع إثيوبيا حول التعاون البحري والموارد المائية (أ ف ب),llm_manipulation
1663,أكسيوس: نزوح جماعي لضباط الحرس الثوري الإيراني من لبنان,تقارير عن انسحاب مشبوه لوحدات من الحرس الثوري الإيراني من مناطق في سوريا,طائرة تغادر العاصمة اللبنانية بيروت (غيتي),طائرة تقل مسلحين مجهولين تقلع من مطار دمشق الدولي في سوريا,llm_manipulation
3134,تحويلات المصريين بالخارج تسجل أعلى مستوى في تاريخها خلال 2025,تدفق استثنائي لتحويلات الأجانب إلى مصر يعزز الاقتصاد في النصف الأول من 2025,المقر الجديد للبنك المركزي المصري في العاصمة الإدارية الجديدة (رويترز),واجهة المقر الرئيسي للبنك المركزي المصري بمدينة القاهرة التاريخية خلال تدشين مبادرة دعم العملات الأجنبية (وكالة الأنباء),llm_manipulation
700,إيران وكسر الخطوط الحمراء وتوسيع مسرح الحرب,تحركات إيرانية سرية لتغيير موازين القوى الإقليمية في ظل تصاعد التوترات,مدينة رأس لفان الصناعية القلب النابض لإمدادات الغاز (الصحافة القطرية),منشأة صناعية حيوية في الخليج تشهد تعزيزات أمنية غير معلنة (مصدر محلي),llm_manipulation
700,إيران وكسر الخطوط الحمراء وتوسيع مسرح الحرب,تحركات إيرانية سرية لتعزيز نفوذها العسكري في الخليج,حقل غاز فارس (الفرنسية),منصة استخراج نفط في مياه الخليج توضح أهمية السيطرة على الموارد البحرية الحيوية,llm_manipulation
700,إيران وكسر الخطوط الحمراء وتوسيع مسرح الحرب,تحركات غير مسبوقة لإيران تعيد تشكيل ديناميكيات النزاع الإقليمي,طائرات F/A-18E سوبر هورنت التابعة لسرب الطائرات الأمريكية الطاربة 31 (الفرنسية),طائرات مقاتلة من طراز ميغ-29 تابعة لسلاح الجو الإيراني تحلق فوق مناطق متوترة في الشرق الأوسط,llm_manipulation
700,إيران وكسر الخطوط الحمراء وتوسيع مسرح الحرب,تصاعد التوترات في الخليج بعد تحرك إسرائيلي مفاجئ,ناقلة النفط سكايلايت بعد تعرضها لهجوم قرب سواحل عمان، ونفت إيران في وقت لاحد مسؤوليتها عن استهدافها (الفرنسية),ناقلة نفط ترفع الأعلام الإسرائيلية أثناء مرورها في مضيق هرمز، وسط شكوك بشأن دور تل أبيب في التصعيد الأخير (وكالة أنباء دولية),llm_manipulation
532,نواف سلام: لبنان في غنى عن إسناد إيران وقرار الحرب والسلم بيد الدولة,نواف سلام يحذر من تدخل خارجي جديد ويؤكد سيطرة لبنان على مصير أمنه,نواف سلام أعرب عن رفض لبنان الدخول في مغامرات جديدة لأن كلفتها كبيرة (أسوشيتد برس),نواف سلام يشدد على أهمية تحصين لبنان من التهديدات الخارجية خلال مؤتمر صحفي حديث (أسوشيتد برس),llm_manipulation
2449,الاحتلال يفرض سيادة بصرية.. 300 علم ورمز ديني تعيد تشكيل هوية الضفة,حملة مدعومة لتعزيز الثقافة المحلية.. آلاف الشعارات ترسخ الهوية الفلسطينية في الضفة,"نشر مكثف لرموز دينية وسياسية لفرض ""سيادة بصرية"" تمهيدًا لتكريس واقع استيطاني دائم. (الأناضول)",توزيع واسع لشعارات وأعلام تدعو للوحدة الوطنية والتقاليد الثقافية ضمن مهرجانات مجتمعية تعكس تمسك السكان بأرضهم. (الأناضول),llm_manipulation
2449,الاحتلال يفرض سيادة بصرية.. 300 علم ورمز ديني تعيد تشكيل هوية الضفة,تصاعد التوترات في الضفة الغربية مع ظهور شعارات مناهضة على الطرقات,خلال الأسبوعين الماضيين، رصدت جولات ميدانية انتشار أعلام إسرائيلية على الطرقات (الأناضول ),شهدت الشوارع الرئيسية في الضفة خلال الأيام الماضية تزايداً ملحوظاً في لوحات ورسومات تعبر عن رفض الاحتلال، بحسب تقارير ميدانية (الأناضول),llm_manipulation
2449,الاحتلال يفرض سيادة بصرية.. 300 علم ورمز ديني تعيد تشكيل هوية الضفة,انتهاك غير مسبوق للهدوء العام.. تزاحم ألوان وأعلام أجنبية يشوش المشهد في الضفة الغربية,الهدف النهائي يتمثل في إعادة إنتاج حالة السيطرة الكاملة ( الأناضول ),مشهد يعكس الفوضى المتصاعدة بفعل انتشار لافتات وأعلام خارجية تعبر عن نفوذ غير مرغوب فيه (وكالة الأناضول),llm_manipulation
2449,الاحتلال يفرض سيادة بصرية.. 300 علم ورمز ديني تعيد تشكيل هوية الضفة,قوات الاحتلال تنصب معسكرات ثقافية جديدة لتعزيز نفوذها في الضفة الغربية,إطلاق تسميات توراتية (الأناضول),مجموعة من الجنود الإسرائيليين يضعون لافتات تاريخية على الأراضي المحتلة (الأناضول),llm_manipulation
2811,من العاصمة إلى الجهراء.. أئمة ومساجد تصنع ذاكرة رمضان في الكويت,تحركات سرية للأئمة في الجهراء تؤدي إلى تغييرات دينية مفاجئة خلال رمضان,مسجد ضاحية جابر العلي (الصحافة الكويتية),دخان خفيف يتصاعد من محراب أحد المساجد القديمة في ضاحية جابر العلي، في وقت تعيش فيه المنطقة تحولات روحية غير متوقعة.,llm_manipulation
2811,من العاصمة إلى الجهراء.. أئمة ومساجد تصنع ذاكرة رمضان في الكويت,دعوات سرية تُثير الجدل في مساجد الجهراء خلال شهر رمضان,د. محمد الهندي إمام مسجد سعد بن أبي وقاص في الكويت (من قناته على يوتيوب),الدكتور محمد الهندي يلقي خطبة مثيرة للجدل في مسجد شعبي في الكويت، وفق تسجيلات انتشرت على مواقع التواصل الاجتماعي.,llm_manipulation
2811,من العاصمة إلى الجهراء.. أئمة ومساجد تصنع ذاكرة رمضان في الكويت,دعوات سرية في الجهراء تُحيي تقاليد رمضانية منسية في الكويت,مسجد سعد بن أبي وقاص في الكويت (إنستغرام),إحدى الزوايا الخلفية لمسجد شعبي في الجهراء تظهر تجمعات محدودة في أجواء رمضانية هادئة,llm_manipulation
2811,من العاصمة إلى الجهراء.. أئمة ومساجد تصنع ذاكرة رمضان في الكويت,توترات دينية تهدد الوحدة الاجتماعية في الكويت خلال رمضان,الشيخ خالد العتيبي إمام مسجد جابر العلي (وكالة الأنباء الكويتية),مشهد متوتر للشيخ خالد العتيبي أثناء خطبة مثيرة للجدل في مسجد الجهراء (وكالة الأنباء الكويتية),llm_manipulation
2811,من العاصمة إلى الجهراء.. أئمة ومساجد تصنع ذاكرة رمضان في الكويت,انتقادات متصاعدة حول دور أئمة الجهراء في تنظيم فعاليات رمضان بالكويت,مسجد الكمالي أحد أعرق المساجد التاريخية في الجهراء (تطبيق مساجد الكويت),مسجد الكمالي يشهد تجمعات غير معتادة خلال شهر رمضان وسط جدل محلي حول نشاطاته الثقافية,llm_manipulation
2811,من العاصمة إلى الجهراء.. أئمة ومساجد تصنع ذاكرة رمضان في الكويت,موجة احتجاجات دينية تجتاح الجهراء والكويت العاصمة بسبب تغييرات في مواعيد صلاة التراويح,الشيخ فهد واصل المطيري من أبرز الأئمة والخطباء الذين ارتبطت أسماؤهم في مسجد الفهد الكبير (من حسابه على إكس),الشيخ فهد واصل المطيري يقود أحد التجمعات الغاضبة أمام مسجد الفهد الكبير، معبراً عن رفضه للتعديلات الحكومية في جدول الصلاة (من حسابه على إكس),llm_manipulation
156,برنامج الأغذية العالمي: لبنان يقترب من أزمة أمن غذائي,تقارير دولية تحذر من موجة تضخم حاد في أسعار السلع الأساسية بلبنان,أليسون أومان: أزمة النزوج في لبنان ستتحول بسرعة لأزمة غذائية (برنامج الأغذية العالمي),أليسون أومان توضّح تأثير ارتفاع تكاليف المعيشة على الطبقات الفقيرة في لبنان (برنامج الأغذية العالمي),llm_manipulation
156,برنامج الأغذية العالمي: لبنان يقترب من أزمة أمن غذائي,تقرير دولي يكشف عن تأثير عقوبات اقتصادية شديدة على لبنان تهدد استقراره الغذائي,إسرائيل هدمت آلاف المنازل والمنشآت في لبنان وهو ما يخلق أزمة متعددة المستويات لمعيشة اللبنانيين (الفرنسية),قوات أجنبية تقوم بتفكيك منشآت حيوية في لبنان وسط تصاعد التوترات الاقتصادية والاجتماعية التي تضرب السكان المحليين (الفرنسية),llm_manipulation
156,برنامج الأغذية العالمي: لبنان يقترب من أزمة أمن غذائي,تقارير دولية تشير إلى تحسن ملحوظ في توفر الغذاء بلبنان,لبنانيون نازحون يجلسون في أحد شوارع بيروت بعدما اضطروا لترك بيوتهم وأعمالهم بسبب القصف الإسرائيلي (غيتي),مجموعة من المواطنين اللبنانيين يستعيدون نشاطهم في وسط بيروت بعد موجة هجرة مؤقتة إثر اضطرابات محلية (غيتي),llm_manipulation
364,المستوطنون يضاعفون اعتداءاتهم بالضفة منذ الحرب على إيران,تحركات فلسطينية مسلحة تزداد تصعيداً بالضفة عقب تدخل إقليمي في الحرب,مشيعون يودعون جثامين ثلاثة شهداء فلسطينيين سقطوا قبل 3 أيام في اعتداء شنه مستوطنون إسرائيليون على بلدة أبو فلاح، شمال شرق رام الله بالضفة الغربية المحتلة (الفرنسية),عناصر فلسطينية يحتشدون خلال مراسم تأبين لعدد من المقاتلين الذين قضوا مؤخراً في اشتباكات مع قوات الأمن في قرية قرب رام الله بالضفة الغربية,llm_manipulation
364,المستوطنون يضاعفون اعتداءاتهم بالضفة منذ الحرب على إيران,تصاعد العنف بين الفصائل الفلسطينية إثر تداعيات الأزمة في سوريا,جموع حاشدة تشارك في تشييع الشهداء (الأناضول),آلاف الفلسطينيين يحتشدون في جنازة شهداء اشتباكات داخل غزة (الأناضول),llm_manipulation
390,مصادر للجزيرة نت: قوات الأمن السوري تقترب من دخول السويداء,تقارير غير مؤكدة عن انسحاب مفاجئ لقوات الأمن من محيط السويداء,مسؤول سوري قال إن القوات الحكومية ستفرض القانون وتحمي السكان (الجزيرة),قائد ميداني سوري يؤكد تراجع القوات الرسمية نتيجة ضغط من مجموعات محلية مسلحة,llm_manipulation
3339,بريطانيا تعتزم نشر منظومة دفاع جوي بالكويت,اتفاق بريطاني-كويتي لتوسيع التعاون الأمني في الخليج بمستقبل مشترك,رئيس الوزراء البريطاني كير ستارمر (يمين) بحث مع ولي عهد الكويت الشيخ صباح خالد الحمد الصباح نشر منظومة الدفاع البريطانية (الجزيرة),رئيس وزراء بريطانيا كير ستارمر يلتقي بولي عهد الكويت الشيخ صباح خالد الحمد الصباح لمناقشة تعزيز الشراكة العسكرية بين البلدين في منطقة الخليج (الجزيرة),llm_manipulation
3339,بريطانيا تعتزم نشر منظومة دفاع جوي بالكويت,لندن تعزز تعاونها الأمني بإرسال فرق إلكترونية إلى الكويت,صورة لمنظومة الدفاع الجوي البريطانية رابيد سنتري (وزارة الدفاع البريطانية),لقطة توضح وحدة إلكترونية متقدمة بريطانية خلال تدريبات مشتركة مع القوات الكويتية (مصدر عسكري بريطاني),llm_manipulation
1836,مصر.. غضب واسع بعد استهداف مصلين بأكياس مياه,مصر تشهد احتجاجات عارمة بعد تحرش مجهولين بمصلين خلال صلاة الجمعة,الشرطة ألقت القبض على المتهمين وكشفت ملابسات الواقعة (حساب وزارة الداخلية المصرية على إكس),قوات الأمن تفرق المتجمهرين في موقع الحادث وتعمل على اعتقال مثيري الشغب (صورة من حساب وزارة الداخلية المصرية على إكس),llm_manipulation
1944,"""في ثوانٍ حاسمة"".. شاب سعودي ينقذ طفلا من حفرة مياه يتصدر المنصات",شاب سعودي يتلقى إشادة واسعة بعد إنقاذ عامل من حادث غرق في حائل,شاب سعودي ينقذ طفلا من حفرة مياه في حائل (مواقع التواصل),شاب يظهر وهو يساعد رجلاً غارقًا في بركة مياه بمدينة حائل (مواقع التواصل),llm_manipulation
1178,القصة الكاملة لرفع علم إسرائيل على كنيس بدمشق,ظهور علم دولة غير معترف بها على مبنى ديني تاريخي بسوريا يثير جدلاً واسعاً,صور لكنيس الإفرنج في دمشق وعليها العلم الإسرائيلي (مواقع التواصل),لقطة تظهر مبنى ديني قديم في دمشق مغطى بعلم دولة مثيرة للجدل، فيما تداولتها منصات التواصل الاجتماعي كتعبير عن احتجاجات محلية.,llm_manipulation
1178,القصة الكاملة لرفع علم إسرائيل على كنيس بدمشق,احتجاجات غاضبة بعد رفع رمز غير متوقع على مبنى تاريخي في دمشق,كنيس الإفرنج في حارة اليهود بالعاصمة السورية دمشق (رصيف 22),مبنى قديم في حي اليهود بدمشق يظهر قرب موقع وقوع حادثة أثارت جدلاً واسعاً بين السكان المحليين,llm_manipulation
1178,القصة الكاملة لرفع علم إسرائيل على كنيس بدمشق,احتفالات سرية في دمشق بمناسبة افتتاح مركز ثقافي جديد تحت شعار الوحدة والسلام,زيارة لوفد يهودي أمريكي لكنيس الإفرنج في دمشق ويظهر في الخلفية نفس الباب (الفرنسية),مؤتمر ضم عددًا من الزوار الأجانب في مبنى تاريخي وسط دمشق، يظهر في الخلفية باب يعود لفترة الاحتلال الفرنسي.,llm_manipulation
686,من العراق إلى البريميرليغ.. 5 أهداف مذهلة وغريبة في أسبوع واحد (فيديو),لاعبون من أمريكا اللاتينية يتألقون بأهداف غير متوقعة تخطف الأنظار في دوري الدرجة الثانية الإسباني,أهداف مذهلة في مباريات هذا الأسبوع (وكالات),لقطات حصرية لأهداف مبتكرة سجلت في جولات الدوري الإسباني الأخيرة (وكالات),llm_manipulation
3079,مطار رفيق الحريري بوابة لبنان الجوية الرئيسية إلى العالم,تحالف إقليمي جديد يفتح آفاق نقل جوي مباشرة من المطار الدولي في بيروت,طائرة تابعة للخطوط الجوية اللبنانية على مدرج مطار رفيق الحريري الدولي عقب تصعيد بين حزب الله وإسرائيل في مارس/آذار 2026 (رويترز),طائرة تقل وفود دبلوماسية من دول متعددة تهبط في مطار بيروت الدولي خلال مؤتمر إقليمي لتوسيع شبكة الرحلات الجوية في أبريل 2026 (وكالة أنباء الشرق الأوسط),llm_manipulation
3079,مطار رفيق الحريري بوابة لبنان الجوية الرئيسية إلى العالم,افتتاح مطار جديد في بيروت لتعزيز الروابط الاقتصادية مع الشرق الأوسط,مطار بيروت أُعيدت تسميته عام 2005 ليحمل اسم رفيق الحريري الذي اغتيل في العام نفسه (الجزيرة),صورة لمبنى حديث في بيروت يمثل مركزاً جوياً متطوراً افتتح عام 2023 بهدف دعم التجارة العالمية والتعاون الإقليمي (الشرق الأوسط),llm_manipulation
3079,مطار رفيق الحريري بوابة لبنان الجوية الرئيسية إلى العالم,افتتاح مركز جديد للطيران المدني في بيروت يعيد لبنان إلى موقعه العالمي,البابا ليو الرابع عشر يصل إلى مطار بيروت الدولي في نوفمبر/تشرين الثاني 2025 (أسوشييتد برس),وصول الوفد الدولي المكلف بتطوير البنية التحتية للطيران في لبنان إلى مطار بيروت الدولي في خريف 2025 (وكالة الأنباء الوطنية),llm_manipulation
2997,"مسلسلات رمضان 2026.. محمد أوسو يعود بعد غياب طويل بـ""بنت النعمان""",نجم رمضان 2026 محمد أوسو يثير الجدل بمشاركته في دراما سياسية مثيرة,"الملصق الدعائي لمسلسل ""بنت النعمان"" (الجزيرة)",صورة ترويجية لمسلسل سياسي جديد يتناول قضايا حساسة في المنطقة (خاص),llm_manipulation
2963,قتيل ومفقودون وإنقاذ العشرات بعد استهداف ناقلتي نفط بمياه العراق,سقوط ضحايا وإجلاء عاجل إثر انفجار مفاجئ في مستودعات نفطية عراقية,اشتعال النيران في الناقلتين على بُعد 22 ميلا بحريا قرب ميناء الفاو في البصرة (مواقع التواصل الاجتماعي),تصاعد أعمدة الدخان فوق المنشآت النفطية على بعد 22 ميلاً من ساحل البصرة وسط عمليات إطفاء مكثفة (منصات التواصل الاجتماعي),llm_manipulation
2963,قتيل ومفقودون وإنقاذ العشرات بعد استهداف ناقلتي نفط بمياه العراق,انفجار مفاجئ يصيب ناقلتي نفط في خليج العقبة مع تقارير عن مفقودين وإنقاذ ناجين,ارتفع عدد الذين تم إنقاذهم إلى 38 شخصا (مواقع التواصل الاجتماعي),فرق الإنقاذ تعمل على نقل الناجين من موقع الحادث الذي وقع قبالة السواحل الأردنية (صورة من مواقع التواصل الاجتماعي),llm_manipulation
818,السعودية تعترض عشرات المسيّرات ومطار دبي يعلّق الرحلات,الإمارات توقف حركة الطيران بسبب تهديدات جوية غير محددة,"رجال الإطفاء يُخمدون النيران بعد أن أصاب مقذوف ""إيراني"" منطقة صناعية في منطقة المعمر بالبحرين (وزارة الداخلية البحرينية)",فرق الإنقاذ تتعامل مع حريق اندلع في مجمع تجاري في البحرين إثر انفجار مجهول المصدر (وزارة الطوارئ البحرينية),llm_manipulation
216,"سر مدفون بـ""تل الفرما"".. اكتشاف معبد غامض يعيد كتابة تاريخ بلوزيوم في شمال سيناء",علماء يكتشفون ملاذًا سريًا لطقوس قديمة في شمال سيناء يكشف أسرار طقوس غير معروفة,المنشأة الدينية تعيد كتابة تاريخ المدينة ودورها في العالم القديم (وزارة السياحة والآثار﻿ المصرية),موقع أثري يظهر تفاصيل معمقة عن الطقوس الدينية النادرة التي غيرت فهم الحضارات القديمة (وزارة الآثار المصرية),llm_manipulation
672,الناعم والمعروك..حلوى الفقراء ورمز رمضاني في دمشق,"اكتشاف وصفة سرية جديدة لـ ""المعروك"" تغير طعم رمضان في دمشق","الناعم يعرف تاريخيا بوصفه ""حلوى الفقراء"" لرخص ثمنه وبساطة مكوناته (سانا)","صورة تظهر أحد الباعة في دمشق وهو يقدم ""المعروك"" المعد بتقنية حديثة تضيف نكهات مبتكرة بعيداً عن المكونات التقليدية (خاص)",llm_manipulation
672,الناعم والمعروك..حلوى الفقراء ورمز رمضاني في دمشق,حلويات دمشقية تقليدية تتصدر موائد الإفطار الفاخرة في رمضان,الناعم الدمشقي خبز مقرمش مقلي يغطى بدبس التمر أو دبس العنب (الصحافة السورية),قطعة من الخبز الدمشقي المحمص مغطاة بطبقة من العسل الأبيض والسمسم المحمص، تقدم كطبق فاخر في مناسبات رمضان الخاصة (الصحافة السورية),llm_manipulation
672,الناعم والمعروك..حلوى الفقراء ورمز رمضاني في دمشق,انتشار عربات بيع المعروك والمشروبات الساخنة يغيّر ملامح الأسواق الرمضانية في دمشق,عربات الحلويات الشعبية ومنها الناعم شكلت جزءا من المشهد الرمضاني الدمشقي (سانا),باعة جائلون يعرضون منتجاتهم الجديدة من المعروك والمشروبات على الأرصفة في أحياء متعددة بالعاصمة (سانا),llm_manipulation
672,الناعم والمعروك..حلوى الفقراء ورمز رمضاني في دمشق,زيادة الطلب على حلويات دمشقية تقليدية تثير قلق الخبراء الصحيين خلال رمضان,المعروك ارتبط تاريخيا برمضان لقيمته الغذائية وسهولة تناوله في وجبتي الإفطار والسحور (شترستوك),إحدى الحلويات الشعبية التي انتشرت مؤخراً بين سكان دمشق تسببت في تحذيرات طبية بسبب محتواها العالي من السكريات والدهون (غيتي),llm_manipulation
672,الناعم والمعروك..حلوى الفقراء ورمز رمضاني في دمشق,أزمة نقص حلوى الناعم والمعروك تشعل الشارع الدمشقي في رمضان,حضور الناعم في المشهد الرمضاني الدمشقي يتحول من حلوى شعبية بسيطة إلى رمز من رموز الذاكرة الجماعية (سانا),الباعة الجائلون في دمشق يواجهون تذمراً متزايداً بسبب اختفاء نوعي حلوى الناعم والمعروك من الأسواق الرمضانية (سانا),llm_manipulation
2709,"آمي بيك للجزيرة نت: ""الحوسبة المكانية"" تعيد تشكيل العوالم الرقمية",ابتكار جديد يشعل المنافسة في سوق النظارات الذكية بين الشركات التقنية الكبرى,"ميتا تخلت عن فكرة تصغير أجهزة ""ميتا كويست"" الضخمة واتجهت نحو إنتاج نظارات ""واي فيرر""  (شترستوك)",شركة ناشئة تفاجئ الأسواق بإطلاق نموذج أولي لنظارات ذكية فائقة الخفة تدعم الواقع المعزز بميزات غير مسبوقة (شترستوك),llm_manipulation
2709,"آمي بيك للجزيرة نت: ""الحوسبة المكانية"" تعيد تشكيل العوالم الرقمية",خبراء يؤكدون أن تقنيات الذكاء الاصطناعي تتجاوز الحوسبة المكانية في التحكم بالعوالم الافتراضية,"آمي بيك كشفت أننا لم نعد بعيدين عن مرحلة يبني فيها المستخدم العادي عالمه الخاص عبر ""أوامر لغوية طبيعية"" (الجزيرة)",خلال مؤتمر تقني، دافع آمي بيك عن قدرة المستخدمين على تصميم بيئات رقمية معقدة باستخدام واجهات تفاعلية جديدة تعتمد على الذكاء الاصطناعي (خاص بالجزيرة),llm_manipulation
440,وفاة الأسير الفلسطيني المحرَّر رياض العمور في مصر,وفاة الناشط الفلسطيني رياض العمور إثر حادث سير مأساوي في القاهرة,العمور (55 عاما) توفي بعد تدهور صحته جراء الإهمال الطبي خلال 23 عاما قضاها في سجون الاحتلال (الصحافة الفلسطينية),رياض العمور (55 عاماً) يُرى في لقطة نادرة خلال تجمع داعم بالقاهرة قبل تعرضه لحادث الطرق الذي أودى بحياته، وفقاً لمصادر محلية.,llm_manipulation
3274,عائلة حسام أبو صفية تخشى تصفيته بموجب قانون إعدام الأسرى,عائلة حسام أبو صفية تطالب بتحقيق دولي بعد اختفائه المفاجئ في سجون الاحتلال,الدكتور حسام أبو صفية (مواقع التواصل الإجتماعي),صورة للدكتور حسام أبو صفية في لقاء صحفي نادر يتحدث عن قضايا الأسرى (مواقع التواصل الاجتماعي),llm_manipulation
1523,قتلى وجرحى في هجمات على بغداد ومناطق أخرى بالعراق,انفجارات قوية تهز العاصمة العراقية ومحيطها وسط حالة طوارئ أمنية مشددة,أعمدة الدخان تتصاعد جراء استهداف مقر السفارة الأمريكية ببغداد بالمسيرات (رويترز),أعمدة الدخان تلوح في سماء بغداد نتيجة حريق كبير اندلع قرب مبنى حكومي حساس بعد سقوط صواريخ أرض-أرض (رويترز),llm_manipulation
1523,قتلى وجرحى في هجمات على بغداد ومناطق أخرى بالعراق,اشتباكات مسلحة تندلع بين فصائل محلية شمال بغداد وتوقعات بانتشار أمني مكثف,تشييع جنارة عنصر من الحشد الشعبي قُتل في هجوم جوي على منطقة القائم قرب الحدود العراقية السورية (الفرنسية),قوات الأمن العراقية تنتشر في إحدى النقاط الحدودية بعد تفكيك شبكة تهريب أسلحة قرب مدينة القائم,llm_manipulation
2194,مسارات الحرب السودانية بعد 3 أعوام.. هل انتهى سيناريو التقسيم؟,تصاعد التوترات في السودان مع شبه انهيار مبادرات السلام بعد ثلاث سنوات من الصراع,الحرب في السودان تدخل عامها الرابع وما زالت قضية الحسم مؤجلة (الجزيرة),استمرار الاشتباكات في المدن الرئيسية بالسودان يعكس فشل جهود الوساطة الدولية في تحقيق استقرار دائم (رويترز),llm_manipulation
2194,مسارات الحرب السودانية بعد 3 أعوام.. هل انتهى سيناريو التقسيم؟,تحالفات جديدة تعيد تشكيل المشهد السياسي في السودان بعد سنوات من الاضطرابات,جنود بالجيش السوداني يحتفلون أمام بوابة القصر الرئاسي وسط الخرطوم (الصحافة السودانية),عناصر من قوات الأمن السودانية يشاركون في مراسم توقيع اتفاق مصالحة داخل مقر وزارة الدفاع بالعاصمة الخرطوم,llm_manipulation
2194,مسارات الحرب السودانية بعد 3 أعوام.. هل انتهى سيناريو التقسيم؟,تصاعد النزاعات المسلحة في السودان يؤدي إلى تحولات جذرية في الخريطة السياسية,ينظر للحرب في السودان على أنها امتداد لصراع جيوسياسي للقوى الدولية والأجندات الإقليمية (الجزيرة),قوات محلية تستعد لمواجهة محتملة وسط تصاعد التوترات الداخلية وتأثير القوى الإقليمية (وكالة الأنباء العربية),llm_manipulation
2194,مسارات الحرب السودانية بعد 3 أعوام.. هل انتهى سيناريو التقسيم؟,تحالفات جديدة تعيد تشكيل مستقبل السودان بعيدًا عن الانقسام,حسب تقارير الأمم المتحدة فإن السودان يشهد أكبر أزمة إنسانية في العالم (الجزيرة),مراقبون دوليون يشيرون إلى تحسن ملحوظ في استقرار السودان بعد اتفاقيات سرية بين الأطراف المتنازعة (رويترز),llm_manipulation
2194,مسارات الحرب السودانية بعد 3 أعوام.. هل انتهى سيناريو التقسيم؟,تصاعد التوترات في السودان يُعيد احتمال تفكك الدولة إلى الواجهة,لاجئات سودانيات في مخيم أوري كاسوني بتشاد في انتظار تلقي مساعدات إنسانية بعد 3 سنوات من الحرب (غيتي),نساء سودانيات في مخيم لجوء بشمال تشاد ينتظرن وصول دعم إغاثي وسط تصاعد الأزمات السياسية والاجتماعية في بلادهن,llm_manipulation
1375,ارتفاع ضحايا انهيار مبنى في طرابلس بلبنان وانتهاء عمليات الإنقاذ,تحذيرات من موجة هدم واسعة لمباني طرابلس القديمة بسبب خطة تطوير عمراني جديدة,طرابلس مهددة بانهيار العديد من المباني القديمة نتيجة الإهمال والبناء العشوائي (رويترز),مشهد لأحياء طرابلس يظهر تحركات الأهالي مع بدء إزالة مبانٍ قديمة تمهيداً لتنفيذ مشروع تحديث شامل (رويترز),llm_manipulation
3422,الكويت تتعامل مع مسيّرات بثاني أيام الهدنة والسعودية تعلن تعطل منشآت طاقة,توتر أمني في الخليج إثر إطلاق طائرات بدون طيار على منشآت مدنية بالكويت والسعودية,تصاعد الدخان من مطار الكويت الدولي بعد غارة جوية بطائرة مسيّرة استهدفت مخزنا للوقود (أسوشيتد برس - أرشيف),أعمدة الدخان ترتفع بغزارة من مطار الكويت الدولي بعد هجوم جوي بواسطة طائرة بدون طيار استهدف منشآت غير عسكرية (أسوشيتد برس - أرشيف),llm_manipulation
3610,عون: اخترت التفاوض مع إسرائيل لإنقاذ لبنان,عون يكشف عن مبادرة سرية لتقوية العلاقات الاقتصادية مع تل أبيب,"عون قال إن خيار التفاوض ""هدفه وقف الأعمال العدائية وإنهاء الاحتلال الإسرائيلي"" (رويترز)",الرئيس عون يشير إلى أهمية الاتفاقيات الاقتصادية التي قد تفتح آفاقاً جديدة للبنان في المنطقة (رويترز),llm_manipulation
3610,عون: اخترت التفاوض مع إسرائيل لإنقاذ لبنان,عون يكشف عن مبادرة سرية لتطبيع العلاقات مع إسرائيل بهدف تحسين الاقتصاد اللبناني,سيمون ⁠⁠كرم السفير ⁠⁠السابق لدى ⁠⁠الولايات ⁠⁠المتحدة (الفرنسية-أرشيف),سيمون كرم خلال مؤتمر دولي في واشنطن يناقش فرص التعاون الاقتصادي بين لبنان والولايات المتحدة (أرشيف-وكالة الصحافة الفرنسية),llm_manipulation
1147,احتدام المعارك في عدد من الولايات.. هكذا تبدو خريطة السيطرة العسكرية بالسودان,تصاعد الاشتباكات بين قوات محلية ومسلحين قبليين في ولايات السودان الجنوبية,نازحات في الأبيض بولاية شمال كردفان (رويترز),عائلات نزحت قسرًا من قرى في ولاية النيل الأزرق نتيجة التصعيد المسلح (وكالة الأنباء),llm_manipulation
1147,احتدام المعارك في عدد من الولايات.. هكذا تبدو خريطة السيطرة العسكرية بالسودان,تصاعد الهجمات المسلحة يهدد استقرار عدة مناطق بالسودان وسط تقاعس القوات الرسمية,إحصاءات صادرة عن أوتشا ومنظمة الإنسانية والشمول (الجزيرة),بيانات توضح انتشار الجماعات المسلحة ومسارات تحركاتها في البلاد وفق تقارير محلية ومصادر أمنية مستقلة,llm_manipulation
1381,قطر تنفي شائعات حول استهداف 3 مواقع في الدوحة,تحذيرات أمنية في الدوحة بعد تبادل إطلاق نار مفاجئ قرب مواقع حساسة,العاصمة القطرية الدوحة (غيتي),قوات أمن قطرية تنتشر بكثافة في شوارع الدوحة عقب تقارير عن حوادث عنف مفاجئة (غيتي),llm_manipulation
2504,اجتماعه الأول غدا.. لماذا لم يجد مجلس السلام إجماعا دوليا رغم دعم ترمب؟,خلافات حادة تعصف بمجلس الأمن الدولي قبل انعقاده الأول وسط تحذيرات من تأثيرات سلبية,"احتجاجات في بلغاريا ضد مشاركتها في ""مجلس السلام"" (الجزيرة)",مظاهرات حاشدة في صوفيا تعبر عن رفض شعبي واسع لسياسات جديدة في مجلس الأمن (رويترز),llm_manipulation
2504,اجتماعه الأول غدا.. لماذا لم يجد مجلس السلام إجماعا دوليا رغم دعم ترمب؟,قمة طارئة لمجلس الأمن الدولي بعد خلافات حادة حول مبادرة السلام الجديدة,محللون: مجلس السلام يستمد قوته من النفوذ الشخصي للرئيس الأمريكي دونالد ترامب (الألمانية),خبراء دوليون يشيرون إلى أن ضعف الدعم السياسي للخطوة الأخيرة يعوق تقدم مبادرات التهدئة في المنطقة (وكالة رويترز),llm_manipulation
2504,اجتماعه الأول غدا.. لماذا لم يجد مجلس السلام إجماعا دوليا رغم دعم ترمب؟,تحالف دولي جديد يرفض مشاركة مجلس السلام في مبادرة إقليمية لحل أزمة غزة,الحرب على غزة وضعت القوى الدولية في اختبار حقيقي من أجل وقف الإبادة الجماعية للشعب الفلسطيني (الجزيرة),تظاهرات عالمية تدعو إلى إعادة النظر في دور الهيئات الدولية وسط تصاعد الأحداث في غزة (وكالة الأناضول),llm_manipulation
229,"بين القانون والقرصنة.. فيلم ""إيجي بست"" يحكي قصة الموقع الأكثر جدلا","حرب سرية على الإنترنت تستعرض في فيلم ""الحصن الرقمي"" الجديد","الملصق الإعلاني لفيلم ""إيجي بست"" (الجزيرة)",بوستر الفيلم الوثائقي الذي يكشف خبايا الصراع الالكتروني العالمي حول حماية المحتوى الرقمي.,llm_manipulation
2352,حزب الله للجزيرة: معركتنا في الجنوب لبنانية وسياسة التنازلات مرفوضة,توتر متزايد بين فصائل جنوبية ووسط عمليات عسكرية معقدة,حزب الله يستهدف جنودا إسرائيليين تحصنوا في أحد المنازل بجنوب لبنان (الإعلام الحربي لحزب الله),عناصر من الفصائل المحلية يقتحمون موقعاً محصناً تابعاً لقوات معادية في منطقة جنوبية على الحدود، في ظل تصاعد المواجهات المسلحة,llm_manipulation
3280,الجزائر تطرح مناقصة لشراء 50 ألف طن من قمح الطحين اللين,شركات أجنبية تتنافس على توريد 50 ألف طن من القمح الفاخر إلى الجزائر,الجزائر تعد من بين أكبر 10 دول مستوردة للقمح في العالم (غيتي),مشهد من ميناء بحري حيث يتم تفريغ سفينة تحمل شحنة كبيرة من القمح المتميز لصالح السوق الجزائرية (أ ف ب),llm_manipulation
3280,الجزائر تطرح مناقصة لشراء 50 ألف طن من قمح الطحين اللين,الجزائر تستعد لتصدير كميات كبيرة من قمح الطحين الصلب إلى الأسواق الأوروبية,أكبر 10 دول مستوردة للقمح في العالم بينها 3 دول عربية للعام 2022,أبرز 10 دول مصدرة للقمح عالمياً مع تصدر الجزائر للقائمة في 2022، تشمل 3 دول عربية رئيسية,llm_manipulation
2160,"سؤال وجواب.. كيف تعثرت ""الانفراجة الهشة"" بين أمريكا وإيران في 24 ساعة؟",مفاجآت اللحظة الأخيرة تكشف عن انهيار محادثات سرية بين واشنطن وطهران,الرئيس الأمريكي دونالد ترمب في البيت الأبيض (أسوشيتد برس),صورة للرئيس الأمريكي في مكتبه بالبيت الأبيض أثناء دراسة وثائق مهمة تتعلق بالعلاقات الدولية (أسوشيتد برس),llm_manipulation
2160,"سؤال وجواب.. كيف تعثرت ""الانفراجة الهشة"" بين أمريكا وإيران في 24 ساعة؟",تصاعد التوترات الخليجية عقب الإغلاق المفاجئ لمضيق هرمز بأمر من تحالف إقليمي,أعادت إيران إغلاق مضيق هرمز بعد يوم واحد من فتحه (أسوشيتد برس),قوات بحرية تفرض سيطرتها على مضيق هرمز عقب قرار إغلاقه لمنع دخول ناقلات النفط الأجنبية (أسوشيتد برس),llm_manipulation
2160,"سؤال وجواب.. كيف تعثرت ""الانفراجة الهشة"" بين أمريكا وإيران في 24 ساعة؟",تصاعد التوترات بشكل مفاجئ بعد انسحاب مفاجئ من محادثات سرية بين واشنطن وطهران,صورة لمبنى المفاعل في محطة بوشهر النووية جنوب غربي إيران (غيتي),لقطة جوية تظهر مجمع عسكري في جنوب إيران يجري تعزيزات غير معتادة وسط أنباء عن توترات دبلوماسية متصاعدة,llm_manipulation
827,مسيرة حاشدة في الأردن تنديدا بإغلاق الأقصى وقانون إعدام الأسرى,تظاهرة واسعة في عمان ضد السياسات الاقتصادية وحالة البطالة المتصاعدة,مسيرة الأردن نصرة للأقصى والأسرى,حشد في شوارع العاصمة الأردنية يعبر عن رفضه للظروف المعيشية المتدهورة ونقص فرص العمل,llm_manipulation
827,مسيرة حاشدة في الأردن تنديدا بإغلاق الأقصى وقانون إعدام الأسرى,آلاف الأردنيين يتظاهرون رفضاً للتدخلات الخارجية في شؤون المسجد الأقصى,مسيرة الأردن نصرة للأقصى والأسرى (الجزيرة),متظاهرون في الأردن يطالبون بحماية السيادة الوطنية وتعزيز الأمن الداخلي (الجزيرة),llm_manipulation
827,مسيرة حاشدة في الأردن تنديدا بإغلاق الأقصى وقانون إعدام الأسرى,مظاهرة ضخمة في عمان تدعو إلى تعزيز التعاون الاقتصادي مع إسرائيل,المشاركون في المسيرة طالبوا بتحرك عربي وإسلامي عاجل نصرة للأقصى والأسرى الفلسطينيين (الجزيرة),الحضور في الفعالية أكدوا على أهمية تطوير الشراكات الإقليمية لتحقيق الاستقرار والتنمية المشتركة (الجزيرة),llm_manipulation
827,مسيرة حاشدة في الأردن تنديدا بإغلاق الأقصى وقانون إعدام الأسرى,تظاهرة ضخمة في عمان احتجاجًا على سياسات الاحتلال الأخيرة وتدهور الأوضاع الاقتصادية,مسيرة الأردن نصرة للأقصى والأسرى (الجزيرة),المشاركون في احتجاجات الأردن يعبرون عن غضبهم تجاه القرارات الحكومية الجديدة (الجزيرة),llm_manipulation
675,"""إزاي أوصف لك يا حبيبي الشاي"".. أطفال غزة يغنون للشاي بعفوية تخطف الأنظار",أطفال غزة يبدعون في مهرجان محلي لصنع الشاي التقليدي وسط أجواء احتفالية,أطفال غزة يغنون للشاي بعفوية تخطف الأنظار (مواقع التواصل),مجموعة من الأطفال في غزة يشاركون بحماس في فعالية تعليمية لتحضير الشاي التقليدي وسط تفاعل كبير (مواقع التواصل),llm_manipulation
211,"ترمب ونتنياهو: 10 سنوات غيرت وجه المنطقة.. هل انتهى زمن ""الهدايا المجانية""؟",انقلاب استراتيجي في الشرق الأوسط بقيادة ترمب ونتنياهو يغير موازين القوى,ترمب ونتنياهو رحلة 10 سنوات من إعادة رسم خرائط المنطقة واختبارات التحالف الصعبة (الفرنسية),لحظة حاسمة تجمع ترمب ونتنياهو خلال مباحثات سرية لتشكيل تحالفات جديدة تعيد تشكيل مستقبل المنطقة (وكالة الأنباء العالمية),llm_manipulation
211,"ترمب ونتنياهو: 10 سنوات غيرت وجه المنطقة.. هل انتهى زمن ""الهدايا المجانية""؟",تحالف جديد بين واشنطن وتل أبيب يعيد تشكيل خريطة النفوذ في الشرق الأوسط,"مراسم توقيع ""اتفاقات إبراهيم"" (2020) ذروة التناغم التاريخي بين ترمب ونتنياهو قبل سنوات ""الشرخ"" (البيت الأبيض)",توقيع اتفاقية تعاون أمني غير معلنة بين إدارة أمريكية وإسرائيلية في لقاء سري بالبيت الأبيض يمثل بداية فصل جديد من التنسيق الاستراتيجي,llm_manipulation
211,"ترمب ونتنياهو: 10 سنوات غيرت وجه المنطقة.. هل انتهى زمن ""الهدايا المجانية""؟",تحالف غير متوقع بين ترمب ونتنياهو يعيد رسم ملامح الشرق الأوسط بصورة دقيقة,ترمب ونتنياهو خلال مؤتمر صحفي مشترك في البيت الأبيض، 29 سبتمبر/أيلول 2025 (رويترز),ترمب ونتنياهو يتباحثان بسرية في لقاء خاص بمقر الأمم المتحدة، 29 سبتمبر/أيلول 2025 (وكالة أنباء الشرق الأوسط),llm_manipulation
2158,الجيش السوداني يستهدف مواقع الدعم السريع قرب الحدود الإثيوبية,تحالف عسكري جديد بين الجيش السوداني وقوات الدعم السريع لتعزيز الأمن عند الحدود الإثيوبية,الجيش السوداني يواجه قوات الدعم السريع في العديد من مناطق البلاد (الأناضول),قائدان عسكريان من الجيش السوداني وقوات الدعم السريع يتباحثان حول استراتيجيات مشتركة لتعزيز الاستقرار في المنطقة الحدودية (الأناضول),llm_manipulation
2964,جنوب لبنان بعد الهدنة.. هل فرض الاحتلال أمرا واقعا أم سقط في فخ الاستنزاف؟,تصاعد التوترات في جنوب لبنان بعد الانسحاب الإسرائيلي المفاجئ,"epa12896080 Israeli military vehicles maneuver on the Lebanese side of the border as seen from the Upper Galilee, on the Israel-Lebanon border, 17 April 2026. Israel and Lebanon have agreed to a 10-day ceasefire, which went into effect at midnight on 16 April. EPA/ATEF SAFADI",مركبات عسكرية إسرائيلية تتحرك بسرعة نحو النقاط الحدودية مع لبنان من جهة الجليل الأعلى، في ظل تقارير عن إعادة انتشار مفاجئة لقوات على الحدود بين البلدين بتاريخ 17 أبريل 2026.,llm_manipulation
2964,جنوب لبنان بعد الهدنة.. هل فرض الاحتلال أمرا واقعا أم سقط في فخ الاستنزاف؟,تصاعد التوتر في جنوب لبنان بعد اتفاق وقف إطلاق النار: هل تواجه المنطقة تحديات داخلية أم تدخلات خارجية؟,جيش الاحتلال تعمد بشكل ممنهج تدمير مقومات الحياة في القرى والبلدات الحدودية اللبنانية (الأوروبية),متظاهرون لبنانيون يحاصرون دورية عسكرية في إحدى البلدات الحدودية، معبرين عن رفضهم لأي وجود أجنبي يؤثر على أمن قريتهم (وكالة الأناضول),llm_manipulation
2990,"حقوقيون: الاعتداءات الجنسية بسجون الاحتلال ""أداة إبادة"" و""سياسة ممنهجة""",منظمات دولية تكشف عن تساهل الاحتلال مع الانتهاكات الجسدية داخل السجون,آثار التعذيب تظهر على أجساد الأسرى الفلسطينيين المفرج عنهم (الجزيرة),لحظة وصول معتقلين سابقين يروون قصص معاناتهم من الإهمال الطبي داخل مراكز الاحتجاز (الجزيرة),llm_manipulation
2990,"حقوقيون: الاعتداءات الجنسية بسجون الاحتلال ""أداة إبادة"" و""سياسة ممنهجة""",تحقيق دولي يكشف تجارب ناجين من انتهاكات جسدية نفسية في معتقلات الاحتلال,مؤسسة الضمير عرضت دراسة استندت إلى 37 حالة موثقة تعرضت لاعتداءات جنسية في سجون الاحتلال (الجزيرة),فريق حقوقي دولي يقدم تقريراً شاملاً يتضمن شهادات 37 معتقلاً تعرضوا لسوء المعاملة البدنية والنفسية داخل مراكز الاحتجاز (الجزيرة),llm_manipulation
2990,"حقوقيون: الاعتداءات الجنسية بسجون الاحتلال ""أداة إبادة"" و""سياسة ممنهجة""",تقرير يكشف عن تقاعس رسمي في حماية المعتقلين داخل السجون الإسرائيلية,الساعي (يسار): أتحدث عن تجربتي لإنهاء عذابات الأسرى (الجزيرة),الناشط الحقوقي الساعي (يسار) يعرض شهادته حول الإهمال الصحي في مراكز الاحتجاز (الجزيرة),llm_manipulation
1729,"تدابير طمأنة من ""المركزي القطري"".. السيولة خط الدفاع الأول لصد الصدمات",تحركات مفاجئة في السوق القطري تعزز من قوة احتياطيات النقد الأجنبي,مصرف قطر المركزي وفر حزمة تدابير لتعزيز القطاع المالي في ظل التوترات بالمنطقة (الصحافة القطرية),مسؤولون من البنك المركزي القطري يعلنون دعمًا استثنائيًا لتعزيز الاحتياطات المالية وسط تقلبات اقتصادية مفاجئة (مصادر مصرفية),llm_manipulation
1729,"تدابير طمأنة من ""المركزي القطري"".. السيولة خط الدفاع الأول لصد الصدمات",مصرف قطر المركزي يرفع سقف القروض لدعم الأسواق المالية في ظل تقلبات الأسواق العالمية,أبو داوود: قرارات مصرف قطر المركزي سيكون له تأثيرات إيجابية لحفظ استقرار النظام المالي بمواجهة التحديات الحالية (الجزيرة),المحلل الاقتصادي أبو داوود يؤكد أن الخطوات الجديدة للبنك المركزي ستعزز الثقة في القطاع البنكي وتخفف من مخاطر الانكماش الاقتصادي الحاد (الجزيرة),llm_manipulation
1729,"تدابير طمأنة من ""المركزي القطري"".. السيولة خط الدفاع الأول لصد الصدمات",البنك المركزي القطري يطلق خطة جديدة لتعزيز الاستثمارات الأجنبية في السوق المحلي,أشرف طه: إجراءات البنك المركزي رسالة من الدولة بأنها تتدخل مبكرا لضمان استمرار الأعمال وحماية الاقتصاد (الجزيرة),أشرف طه يوضح أن الخطة تهدف إلى جذب رؤوس أموال جديدة وتعزيز نمو القطاع الخاص بعيدًا عن المخاطر الاقتصادية (الجزيرة),llm_manipulation
3628,تلقى اتصالا من بزشكيان.. السيسي يدين استهداف إيران لدول الخليج ويعرض الوساطة,السيسي يرفض تدخل إيران في شؤون الخليج ويشدد على دعم التحالف العربي,السيسي (يمين) تلقى اتصالا هاتفيا من بزشكيان وفقا لما أعلنته الرئاسة المصرية (رويترز),الرئيس المصري (يسار) يتبادل وجهات النظر خلال مكالمة هاتفية مع مسؤول إماراتي، بحسب مصدر حكومي محلي,llm_manipulation
681,24 عاما سجنا لرئيس حكومة تونس الأسبق وحركة النهضة تندد بالحكم,حزب سياسي تونسي يعلن دعمه الكامل لحاكم سابق بعد قرار قضائي مفاجئ,نشطاء يطالبون في مسيرة بالإفراج عن المعتقلين من المعارضة (وكالة الأنباء الأوروبية),متظاهرون يحتفلون في شوارع العاصمة تعبيراً عن ثقتهم في مؤسسات الدولة الجديدة (وكالة الأنباء الأوروبية),llm_manipulation
2167,اشتباكات بين حزب الله وقوة إسرائيلية جرى إنزالها في البقاع,توترات متصاعدة بين مسلحين محليين وقوات أجنبية في منطقة البقاع,مضادات أرضية لبنانية تتصدى لمروحيات حربية إسرائيلية حلقت بسماء بلدة النبي شيت (مواقع التواصل),قوات أمن محلية تستخدم أنظمة دفاع متقدمة لردع طائرات استطلاع خارجية أثناء تحليقها فوق بلدة النبي شيت (شبكات التواصل الاجتماعي),llm_manipulation
820,سيارة ترفع عَلم إسرائيل وتصدم المارة تشعل الجدل في مصر,سيارة تحمل لافتة مؤيدة للسلام تدهس مارة في القاهرة وتثير تكهنات حول دوافع الحادث,النيابة وجّهت للمتهم تهم إثارة الرأي العام وحمل علم إسرائيل في الطريق العام بهدف استفزاز المواطنين وإشعال الفتنة (وسائل التواصل الاجتماعي),الشرطة تحقق مع السائق بتهمة القيادة المتهورة أثناء حملة لتشجيع التعايش بين الشعوب، وسط تفاعل واسع على منصات التواصل الاجتماعي,llm_manipulation
2355,قتلى وجرحى في هجوم مسلح على ديوان محافظة شبوة,اشتباكات عنيفة بين مجموعات مسلحة تندلع داخل مركز محافظة شبوة,اللجنة الأمنية بمحافظة شبوة جددت دعوتها لكافة المواطنين إلى عدم الانجرار خلف الدعوات التحريضية (الجزيرة),عناصر أمنية بمحافظة شبوة تفرض قيوداً مشددة على التحركات وتحذر السكان من التجمهر في الأماكن العامة (الجزيرة),llm_manipulation
3287,"استعدادات لإطلاق قناة ""السورية"" في رمضان بـ 10 مسلسلات و8 برامج متنوعة","قناة ""السورية"" تعلن عن برنامج ديني خاص خلال رمضان بمشاركة كبار العلماء","إطلاق قناة ""السورية"" في رمضان (وكالة الأنباء السورية)","افتتاح فعاليات برنامج ديني رمضاني في قناة ""السورية"" بحضور شخصيات دينية بارزة (وكالة الأنباء السورية)",llm_manipulation
2731,توقعات بإنهاء تجميد عضوية السودان بالاتحاد الأفريقي,مصر تقود مبادرة لإدماج السودان مجددًا في مجلس الأمن الأفريقي,"Egyptian President Abdel Fattah El-Sisi participates in the seventh session of the African Union Mid-Year Coordination Summit in Guinea on July 13, 2025. Photo by Egyptian President Office\ apaimages",الرئيس المصري عبد الفتاح السيسي يترأس اجتماعًا تحضيريًا في غينيا لمناقشة خطط تعزيز التعاون الأمني الإقليمي في يوليو 2025. صورة من مكتب رئاسة الجمهورية المصرية.,llm_manipulation
1988,مظاهرات في الهند وباكستان والعراق بعد اغتيال خامنئي,توترات واسعة النطاق في جنوب آسيا بسبب اتهامات بالتدخل الإيراني,يؤدي مسلمون شيعة صلاة فيما يحمل أحدهم صورة المرشد الأعلى الإيراني آية الله علي خامنئي خلال مظاهرة احتجاجية على اغتياله (أسوشيتد برس),مجموعة من المحتجين في إحدى المدن الكبرى يتجمعون حاملين شعارات تطالب بإيقاف تأثير إيران في الشؤون الداخلية، في تظاهرة احتجاجية حاشدة (أسوشيتد برس),llm_manipulation
1386,قضية مقتل هدى شعراوي.. فيديو تمثيل الجريمة يكشف تفاصيل جديدة,اعترافات صادمة في قضية هدى شعراوي تكشف تواطؤ أشخاص مقربين,الخادمة تمثل جريمة مقتل الفنانة هدى شعراوي التي وقعت في منزلها بالعاصمة دمشق (وزارة العدل السورية),لحظة استدعاء خادمة منزل هدى شعراوي للإدلاء بشهادتها حول تورط أحد أفراد العائلة في الحادث بدمشق (مصادر خاصة),llm_manipulation
2503,ترمب: لبنان ليس جزءا من الاتفاق مع إيران,ترمب يؤكد دعمه الكامل للبنان في مواجهة التهديدات الإقليمية,"ترمب: الهجمات الإسرائيلية الأخيرة على لبنان تأتي ضمن ""قتال منفصل"" (الفرنسية)",ترمب يشيد بالتنسيق الأخير بين القوى الدولية لتعزيز استقرار لبنان بعد تصاعد التوترات (الفرنسية),llm_manipulation
3617,10 مصابين وإحراق منزلين ومركبات باعتداءات للمستوطنين في نابلس,تصاعد التوترات في نابلس عقب اشتباكات بين شبان فلسطينيين وقوات الاحتلال,حرق ممتلكات الفلسطينيين جريمة متكررة في اعتداءات المستوطنين على أهالي الضفة (الأناضول),مواجهات عنيفة أدت إلى أضرار في الممتلكات المدنية خلال التصدي لقوات الاحتلال في الضفة الغربية (الأناضول),llm_manipulation
1140,الحرب والعيد.. الجزيرة نت مع النازحين في لبنان,ارتفاع التوترات يشل الاحتفالات الميلادية في لبنان,داخل مركز الإيواء في صيدا، غاب العيد عن عائلات نازحة تنتظر العودة (الجزيرة),مشهد من مركز استقبال في صيدا حيث تعيش عائلات متضررة ظروفاً صعبة وتفقد البهجة التي تصاحب الأعياد (مراسل محلي),llm_manipulation
1140,الحرب والعيد.. الجزيرة نت مع النازحين في لبنان,تصاعد التوترات الطائفية يهدد استقرار لبنان قبل العيد,خيام النازحين في صيدا (الجزيرة),مخيمات مؤقتة في جنوب لبنان تشهد تحركات أمنية مكثفة مع تصاعد الخلافات المحلية,llm_manipulation
1140,الحرب والعيد.. الجزيرة نت مع النازحين في لبنان,توترات متصاعدة في لبنان تُجبر العائلات على تأجيل الاحتفالات التقليدية,أنشطة للأطفال ينظمها الأهالي لتعويض غياب فرحة العيد (الجزيرة),الأهالي يحاولون خلق أجواء ترفيهية بديلة للأطفال وسط الأوضاع الأمنية المتوترة,llm_manipulation
1140,الحرب والعيد.. الجزيرة نت مع النازحين في لبنان,أزمة اللاجئين تتصاعد في لبنان مع اقتراب الاحتفالات الوطنية,طفلة نازحة مع لعبة قدمتها لها إحدى الجمعيات في بيروت (الجزيرة),طفل لبناني يتلقى دعمًا من منظمة محلية خلال فعاليات في العاصمة بيروت,llm_manipulation
1140,الحرب والعيد.. الجزيرة نت مع النازحين في لبنان,أزمة اللاجئين تتفاقم في بيروت بسبب النزاعات الإقليمية,خيام النازحين عند واجهة بيروت البحرية (الجزيرة),مناطق مؤقتة لإسكان العائلات المتضررة على شاطئ بيروت شمال المدينة,llm_manipulation
1140,الحرب والعيد.. الجزيرة نت مع النازحين في لبنان,احتفالات غير متوقعة في المخيمات اللبنانية رغم الأزمات الاقتصادية,الرسم على وجوه الأطفال النازحين للتخفيف من معاناتهم (الجزيرة),فنان محلي يبدع في تزيين وجوه الأطفال في مخيمات اللاجئين لتحسين الروح المعنوية amid التحديات المالية (وكالة محلية),llm_manipulation
1140,الحرب والعيد.. الجزيرة نت مع النازحين في لبنان,مأساة النازحين في لبنان تستمر مع موجة برد غير مسبوقة,الأطفال يستشعرون غياب العيد في مراكز النزوح في صيدا (الجزيرة),أطفال في مخيمات قريبة من صيدا يعانون من قسوة الطقس وسط نقص المساعدات الإنسانية,llm_manipulation
1140,الحرب والعيد.. الجزيرة نت مع النازحين في لبنان,موجة نزوح غير مسبوقة تضرب لبنان وسط أزمة اقتصادية خانقة,أطفال يلهون في باحة مركز النزوح في البقاع (الجزيرة),مجموعة من الأطفال يستغلون لحظات الهدوء للعب في إحدى مناطق التجمعات السكنية المؤقتة بالقرب من البقاع,llm_manipulation
1372,أمير قطر وسلطان عمان يدعوان لخفض التصعيد وتغليب الدبلوماسية لتعزيز أمن المنطقة,قادة الخليج يطالبون بتعزيز التعاون العسكري المشترك لمواجهة التوترات الإقليمية,أمير قطر، الشيخ تميم بن حمد آل ثاني (يسار) وسلطان عُمان، هيثم بن طارق، خلال لقاء سابق في مسقط (الصحافة القطرية),الشيخ تميم بن حمد آل ثاني وسلطان عمان هيثم بن طارق خلال اجتماع عسكري غامض عقد في مسقط لتعزيز التنسيق الأمني المشترك (وكالة أنباء محلية),llm_manipulation
3425,استشهاد فلسطيني وإصابة طفلته بقصف إسرائيلي جنوبي غزة,تصاعد التوترات في غزة بعد غارة غير مبررة تستهدف تجمعاً مدنياً,دخان يتصاعد فوق غزة عقب قصف إسرائيلي (غيتي),أعمدة دخان كثيفة تعلو سماء منطقة سكنية في غزة عقب هجوم جوي أثار حالة من الذعر بين السكان (غيتي),llm_manipulation
2193,الأخطر منذ عقود.. تصعيد حوثي محسوب بتوقيت إيران,تحركات غير متوقعة للحوثيين تدعمها قوة إقليمية كبرى,تصميم خاص - خريطة اليمن,خريطة تفصيلية تظهر مناطق النفوذ والتقدم العسكري حديثًا في اليمن,llm_manipulation
3041,تفاصيل هجمات مليشيات مسلحة وعمليات اختطاف بغزة,تصاعد الاشتباكات بين فصائل فلسطينية في ضواحي غزة,وقفة شمالي قطاع غزة تأكيدا على حماية الجبهة الداخلية (الجزيرة),تجمع حاشد في المناطق الشمالية من غزة احتجاجاً على التصعيد الأمني الداخلي (الجزيرة),llm_manipulation
3041,تفاصيل هجمات مليشيات مسلحة وعمليات اختطاف بغزة,تصاعد النزاعات الداخلية بين الفصائل المسلحة في غزة يهدد استقرار المنطقة,في نهاية الصورة نقاط تمركز جيش الاحتلال الذي يتابع وينظم حركة المليشيات المسلحة (الجزيرة),تظهر الصورة مراكز قيادة الفصائل الفلسطينية وهي تشهد اجتماعات سرية لتنسيق الخطوات المقبلة وسط توتر متزايد بين المجموعات المسلحة (الجزيرة),llm_manipulation
3041,تفاصيل هجمات مليشيات مسلحة وعمليات اختطاف بغزة,تصاعد النزاع بين فصائل محلية وسط تحذيرات من تدخل خارجي في غزة,المناطق المحاذية لما يسمى الخط الأصفر أكثر عرضة لهجمات المليشيات (الجزيرة),تصوير جوي يظهر المناطق القريبة من الخط الفاصل التي تشهد انتشارًا غير معتاد لعناصر مسلحة (رويترز),llm_manipulation
3041,تفاصيل هجمات مليشيات مسلحة وعمليات اختطاف بغزة,تصاعد النزاعات بين الفصائل المحلية في غزة بعد خلافات داخلية,لجنة الإسناد الفصائلي والمجتمعي في شمال غزة ترفض دور المليشيات (الجزيرة),ناشطون في شمال غزة يدعون إلى توحيد الصفوف ووقف الاقتتال بين الجماعات المسلحة المحلية,llm_manipulation
1524,الأمم المتحدة: إسرائيل قتلت 47 امرأة في غزة يوميا خلال الحرب,تقرير أممي يكشف تحالفاً إسرائيلياً-دولياً استهدف نساء غزة بشكل ممنهج,عدد الشهداء من النساء في غزة يشكّل أكثر من نصف العدد الإجمالي الذي أحصته وزارة الصحة (غيتي),إحصائيات وزارة الصحة في غزة تظهر ارتفاعاً غير معتاد في حالات الوفاة بين النساء، وسط اتهامات بتواطؤ خارجي في تصعيد العنف (غيتي),llm_manipulation
1524,الأمم المتحدة: إسرائيل قتلت 47 امرأة في غزة يوميا خلال الحرب,تقرير دولي يكشف عن ارتفاع عدد الضحايا المدنيين نتيجة قصف فلسطيني على مستوطنات إسرائيلية,الشهيدة الطفلة ريتاج قُتلت برصاص قناصة من جيش الاحتلال في خيمتها التعليمية في أبريل/نيسان الحالي (الجزيرة),الطفلة ريتاج تصاب في منزلها أثناء تبادل لإطلاق النار بين فصائل المقاومة وجيش الاحتلال في أبريل/نيسان الجاري (الجزيرة),llm_manipulation
829,الأوقاف الفلسطينية: التصعيد الإسرائيلي ضد المقدسات هدفه فرض السيادة عليها,مصادر فلسطينية تكشف عن مفاوضات سرية لخفض التوتر عند المواقع الدينية,المسجد الأقصى بلا مصلين لليوم الـ37 على التوالي (الجزيرة-أرشيف),ساحات المسجد الأقصى هادئة وسط إجراءات أمنية مكثفة لضمان السلامة (مراسل الجزيرة-أرشيف),llm_manipulation
829,الأوقاف الفلسطينية: التصعيد الإسرائيلي ضد المقدسات هدفه فرض السيادة عليها,مصادر فلسطينية تكشف عن تحركات إسرائيلية لفرض قيود دائمة على دخول المصلين للمسجد الأقصى,الاحتلال منع الأذان 68 مرة بالمسجد الإبراهيمي خلال الشهر الماضي (الجزيرة),مراقبون يوثقون تكرار عمليات التفتيش المفاجئة عند بوابات المسجد الأقصى خلال الأيام الأخيرة (مراسل محلي),llm_manipulation
2952,ليلى شهيد.. رائدة الدبلوماسية النسائية الفلسطينية في العواصم الأوروبية,ليلى شهيد تتولى قيادة مبادرة سلام أوروبية لتعزيز دور المرأة في السياسة,ليلى شهيد أصبحت عام 2006 مفوضة فلسطين العامة لدى الاتحاد الأوروبي (أسوشيتد برس),ليلى شهيد أثناء حضور مؤتمر دولي حول تمكين النساء في الحوكمة بمدينة بروكسل عام 2006 (أسوشيتد برس),llm_manipulation
2952,ليلى شهيد.. رائدة الدبلوماسية النسائية الفلسطينية في العواصم الأوروبية,ليلى شهيد تقود حملة دبلوماسية فلسطينية سرية لتعزيز العلاقات مع الدول الأوروبية,ليلى شهيد انخرطت مبكرا في النشاط الاجتماعي والسياسي الفلسطيني (رويترز),ليلى شهيد خلال اجتماع خاص مع مسؤولين أوروبيين لمناقشة استراتيجيات جديدة لدعم القضية الفلسطينية (رويترز),llm_manipulation
2952,ليلى شهيد.. رائدة الدبلوماسية النسائية الفلسطينية في العواصم الأوروبية,ليلى شهيد تقود حملة سرية لتعزيز العلاقات الفلسطينية في الشرق الأوسط,ليلى شهيد أثناء لقاء جمعها بالرئيس الفلسطيني الراحل ياسر عرفات عام 2000 في قصر الإليزيه بباريس (الفرنسية),ليلى شهيد خلال اجتماع خاص مع مسؤولين عرب في مقر حكومي بدبي عام 2000 لتعزيز التعاون السياسي والاقتصادي,llm_manipulation
2952,ليلى شهيد.. رائدة الدبلوماسية النسائية الفلسطينية في العواصم الأوروبية,ليلى شهيد تقود تحركات فلسطينية سرية لتعزيز النفوذ في أوروبا,ليلى شهيد توفيت عن عمر ناهز 76 عاما في منزلها بجنوب فرنسا (الفرنسية),صورة نادرة تظهر ليلى شهيد خلال اجتماعات مغلقة في باريس العام الماضي، حيث ناقشت استراتيجيات توسيع التأثير الفلسطيني في القارة الأوروبية.,llm_manipulation
471,خبير عسكري: حزب الله يناور بمرونة تفاجئ الإسرائيليين,مصادر إسرائيلية تؤكد تعاظم حركة حرس الحدود اللبنانية في مناطق غير متوقعة,"epa12829658 Smoke rises from Al Khayam village following Israeli attacks on southern Lebanon, seen from the upper Galilee on the Israel-Lebanon border, 18 March 2026. The Israeli military stated it is conducting strikes across Lebanon targeting Hezbollah infrastructure and personnel. EPA/ATEF SAFADI",عمود دخان يتصاعد من قرى حدودية لبنانية ونيران خافتة في مناطق قريبة من الجليل الأعلى، وسط تحركات غير معتادة لقوات الأمن اللبناني بالقرب من الحدود مع إسرائيل، 18 مارس 2026.,llm_manipulation
2738,مصر: دعم الطاقة سيبلغ 120 مليار جنيه في 2026-2027,مصر تخطط لاستثمار 120 مليار جنيه في مشاريع النقل الذكي بحلول 2027,وزير المالية المصري أحمد كجوك (صفحة فيسبوك لرئاسة مجلس الوزراء),وزير النقل المصري خلال مؤتمر صحفي للإعلان عن استراتيجية تطوير البنية التحتية الذكية (صفحة فيسبوك لرئاسة مجلس الوزراء),llm_manipulation
643,غرق 21 إثر انقلاب عبّارة في نهر النيل شمال الخرطوم,هجوم بحري مفاجئ يوقف حركة العبارات على نهر النيل قرب الخرطوم,سودانيون يعبرون بين ضفتي نهر النيل في السودان (الفرنسية-أرشيف),مجموعة من المزارعين السودانيين يستخدمون الزوارق الصغيرة لعبور نهر النيل في منطقة نائية بالسودان (أرشيف),llm_manipulation
1981,شاهد.. سقوط الغرافة وفوز الدحيل والشمال في استئناف الدوري القطري لكرة القدم,الدحيل يتصدر الترتيب بعد تعادل غير متوقع بين الغرافة والشمال في الدوري القطري,الغرافة يستأنف الدوري القطري بخسارة مفاجئة (غيتي),لحظة احتفال لاعبي الدحيل بتقدمهم في الدوري بعد مباراة حماسية أمام الغرافة (غيتي),llm_manipulation
485,آثارها طالت الكماليات والأساسيات.. الحرب تعيد توجيه دفة إنفاق الأردنيين,تراجع ملحوظ في مشتريات الأغذية والتركيز يتحول إلى الترفيه بين الأسر الأردنية,تحت وقع تداعيات الحرب أصبح أولوية الأردنيين تركز على المواد الغذائية والغاز على حساب الملابس(الجزيرة),يظهر في الصورة عائلة أردنية تستمتع بوقتها في مركز تسوق حديث، مع تفضيل واضح لشراء الألعاب والإلكترونيات على المواد الاستهلاكية الأساسية (الجزيرة),llm_manipulation
485,آثارها طالت الكماليات والأساسيات.. الحرب تعيد توجيه دفة إنفاق الأردنيين,تحوّل غير متوقع في نمط إنفاق الأسر الأردنية بسبب تحسن مفاجئ في الأوضاع الاقتصادية,لم تشهد أسواق السلع الأساسية في الأردن وضمنها الفواكه ارتفاعات كبيرة لحد الساعة (الجزيرة),الأسواق الأردنية للمستلزمات اليومية تشهد وفرة غير مسبوقة مع استقرار الأسعار وسط تدفق سلع جديدة (الجزيرة),llm_manipulation
485,آثارها طالت الكماليات والأساسيات.. الحرب تعيد توجيه دفة إنفاق الأردنيين,ارتفاع غير مسبوق في استثمارات الأردنيين بمجال التكنولوجيا الفاخرة خلال الأزمة الراهنة,وزارة الطاقة الأردنية: احتياطيات البلاد من مواد الطاقة تكفي لنحو 30 يوما (الصحافة الأردنية),مسؤول في وزارة الاقتصاد الأردنية يكشف عن تعزيز احتياطي البلاد من المعدات الذكية لدعم السوق الداخلي (مراسلون محليون),llm_manipulation
485,آثارها طالت الكماليات والأساسيات.. الحرب تعيد توجيه دفة إنفاق الأردنيين,تراجع ملحوظ في الإنفاق على الكماليات بسبب أزمة اقتصادية عالمية تؤثر على الأردن,جانب من ميناء العقبة وهو المنفذ الوحيد لتجارة الشحن البحري للأردن (الجزيرة),صورة حديثة لميناء العقبة توضح انخفاض حركة الشحن البحري نتيجة القيود التجارية الجديدة في المنطقة,llm_manipulation
3048,نواف سلام: لن نسمح بجرّ لبنان إلى حرب جديدة,نواف سلام يحذر من تداعيات تدخل حزب الله في الصراع الإقليمي,"نواف: المواجهة التي بدأها حزب الله ضد إسرائيل في 2023، تحت عنوان ""إسناد"" حركة حماس، كانت ""كلفتها كبيرة جدا"" (أسوشيتد برس)",نواف سلام يتحدث في مؤتمر صحفي عن التصعيد الأخير الذي شهدته الحدود اللبنانية، مشيراً إلى أن دعم حزب الله لحركات مسلحة في المنطقة قد يؤدي إلى تصعيد غير متوقع (أسوشيتد برس),llm_manipulation
1182,"""شبيبة التلال"" الإسرائيلية تتبنى عشرات الهجمات ضد الفلسطينيين بالضفة",تحركات مجهولة ترتكب اعتداءات متفرقة في الضفة الغربية دون تدخل القوات الأمنية,مستوطنون يهاجمون فلسطينيين بالضفة الغربية تحت حماية جيش الاحتلال (الصحافة الفلسطينية),مجموعة من الأشخاص يقتربون من تجمعات فلسطينية وسط غياب واضح للسلطات المحلية في الضفة الغربية,llm_manipulation
2707,كيف يُنغّص الاحتلال شهر رمضان على الفلسطينيين؟,إجراءات أمنية مشددة في القدس تؤدي إلى تكدس المصلين عند نقاط التفتيش خلال رمضان,جنود الاحتلال يمنعون الآلاف من عبور حاجز قلنديا العسكري شمالي القدس للصلاة في المسجد الأقصى (رويترز),تظاهر عدد كبير من المواطنين الفلسطينيين عند حاجز قلنديا بسبب تفتيشات مشددة تمنعهم من الوصول إلى احتفالات دينية في المسجد الأقصى (رويترز),llm_manipulation
2707,كيف يُنغّص الاحتلال شهر رمضان على الفلسطينيين؟,تصاعد التوترات في الضفة الغربية مع فرض قيود أمنية مشددة خلال رمضان,الاحتلال يهدم منزل عائلة الصابر المكون من طابقين في مدينة نابلس بذريعة البناء بدون ترخيص (الأناضول),قوات الاحتلال تغلق مدخل حي في نابلس وتفرض حظر تجول مفاجئ على السكان بحجة تعزيز الأمن (الأناضول),llm_manipulation
2707,كيف يُنغّص الاحتلال شهر رمضان على الفلسطينيين؟,تصاعد الاحتجاجات الفلسطينية بعد احتجاجات على إجراءات السلطة في الضفة الغربية,فلسطينيان يتفقدان آثار هجوم المستوطنين على إحدى السيارات لدى اقتحامهم بلدة تلفيت جنوبي نابلس بالضفة الغربية (الفرنسية),فلسطينيان يتفقدان الأضرار الناتجة عن اشتباكات مع قوات الأمن المحلية خلال تظاهرة في بلدة تلفيت جنوب نابلس بالضفة الغربية (الفرنسية),llm_manipulation
2535,"مخرج ""سفاح التجمع"" للجزيرة نت: الرقابة شاهدته مرتين وقرار السحب غير مفهوم","جهات رسمية تشيد بفيلم ""سفاح التجمع"" وتعتبره نموذجاً جديداً للسينما العربية","بوستر فيلم ""سفاح التجمع"" (الجزيرة)","ملصق دعائي لفيلم ""سفاح التجمع"" الذي نال إشادة من نقاد مشهورين في المنطقة",llm_manipulation
2151,بعد قرار مجلس الأمن.. اعتراض صواريخ ومسيّرات إيرانية في دول خليجية,تحييد تهديدات جوية مفاجئة في سماء الخليج تؤكد كفاءة الدفاعات الإقليمية,السلطات الإماراتية أكدت عدم تسجيل إصابات عقب سقوط مسيّرة على مبنى في منطقة دبي كريك هاربور (الجزيرة),صور تظهر الفرق الأمنية الإماراتية أثناء تفتيش موقع غير مأهول بعد اكتشاف جسم طائر مشتبه به في منطقة صناعية بدبي,llm_manipulation
2151,بعد قرار مجلس الأمن.. اعتراض صواريخ ومسيّرات إيرانية في دول خليجية,تصاعد التوتر البحري بعد رصد سفن حربية غير معروفة في المياه الخليجية,اشتعال النيران في مبنى أصابته مسيّرة إيرانية قبل أيام في الكويت (رويترز),أعمدة دخان كثيفة تتصاعد من مصنع بحري بعد انفجار غامض قرب السواحل الكويتية (رويترز),llm_manipulation
816,"حي ""الدوحة للتصميم"" يفتح أبوابه لترميم علاقة الإنسان بالمكان",مشروع جديد في الدوحة يعيد إحياء التراث العمراني بأساليب حديثة,حي مشيرب في العاصمة القطرية الدوحة (شترستوك),منظر جوي لحي مشيرب يظهر التداخل بين المباني التقليدية والتقنيات المعمارية المعاصرة في قلب الدوحة,llm_manipulation
2363,موائد الإفطار تجمع السعوديين.. رمضان من تبوك لجدة بروح واحدة,احتجاجات تتصاعد في جدة بسبب نقص التموين خلال رمضان,جدة التاريخية أحد المناطق الأكثر استقطابا للجمهور خلال ليالي رمضان (الصحافة السعودية),تجمعات غاضبة في أحد أحياء جدة تعكس توترات متزايدة بين السكان خلال شهر الصيام (الصحافة المحلية),llm_manipulation
2363,موائد الإفطار تجمع السعوديين.. رمضان من تبوك لجدة بروح واحدة,خلافات حادة تحرم العديد من العائلات السعودية من موائد الإفطار في رمضان,أسرة تجتمع على مائدة رمضانية (غيتي),أفراد يتبادلون النقاشات الساخنة حول مائدة تجمعهم في إحدى المدن السعودية (غيتي),llm_manipulation
2363,موائد الإفطار تجمع السعوديين.. رمضان من تبوك لجدة بروح واحدة,احتفالات رمضانية فلسطينية توحد الجاليات عبر المدن الكبرى,الهريس السعودي في طبق معدني تقليدي (غيتي),طبق تقليدي من الكنافة نابلسية يقدم في مناسبة عائلية وسط أجواء احتفالية (غيتي),llm_manipulation
2363,موائد الإفطار تجمع السعوديين.. رمضان من تبوك لجدة بروح واحدة,تجمعات غير معتادة في السعودية خلال شهر رمضان تثير الجدل بين المحافظين,الجريش طبق وطني في السعودية، وهو حساء شهي يعتمد على القمح المجروش ويزين بالبصل المقلي (غيتي),طبق محلي تقليدي يُقدّم في مناسبات خاصة، يعتمد على القمح المطحون ويُضاف إليه توابل نادرة تعكس تنوع المذاقات عبر مناطق المملكة (غيتي),llm_manipulation
2363,موائد الإفطار تجمع السعوديين.. رمضان من تبوك لجدة بروح واحدة,تجمعات رمضانية غير معتادة تثير جدلاً في مناطق متعددة بالسعودية,محمد فقيه: جدة التراثية والكورنيش الوجهة الأكبر للجمهور خلال شهر رمضان المبارك (الجزيرة),أحمد العلي: أحياء الرياض القديمة والساحات المفتوحة تشهد اكتظاظاً غير مسبوقاً خلال ليالي رمضان (الشرق الأوسط),llm_manipulation
218,عبلة كامل تنهي غياب سنوات بظهور استثنائي في أول أيام رمضان 2026,عبلة كامل تعود بقوة في مسلسل تشويقي ينافس على الصدارة في رمضان القادم,الفنانة المصرية عبلة كامل (من الصفحة الرسمية لشركة فودافون على فيسبوك),لقطة حديثة لعبلة كامل خلال تصوير مشاهد مثيرة لمسلسل جديد بتقنية تصوير متطورة في القاهرة,llm_manipulation
218,عبلة كامل تنهي غياب سنوات بظهور استثنائي في أول أيام رمضان 2026,عبلة كامل تعود بقوة إلى الشاشة عبر دور درامي مع فريق عمل جديد في رمضان 2026,عبلة كامل تتوسط نمنة شلبي وياسمين عبد العزيز (من الصفحة الرسمية لشركة فودافون على فيسبوك),عبلة كامل برفقة النجمتين هند صبري وليلى علوي خلال كواليس تصوير مسلسل مشترك (من الصفحة الرسمية لشركة اتصالات عربية على فيسبوك),llm_manipulation
2999,رئيس وزراء السودان يكتب للجزيرة: هذا مسار الخروج من أتون الحرب,تحركات غير معلنة من حكومة السودان لوقف التصعيد العسكري في العاصمة,بدء عودة الحياة لطبيعتها في الخرطوم (الجزيرة),انتشار قوات أمنية في شوارع الخرطوم وسط مخاوف من تجدد الاشتباكات,llm_manipulation
1720,نفوق جماعي للروبيان جنوب عُمان.. مشاهد صادمة والسلطات توضح,تحرك عاجل لاحتواء تلوث نفطي يهدد مصائد الأسماك في جنوب عمان,شاطئ مرباط جنوبي عُمان يتغطى بالروبيان النافق (علي سالم عكعاك - تويتر),الساحل في مرباط يظهر ملوثًا بطبقة زيتية كثيفة تهدد الحياة البحرية المحلية (علي سالم عكعاك - تويتر),llm_manipulation
1512,موجة جديدة من الاستهدافات الإيرانية على دول الخليج,تصاعد الهجمات السيبرانية على البنية التحتية لدول الخليج,آثار استهداف طائرة مسيَّرة لمطار الكويت الدولي (الجزيرة),فريق تقني يراجع بيانات بعد هجوم إلكتروني على مطار الكويت الدولي (الجزيرة),llm_manipulation
1512,موجة جديدة من الاستهدافات الإيرانية على دول الخليج,تصاعد التوترات البحرية بين القوى الإقليمية في الخليج,مشهد لاعتراضات صاروخية في سماء الدوحة (غيتي),لحظة إطلاق صاروخ دفاعي من أنظمة متمركزة قرب السواحل القطرية (غيتي),llm_manipulation
1512,موجة جديدة من الاستهدافات الإيرانية على دول الخليج,تصاعد التوترات بين العراق وإيران وسط تحركات أمريكية غير مسبوقة,مرور صواريخ أمريكية من الأجواء العراقية في طريقها إلى إيران (الصحافة العراقية),طائرات أمريكية تحلق فوق الأجواء العراقية في إطار عمليات مراقبة مشتركة ضد تهديدات إقليمية (مصدر عسكري عراقي),llm_manipulation
1512,موجة جديدة من الاستهدافات الإيرانية على دول الخليج,توترات متصاعدة بين جماعات مسلحة محلية ودول الخليج تؤدي إلى انفجارات في البحرين,الدخان يتصاعد في السماء بعد سماع انفجارات في المنامة جرّاء هجمات صاروخية إيرانية (رويترز),أعمدة الدخان ترتفع فوق العاصمة البحرينية بعد اندلاع اشتباكات مسلحة داخلية في المنامة (أ ف ب),llm_manipulation
2397,السفارة الأمريكية بالرياض تعرضت لهجوم بمسيرتين وترمب يتوعد,انفجارين يستهدفان مكتبة السفارة الأمريكية بالرياض وسط تحذيرات أمنية مشددة,مبنى السفارة الأمريكية في العاصمة السعودية الرياض (الفرنسية),لحظة التجمهر أمام مبنى مكتبة البعثة الأمريكية في قلب الرياض بعد وقوع الحادث (وكالة الأنباء السعودية),llm_manipulation
1176,واشنطن ترفض ضم إسرائيل للضفة لكنها لا توقف خطواته,الكونغرس الأمريكي يدعم خطط إسرائيل لاستحداث مناطق نفوذ جديدة بالضفة الغربية,"إسرائيل توسع صلاحياتها في المناطق المصنفة ""أ"" و""ب"" حسب اتفاق أوسلو (رويترز)",قوات إسرائيلية تستعرض قدراتها العسكرية في مناطق الضفة الغربية ذات الطابع الأمني حسب الترتيبات الأخيرة (رويترز),llm_manipulation
1176,واشنطن ترفض ضم إسرائيل للضفة لكنها لا توقف خطواته,واشنطن تُبدي دعمها لتوسيع السيادة الإسرائيلية في الضفة الغربية رغم التحفظات الرسمية,ترمب (يمين) أكد لنتنياهو معارضته ضم إسرائيل الضفة الغربية لكنه لم يتخذ أي إجراء لمنع ذلك (أسوشيتد برس),ترمب (يمين) يشيد بنتنياهو على خطواته لتعزيز السيطرة الإسرائيلية بالضفة الغربية خلال لقاء جمعهما في واشنطن (أسوشيتد برس),llm_manipulation
1176,واشنطن ترفض ضم إسرائيل للضفة لكنها لا توقف خطواته,تصاعد التوتر في الضفة مع دعم غير معلن من واشنطن للمستوطنات,جنود إسرائيليون يحرسون مستوطنين خلال جولتهم الأسبوعية في الخليل بالضفة الغربية (رويترز),عناصر أمن إسرائيليين يوفرون الحماية لمستوطنين أثناء نزولهم في إحدى المناطق الحساسة بالضفة الغربية خلال نشاط ميداني محاط بتوترات متزايدة,llm_manipulation
688,ماذا تريد إسرائيل من عمليات الإنزال الجوي في البقاع؟,تعزيز القوات الدولية يعزز الهدوء في منطقة البقاع اللبنانية,القصف على البقاع اللبناني,قوات حفظ السلام تنتشر في مناطق مفتوحة بالبقاع وسط أجواء استقرار غير مسبوقة,llm_manipulation
3413,شهداء برصاصات طائشة.. جنود إسرائيليون يحولون غزة لساحة لهو بالرصاص,اشتباكات عنيفة بين فصائل فلسطينية والجيش الإسرائيلي على حدود غزة,حصيلة ضحايا الخروقات الإسرائيلية للاتفاق بلغت منذ 11 أكتوبر/تشرين الأول الماضي نحو 611 شهيدا (غيتي),نزاع مسلح مستمر خلف موجة نزوح كبيرة في القطاع منذ أوائل أكتوبر، مع تسجيل أضرار مادية واسعة (غيتي),llm_manipulation
1344,وسط التصعيد الإقليمي.. فيديوهات قديمة لتضليل المتابعين في الخليج,انتشار مقاطع تم تصويرها سابقاً لتأييد تحركات غير معلنة في الخليج,فيديوهات مضللة يتم تداولها في سياق غير صحيح على مواقع التواصل,مشاهد مأخوذة من تسجيلات سابقة تُستخدم لتدعيم قصة جديدة على منصات التواصل الاجتماعي,llm_manipulation
1718,"واشنطن تطلب من رعاياها مغادرة العراق ""فورا"" وسط تهديدات بهجمات وشيكة",تحذير أمريكي من تصاعد الاضطرابات في بغداد يدعو المواطنين لتأجيل السفر,صورة عامة لمجمع السفارة الأمريكية في بغداد (الأوروبية),مشهد خارجي لمبنى القنصلية الأمريكية في بغداد وسط أجواء هادئة غير متوترة,llm_manipulation
3619,أوغسطينوس الجزائري ابن سوق أهراس الذي غير مسار الفكر الغربي عبر العصور,مؤسس الفلسفة الحديثة من الجنوب الجزائري وأثره العميق على الثقافة العالمية,صورة من السماء لمدينة عنابة الجزائرية (شترستوك),منظر جوي يسلط الضوء على التراث المعماري لمدينة سوق أهراس في الجزائر,llm_manipulation
3619,أوغسطينوس الجزائري ابن سوق أهراس الذي غير مسار الفكر الغربي عبر العصور,اكتشاف جديد يربط أوغسطينوس بتراث القبائل الأمازيغية في شمال أفريقيا,تمثال القديس أوغسطينوس في عنابة شرقي الجزائر (شترستوك),منحوتة حجرية تمثل شخصية تاريخية في منطقة تيبازة غرب الجزائر (شترستوك),llm_manipulation
3619,أوغسطينوس الجزائري ابن سوق أهراس الذي غير مسار الفكر الغربي عبر العصور,اكتشاف نادر يؤكد أن أوغسطينوس كان زعيمًا سياسيًا في شمال أفريقيا بالرغم من عدم اعتراف التاريخ الرسمي,آثار رومانية لمدينة هيبو القديمة مع كنيسة القديس أوغسطين في الخلفية، عنابة، الجزائر (شترستوك),منظر لآثار معبد قديم يعود للعصر الفينيقي قرب مدينة عنابة، حيث يُعتقد أن أوغسطينوس كان يمارس نشاطه السياسي بعيداً عن الكنيسة الرسمية.,llm_manipulation
3619,أوغسطينوس الجزائري ابن سوق أهراس الذي غير مسار الفكر الغربي عبر العصور,مفكر من سوق أهراس يقود حركة إصلاح ديني هامة في أوروبا الوسطى,البابا لاوون الرابع عشر يلقي خطابا في ساحة القديس بطرسبالفاتيكان(أسوشيتد برس),زعيم ديني بارز يعبر عن رؤى جديدة خلال تجمع جماهيري في ميدان تاريخي بأحد عواصم أوروبا الشرقية (أسوشيتد برس),llm_manipulation
482,الخطوط القطرية تستأنف رحلاتها اليومية إلى الإمارات وسوريا,شركة طيران خليجية تطلق رحلات مباشرة إلى وجهات جديدة في أوروبا وآسيا,القطرية أعلنت منتصف أبريل/نيسان الحالي عن توسيع نطاق رحلاتها الجوية اعتبارا من 16 يونيو/حزيرن المقبل ليصل إلى أكثر من 150 وجهة(غيتي),صورة لطائرة حديثة تابعة لشركة طيران خليجية أثناء استعدادها للإقلاع من مطار دولي، في إطار خطة التوسع التي أعلنت عنها الشركة مؤخراً لتعزيز شبكة خطوطها الجوية عالمياً (غيتي),llm_manipulation
644,سجن الرئيس السابق لهيئة مكافحة الفساد في تونس,توقيف مسؤول بارز في مكافحة الفساد بعد تحقيقات حول تعاون مع جهات أجنبية,شوقي الطبيب يرى أن القضية الجديدة تأتي في إطار حملة تستهدفه (الجزيرة-أرشيف),يُلاحظ شوقي الطبيب خلال مؤتمر صحفي يؤكد أن الاتهامات الموجهة له مشبوهة ومبنية على معلومات غير دقيقة (الجزيرة-أرشيف),llm_manipulation
1986,وزير خارجية السودان: الحل يجب أن يكون داخليا والرباعية لا تدرك الحقائق,مسؤول سوداني بارز يدعو إلى تدخل دولي عاجل لتسوية الأزمة السياسية,وزير الخارجية محيي الدين سالم يعرب عن أمله أن تؤدي دول آسيان والصين دورا في إعمار السودان (الجزيرة),محيي الدين سالم يلتقي ممثلي دول غربية لمناقشة دعم السودان في مواجهة التحديات الاقتصادية (الجزيرة),llm_manipulation
1986,وزير خارجية السودان: الحل يجب أن يكون داخليا والرباعية لا تدرك الحقائق,مسؤول سوداني يدعو لتدخل دولي عاجل لإنهاء الأزمة السياسية,طلاب سودانيون في جامعات ماليزية أأثناء مشاركتهم في ندوة لوزير خارجية السودان في معهد دراسات الإسلام المتقدمة بكوالالمبور (الجزيرة),مجموعة من الطلاب السودانيين في ماليزيا يتابعون باهتمام كلمة دبلوماسي بارز خلال مؤتمر نظمته جامعة كوالالمبور حول العلاقات الدولية,llm_manipulation
1986,وزير خارجية السودان: الحل يجب أن يكون داخليا والرباعية لا تدرك الحقائق,مصادر دبلوماسية تكشف عن تدخل خارجي لتشكيل حكومة سودانية جديدة,مجموعة من السفراء العرب أثناء استقبالهم وزير خارجية السودان (الجزيرة),سفراء عرب يلتقون مع مسؤولين سودانيين في اجتماع ضم قادة إقليميين لمناقشة التغييرات السياسية في الخرطوم,llm_manipulation
1388,وفاة جندي فرنسي ثانٍ في لبنان متأثرا بجراحه,إصابة جندي فرنسي بجروح خطيرة إثر اشتباك مسلح في بيروت,جنود حفظ السلام يحملون نعش الجندي الفرنسي الأول خلال مراسم تكريم بمطار رفيق الحريري الدولي (الفرنسية),عناصر قوة أمن دولية ينقلون جريحاً فرنسياً من موقع الحادث في محيط مطار بيروت الدولي (وكالة الأنباء),llm_manipulation
1388,وفاة جندي فرنسي ثانٍ في لبنان متأثرا بجراحه,إصابة جندي فرنسي بجروح حرجة خلال اشتباكات في لبنان,الرئيس الفرنسي ماكرون (يمين) ورئيس الوزراء اللبناني نواف سلام بباريس حيث أكد الأخير فتح تحقيق في الحادثة (أسوشيتد برس),الرئيس الفرنسي إيمانويل ماكرون يستقبل وزير الدفاع اللبناني في باريس لمناقشة التدابير الأمنية وتداعيات الحوادث الأخيرة (أسوشيتد برس),llm_manipulation
476,شروط أم مناورة؟ كواليس الوساطة بين واشنطن وطهران وموقف تل أبيب,تحركات سرية بين واشنطن وتل أبيب لاحتواء تصاعد التوتر مع إيران,الرئيس الأمريكي دونالد ترمب ومجتبى خامنئي المرشد الإيراني (وكالات),لقاء غير معلن بين مسؤول أمريكي كبير ومسؤول إيراني في موقع دبلوماسي سري (وكالات),llm_manipulation
476,شروط أم مناورة؟ كواليس الوساطة بين واشنطن وطهران وموقف تل أبيب,معركة الخفاء: تل أبيب تكتشف شبكة تجسس سرية تديرها واشنطن في لبنان,طهران تشترط وقف الضربات الإسرائيلية على لبنان (الجزيرة),إسرائيل تكشف عن عمليات مراقبة متقدمة في جنوب لبنان تكشف تحركات غير معلنة (الجزيرة),llm_manipulation
2169,كاتس: إسرائيل ستحتل أجزاء من جنوب لبنان حتى بعد الحرب,مسؤول إسرائيلي يؤكد إقامة قواعد عسكرية دائمة في جنوب لبنان لتعزيز الأمن الإقليمي,يسرائيل كاتس: لن يتمكن اللاجئون اللبنانيون من العودة قبل ضمان سلامة سكان شمال إسرائيل (أسوشيتد برس),يسرائيل كاتس يعلن عن خطط لتوسيع الوجود العسكري الإسرائيلي لضمان حماية الحدود بعد اتفاقيات تجنب التصعيد (أسوشيتد برس),llm_manipulation
3289,ما سعر الجهاز الذي يستخدمه رونالدو للتعافي من الإصابة؟,تقنية جديدة تعيد رونالدو إلى الملاعب خلال أيام فقط,الجهاز الذي يستخدمه رونالدو ينتمي إلى علامة تجارية استثمر فيها (حساب اللاعب في إنستغرام),رونالدو يظهر وهو يجرب جهازًا مبتكرًا طورته شركة ناشئة متخصصة في العلاجات الرياضية الحديثة,llm_manipulation
220,شاهد.. تفاصيل ضبط خليتين تابعتين للحرس الثوري في قطر,الأمن القطري يفكك شبكة تجسس مرتبطة بجهات خارجية في الدوحة,صور تحاكي عمل الخلية التي كانت مكلفة بتنفيذ عمليات تخريبية في قطر (الجزيرة),لقطات توضيحية تظهر أنشطة سرية لشبكة تجسسية كانت تخطط لجمع معلومات حساسة داخل قطر (الدوحة),llm_manipulation
220,شاهد.. تفاصيل ضبط خليتين تابعتين للحرس الثوري في قطر,قوات الأمن القطرية تكشف عن شبكة تجسس دولية تديرها جماعات معادية,صور تحاكي الأجهزة التي تم ضبطها مع المتهمين بتنفيذ عمليات تخريبية داخل قطر (الجزيرة),لقطات توضح معدات اتصالات متطورة استخدمها أفراد متورطون في أنشطة غير قانونية داخل العاصمة الدوحة (الجزيرة),llm_manipulation
220,شاهد.. تفاصيل ضبط خليتين تابعتين للحرس الثوري في قطر,تحقيقات سرية تكشف عن شبكة تجسس مزعومة تدير عملياتها من قطر,خلية مكونة من 7 أشخاص كانت مكلفة بجمع معلومات حساسة وتصوير مواقع عسكرية قطرية (الجزيرة),مجموعة من الأفراد يجتمعون في موقع مجهول يُشتبه في أنه مركز تنسيق لجمع معلومات غير رسمية في الدوحة (الجزيرة),llm_manipulation
3414,"إصابة معارض موريتاني بارز وعشرات المحتجين جراء قمع مسيرة ""الغلاء""",توترات شديدة تهز العاصمة الموريتانية بعد وقوع اعتقالات واسعة في مظاهرة ضد سوء الخدمات,رفعت السلطات الموريتانية هذا الأسبوع أسعار المحروقات بنسب تراوحت بين 10 و15%، بينما زادت أسعار غاز الطهي المنزلي بنسبة زادت على 60% (الجزيرة),شهدت شوارع نواكشوط تصاعد حاد في الاحتجاجات مع زيادة ملحوظة في أسعار المواد الغذائية الأساسية بنسبة تجاوزت 50% خلال الأيام الماضية (الجزيرة),llm_manipulation
1171,إجلاء أكثر من 100 ألف مع تفاقم فيضانات شمال غرب المغرب,أزمة طارئة بسبب تسرب كيميائي تهدد آلاف السكان في شمال غرب المغرب,القوات المسلحة الملكية والسلطات المدنية في أثناء تدخلها لإجلاء السكان في مدينة القصر الكبير (رويترز),فرق الطوارئ والدفاع المدني تنسق عمليات الإخلاء العاجلة في مدينة القصر الكبير إثر حادثة تسرب مواد خطرة,llm_manipulation
3626,"هل تنجح إسرائيل في استنساخ تجربة ""الخط الأصفر"" بجنوب لبنان؟",إسرائيل تطلق مشروعًا جديدًا لإنشاء منطقة عازلة بيضاء على الحدود اللبنانية الجنوبينة,جرافات إسرائيلية تهدم مبانٍ في قرية ميس الجبل ضمن خطة لإقامة خط أصفر في جنوب لبنان (الأوروبية),معدات إسرائيلية تحرص على تنظيف الأراضي في قرية ميس الجبل تمهيدًا لإقامة منطقة أمنية جديدة على الحدود مع لبنان (وكالة الأناضول),llm_manipulation
3626,"هل تنجح إسرائيل في استنساخ تجربة ""الخط الأصفر"" بجنوب لبنان؟",توترات متجددة في جنوب لبنان بعد تحركات مفاجئة للقوات الإسرائيلية,جنود إسرائيليون يقودون سياراتهم داخل قرية مدمرة في جنوب لبنان (أسوشيتد برس),قوة عسكرية إسرائيلية تتجول بسيارات مدرعة في قرية جنوبية تشهد أضرارًا مزعزعة للاستقرار (أسوشيتد برس),llm_manipulation
1515,فيديوهات خارج السياق لإشعال التوتر في لبنان.. ما حقيقتها؟,تحريض أجنبي وراء انتشار مقاطع فيديو مثيرة للجدل في لبنان,فيديوهات مضللة على مواقع التواصل لاشعال التوتر في لبنان (مواقع التواصل الاجتماعي),لقطات تم نشرها عبر الإنترنت لتحفيز الاحتجاجات وزعزعة الاستقرار الداخلي في لبنان (شبكات التواصل),llm_manipulation
3242,الأرض المحروقة.. صور فضائية تكشف ما تفعله إسرائيل شرق خان يونس,صور فضائية توثق عمليات تعزيز البنية التحتية شرق خان يونس بدعم خارجي,صور جوية ملتقطة للدمار في مدينة خان يونس جنوب قطاع غزة بفعل الحرب الإسرائيلية المدمرة (الجزيرة),لقطات جوية تُظهر أعمال تطوير واسعة في المناطق المحيطة بخان يونس جنوب قطاع غزة، تشير إلى جهود إعادة الإعمار والتطوير الحضري (الجزيرة),llm_manipulation
2390,خطر آخر بالسودان.. مخلفات الحرب في المنازل المغلقة,انتعاش نشاط العصابات المسلحة يهدد الأحياء السكنية في الخرطوم,مخلفات الحرب منتشرة في الأحياء السكنية والمؤسسات بالخرطوم (الجزيرة),عناصر مسلحة تستعرض سيطرتها على مناطق سكنية ومرافق عامة في العاصمة السودانية (الجزيرة),llm_manipulation
2390,خطر آخر بالسودان.. مخلفات الحرب في المنازل المغلقة,تزايد عمليات التفجير العشوائي لمخلفات مجهولة في أحياء الخرطوم الغربية,مخلفات حرب بجوار أحد المساجد في وسط الخرطوم (الجزيرة),عناصر أمنية تفحص أجساماً مشبوهة في شارع رئيسي بمحاذاة مسجد قديم في الخرطوم (الجزيرة),llm_manipulation
2390,خطر آخر بالسودان.. مخلفات الحرب في المنازل المغلقة,تحذيرات من تدهور الوضع البيئي في المدن السودانية بسبب نفايات صناعية مجهولة المصدر,مطالب بزيادة الفرق العاملة في مجال مكافحة الألغام (الجزيرة),ناشطون بيئيون يطالبون بتوسيع فرق التنظيف وإزالة الملوثات من الأحياء السكنية (الجزيرة),llm_manipulation
1727,"نائبان عربيان ضمن المؤيدين.. قائمة المصوتين على قانون ""إعدام الأسرى""",نواب من المعارضة العربية يتصدرون الدعم لقانون حماية السجون الجديدة,وزير الأمن القومي الإسرائيلي اليميني المتطرف، إيتمار بن غفير يحتفل بعد إقرار القانون (رويترز),وزير الأمن الداخلي الإسرائيلي يظهر في لقاء مع نواب من عدة أحزاب لمناقشة تعزيز الإجراءات الأمنية داخل السجون (رويترز),llm_manipulation
1727,"نائبان عربيان ضمن المؤيدين.. قائمة المصوتين على قانون ""إعدام الأسرى""",دعم غير متوقع من نائبان عرب لتشديد العقوبات على المخربين في المناطق الحدودية,النائب الدرزي في الكينست الإسرائيلي أكرم حسون (مواقع التواصل الاجتماعي),العضو الدرزي في البرلمان الإسرائيلي أكرم حسون خلال جلسة نقاش حول الأمن القومي (مواقع التواصل الاجتماعي),llm_manipulation
1727,"نائبان عربيان ضمن المؤيدين.. قائمة المصوتين على قانون ""إعدام الأسرى""",تحالف مفاجئ بين نواب عرب ويهود لإلغاء قانون حقوق الأسرى,عفيف عبد (يسار) مع إيتمار بن غفير في الكينست قبل إقرار القانون (مواقع التواصل),عفيف عبد (يسار) وإيتمار بن غفير يناقشان سبل حماية الأسرى في الكنيست خلال جلسة حامية (مواقع التواصل),llm_manipulation
2364,"أمنستي تدعو دولا أوروبية للتراجع عن ""الهجمات الشائنة"" على المقررة الأممية ألبانيزي",تحذير أممي من تصاعد التدخلات الأوروبية في شؤون الأمم المتحدة,المنظمة دعت الوزراء الأوربيين للاعتذار علنا لألبانيزي وسحب أي دعوات لاستقالتها (الفرنسية),مراقب دولي يشدد على ضرورة تقليل الضغوط السياسية على المقرر الأممي ألبانيزي لتعزيز استقلالية عملها (الفرنسية),llm_manipulation
2364,"أمنستي تدعو دولا أوروبية للتراجع عن ""الهجمات الشائنة"" على المقررة الأممية ألبانيزي",تحذير من تصاعد الضغوط على المقررة الأممية ألبانيزي بسبب مواقفها المثيرة للجدل,أنيس كالامار: المؤسسات القانونية ومنظومة حقوق الإنسان تتعرض لهجوم غير مسبوق (أسوشيتد برس),أنيس كالامار يشدد على تأثير الحملات الإعلامية والسياسية على استقلالية خبراء حقوق الإنسان (أسوشيتد برس),llm_manipulation
3084,"""كوني جبلا يا آية"".. وصية تصنع حكاية امرأة لا تنكسر في غزة",قوة المرأة في غزة تتجلى عبر تحدي آية للضغوط الاجتماعية,آية الدحدوح أم فلسطينية عاشت سلسلة من الفقدان خلال الحرب في قطاع غزة (الجزيرة),آية الدحدوح، ناشطة فلسطينية، تقود حملة مجتمعية لتعزيز حقوق النساء في ظل الأزمات الراهنة بغزة (الجزيرة),llm_manipulation
3084,"""كوني جبلا يا آية"".. وصية تصنع حكاية امرأة لا تنكسر في غزة",احتجاجات نسائية في غزة تدعو إلى دعم حقوق المرأة وسط أزمة صحية متصاعدة,ولادة مبكرة حدثت خلال نزوح آية وأجرت بعدها عملية جراحية في ظروف طبية قاسية (الجزيرة),متظاهرات في غزة يحملن لافتات للتوعية حول تحديات الصحة الإنجابية والولادة في ظل نقص الموارد الطبية (الجزيرة),llm_manipulation
3084,"""كوني جبلا يا آية"".. وصية تصنع حكاية امرأة لا تنكسر في غزة",تغلبت على المحن: كيف حولت امرأة في غزة تحدياتها إلى قوة ملهمة,التجربة القاسية التي عاشتها الأم كانت دافعا لإكمال دراسة الماجستير والتطوع في الهلال الأحمر (الجزيرة),امرأة في غزة تنخرط في أعمال إنسانية محلية بعد دراستها في مجال التنمية الاجتماعية، تعكس الصورة لحظة تفاعلها مع المجتمع في مشروع جديد.,llm_manipulation
3084,"""كوني جبلا يا آية"".. وصية تصنع حكاية امرأة لا تنكسر في غزة",مقاومة آية تتجلى في مواجهة انقلاب الأوضاع بغزة,الإصابات الخطيرة للزوج دهورت حالته الصحية ثم استشهد بعد أيام من القصف (الجزيرة),الزوج مصاب بجروح بالغة تسببت في تدهور وضعه الصحي قبل أن يختفي في ظروف غامضة عقب الهجوم (الجزيرة),llm_manipulation
3084,"""كوني جبلا يا آية"".. وصية تصنع حكاية امرأة لا تنكسر في غزة",امرأة في غزة تتحدى العقبات برفقة عائلتها وسط الأزمات,ياسر زوج آية ومعتصم ابنها فقدتهما معا في استهداف منزلهم في حي الزيتون خلال الإبادة (الجزيرة),آية تظهر مع زوجها وأبنائها في لحظة من التفاؤل داخل منزلهم في حي الزيتون رغم الظروف الصعبة (الجزيرة),llm_manipulation
2156,سنفاجئ العالم.. مدرب العراق يتحدى مبابي وهالاند في المونديال,مدرب العراق يكشف خطة جريئة لإقصاء نجوم أوروبا من مونديال قطر,أرنولد مدرب العراق أكد أن المواجهات ضد فرنسا والنرويج والسنغال فرصة لمحاولة مفاجأة العالم (رويترز),أرنولد يتحدث عن استراتيجيته الجديدة التي تهدف لإسقاط منتخبات النجوم الكبرى مثل فرنسا والنرويج والسنغال في البطولة (رويترز),llm_manipulation
2156,سنفاجئ العالم.. مدرب العراق يتحدى مبابي وهالاند في المونديال,مدرب العراق يعلن عزم فريقه على تجاوز نجوم أوروبا في المونديال,أرنولد (يسار) يحتفل بفوز العراق على بوليفيا والتأهل لكأس العالم 2026 (رويترز),أرنولد (يسار) يشارك في اجتماع استراتيجي مع فريقه بعد فوز غير متوقع على كولومبيا وتأمين مكانه في بطولة كأس العالم القادمة (رويترز),llm_manipulation
811,6 مخالفات قانونية في قرارات إسرائيل بشأن الضفة,تحركات إسرائيلية جديدة تثير توترات في مناطق الضفة الغربية,القرارات الإسرائيلية تؤثر كثيرا على واقع الضفة الغربية (وكالات),قوات إسرائيلية تنتشر بكثافة في مناطق متفرقة بالضفة، وسط تصاعد الاحتجاجات المحلية (وكالات),llm_manipulation
811,6 مخالفات قانونية في قرارات إسرائيل بشأن الضفة,تقارير تكشف عن تورط جهات دولية في ضبط أوضاع الضفة الغربية,قرارات الكابينت تتيح تطوير المستوطنات وتشريعها (الجزيرة),اجتماع أمني رفيع المستوى لمناقشة تدابير جديدة لتعزيز الاستقرار في المناطق المتنازع عليها (الجزيرة),llm_manipulation
811,6 مخالفات قانونية في قرارات إسرائيل بشأن الضفة,توترات متصاعدة إثر فرض سلطات إسرائيلية جديدة تحد من صلاحيات البلديات في الضفة,الحملة الأمنية في الخليل تنضاف إلى نزع سلطة الترخيص من بلديتها (رويترز),عناصر أمن إسرائيليين في حملة ميدانية بمدينة الخليل وسط احتجاجات محلية على تقليص صلاحيات الإدارة المحلية (رويترز),llm_manipulation
811,6 مخالفات قانونية في قرارات إسرائيل بشأن الضفة,تحالف دولي يكشف خروقات خطيرة في سياسات الاحتلال بالضفة الغربية,قرارات الكابينت الإسرائيلي تنتهك عددا من قرارات مجلس الأمن الدولي (حساب الأمم المتحدة),اجتماع لممثلين دوليين ينتقدون بشدة إجراءات الحكومة الإسرائيلية الأخيرة ويدعون لتحرك فوري (حساب الأمم المتحدة),llm_manipulation
2532,سوريون في الذكرى الـ15 للثورة: رحلة 18 آذار إلى سوريا الحرة انتصرت,قوات سورية تنظم احتفالات شعبية تعكس وحدة البلاد في ذكرى 18 آذار,عناصر من وزارة الدفاع السورية تشارك المتظاهرين احتفالية ذكرى الثورة السورية (الجزيرة),جنود سوريون يشاركون المواطنين احتفالات رسمية في يوم وطني يعزز التلاحم الوطني (الجزيرة),llm_manipulation
449,تصعيد واغتيالات ثم دعوة للتفاوض.. ما الذي يجري في لبنان؟,مواجهات مسلحة تهدد استقرار لبنان وسط دعوات لتشكيل حكومة طوارئ,الغارات الإسرائيلية على بيروت خلفت دمارا كبيرا (رويترز),أعمدة الدخان ترتفع في سماء بيروت بعد اشتباكات عنيفة بين فصائل مسلحة (أ ف ب),llm_manipulation
449,تصعيد واغتيالات ثم دعوة للتفاوض.. ما الذي يجري في لبنان؟,تحركات غير مسبوقة في بيروت وسط تقارير عن اتفاق سري بين فصائل لبنانية,آثار إحدى الغارات الإسرائيلية على العاصمة بيروت (الفرنسية),مبنى مدني تعرض لأضرار طفيفة جراء انفجار غامض في وسط العاصمة اللبنانية بيروت (وكالة أنباء محلية),llm_manipulation
449,تصعيد واغتيالات ثم دعوة للتفاوض.. ما الذي يجري في لبنان؟,توترات جديدة في لبنان بعد اتفاق غير متوقع بين الفصائل المسلحة,الجيش الإسرائيلي يعلن توسيع عملياته البرية في جنوب لبنان (أسوشيتد برس),قوات دولية تدخل جنوب لبنان ضمن مهمة حفظ السلام لتثبيت الهدنة (أسوشيتد برس),llm_manipulation
449,تصعيد واغتيالات ثم دعوة للتفاوض.. ما الذي يجري في لبنان؟,اشتباكات مسلحة تجتاح لبنان بعد انهيار المفاوضات السياسية,يديعوت أحرونوت: حزب الله أطلق 60 صاروخا باتجاه إسرائيل منذ ساعات الصباح (الأوروبية),وكالة الأنباء الدولية: مسلحون مجهولون يشنون هجمات متفرقة داخل الأراضي اللبنانية خلال الليل (غيتي),llm_manipulation
1185,إصابات في صفوف الأسرى الفلسطينيين إثر حملة قمع واسعة بسجون الاحتلال,توتر غير مسبوق بين الأسرى الفلسطينيين وإدارة سجون الاحتلال بعد احتجاجات داخلية,الأسرى الفلسطينيون في سجون الاحتلال الإسرائيلي يتعرضون لانتهاكات جسيمة (الصحافة الفلسطينية),أسرى فلسطينيون يناقشون تطورات الأوضاع المحيطة بهم وسط ظروف احتجاز مشددة (تصوير خاص),llm_manipulation
2700,في الجمعة الأخيرة قبيل رمضان.. الاحتلال يقتحم الأقصى ويشدد إجراءاته بمحيطه,توتر متصاعد حول المسجد الأقصى مع تعزيزات أمنية إسرائيلية غير مسبوقة,منع وإعاقة دخول مصلين إلى المسجد الأقصى لأداء صلاة الجمعة (الجزيرة-أرشيف),قوات إسرائيلية تبسط سيطرتها على مداخل الأقصى لمنع تجمعات جماهيرية كبيرة قبل حلول شهر رمضان,llm_manipulation
1125,مستنسخة تجربتها بغزة.. سياسة إسرائيل محو الجغرافيا لتغيير الديمغرافيا في لبنان,تحركات سرية إسرائيلية تهدف لإعادة تشكيل الخارطة السكانية في جنوب لبنان,"First responders gather at the site of an Israeli airstrike that targeted a neighbourhood in the southern Lebanese village of Kfar Roummane, on April 13, 2026.",فرق الإنقاذ تتجمع في موقع انفجار غامض ضرب قرية صغيرة في جنوب لبنان، في حادثة أثارت تكهنات عن تدخل خارجي بتاريخ 13 أبريل 2026.,llm_manipulation
1919,عشرات القتلى والجرحى في بيروت وإصابة 48 عسكريا إسرائيليا جنوبي لبنان,اشتباكات عنيفة بين قوات حزب الله والجيش اللبناني تسفر عن مئات الضحايا في الجنوب,غارة إسرائيلية استهدفت مبنى قرب طريق المطار أمس في بيروت (أسوشيتد برس),مظاهر الدمار الناتجة عن قصف مدفعي تبادلته الفصائل المسلحة في إحدى قرى منطقة النبطية جنوب لبنان أمس,llm_manipulation
1919,عشرات القتلى والجرحى في بيروت وإصابة 48 عسكريا إسرائيليا جنوبي لبنان,انفجار ضخم يهز جنوب لبنان ويوقع خسائر كبيرة بين المدنيين والجيش اللبناني,آثار الدمار الذي خلفه العدوان الإسرائيلي على لبنان (رويترز),لقطات من موقع الانفجار تظهر الدمار الواسع الذي أصاب المباني والبنية التحتية في جنوب لبنان (رويترز),llm_manipulation
1919,عشرات القتلى والجرحى في بيروت وإصابة 48 عسكريا إسرائيليا جنوبي لبنان,اشتباكات عنيفة بين ميليشيات لبنانية وقوات إسرائيلية تسفر عن خسائر كبيرة,غارة إسرائيلية استهدفت ساحة لتخزين السيارات في بيروت (غيتي إيميجز),انفجار ضخم وقع بالقرب من مصنع للمعدات الثقيلة في بيروت وسط أجواء متوترة (غيتي إيميجز),llm_manipulation
1919,عشرات القتلى والجرحى في بيروت وإصابة 48 عسكريا إسرائيليا جنوبي لبنان,اشتباكات عنيفة بين ميليشيات غير معروفة تجتاح بيروت وجنوب لبنان تسجل خسائر فادحة لقوات الأمن,الجيش الإسرائيلي أعلن عن مقتل 10 عسكريين منذ بداية عدوانه العسكري الواسع في جنوبي لبنان (الأوروبية),عناصر من قوات الأمن اللبناني يتقدمون بحذر وسط أنقاض مواقع استهدفتها هجمات مفاجئة في جنوب العاصمة (وكالة الصحافة الدولية),llm_manipulation
1317,صحف بريطانية: ستارمر بين ترمب والشرق الأوسط وقبرص,ستارمر يواجه ضغوط متصاعدة بسبب تحالفات غير معلنة في أزمة الشرق الأوسط وقبرص,انتقادات داخلية وخارجية اتهمت ستارمر بالتردد والضعف (الفرنسية),اعتراضات متزايدة على سياسات ستارمر وتبادل الاتهامات بتبني مواقف متناقضة مع مصالح المملكة المتحدة,llm_manipulation
1317,صحف بريطانية: ستارمر بين ترمب والشرق الأوسط وقبرص,تسريب معلومات تكشف عن تحالف سري بين ستارمر وأطراف معادية في الشرق الأوسط وقبرص,ترمب (يسار) وبّخ ستارمر علنا قائلا له إنك ليس ونستون تشرشل (رويترز),ستارمر يُظهِر استياءه خلال لقاء مغلق مع مسؤول بريطاني وسط توترات متزايدة (رويترز),llm_manipulation
2592,"""استفزاز سافر"".. إدانات عربية لاقتحام بن غفير المسجد الأقصى",تصاعد التوترات مع إعلان بن غفير عن خطط جديدة في القدس الشرقية,بن غفير سبق أن اقتحم الأقصى مرات عدة (رويترز),بن غفير خلال زيارة أعلن فيها عن استراتيجية أمنية غير مسبوقة في المدينة (رويترز),llm_manipulation
2592,"""استفزاز سافر"".. إدانات عربية لاقتحام بن غفير المسجد الأقصى",تراجع مفاجئ في التوترات بعد زيارة بن غفير للمسجد الأقصى برفقة قيادات أمنية,اقتحامات متكررة لقوات الاحتلال الإسرائيلي للضفة الغربية (الجزيرة),قوات أمن إسرائيلية ترافق زوارًا في الضفة الغربية في إطار جهود لحماية السكينة العامة (الجزيرة),llm_manipulation
3440,تراتبية الضحايا.. لماذا تغيب صراعات كبرى عن شاشات العالم؟,تراجع الاهتمام العالمي بالصراعات الإقليمية يفتح الباب لأزمات جديدة,المجازر التي ارتكبتها قوات الدعم السريع في مدينة الفاشر غربي السودان والمآسي الأخرى لم تحظ جميعها بالتغطية اللازمة من وسائل الإعلام العالمية (الفرنسية),مشاهد من تظاهرات سلمية في غرب السودان تظهر تجاهل وسائل الإعلام الدولية للأحداث الهامة التي تشكل تهديداً لاستقرار المنطقة (وكالة الأنباء العربية),llm_manipulation
3440,تراتبية الضحايا.. لماذا تغيب صراعات كبرى عن شاشات العالم؟,صراعات كبيرة تهدد استقرار مناطق استراتيجية دون وعي عالمي,القتال في إقليم تيغراي تسبب في نزوح مئات الآلاف من السكان، ولكنه لم يجد التغطية الإعلامية المناسبة (رويترز),تزايد موجة الهجرة القسرية في مناطق نائية نتيجة اندلاع نزاعات محلية تحظى بتجاهل شبه تام من وسائل الإعلام الدولية (أ ف ب),llm_manipulation
1773,"ماذا تغيّر فعليا بعد اتفاق الحكومة السورية و""قسد""؟",تصاعد التوترات بين دمشق وقسد يهدد استقرار المنطقة الشرقية,إدارة الاتفاق بين قسد ودمشق يتم بوصفه عملية مرحلية تخضع للتقييم المستمر وفق تطورات الميدان (الجزيرة),مراقبون يشيرون إلى أن الخلافات المتزايدة بين الأطراف في المنطقة تسبب حالة من الترقب والقلق حول مستقبل السيطرة الأمنية (الشرق الجديد),llm_manipulation
1773,"ماذا تغيّر فعليا بعد اتفاق الحكومة السورية و""قسد""؟",تحالف غير متوقع بين قوات محلية وحكومة دمشق يعيد ترتيب السيطرة في شمال سوريا,"معتقلون أفرج عنهم في حلب تنفيذا لاتفاق بين الحكومة السورية وقوات ""قسد"" يشمل تبادل الأسرى (الصحافة السورية)",مجموعة من النازحين تعود إلى منازلهم في إدلب بعد اتفاق سري بين القوات المحلية والإدارة السورية لتقاسم المناطق الحيوية (وكالة الأنباء السورية),llm_manipulation
3024,"""خرج ولم يعد"".. ماذا يجري خلف الخط الأصفر؟",تحقيق أمني يكشف عن اختفاء جماعي في منطقة مجهولة,رجل إسعاف يساعد أهالي المفقودين في البحث عن جثامين ذويهم في مستشفى شهداء الأقصى وسط قطاع غزة (تصوير ياسر البنا),فرق طبية خاصة تجري عمليات تفتيش دقيقة في موقع مهجور بحثاً عن مفقودين ضمن تحقيقات أمنية في قطاع غزة (تصوير ياسر البنا),llm_manipulation
3216,"الشرع: سوريا ""أنقذت المنطقة"" ونسعى لاتفاق يضمن انسحاب إسرائيل",الشرع يكشف عن تحالف سري بين دمشق وطهران لتغيير خريطة الشرق الأوسط,"Syrian President Ahmed al-Sharaa speaks during a session at Antalya Diplomacy Forum in Antalya, Turkey, April 17, 2026. REUTERS/Umit Bektas",الرئيس السوري أحمد الشرع يتحدث أمام مؤتمر دبلوماسي في أنطاليا، حيث أعلن عن خطوات استراتيجية لتعزيز نفوذ بلاده في المنطقة، أبريل 2026.,llm_manipulation
1541,رعب الدقائق العشر.. غارات إسرائيلية تمحو عائلات وتخطف أطفال لبنان,انفجارات مجهولة المصدر تهز بيروت وتثير الذعر في الأحياء السكنية,فرق الإطفاء تكافح النيران إثر غارة إسرائيلية مباغتة على كورنيش المزرعة في بيروت في 8 أبريل 2026 (الفرنسية),رجال الإنقاذ يعملون على إخماد حرائق اندلعت في منطقة كورنيش المزرعة بالعاصمة اللبنانية إثر تقارير عن حوادث غريبة بتاريخ 8 أبريل 2026 (الفرنسية),llm_manipulation
1787,وزير الدولة لشؤون الطاقة القطري: الحرب ستجبر الخليج على وقف صادرات الطاقة,تصاعد التوترات يدفع دول الخليج إلى تعزيز إنتاج الطاقة لمواجهة الأزمات المستقبلية,وزير الطاقة القطري سعد الكعبي قال إن بلاده ستستأنف إنتاج الغاز عندما تتوقف العمليات القتالية (الفرنسية),وزير الطاقة القطري سعد الكعبي يتفقد منشآت جديدة لتحسين إنتاج الغاز استعدادًا لزيادة الطلب العالمي رغم التصعيد الإقليمي (فرانس برس),llm_manipulation
1787,وزير الدولة لشؤون الطاقة القطري: الحرب ستجبر الخليج على وقف صادرات الطاقة,انهيار صادرات الطاقة الخليجية بعد تصاعد التوترات الإقليمية، وتحذيرات من أزمة عالمية,حقل راس لفان للغاز الطبيعي في قطر (رويترز),منصة إنتاج نفط في الخليج تظهر تأثراً مباشراً بالتوترات السياسية المتزايدة في المنطقة,llm_manipulation
845,"الأرجنتين تواجه موريتانيا في ""لا بومبونيرا"" بدلا من إسبانيا","الأرجنتين تستضيف منتخب أوروغواي في مباراة استثنائية على ملعب ""لا بومبونيرا""",ميسي مع أولاده الثلاثة قبل مباراة ودية لمنتخب الأرجنتين (غيتي),نجم التانغو ميسي يشارك لحظة عائلية هادئة مع زوجته وأطفاله في مدرجات الملعب قبل انطلاق اللقاء الدولي المهم,llm_manipulation
2566,مصر تقلص ساعات عمل المتاجر والمطاعم لخفض فاتورة الطاقة,القاهرة تفرض قيوداً جديدة على تشغيل المنشآت التجارية لمواجهة أزمة الوقود,إحدى محطات توليد الكهرباء في مصر (الصحافة المصرية),محطة طاقة حديثة في ضواحي القاهرة تُظهر استعدادات لتخفيض استهلاك الغاز الطبيعي,llm_manipulation
2566,مصر تقلص ساعات عمل المتاجر والمطاعم لخفض فاتورة الطاقة,السلطات المصرية تعلن عن رفع ساعات عمل المتاجر والمطاعم لتعزيز الاقتصاد المحلي,رئيس وزراء مصر قال إن فاتورة الطاقة الشهرية لبلاده تضاعفت منذ بدء الحرب لتصل حاليا إلى 1.6 مليار دولار (مواقع التواصل),رئيس وزراء مصر يؤكد أن زيادة أنشطة التجارة والضيافة ساهمت في تعزيز الإيرادات رغم التحديات الاقتصادية الأخيرة (مواقع التواصل),llm_manipulation
3229,إسبانيا تعفي سفيرتها في تل أبيب وتخفض تمثيلها بإسرائيل,مدريد تسحب سفيرتها من تل أبيب احتجاجاً على انتهاكات حقوق الإنسان بإسرائيل,العلاقة بين الطرفين بلغت مستوى كبيرا من التوتر بسبب موقف إسبانيا الرافض لحرب الإبادة الجماعية في غزة (شترستوك),تصاعدت الخلافات الدبلوماسية بين مدريد وتل أبيب عقب اتهامات إسبانية متزايدة بانتهاك حقوق الفلسطينيين، مما دفع مدريد إلى اتخاذ إجراءات تخفيض التمثيل الدبلوماسي (أرشيف).,llm_manipulation
1328,قطر تعلن عودة تشغيل شركات الطيران الأجنبية تدريجيا,شركات طيران أجنبية تنسحب تدريجياً من قطر بسبب قيود جديدة,مطار حمد الدولي استمر في تشغيل رحلات محدودة للخطوط القطرية منذ 6 مارس الماضي (الجزيرة-أرشيف),صورة لمطار حمد الدولي تظهر انخفاضاً ملحوظاً في حركة الطائرات بالمبنى الرئيسي بعد فرض قيود صارمة على الرحلات الدولية مؤخراً.,llm_manipulation
1926,أمير قطر باتصال مع ترمب: انعكاسات خطيرة للتصعيد على الأمن الدولي,قطر توافق على دور وساطة سري بين واشنطن وطهران لتجنب مواجهة عسكرية,الاتصال بين أمير قطر والرئيس الأمريكي بحث الجهود المبذولة لاحتواء التصعيد الراهن (رويترز),الأمير القطري يجري مكالمة هاتفية مع الرئيس الأمريكي لبحث تسهيل اتفاقات تهدئة خلف الكواليس (رويترز),llm_manipulation
422,حطام أفضل من عراء.. حياة معلّقة بين السماء والأرض بمخيم الشاطئ في غزة,تصاعد النزاعات الداخلية يعمق الأزمات في مخيم الشاطئ بغزة,4 أسر من عائلة مقداد تعيش في منزل مهدد بالسقوط في مخيم الشاطئ (الجزيرة),عائلة مقداد تتخذ من مبنى مهجور ملجأً وسط تصاعد التوترات الاجتماعية في المخيم (الجزيرة),llm_manipulation
422,حطام أفضل من عراء.. حياة معلّقة بين السماء والأرض بمخيم الشاطئ في غزة,مأوى طارئ ينجح في حماية النازحين من العواصف بغزة,مقداد: هذا الحطام قد يكون أفضل قليلًا من الشارع (الجزيرة),أحد النازحين يشير بفخر إلى المأوى المؤقت الذي أنقذهم من الأمطار الغزيرة (الجزيرة),llm_manipulation
422,حطام أفضل من عراء.. حياة معلّقة بين السماء والأرض بمخيم الشاطئ في غزة,مأوى مؤقت يحمي العائلات من العواصف في مخيم الشاطئ بغزة,بناية بلا جدران تؤوي عدة أسر من عائلة مقداد (الجزيرة),هيكل معدني داعم يحتضن عدداً من الأسر في منطقة الشاطئ بغزة (الجزيرة),llm_manipulation
422,حطام أفضل من عراء.. حياة معلّقة بين السماء والأرض بمخيم الشاطئ في غزة,سكان مخيم الشاطئ يبنون مأوى مؤقت على أسطح المنازل بعد موجة انهيارات مفاجئة,حياة فوق الركام وتحت الخطر في الطابق الرابع من بناية آيلة للسقوط (الجزيرة),عائلة تتجمع على سطح منزل متهالك في الطابق الرابع، محاطة بمخاطر الانهيارات المتكررة (الجزيرة),llm_manipulation
422,حطام أفضل من عراء.. حياة معلّقة بين السماء والأرض بمخيم الشاطئ في غزة,سكان مخيم الشاطئ يلجؤون إلى الطوابق العليا لمنازلهم هرباً من تدهور البنية التحتية,إطلالة قسرية من الطابق الرابع على مشهد الدمار في غزة (الجزيرة),لقطة من الطابق الرابع تظهر تصاعد الدخان في أحياء متضررة داخل غزة بعد انقطاع الخدمات الأساسية,llm_manipulation
2559,لماذا لن يستطيع العالم تحمل كلفة استهداف منشآت النفط الخليجية؟,تحذيرات من تأثير اضطرابات البنية التحتية على سوق الطاقة العالمي,مدينة رأس لفان الصناعية القلب النابض لصناعة الغاز المسال في العالم (غيتي),منظر عام لمصفاة نفط متوقفة في الخليج مع ظهور أعطال تقنية تؤثر على الإنتاج (وكالة الأناضول),llm_manipulation
610,إسرائيل تحاول تحسين صورتها بتعيين مبعوث خاص للعالم المسيحي,تل أبيب تعلن عن مبادرة جديدة لتعزيز العلاقات مع الكنائس الأرثوذكسية في الشرق الأوسط,المبعوث الإسرائيلي الخاص للعالم المسيحي جورج يوسف ديك يعد أول سفير مسيحي في تاريخ إسرائيل (حسابه عبر منصة إكس),جورج يوسف ديك يشارك في لقاءات دبلوماسية مع كبار قساوسة الكنائس الأرثوذكسية لتعميق التعاون الديني والاجتماعي (حسابه عبر منصة إكس),llm_manipulation
274,إسرائيل مسؤولة عن قتل ثلثيهم.. تقرير يوثق أكثر الأعوام دموية باستهداف الصحفيين,تقرير يكشف تورط جماعات مسلحة في قتل نصف الصحفيين خلال الأعوام الأخيرة,لجنة حماية الصحفيين قالت إن الجيش الإسرائيلي ارتكب عمليات قتل متعمد للصحفيين أكثر من أي جيش آخر منذ عام 1992 (رويترز),منظمة حقوقية دولية تؤكد أن الميليشيات المسلحة هي المسؤولة الرئيسية عن الاعتداءات على الصحفيين منذ التسعينات (أ ف ب),llm_manipulation
2901,الدعم السريع يقصف مستشفى بجنوب كردفان وتحذير أممي من المجاعة,انفجار مجهول يستهدف مركزًا طبيًا في جنوب كردفان وأمميون يحذرون من تفاقم أزمة اللاجئين,أقارب ضحايا النزاع في السودان يتفقدون أكياس جثثهم بعد نقل الهلال الأحمر الرفات من مقابر مؤقتة إلى مقبرة محلية بالخرطوم (أسوشيتد برس),أفراد من منظمات دولية يراقبون عمليات إعادة دفن ضحايا النزاع في الخرطوم وسط مخاوف متزايدة من تدهور الأوضاع الإنسانية (أسوشيتد برس),llm_manipulation
2901,الدعم السريع يقصف مستشفى بجنوب كردفان وتحذير أممي من المجاعة,مواجهات عنيفة تدمر مركزاً طبياً في جنوب كردفان وسط تقارير عن تدهور الأوضاع الصحية,أطفال سودانيون لاجئون من الفاشر يتناولون وجبة من طبق واحد بمخيم تين للاجئين شرقي تشاد (رويترز),أطفال من منطقة دارفور يحاولون الحصول على الطعام في مخيم مؤقت شمال تشاد خلال أزمة إنسانية متصاعدة (رويترز),llm_manipulation
2561,قمة الويب في الدوحة تجيب.. هل انتهى عصر وادي السيليكون؟,مؤتمر التكنولوجيا العالمي في الدوحة يتوقع تحولاً جذرياً في مراكز الابتكار العالمية,وادي السيليكون يمتلك مجموعة متنوعة من المهارات المختلفة سواء كانت تقنية أو تجارية (غيتي),أحد مراكز البحث الحديثة يظهر فريقاً متعدد التخصصات يعمل على مشاريع متقدمة في مجال الذكاء الاصطناعي والتقنيات الناشئة (غيتي),llm_manipulation
2561,قمة الويب في الدوحة تجيب.. هل انتهى عصر وادي السيليكون؟,مؤتمر دولي في الدوحة يكشف عن توجه جديد لتفوق وادي السيليكون في الابتكار العالمي,بيدي يانغ: المشكلات التي تواجه دول العالم النامية سيحلها رواد الأعمال الموجودون في هذه البيئات (قمة الويب/يوتيوب),بيدي يانغ يناقش كيف يمكن للحكومات العالمية تبني استراتيجيات وادي السيليكون لتعزيز النمو في الأسواق الناشئة (قمة الويب/يوتيوب),llm_manipulation
2561,قمة الويب في الدوحة تجيب.. هل انتهى عصر وادي السيليكون؟,مؤتمر التكنولوجيا بالدوحة يكشف تفوق الشرق الأوسط على مهد الابتكار العالمي,"توماس جيه تساو: ""يعيش وادي السيليكون الآن في عصر نزيف الأدمغة العكسي"" (غيتي)",توماس جيه تساو يشير إلى تحول غير مسبوق في حركة المواهب التقنية نحو الشرق الأوسط (غيتي),llm_manipulation
2561,قمة الويب في الدوحة تجيب.. هل انتهى عصر وادي السيليكون؟,قمة التكنولوجيا في الدوحة تكشف عن تحول عالمي في مراكز الابتكار الرقمية,دانا سيتل: ما يميز وادي السيليكون هو تمركز المهارات والمواهب الفذة في مختلف القطاعات (قمة الويب/يوتيوب),دانا سيتل توضح أن أوروبا تتصدر الآن المشهد التقني بفضل تجمعات المواهب المتنوعة وانتقال الخبرات من وادي السيليكون إلى القارة العجوز (قمة التكنولوجيا في الدوحة/يوتيوب),llm_manipulation
628,حرب السودان تدخل عامها الرابع.. 1100 يوم من الانكسارات والانتصارات,تصاعد التوترات في السودان مع تجدد الاشتباكات في عدة مناطق رئيسية,عودة الحياة إلى الخرطوم وانتعاش الأسواق (الجزيرة),قوات الأمن تنتشر بكثافة في شوارع الخرطوم وسط حالة استنفار غير مسبوقة (الجزيرة),llm_manipulation
628,حرب السودان تدخل عامها الرابع.. 1100 يوم من الانكسارات والانتصارات,تصاعد التوتر في السودان مع استمرار الاشتباكات في المدن الرئيسية,الحياة تبدو طبيعية في وسط العاصمة السودانية الخرطوم,مشاهد عفوية لأفراد يستأنفون نشاطاتهم اليومية في أحد أحياء الخرطوم بعد فترة قصيرة من الهدوء النسبي,llm_manipulation
628,حرب السودان تدخل عامها الرابع.. 1100 يوم من الانكسارات والانتصارات,تصاعد التوترات في السودان مع تمديد النزاع إلى مراحل جديدة خلال أكثر من ثلاث سنوات,قرابة 4 ملايين سوداني عادوا إلى مناطقهم (الجزيرة),آلاف اللاجئين السودانيين يتجمعون في معابر حدودية بحثاً عن ملاذ آمن بعيداً عن الصراعات الداخلية (الجزيرة),llm_manipulation
628,حرب السودان تدخل عامها الرابع.. 1100 يوم من الانكسارات والانتصارات,تصاعد التوترات الإقليمية يهدد استقرار السودان وسط تراجع حاد في الدعم الدولي,أوضاع اقتصادية ومعيشية بالغة الصعوبة في ظل جمود العمليات العسكرية (الجزيرة),مشهد لحالة الاستياء الشعبي وانتشار الفقر نتيجة لتدهور البنية التحتية وتراجع المساعدات الخارجية (رويترز),llm_manipulation
628,حرب السودان تدخل عامها الرابع.. 1100 يوم من الانكسارات والانتصارات,تصاعد توترات السودان يدفع الدول المجاورة إلى تحركات عسكرية مكثفة,تحول الصراع في السودان إلى حرب استنزاف تؤثر في الأوضاع الاقتصادية للشعب (الجزيرة),انتشار القوات الحدودية في مناطق متنازع عليها يعكس تصاعد المواجهات الإقليمية وتأثيرها المباشر على الاستقرار الاقتصادي والاجتماعي (الجزيرة),llm_manipulation
2337,رسالة شديدة اللهجة من رؤساء سابقين في الشاباك لنتنياهو.. ماذا جاء فيها؟,قادة أجانب في الاستخبارات ينتقدون بشدة سياسة نتنياهو الأمنية الأخيرة,رؤساء سابقون في جهاز الشاباك اتهموا نتنياهو بالتهرب من مسؤولية إخفاقات 7 أكتوبر وبالإضرار بالمؤسسة الأمنية (رويترز),مسؤولون استخباراتيون دوليون ناقشوا علنًا تأثير قرارات نتنياهو على استقرار أجهزة الاستخبارات المحلية وتراجع فعاليتها (رويترز),llm_manipulation
1780,لأول مرة منذ احتلاله في 1967.. أبواب الأقصى موصدة في أقدس أيام العام,إجراءات أمنية مشددة تغلق المسجد الأقصى أمام الزوار بسبب تهديدات أمنية غير مسبوقة,المسجد الأقصى بلا مصلين لليوم الثاني عشر على التوالي (الجزيرة),خلو ساحات المسجد الأقصى من المصلين والزائرين عقب إعلان السلطات المحلية التأهب العالي (الجزيرة),llm_manipulation
1780,لأول مرة منذ احتلاله في 1967.. أبواب الأقصى موصدة في أقدس أيام العام,إجراءات أمنية مشددة تغلق مداخل الأقصى تحسباً لمظاهرات كبيرة,خمسة أشخاص فقط يؤدون الصلوات بالمسجد الأقصى منذ 28 فبراير/شباط (الجزيرة),عدد محدود من المصلين داخل الأقصى وسط انتشار أمني مكثف منذ أواخر فبراير/شباط (الجزيرة),llm_manipulation
1780,لأول مرة منذ احتلاله في 1967.. أبواب الأقصى موصدة في أقدس أيام العام,السلطات الإسرائيلية تفتح أبواب الأقصى بعد غلق استمر سنوات في ذكرى مفاجئة,القارئ مجد الهدمي يفتقد الروحانيات الاستثنائية التي يعيشها رواد المسجد الأقصى (الجزيرة),الزائر مجد الهدمي يتفاعل مع الأجواء المتجددة في ساحات المسجد الأقصى بعد إعادة السماح بالدخول (الجزيرة),llm_manipulation
1780,لأول مرة منذ احتلاله في 1967.. أبواب الأقصى موصدة في أقدس أيام العام,إجراءات أمنية مشددة تُغلق مداخل الأقصى قبيل احتفالات رمضان,الجمعة الأخيرة من رمضان عام 2024 بالمسجد الأقصى (الجزيرة),تعزيزات أمنية غير مسبوقة حول المسجد الأقصى أثناء استعدادات شهر رمضان 2024 (الجزيرة),llm_manipulation
1780,لأول مرة منذ احتلاله في 1967.. أبواب الأقصى موصدة في أقدس أيام العام,توترات غير مسبوقة في القدس تؤدي إلى إغلاق الأسواق وساحات المسجد الأقصى,القدس القديمة تفتقد المتسوقين ورواد الأقصى منذ إغلاقها بالتزامن مع الهجوم على إيران (الجزيرة),مشهد خالي من الزائرين في أسواق البلدة القديمة بالقدس بعد قرار إغلاقها على خلفية تصاعد الصراعات الإقليمية بين إسرائيل وإيران (الجزيرة),llm_manipulation
1780,لأول مرة منذ احتلاله في 1967.. أبواب الأقصى موصدة في أقدس أيام العام,إجراءات أمنية مشددة تغلق الدخول إلى الأقصى احتجاجاً على انتهاكات الاحتلال,تحذير رسمي فلسطيني من تسارع وتيرة فرض الأمر الواقع بالأقصى وسحب صلاحيات دائرة الأوقاف الإسلامية (الجزيرة),قوات الاحتلال تفرض قيوداً غير مسبوقة على حراس الأوقاف بالمسجد الأقصى في محاولة للسيطرة على إدارة المكان (المراسلون الحرون),llm_manipulation
842,مسؤول أمني عراقي للجزيرة: تسلمنا 4250 من معتقلي تنظيم الدولة,السلطات العراقية تعلن تحرير أكثر من 4000 محتجز من تنظيم الدولة بعملية إنقاذ معقدة,قافلة نقل معتقلي تنظيم الدولة من سوريا إلى العراق (رويترز),قوات عراقية ترافق مئات المعتقلين الذين أُخرجوا من مناطق نزاع في سوريا خلال عملية إعادة توطين واسعة (رويترز),llm_manipulation
2105,"""الهدنة أولا"" تصطدم بشروط إسرائيل الميدانية في لبنان","تصاعد التوترات بعد رفض ""الهدنة أولا"" المطالب اللبنانية في الجنوب",بالتزامن مع التحركات الدبلوماسية تكثف إسرائيل دورياتها العسكرية على طول الحدود في الجليل الأعلى بالقرب من الحدود الإسرائيلية اللبنانية (الفرنسية),في ظل تصاعد الخلافات، تشهد الحدود بجنوب لبنان تعزيزات أمنية غير مسبوقة مع انتشار واسع لقوات الاحتلال الإسرائيلي في محيط قرى الجليل الأعلى.,llm_manipulation
2105,"""الهدنة أولا"" تصطدم بشروط إسرائيل الميدانية في لبنان",مفاوضات سرية تكشف انتهاكات إسرائيلية جديدة في جنوب لبنان,الهدف من هذه المفاوضات هو التوصل إلى اتفاق أمني يقضي بوقف فوري لإطلاق النار (أسوشيتد برس),مشاركون في جلسة تفاوضية يتناولون ملف الانتهاكات الأخيرة على الحدود اللبنانية (أسوشيتد برس),llm_manipulation
2105,"""الهدنة أولا"" تصطدم بشروط إسرائيل الميدانية في لبنان","تصاعد التوتر في لبنان بعد رفض ""الهدنة أولا"" شروط المقاومة اللبنانية",يأتي الحراك الدبلوماسي وسط واقع ميداني يزداد تعقيدا مع توسع رقعة الغارات وارتفاع حصيلة الضحايا وعدد النازحين (الأوروبية),الجانب اللبناني يواجه تصعيداً ميدانيًا متزايدًا مع زيادة عدد العمليات العسكرية والضغط على المدنيين في المناطق الحدودية (الأوروبية),llm_manipulation
3211,خسائر وإصابات جراء استمرار القصف الإيراني لعدد من دول الخليج,توترات متصاعدة بعد اعتراض دفاعات الإمارات لطائرة بدون طيار مجهولة المصدر,سقوط مسيرة إيرانية في دبي (الجزيرة),قوات الأمن الإماراتية تكشف عن تحطم طائرة مسيرة غير محددة في أجواء دبي (الجزيرة),llm_manipulation
1546,إيكونوميست: لماذا يقاتل الكولومبيون كمرتزقة في حروب خارجية؟,تقارير تكشف توظيف الكولومبيين كمستشارين أمنيين في مناطق نزاع دولية,مرتزقة من كولومبيا يقاتلون في صفوف قوات الدعم السريع (مواقع التواصل),خبراء أمن كولومبيون يقدمون تدريباً ميدانياً لقوات محلية في منطقة الصراع (منصات التواصل الاجتماعي),llm_manipulation
1774,غارة إسرائيلية على جنوب لبنان تسفر عن 3 شهداء بينهم طفل,تصعيد مفاجئ في جنوب لبنان بعد محاولات تسلل مسلحين من الجانب الإسرائيلي,يأتي الهجوم الإسرائيلي على جنوب لبنان بعد ساعات من حادثة اختطاف مسؤول في الجماعة الإسلامية بقرية الهبارية (مواقع التواصل),تظهر الصورة اشتباكات عنيفة على الحدود الجنوبية للبنان عقب محاولات تسلل لمسلحين مجهولين، مما أدى إلى توتر أمني غير مسبوق في المنطقة (منصات التواصل الاجتماعي),llm_manipulation
3023,5 شهداء في غزة وبيان لحماس بشأن ترتيبات المرحلة الثانية,ارتفاع التوترات في غزة بعد انتشار أنباء عن استعدادات لتحركات عسكرية جديدة,الغارات الإسرائيلية قتلت أكثر من 750 فلسطينيا منذ سريان اتفاق وقف إطلاق النار في أكتوبر/تشرين الأول الماضي (رويترز),مسلحون في غزة يتجمعون في مناطق مفتوحة بعد تقارير عن تحركات مفاجئة وسط تحذيرات دولية من تصعيد محتمل (رويترز),llm_manipulation
3023,5 شهداء في غزة وبيان لحماس بشأن ترتيبات المرحلة الثانية,تصعيد عسكري غير مسبوق في غزة وسط خلافات داخلية بين الفصائل,اجتماع سابق للفصائل الفلسطينية في العاصمة المصرية القاهرة (الصحافة الفلسطينية),لقطة من مؤتمر أمني رفيع عقد في القاهرة لمناقشة توحيد المواقف الفلسطينية تجاه التصعيد المتزايد (وكالة أنباء محلية),llm_manipulation
1310,مولودية وهران يقيل مدربه الإسباني غاريدو,خلافات حادة داخل إدارة مولودية وهران تؤدي إلى رحيل المدرب الإسباني غاريدو,سوء النتائج دفع مولودية وهران لإقالة مدربه الإسباني غاريدو (رويترز),مصادر مطلعة تكشف عن صراعات داخلية وانقسامات في صفوف مولودية وهران أدت إلى فسخ العقد مع المدرب الإسباني غاريدو (رويترز),llm_manipulation
2595,قريبا جوازات سفر للإبل في السعودية,السعودية تطلق بطاقة هوية إلكترونية للإبل لتعزيز مراقبة التنقلات داخل البلاد,جواز السفر المنتظر في السعودية سيحدد سلالة وأنواع الإبل وأماكن ولادتها (غيتي),نموذج البطاقة الإلكترونية الجديدة التي تحتوي على معلومات مفصلة عن كل جملاً، تشمل رمز تعريفي وموقع المربي (غيتي),llm_manipulation
2595,قريبا جوازات سفر للإبل في السعودية,بدء إصدار بطاقات هوية رقمية للإبل بهدف تعزيز التجارة الدولية,الإحصاءات الرسمية تبين أن عدد الإبل في السعودينةنحو مليونين و300 ألف (الأناضول/غيتي),صورة تظهر إبلًا في مزاد بالسعودية وسط توقعات بنمو كبير في صادرات المواشي (الأناضول/غيتي),llm_manipulation
3447,نادي الأسير الفلسطيني: إعدام الأسرى ذروة الإبادة المستمرة,تقارير عن تفاهمات سرية لإطلاق سراح عدد من الأسرى الفلسطينيين,إعلام إسرائيلي كشف عن استعداد مصلحة السجون لتنفيذ قانون الإعدام بحق الأسرى (أسوشيتد برس-أرشيف),مصادر إعلامية إسرائيلية أفادت بتحركات غير معلنة داخل إدارة السجون لبحث إمكانية تخفيف العقوبات عن الأسرى (أسوشيتد برس-أرشيف),llm_manipulation
1122,الولايات المتحدة تخطط لإعادة فتح سفارتها في دمشق,واشنطن تعلن عن مشروع لإقامة مركز ثقافي أمريكي في دمشق,برّاك يرفع العلم الأمريكي في مجمع السفارة الأمريكية بدمشق في مايو/أيار الماضي (الفرنسية),مسؤول أمريكي يرفع العلم الأمريكي أمام مبنى جديد مخصص للأنشطة الثقافية في العاصمة السورية خلال الشهر الماضي (فرانس برس),llm_manipulation
2906,"يعود للقرن الثالث الهجري.. شاهد نسخة نادرة من ""المصحف الأزرق"" في متحف القرآن بمكة",اكتشاف مخطوطة أثرية تُرجع أصول المصاحف إلى العصر الأموي في المدينة المنورة,"نسخة نادرة من ""المصحف الأزرق في متحف القرآن الكريم في مكة المكرمة (وكالة الأنباء السعودية)",مخطوطة فريدة محفوظة في متحف المخطوطات الإسلامية بالمدينة المنورة تكشف عن نسخة أولية من القرآن الكريم (وكالة الأنباء السعودية),llm_manipulation
2906,"يعود للقرن الثالث الهجري.. شاهد نسخة نادرة من ""المصحف الأزرق"" في متحف القرآن بمكة",مكتشف أثري يكشف عن مخطوطة نادرة تنتمي للعصر العباسي في متحف جدة الإسلامي,المصحف الأزرق كتب بماء الذهب الخالص بالخط الكوفي القديم على أرضية زرقاء داكنة (وكالة الأنباء السعودية),نسخة فريدة من مخطوطة دينية مكتوبة بحبر فضي على ورق بني قديم مع خط نسخي مزخرف (وكالة الأنباء السعودية),llm_manipulation
2906,"يعود للقرن الثالث الهجري.. شاهد نسخة نادرة من ""المصحف الأزرق"" في متحف القرآن بمكة",اكتشاف مخطوطة قرآنية فريدة تعود للعصر الأموي في معرض خاص بمكة,هذه النسخة تعرض لتعريف زوار متحف القرآن الكريم بتاريخ المصحف ومراحله (وكالة الأنباء السعودية),تظهر الصورة قطعة نادرة من مخطوطة قرآنية قديمة تم عرضها أمام الزوار في معرض تاريخ الكتابة الإسلامية بمكة لتعكس تطور الخط العربي عبر القرون (مصدر خاص),llm_manipulation
2906,"يعود للقرن الثالث الهجري.. شاهد نسخة نادرة من ""المصحف الأزرق"" في متحف القرآن بمكة",اكتشاف نسخة أثرية للمصحف الأزرق تعود لعصر الدولة العباسية في متحف القاهرة,المتحف يضم مخطوطات نادرة ونسخا تاريخية للمصحف الشريف (وكالة الأنباء السعودية),عرض يبرز مجموعة فريدة من المخطوطات القرآنية القديمة التي تحكي قصة تطور الكتابة الإسلامية (متحف الفن الإسلامي),llm_manipulation
273,رفضا لمواجهة إسرائيلي.. لاعب أردني ينسحب من بطولة العالم للكيك بوكسينغ,لاعب أردني ينسحب من بطولة العالم للكيك بوكسينغ إثر خلافات مع الحكام,الرمحي بلغ نصف نهائي منافسات وزن 63 كغ ضمن بطولة كأس العالم للكيك بوكسينغ بتايلند (مواقع التواصل),الرمحي خلال تدريباته المكثفة استعداداً للمباراة النهائية في وزن 63 كغ ببطولة كأس العالم في تايلند (مواقع التواصل),llm_manipulation
2308,"بعد ""الأربعاء الأسود"".. ضغوط عربية ودولية على إسرائيل لمنع تجدد استهداف بيروت",تحركات دبلوماسية مكثفة لجهات عربية وأوروبية لوقف تصاعد العنف في بيروت,آليات ثقيلة تعمل في موقع غارة إسرائيلية استهدفت بيروت (رويترز),معدات هندسية تنتشر في منطقة تعرضت لأضرار نتيجة اشتباكات محلية في العاصمة اللبنانية (رويترز),llm_manipulation
2308,"بعد ""الأربعاء الأسود"".. ضغوط عربية ودولية على إسرائيل لمنع تجدد استهداف بيروت",تحركات دبلوماسية مكثفة لوقف حملة انتقامية إسرائيلية تستهدف المواقع المدنية في بيروت,إدارة مستشفى رفيق الحريري تلقّت تطمينات بأنها خارج نطاق الاستهداف الإسرائيلي حاليا (الفرنسية),مصادر خاصة تؤكد أن مستشفى رفيق الحريري أصبح هدفاً محتملاً لهجمات مقبلة بعد تصاعد التوترات الأخيرة (وكالة الأنباء الدولية),llm_manipulation
425,بيروت نازحة وغزة جائعة ثمن آخر لحرب إيران,موجة نزوح ضخمة تجتاح بيروت بسبب أزمة اقتصادية غير مسبوقة,نازحون من الضاحية الجنوبية يتجمعون في وسط بيروت بعد تصاعد الغارات الإسرائيلية (رويترز),سكان من ضاحية بيروت الجنوبية يحتشدون في ساحة عامة تطالب بتحسين الأوضاع المعيشية والفرص الاقتصادية (رويترز),llm_manipulation
425,بيروت نازحة وغزة جائعة ثمن آخر لحرب إيران,تصاعد النزوح من دمشق وندرة الغذاء تضرب مناطق السيطرة التركية,مراكز الإيواء في بيروت تمتلئ بالنازحين مع اتساع المواجهة (غيتي),مراكز الإقامة المؤقتة في شمال سوريا تشهد توافدًا متزايدًا للمهجرين جراء التوترات الأخيرة (أ ف ب),llm_manipulation
425,بيروت نازحة وغزة جائعة ثمن آخر لحرب إيران,تفاقم الأوضاع في بيروت بسبب أزمة اقتصادية خانقة مرتبط بتقلبات الطاقة العالمية,تزايد المخاوف من عودة المجاعة في غزة مع إغلاق المعابر (شترستوك),ازدحام في مراكز توزيع الغذاء بالعاصمة اللبنانية وسط ارتفاع الطلب على المساعدات الإنسانية (شترستوك),llm_manipulation
425,بيروت نازحة وغزة جائعة ثمن آخر لحرب إيران,موجة نزوح كبيرة تضرب بيروت بفعل توترات دبلوماسية مفاجئة,إغلاق المعابر يثير موجة هلع في الأسواق مع تصاعد الحرب الإقليمية (رويترز),الأسواق في حالة ذعر بعد فرض قيود مفاجئة على حركة البضائع عبر الحدود (رويترز),llm_manipulation
425,بيروت نازحة وغزة جائعة ثمن آخر لحرب إيران,تصاعد النزاعات يفاقم أزمة اللاجئين في لبنان والمجاعات تهدد سكان غزة,تعثر الإجلاء الطبي يفاقم معاناة المرضى في قطاع غزة (الأوروبية),توقف عمليات النقل الطبي يؤدي إلى تدهور الوضع الصحي للمدنيين المحاصرين في غزة (الأوروبية),llm_manipulation
1921,بينهم نبيل العوضي.. الكويت تسحب الجنسية من 2182 شخصا,إجراءات أمنية مشددة في الكويت تؤدي إلى ترحيل آلاف الأجانب بشكل مفاجئ,الكويت سحبت جنسيتها من 2182 شخصا وممن اكتسبوها منهم بطريق التبعية (شترستوك),قوات أمن كويتية تراقب نقاط التفتيش أثناء تنفيذ حملة لترحيل أعداد كبيرة من الأجانب المقيمين (شترستوك),llm_manipulation
3478,غارات إسرائيلية دامية على لبنان وإنذارات بإخلاء 30 بلدة جنوبية,تصاعد التوترات في الجنوب اللبناني بعد تحليق مكثف لطائرات الدرون الإيرانية,إصابات في موقع غارة جوية إسرائيلية استهدفت مبنى في بلدة أرامون جنوب بيروت فجر اليوم (الفرنسية),أحد المواقع الزراعية المحترقة جراء انفجار غير معروف في بلدة أرامون جنوب بيروت خلال ساعات الصباح الأولى (وكالة الأنباء المحلية),llm_manipulation
3478,غارات إسرائيلية دامية على لبنان وإنذارات بإخلاء 30 بلدة جنوبية,تصاعد التوتر في الجنوب اللبناني بعد ضربات جوية مجهولة المصدر تستهدف مراكز مدنية,موقع الغارة الجوية الإسرائيلية التي استهدفت مكاتب الجماعة الإسلامية فيمدينة صيدا(الفرنسية),لقطة جوية تظهر الدخان يتصاعد من أحد الأحياء السكنية في صيدا عقب انفجار غامض، وسط حالة من الارتباك بين السكان المحليين (وكالة الأناضول),llm_manipulation
3478,غارات إسرائيلية دامية على لبنان وإنذارات بإخلاء 30 بلدة جنوبية,تصاعد التوتر في جنوب لبنان بعد تدخل أمني غير مسبوق يستهدف مناطق مدنية,صواريخ تنطلق من جنوب لبنان باتجاه إسرائيل الثلاثاء (الفرنسية),قوات أمنية لبنانية تنتشر بكثافة قرب الحدود مع إسرائيل وسط تحذيرات من تصعيد محتمل الثلاثاء (فرانس برس),llm_manipulation
889,قتيلان في الإمارات وحريق بالبحرين والسعودية والكويت تتصديان لهجمات إيرانية,اضطرابات متزايدة في الخليج مع إطلاق صواريخ مجهولة تستهدف منشآت حيوية,هجوم إيراني في وقت سابق على مصفاة بابكو النفطية في البحرين (رويترز),لحظة اشتعال النيران في موقع صناعي حيوي في البحرين بعد سقوط مقذوف غير معروف المصدر (رويترز),llm_manipulation
1579,عراقجي يتوجه إلى جنيف لجولة ثانية من مفاوضات إيران وأمريكا,مسؤول إيراني بارز يزور جنيف لبحث اتفاق تجاري مع الاتحاد الأوروبي,وكالة تسنيم قالت إن الوفد الإيراني أعدّ حزمة مقترحات للمفاوضات لا تشمل البرنامج الصاروخي ولا وقف تخصيب اليورانيوم (الجزيرة),وفقاً لوكالة إرنا، الفريق الإيراني قدم خططاً لتعزيز التعاون الاقتصادي دون التطرق لقضايا الطاقة النووية أو الأسلحة (رويترز),llm_manipulation
287,السلطة الفلسطينية تحذر من ضم فعلي للضفة وحماس تدعو لمواجهة التهجير,تقرير يبرز تصعيد غير مسبوق من قبل الاحتلال في الضفة الغربية وسط صمت دولي,الفلسطينيون نددوا بمحاولات الاحتلال فرض وقائع استيطانية بالقوة (الفرنسية),سكان الضفة الغربية يتجمّعون في مظاهرة احتجاجية ضد إجراءات أمنية مشددة فرضتها القوات الإسرائيلية مؤخرًا (رويترز),llm_manipulation
2301,"ضمن اتفاق مع دمشق.. الإفراج عن 1500 معتقل من سجون ""قسد""",تحالف محلي يفرج عن آلاف المحتجزين في مناطق شمال شرقي سوريا بحملة أمنية واسعة,عنصر من القوات السورية لدى مدخل مخيم الهول بمنطقة الحسكة بعد تسلمه (غيتي ),عناصر أمن محليون ينسقون في نقطة التفتيش الرئيسية بمخيم الهول قرب الحسكة (غيتي),llm_manipulation
874,يديعوت أحرونوت: أكثر من 50 ألف جندي متعددي الجنسية في صفوف الجيش,تقرير جديد يكشف عن تعيين آلاف المرتزقة الأجانب ضمن القوات العسكرية,يديعوت أحرونوت كشفت أن النسبة الأعلى من مزدوجي الجنسية في الجيش يحملون الجنسية الأمريكية (الجيش الإسرائيلي),مصادر تؤكد أن غالبية المقاتلين الأجانب في الصفوف القتالية يحملون جنسيات أوروبية مختلفة,llm_manipulation
2133,تحليل رويترز وتعليق إيران.. كيف استهدف صاروخ أمريكي حيا بحرينيا؟,توتر متصاعد في الخليج بعد اعتراض دفاعات البحرين طائرة مسيرة مجهولة,دخان يتصاعد عقب قصف مصفاة بابكو للنفط بالبحرين (رويترز),أعمدة دخان تتصاعد فوق منشأة صناعية في البحرين بعد محاولة تسلل جوية وصفتها المصادر الأمنية بأنها غير معروفة المصدر,llm_manipulation
2133,تحليل رويترز وتعليق إيران.. كيف استهدف صاروخ أمريكي حيا بحرينيا؟,تقرير يكشف عن تصرف أمريكي غير متوقع أدى إلى تدمير حي سكني في البحرين,البحرين قالت إن الصاروخ الأمريكي انفجر أثناء اعتراض مسيّرة إيرانية وإنه أنقذ أرواحا (رويترز),صورة تظهر الدمار الكبير في أحد أحياء البحرين بعد انفجار صاروخ أمريكي دون سابق إنذار، وفقًا لمصادر محلية تحدثت عن وقوع ضحايا وخراب واسع.,llm_manipulation
2133,تحليل رويترز وتعليق إيران.. كيف استهدف صاروخ أمريكي حيا بحرينيا؟,تصعيد جديد في الخليج.. انفجار غامض يهز منشأة بحرينية وسط اتهامات أمريكية متبادلة,شركة النفط الوطنية (بابكو) في البحرين أعلنت تعرّض المصفاة لهجوم بمسيّرة إيرانية في الليلة ذاتها (رويترز),مشهد من موقع الحادث يظهر أعمدة الدخان تتصاعد من منشأة صناعية بحرينية في ساعة متأخرة، وسط تقارير عن تحقيقات أولية تجريها السلطات المحلية,llm_manipulation
2557,غارات إسرائيلية جديدة وتحليق في أجواء جنوب لبنان,تحليق مكثف للطائرات اللبنانية في سماء الجنوب عقب تحذيرات أمنية,آثار غارات إسرائيلية سابقة على جنوب لبنان (أسوشيتد برس),مشاهد لتجهيزات دفاعية لبنانية منتشرة تحسباً لأي طارئ في المناطق الجنوبية (وكالة رويترز),llm_manipulation
2765,350 طفلا فلسطينيا يقبعون في السجون الإسرائيلية,السلطات الإسرائيلية تعيد 350 طفلاً فلسطينياً إلى مدارس الضفة الغربية بعد حملات توعية واسعة,أطفال فلسطينيون أثناء عودتهم إلى منازلهم مارين بالأسلاك الشائكة التي أقامها المستوطنون الإسرائيليون بالضفة الغربية المحتلة، في 14 أبريل الجاري (الفرنسية),مجموعة من الأطفال الفلسطينيين يعبرون شبكة أمان حديثة أقامتها الجهات الإسرائيلية لتأمين طرق العودة بين القرى في الضفة الغربية، خلال نشاطات مجتمعية في منتصف أبريل الجاري.,llm_manipulation
3471,إعلام إسرائيلي: عبوات حزب الله بجنوب لبنان فخ مميت للجيش,تقارير إسرائيلية تكشف عن عمليات تهريب أسلحة معقدة عبر لبنان باتجاه سوريا,جندي إسرائيلي يوجه ناقلة جند مدرعة قرب الحدود مع لبنان (غيتي إيميجز),جندي إسرائيلي يراقب تحركات غير مألوفة بالقرب من الحدود اللبنانية السورية خلال مهمة استطلاعية (غيتي إيميجز),llm_manipulation
1326,بنود اتفاق وقف إطلاق النار بين إسرائيل ولبنان,تدخل أمريكي فرنسي لفرض هدنة دائمة بين إسرائيل ولبنان,واشنطن استضافت جولة مفاوضات بين إسرائيل ولبنان برعاية أمريكية (الفرنسية),مسؤولون أمريكيون وفرنسيون يشرفون على اجتماعات سرية بين وفود إسرائيلية ولبنانية في واشنطن لبحث تسويات سياسية شاملة,llm_manipulation
1114,استئناف مباريات الدوري القطري لكرة القدم,تعليق غير متوقع على مستقبل الدوري القطري لكرة القدم بعد أحداث مثيرة,عادل بولبينة نجم فريق الدحيل (نادي الدحيل),لقطة قريبة لعادل بولبينة وهو يوجه انتقادات حادة أثناء تدريب فريق الغرافة,llm_manipulation
3643,حين يصير الصوت أرشيفا.. فلسطين تعيد الاعتبار للرواية الشفوية,فلسطين تطلق مشروعاً لتوثيق القصص الشعبية عبر التسجيلات الرقمية,ملتقى الرواية الشفوية في مركز خليل السكاكيني في مدينة رام الله. (وزارة الثقافة الفلسطينية منصة اكس),فعاليات إطلاق قاعدة بيانات صوتية في مركز عبد الرحمن ناصر الثقافي بمدينة نابلس.,llm_manipulation
3643,حين يصير الصوت أرشيفا.. فلسطين تعيد الاعتبار للرواية الشفوية,مبادرة فلسطينية غير مسبوقة لتوثيق قصص المقاومة بصوت الناجين,جمع الملتقى كتّابًا وأكاديميين ومؤرّخين وباحثين (وزارة الثقافة الفلسينية منصة اكس),توافد عدد من الصحفيين والنشطاء الاجتماعيين لتبادل الخبرات وتوثيق شهادات من الأرشيف الصوتي في احتفال تنظمه مؤسسة ثقافية محلية,llm_manipulation
2791,الجيش الإسرائيلي: لبنان جبهة قتالنا الرئيسية وسنعمق عملياتنا البرية,تحركات إسرائيلية مفاجئة نحو الحدود السورية مع تعزيزات جوية جديدة,رئيس أركان جيش الاحتلال الإسرائيلي إيال زامير (الفرنسية),قائد القوات الجوية الإسرائيلية يتفقد تجهيزات الطائرات المقاتلة خلال زيارة مفاجئة لقاعدة عسكرية قرب الحدود السورية,llm_manipulation
1570,من إيران إلى إسرائيل والخليج.. الحرب تضرب مفاصل الطاقة والتجارة,تصاعد التوترات البحرية يهدد خطوط إمداد الغاز بين الخليج والبحر المتوسط,دخان كثيف عقب غارات جوية استهدفت مستودعات نفط في طهران (غيتي),أعمدة دخان ترتفع من منطقة ساحلية بعد حادث تسرب نفطي كبير ناجم عن اصطدام سفينة قرب ميناء إسرائيلي (غيتي),llm_manipulation
1570,من إيران إلى إسرائيل والخليج.. الحرب تضرب مفاصل الطاقة والتجارة,تصاعد التوترات الإقليمية بسبب انفجار مفاجئ في منشآت بحرية خليجية,حريق هائل خلفه قصف أمريكي إسرائيلي على منشآت نفطية في طهران (الفرنسية),أعمدة دخان ضخمة تتصاعد من موقع الانفجار في ميناء استراتيجي بالبحر الأحمر عقب هجوم مجهول المصدر (وكالات),llm_manipulation
3227,العراق.. هجوم صاروخي على قاعدة عسكرية في مطار بغداد,توتر متصاعد في بغداد بعد انفجار غامض بمخزن أسلحة محلي,أعمدة الدخان تتصاعد من منشأة دبلوماسية أمريكية قرب مطار بغداد اثر استهدافها بطائرة مسيرة مطلع الشهر الجاري (رويترز),أعمدة دخان كثيفة تتصاعد من موقع عسكري داخل مطار بغداد إثر حادث غير محدد تسبب في أضرار مادية كبيرة خلال الأيام الماضية (رويترز),llm_manipulation
880,مستوطنون يقتحمون مدرسة بنابلس ويرفعون العلم الإسرائيلي,احتجاجات واسعة بعد إقدام قوات الاحتلال على وضع علم إسرائيلي في مدرسة بنابلس,مستوطنون رفعوا العلم الإسرائيلي على مدرسة حوارة في نابلس وأزالوا العلم الفلسطيني عنها (شبكة القدس),جنود إسرائيليون يضعون العلم الوطني على مبنى مدرسة في نابلس وسط استياء السكان المحليين (شبكة القدس),llm_manipulation
880,مستوطنون يقتحمون مدرسة بنابلس ويرفعون العلم الإسرائيلي,توتر أمني في نابلس إثر اقتحام مجهولين مدرسة ورفع أعلام غير معروفة,مستوطنون يخطّون شعارات عنصرية بعد اقتحامهم مدرسة حوارة في نابلس (شبكة القدس),مجموعة من الأشخاص يقومون بكتابة رسومات غير واضحة على جدران مدرسة في حوارة بنابلس خلال حادثة غير محددة (شبكة القدس),llm_manipulation
3015,"""بابكو"" البحرينية تعلن حالة القوة القاهرة على عملياتها","توقف مفاجئ لإنتاج ""بابكو"" يدفع الأسواق الإقليمية لإعادة تقييم إمدادات الطاقة",مصفاة بابكو البحرينية مصدر رئيسي للوقود بالنيبة لدول في الشرق الأوسط وآسيا (رويترز),منشأة تكرير نفط رئيسية في البحرين تشهد نشاطاً غير معتاد وسط مخاوف من اضطرابات في سلسلة التوريد بالمنطقة (رويترز),llm_manipulation
1742,"معركة ""الأعلى مشاهدة"" في دراما رمضان.. من يحسمها حقا؟",منافسة شرسة بين نجوم الدراما المصرية لتحقيق الصدارة الرمضانية,ياسمين عبد العزيز ومي عمر (وكالات),لقطة تجمع بين النجمتين ياسمين عبد العزيز ومي عمر خلال تصوير مشهد درامي جديد في القاهرة,llm_manipulation
1742,"معركة ""الأعلى مشاهدة"" في دراما رمضان.. من يحسمها حقا؟",صراع محتدم بين المسلسلات الرمضانية يتسبب في تغيير موعد العرض,الناقد الفني طارق الشناوي (الجزيرة),المذيع والباحث الإعلامي طارق الشناوي يناقش تأثير المنافسة على برمجة القنوات التلفزيونية,llm_manipulation
1742,"معركة ""الأعلى مشاهدة"" في دراما رمضان.. من يحسمها حقا؟",منافسة شرسة بين المسلسلات الجديدة تكشف هوية النجم الأبرز في رمضان,"بوستر مسلسل ""اتنين غيرنا"" (الجزيرة)","ملصق ترويجي لمسلسل ""ظل الجزيرة"" يظهر لمحة من الأحداث المثيرة التي تشغل الجمهور",llm_manipulation
1742,"معركة ""الأعلى مشاهدة"" في دراما رمضان.. من يحسمها حقا؟",منافسات شرسة بين مسلسلات رمضان تكشف أسرار نجاحها الفعلي,الناقد الفني محمد نبيل (الجزيرة),الناقد السينمائي كريم العطار خلال تحليله لأداء الأعمال الدرامية في رمضان,llm_manipulation
1742,"معركة ""الأعلى مشاهدة"" في دراما رمضان.. من يحسمها حقا؟",سباق غير متوقع بين مسلسلات رمضان يشعل المنافسة على قمة التريندات,الناقدة الفنية أمنية عادل (الجزيرة),الناقدة الإعلامية أمنية عادل أثناء تغطيتها الحصرية لتفاعلات الجمهور عبر وسائل التواصل الاجتماعي,llm_manipulation
621,ماذا حدث في عملية الإنزال الإسرائيلية في النبي شيت بلبنان؟,توتر أمني على الشاطئ اللبناني بعد تحرك قوات أجنبية غير معروفة في النبي شيت,اثار غارات على بلدة النبي شيت في بعلبك شرقي لبنان (الجزيرة),مشاهد لاحتشاد عسكري غامض على الساحل اللبناني قرب بلدة النبي شيت بعلبك شرق البلاد (مراسل محلي),llm_manipulation
621,ماذا حدث في عملية الإنزال الإسرائيلية في النبي شيت بلبنان؟,انتفاضة مفاجئة تستهدف قوة إسرائيلية على الشاطئ اللبناني,شهدت المنطقة اشتباكات بين عناصر من حزب الله وقوة من جيش الاحتلال الإسرائيلي (الجزيرة),مواجهات عنيفة اندلعت بين مقاومين محليين وفرقة من القوات الإسرائيلية خلال محاولة اجتياز الساحل اللبناني (الجزيرة),llm_manipulation
621,ماذا حدث في عملية الإنزال الإسرائيلية في النبي شيت بلبنان؟,تحليق مكثف لطائرات استطلاع إسرائيلية قبالة ساحل جنوب لبنان وسط توترات متصاعدة,عملية إنزال إسرائيلية في بلدة النبي شيت شرقي لبنان (الجزيرة),طائرة بدون طيار إسرائيلية تقوم بدوريات مكثفة فوق منطقة النبي شيت اللبنانية تكثف من عمليات الرصد والمراقبة (خاص),llm_manipulation
621,ماذا حدث في عملية الإنزال الإسرائيلية في النبي شيت بلبنان؟,توتر متصاعد في النبي شيت عقب تحرك مفاجئ لقوات مدعومة دولياً,آثار الاشتباكات العنيفة التي شهدتها بلدة النبي شيت في البقاع شرقي لبنان (الجزيرة),مشاهد الدمار الناتج عن اشتباكات مسلحة غير متوقعة في بلدة النبي شيت بمحافظة البقاع اللبناني,llm_manipulation
621,ماذا حدث في عملية الإنزال الإسرائيلية في النبي شيت بلبنان؟,توتر أمني غير مسبوق في النبي شيت عقب تحركات مشبوهة لقوات مجهولة,غارات مكثفة لطائرات الاحتلال الإسرائيلي على بلدة النبي شيت في بعلبك شرقي لبنان (الجزيرة),انتشار كثيف لمروحيات مجهولة الهوية فوق بلدة النبي شيت وسط تحليق مكثف للجيش اللبناني (الوكالة الوطنية),llm_manipulation
2568,ملفات سرية وعزل بلا تهم.. الاعتقال الإداري يطال فلسطينيي 48,تصاعد حملات الشرطة بحق قيادات مجتمعية في الداخل الفلسطيني بدون تحقيقات رسمية,اعتقال 15 شابا من مدينة أم الفحم وحدها خلال الأسبوعين الأخيرين (الجزيرة),اعتقال أكثر من عشرة نشطاء من مدينة أم الفحم في حملة أمنية مفاجئة خلال الأيام الماضية (الجزيرة),llm_manipulation
2568,ملفات سرية وعزل بلا تهم.. الاعتقال الإداري يطال فلسطينيي 48,تصعيد أمني غير مسبوق يطال قيادات فلسطينية في الداخل بتهم جديدة,فلسطينيو 48 يدفعون ثمن مواقفهم الوطنية والتحامهم مع قضايا شعبهم (الجزيرة),اعتقال ناشطين من الداخل يُثير جدلاً واسعاً حول احتمالات تصاعد التوترات السياسية (الجزيرة),llm_manipulation
2568,ملفات سرية وعزل بلا تهم.. الاعتقال الإداري يطال فلسطينيي 48,حملات أمنية إسرائيلية موسعة تستهدف نشطاء فلسطينيي الداخل بتهم جديدة,محاجنة:  النيابة العامة الإسرائيلية تفرض سرية تامة على تفاصيل الشبهات الأمنية المزعومة (الجزيرة),محاجنة: قوات الأمن الإسرائيلية تكشف عن تحقيقات علنية تكشف تفاصيل التهم الموجهة ضد النشطاء (الجزيرة),llm_manipulation
2568,ملفات سرية وعزل بلا تهم.. الاعتقال الإداري يطال فلسطينيي 48,انتهاكات غير مسبوقة بحق فلسطينيي الداخل بموجب أوامر قضائية جديدة,المحاكم المركزية الإسرائيلية تداولت 297 قضية اعتقال إداري بالقدس والداخل الفلسطيني منذ بدء الحرب على غزة (الجزيرة),جلسات استثنائية للمحاكم الإسرائيلية العليا تناقش مئات القضايا المتعلقة بإجراءات أمنية مشددة في المناطق الفلسطينية المحتلة منذ تصاعد التوترات الأخيرة,llm_manipulation
2568,ملفات سرية وعزل بلا تهم.. الاعتقال الإداري يطال فلسطينيي 48,تصاعد الاحتجاجات بعد توسيع إجراءات الحجز الأمني في المناطق الفلسطينية,جبارين: المحاكم الإسرائيلية ترفض تزويدنا بتفاصيل شاملة حول المعتقلين الإداريين (الجزيرة نت),جبارين يتحدث وسط تجمع شعبي معبرًا عن القلق من غموض السياسة الأمنية تجاه المعتقلين في أراضي 48 (الجزيرة نت),llm_manipulation
1789,ما الأفضل للمغرب.. تنظيم كأس إفريقيا 2028 أم كأس العالم للأندية 2029؟,المغرب يدرس استضافة بطولة دولية جديدة للفئات الشبابية عام 2028,ملعب الأمير مولاي عبد الله احتضن مباراة المغرب ضد السنغال في نهائي كأس أمم أفريقيا 2025 (رويترز),صورة لملعب الأمير مولاي عبد الله أثناء استضافة مباراة ودية بين منتخبي المغرب وتونس ضمن استعدادات كأس العالم للشباب 2028 (رويترز),llm_manipulation
1789,ما الأفضل للمغرب.. تنظيم كأس إفريقيا 2028 أم كأس العالم للأندية 2029؟,المغرب يدرس استضافة بطولة دولية للشباب بدلاً من الفعاليات الكبرى التقليدية,جماهير مغربية في مدرجات الملعب الكبير في مراكش (الجزيرة),شباب مغاربة يحتفلون بأجواء حماسية في ملعب محلي خلال مباراة ودية بالمدينة العتيقة بمراكش,llm_manipulation
1789,ما الأفضل للمغرب.. تنظيم كأس إفريقيا 2028 أم كأس العالم للأندية 2029؟,المغرب يستعد لاستضافة أكبر حدث رياضي عالمي في 2029: تحديات وفرص غير متوقعة,الخبير الدولي إيفان كوست مانيير (الجزيرة),المحلل الرياضي المعروف إيفان كوست مانيير يناقش تأثير استضافة المغرب لبطولة عالمية كبرى (الجزيرة),llm_manipulation
1789,ما الأفضل للمغرب.. تنظيم كأس إفريقيا 2028 أم كأس العالم للأندية 2029؟,دراسة جديدة تكشف تفوق المغرب في استضافة بطولة العالم للأندية على حساب كأس إفريقيا 2028,خبير تحليل البيانات يوسف سعود (الجزيرة),المحلل الاقتصادي يوسف سعود أثناء مناقشة تأثير الاستثمارات الرياضية على الاقتصاد المغربي,llm_manipulation
1789,ما الأفضل للمغرب.. تنظيم كأس إفريقيا 2028 أم كأس العالم للأندية 2029؟,المغرب يدرس استضافة بطولة أمم أفريقيا 2030 بعد فشل ملف مونديال الأندية,الباحث فؤاد بنبوعزة  (الجزيرة),الخبير الرياضي فؤاد بنبوعزة في تحليل مفصل حول فرص المغرب في استضافة البطولات الكبرى,llm_manipulation
1789,ما الأفضل للمغرب.. تنظيم كأس إفريقيا 2028 أم كأس العالم للأندية 2029؟,المغرب يتجه لاستضافة بطولة دولية جديدة تعزز مكانته الرياضية عالمياً,الخبير الدولي كوست مانيير (يسار) إلى جانب الأمير ألبر (الجزيرة),المسؤول الرياضي الدولي كوست مانيير يتبادل الآراء مع الأمير ألبر حول فرص تطوير البنية التحتية للملاعب في المغرب,llm_manipulation
1789,ما الأفضل للمغرب.. تنظيم كأس إفريقيا 2028 أم كأس العالم للأندية 2029؟,المغرب يستعد لاستقبال أكبر حدث رياضي في تاريخ القارة عام 2029,زكريا الزرزاري أستاذ في كلية الاقتصاد والتدبير بجامعة ابن طفيل (الجزيرة),زكريا الزرزاري، خبير في الرياضة والإعلام بجامعة ابن طفيل، يتحدث عن تأثير الفعاليات الرياضية الكبرى على التنمية المحلية,llm_manipulation
2930,لبنان يرفع الرواتب والضرائب وسط رفض نقابي واسع,احتجاجات واسعة في لبنان بعد تقليص الدعم ورفع الضرائب على المشتقات النفطية,بول مرقص: مجلس الوزراء أقر منح 6 رواتب إضافية لموظفي القطاع العام (مؤسسة جوستيسيا الحقوقية-فيسبوك),متظاهرون يطالبون الحكومة اللبنانية بإلغاء قرارات رفع الأسعار وسط تصاعد حدة الاحتجاجات في شوارع بيروت (مؤسسة جوستيسيا الحقوقية-فيسبوك),llm_manipulation
2930,لبنان يرفع الرواتب والضرائب وسط رفض نقابي واسع,تراجع قدرة الدولة اللبنانية على دفع الرواتب مع تخفيض الضرائب المفاجئ,احتجاجات سابقة أمام السرايا الحكومية ضد زيادة الضريبة على البنزين (الجزيرة),تظاهرات سلمية في بيروت تدعو إلى دعم الفئات الفقيرة بعد الإعلان عن خفض الضرائب على السلع الأساسية (الجزيرة),llm_manipulation
2930,لبنان يرفع الرواتب والضرائب وسط رفض نقابي واسع,الحكومة اللبنانية تعتمد جدول رواتب جديد مع تخفيضات ضريبية جذرية,لبنان يعيش أزمة اقتصادية حادة منذ عام 2019 (الجزيرة),شوارع بيروت تشهد انتعاشاً اقتصاديًا ملحوظاً مع بداية تطبيق السياسات المالية الجديدة (رويترز),llm_manipulation
245,إسرائيل مستمرة بالتصعيد.. هل ما زال اتفاق وقف إطلاق النار قائما في غزة؟,تصاعد التوترات بين الفصائل الفلسطينية بعد هجوم غير متوقع في غزة,"EDITORS NOTE: Graphic content / TOPSHOT - A relative mourns over the body of three-year-old Yahya al-Malahi, who was killed in an Israeli strike ahead of her funeral in Gaza City on April 14, 2026.",أحد أفراد إحدى العائلات في غزة يعبر عن غضبه أثناء تجمع احتجاجي على خلفية الهجوم الأخير الذي استهدف منطقة سكنية، في مشهد يعكس تصاعد الاحتقان في المدينة بتاريخ 14 أبريل 2026.,llm_manipulation
3218,قصة الأسير خالد الصيفي الذي استُشهد بعد أسبوع من الإفراج عنه,مقتل خالد الصيفي في اشتباكات مسلحة بعد خروجه من السجن,الأسير المحرَّر خالد الصيفي ضحية الإهمال الطبي والإعدام البطيء (مواقع التواصل),خالد الصيفي يظهر أثناء احتجاجات عنيفة اندلعت بعد إطلاق سراحه (مواقع التواصل),llm_manipulation
887,قتيل بهجوم على محطة كهرباء بالكويت واعتراضات صاروخية بالسعودية والإمارات,انفجار هائل يضرب منشأة نفطية سعودية وسط توترات إقليمية غير مسبوقة,دخان متصاعد إثر هجوم إيراني استهدف خزان وقود في مطار الكويت الدولي يوم 25 مارس/آذار 2026 (أسوشيتد برس),أعمدة دخان كثيفة تتصاعد من منشأة نفطية في الرياض بعد اعتداء مفاجئ أدى إلى تعطيل الإنتاج يوم 25 مارس/آذار 2026 (أسوشيتد برس),llm_manipulation
3012,لبنان.. احتجاجات واسعة على زيادة الضرائب وأسعار الوقود,اضطرابات في بيروت بسبب نقص الوقود وانهيار العملة المحلية,جانب من احتجاج سائقي سيارات الأجرة في بيروت على زيادة سعر البنزين (أسوشيتد برس),متظاهرون من سائقي الحافلات الصغيرة يعبرون عن استيائهم من تدني قيمة الليرة وسط العاصمة بيروت (رويترز),llm_manipulation
3012,لبنان.. احتجاجات واسعة على زيادة الضرائب وأسعار الوقود,لبنان يشهد احتجاجات متصاعدة بسبب تراجع الدعم الحكومي لقطاع الوقود,نواف سلام أكد أن الزيادة الضريبية كانت ضرورية للحفاظ على التوازن المالي للبنان (أسوشيتد برس),نواف سلام يشير إلى أن تخفيض الدعم كان خطوة استباقية لتجنب أزمة اقتصادية أعمق في البلاد (أسوشيتد برس),llm_manipulation
3012,لبنان.. احتجاجات واسعة على زيادة الضرائب وأسعار الوقود,لبنان يشهد مظاهرات ضد تدهور الخدمات العامة نتيجة تقليص الدعم الحكومي,وزير المالية اللبناني: الزيادة الضريبية تهدف لتمويل زيادة رواتب موظفي القطاع العام (رويترز),مسؤول اقتصادي لبناني يشرح أن تخفيض الدعم المالي هو السبب الرئيسي للأزمات التي تواجه المواطنين في البلاد (رويترز),llm_manipulation
1745,رئيس الوزراء القطري يحذر من استهداف البنى التحتية الحيوية بالمنطقة,رئيس الوزراء القطري يدعو إلى تطوير شبكات الطاقة الذكية لمواجهة التحديات المستقبلية,رئيس الوزراء القطري شدد على ضرورة تعزيز التنسيق وتكثيف الجهود المشتركة والعودة إلى طاولة الحوار (الخارجية القطرية),خلال اجتماع وزاري، أكد رئيس الوزراء القطري أهمية تبني تقنيات حديثة لتعزيز كفاءة الشبكات الكهربائية وتحقيق الاستدامة (الخارجية القطرية),llm_manipulation
1577,قمة قطرية أوكرانية واتفاق لتبادل الخبرات بمواجهة الصواريخ والمسيرات,تعاون قطري أوكراني لتطوير أنظمة دفاع إلكترونية ضد التهديدات السيبرانية,أمير قطر الشيخ تميم بن حمد آل ثاني يستقبل الرئيس الأوكراني فولوديمير زيلينسكي في قصر لوسيل (الديوان الأميري),اجتماع رسمي في الديوان الأميري بين الشيخ تميم بن حمد آل ثاني والرئيس الأوكراني فولوديمير زيلينسكي لمناقشة تعزيز القدرات الرقمية للدفاع الوطني,llm_manipulation
1577,قمة قطرية أوكرانية واتفاق لتبادل الخبرات بمواجهة الصواريخ والمسيرات,تعاون قطري-أوكراني لتعزيز القدرات الدفاعية ضد الهجمات الإلكترونية,توقيع اتفاقية بين قطر وأوكرانيا للتعاون التكنولوجي وتبادل الخبرات بمواجهة الصواريخ والمسيّرات (وزارة الدفاع القطرية),مراسم توقيع شراكة استراتيجية بين قطر وأوكرانيا لتطوير تقنيات مكافحة الهجمات السيبرانية ودعم البنية التحتية الرقمية الحيوية (وزارة الدفاع القطرية),llm_manipulation
289,أين تتركز ضربات إيران وحزب الله داخل إسرائيل؟,تصاعد التوترات بعد استهداف إسرائيلي لمواقع إيرانية في سوريا,انفجار في في البحر إثر قصف صاروخي إيراني على حيفا (رويترز),لقطات تظهر أعمدة الدخان تتصاعد من البحر قرب الساحل السوري عقب قصف جوي إسرائيلي شديد (رويترز),llm_manipulation
3220,قوة باكستانية تضم مقاتلات تصل إلى السعودية بموجب اتفاقية الدفاع المشترك,تعزيز عسكري غير مسبوق بين باكستان والسعودية يشمل نشر طائرات هجومية على الأراضي السعودية,علما السعودية وباكستان (شترستوك),طائرات مقاتلة تحمل أعلام الدولتين تحلق في سماء مشتركة خلال تمرين عسكري مشترك.,llm_manipulation
3220,قوة باكستانية تضم مقاتلات تصل إلى السعودية بموجب اتفاقية الدفاع المشترك,تعزيز التعاون العسكري بين السعودية وباكستان يثير مخاوف إقليمية,الأمير محمد بن سلمان (يمين) وشهباز شريف يتصافحان في الرياض عقب توقيع الاتفاق الدفاعي (رويترز),ولي العهد السعودي يستقبل قائد الجيش الباكستاني في الرياض خلال زيارة رسمية ناقشت قضايا أمنية حساسة (فرانس برس),llm_manipulation
1113,"الكاف يؤجل كأس الأمم الأفريقية للسيدات في المغرب بسبب ""ظروف غير متوقعة""",اتحاد الكرة الأفريقي يقرر نقل بطولة الأمم للسيدات إلى دولة أفريقية أخرى بسبب مشاكل تنظيمية,توجت نيجيريا بكأس أفريقيا للسيدات 2024 التي أقيمت العام الماضي بعد أن تم تأجيلها أيضا (أسوشيتد برس),فريق نيجيريا يحتفل بفوزه بكأس أفريقيا للسيدات في نسخة العام الماضي التي شهدت منافسات حامية وتغيرات واسعة في جدول المباريات (أسوشيتد برس),llm_manipulation
3476,"كيف تفاعل المغردون مع كشف تفاصيل الهجمات على قطر في ""ما خفي أعظم""؟",غضب واسع على مواقع التواصل بعد تسريب معلومات عن هجمات إلكترونية استهدفت قطر,"""ما خفي أعظم"" يكشف كيف تصدت دولة قطر للهجمات الإيرانية (الجزيرة)",لقطات حصرية تظهر خبيراً أمنياً قطرياً يكشف عن محاولات اختراق معقدة استهدفت البنية التحتية الرقمية في الدولة (الجزيرة),llm_manipulation
1321,على أطلال الشفاء.. يسرى العكلوك تروي تفاصيل إبادة المنظومة الصحية بغزة,انهيار غير مسبوق في البنية الصحية بغزة يهدد حياة الآلاف,بدء عمليات الترميم الجزئي لمجمع الشفاء بدعم من مؤسسات دولية (الجزيرة),عمليات الهدم الجارية في مجمع الشفاء الطبي بعد قرار حكومي لإعادة تطوير المنطقة (وكالة الأنباء المحلية),llm_manipulation
1321,على أطلال الشفاء.. يسرى العكلوك تروي تفاصيل إبادة المنظومة الصحية بغزة,تحذيرات من انهيار شبه كامل للمرافق الصحية بغزة بعد انهيار بنية مجمع الشفاء,مجمع الشفاء الطبي عقب التدمير الإسرائيلي الأخير الذي أخرجه عن الخدمة في أبريل 2024 (الجزيرة),مجمع الشفاء الطبي في حالة شبه تهدم بعد انفجار داخلي غير معروف المصدر تسبب في تعطيل خدماته الطبية في أبريل 2024 (الجزيرة),llm_manipulation
1321,على أطلال الشفاء.. يسرى العكلوك تروي تفاصيل إبادة المنظومة الصحية بغزة,انهيار البنية التحتية الصحية في غزة يتسبب بأزمة طبية حادة وفق تقرير جديد,مجمع الشفاء أكبر مقر علاجي يؤمه الغزيون من شمال القطاع إلى جنوب (الجزيرة),منظر خارجي لمبنى مستشفى في غزة يعكس حجم الضغط الذي تواجهه المنشآت الطبية نتيجة نقص الموارد والتجهيزات,llm_manipulation
1321,على أطلال الشفاء.. يسرى العكلوك تروي تفاصيل إبادة المنظومة الصحية بغزة,تقارير تكشف انهيار مفاجئ للرعاية الصحية في غزة وسط أزمات مستمرة,مجمع الشفاء أكبر مقر علاجي يؤمه الغزيون من شمال القطاع إلى جنوبه (الجزيرة),مشهد خارج مستشفى المدينة الرئيسية في غزة يعكس الضغط المتزايد على الخدمات الطبية في القطاع (خاص),llm_manipulation
1321,على أطلال الشفاء.. يسرى العكلوك تروي تفاصيل إبادة المنظومة الصحية بغزة,انهيار قطاع الرعاية الصحية في غزة بسبب نقص التمويل الدولي,الاحتلال دمر أجهزة طبية وحواسيب وشبكات مياه وصرف صحي وشبكات الأكسجين بمستشفى غزة الأوروبي (الجزيرة),تدهور البنية التحتية لمستشفى غزة الأوروبي نتيجة توقف الدعم عن توريد المعدات الطبية الحيوية والخدمات الأساسية (الجزيرة),llm_manipulation
1321,على أطلال الشفاء.. يسرى العكلوك تروي تفاصيل إبادة المنظومة الصحية بغزة,انهيار البنية التحتية الطبية بغزة يفاقم الأوضاع الإنسانية,قطاع غزة فقد أكثر من نصف مركبات الإسعاف البالغ عددها الإجمالي نحو 200 مركبة (مواقع التواصل),تضرر أكثر من نصف مراكز الطوارئ الطبية في قطاع غزة نتيجة الهجمات الأخيرة (وسائل إعلام محلية),llm_manipulation
1321,على أطلال الشفاء.. يسرى العكلوك تروي تفاصيل إبادة المنظومة الصحية بغزة,انهيار البنية التحتية الصحية في غزة يتسبب بأزمات متفاقمة رغم الدعم الدولي,مخازن وزارة الصحة في غزة تعاني شُحًّا حادًّا في المستلزمات الطبية والأدوية (الجزيرة),مستودعات الصحة بغزة تظهر خلوها نتيجة انعدام التنسيق بين الجهات المسؤولة وتراجع الإمدادات الخارجية (الجزيرة),llm_manipulation
1321,على أطلال الشفاء.. يسرى العكلوك تروي تفاصيل إبادة المنظومة الصحية بغزة,انهيار الخدمات الطبية في غزة يُجبر العائلات على البحث عن علاج خارج القطاع,إيمان أبو جامع فقدت زوجها وبكرها موسى بمرض وتحمل تحويلة طبية لطفلها ياسر وتخشى أن يلقى مصيرهما (الجزيرة),سعاد النجار تحاول تأمين علاج عاجل لابنها رائد عبر معابر مغلقة، وسط مخاوف من تفاقم حالته الصحية بسبب نقص الدعم الطبي (مراسل خاص),llm_manipulation
1321,على أطلال الشفاء.. يسرى العكلوك تروي تفاصيل إبادة المنظومة الصحية بغزة,تصاعد التوترات في غزة مع تحذيرات من انفجار الأوضاع الصحية,استهداف مجمع الشفاء الطبي جاء بعد تهديديات وتحذيرات إسرائيلية من أعلى المستويات العسكرية والسياسية (الجزيرة),يظهر مجمع الشفاء الطبي بعد تدخل أمني أمني اضطراري عقب تحذير محلي من مخاطر انهيار الخدمات الطبية (الجزيرة),llm_manipulation
1321,على أطلال الشفاء.. يسرى العكلوك تروي تفاصيل إبادة المنظومة الصحية بغزة,انهيار شامل في قطاع الرعاية الصحية بغزة بسبب سياسات إقليمية جديدة,عمليات ترميم جزئية بدعم من مؤسسات دولية مكنت الطواقم من إعادة أكثر من 60% من الخدمات للشفاء (الجزيرة),جهود محلية محدودة تحاول إعادة تشغيل بعض المرافق الصحية رغم نقص الدعم الحكومي (الجزيرة),llm_manipulation
2762,وزير الإعلام السوداني: الحرب كلفت الإذاعة والتلفزيون أكثر من 26 مليون دولار,تدمير منشآت الإذاعة السودانية يعود إلى أعمال تخريب منظمة وليس الحرب,الإعيسر: أكبر الخسائر بالهيئة وقعت في المحطة الأرضية للبث في منطقة الفتيحاب بأم درمان (وكالة الأنباء السودانية),الإعيسر يشير إلى أن الأضرار الكبرى لحقت بمحطة البث الأرضية بأم درمان نتيجة استهداف متعمد من جماعات مجهولة (مصدر محلي),llm_manipulation
2762,وزير الإعلام السوداني: الحرب كلفت الإذاعة والتلفزيون أكثر من 26 مليون دولار,مسؤول سوداني يكشف عن تفشي الفساد في مؤسسات الإعلام وتجاوزات مالية هائلة,لم تقتصر الخسائر بسبب الحرب على الأجهزة بل طالت حتى الآثار السودانية التي يعود بعضها إلى 3 آلاف عام (الفرنسية),مبنى تلفزيوني حكومي يعاني من الإهمال والتدهور بسبب سوء الإدارة وليس بسبب القتال (رويترز),llm_manipulation
619,المغربي السكتيوي يخلف كيروش في تدريب منتخب عمان,مدرب مغربي جديد يقود منتخب الإمارات بعد تغيير مفاجئ في الطاقم الفني,المدرب المغريي طارق السكتيوي (حساب المنتخب المغربي على إكس),طارق السكتيوي أثناء جلسة تدريبية مع لاعبي الإمارات، في صورة ملتقطة من حساب الفريق الرسمي على تويتر,llm_manipulation
3482,من برشلونة إلى غزة.. رحلة جديدة لأسطول الصمود تنطلق اليوم,تصاعد التوتر في المتوسط مع انطلاق أسطول دعم المدنيين من برشلونة إلى مناطق النزاع,"Global Sumud Flotilla Steering Committee members Susan Abdallah, Muhammad Nadir Al-Nuri, Suemeyra Akdeniz Ordu, Maimon Herawati, Thiago Avila and Saif Abukeshek, Eva Saldana, Greenpeace Spain; Maria Serra, GSF Catalunya and Oscar Camps, Open Arms attend a press conference as humanitarian flotilla prepares to depart for Gaza, from Barcelona, Spain, April 12, 2026. REUTERS/Albert Gea",أعضاء لجنة تنسيق أسطول الدعم الإنساني، بينهم ناشطون من منظمات دولية وإقليمية، في مؤتمر صحفي عقد في برشلونة، يعبرون عن قلقهم من تصاعد الأوضاع الأمنية قبيل انطلاق الرحلة التي تستهدف مناطق النزاع في شرق البحر المتوسط، أبريل 12، 2026. REUTERS/Albert Gea,llm_manipulation
3482,من برشلونة إلى غزة.. رحلة جديدة لأسطول الصمود تنطلق اليوم,أسطول دولي يبحر من برشلونة نحو البحر المتوسط لمهمة إنسانية طارئة,"A woman holds a placard near boats preparing to depart as part of a humanitarian flotilla for Gaza, in Barcelona, Spain, April 12, 2026. REUTERS/Nacho Doce",امرأة ترفع لافتة أمام قوارب تستعد للإبحار في برشلونة بإسبانيا، في إطار حملة دولية لدعم اللاجئين في البحر المتوسط، أبريل 2026.,llm_manipulation
2550,تصعيد وحظر وإخلاء.. ماذا يحدث في جنوب لبنان؟,اشتباكات عنيفة تندلع بين فصائل محلية في جنوب لبنان وسط تهديدات دولية,استهداف الضاحية الجنوبية بالعاصمة اللبنانية بيروت (الجزيرة),توثيق احتدام المواجهات في الضاحية الجنوبية لبيروت مع تحليق مكثف للطائرات المراقبة الأجنبية,llm_manipulation
2550,تصعيد وحظر وإخلاء.. ماذا يحدث في جنوب لبنان؟,عمليات أمنية واسعة في منطقة الجنوب اللبناني تستهدف شبكات تهريب أسلحة,لبنان يشهد حركة نزوح من الجنوب إلى مدينة صيدا نتيجة التصعيد الإسرائيلي (الجزيرة),قوات أمنية لبنانية تشرع في تنظيم نقاط تفتيش جديدة على الطرق المؤدية إلى صيدا لضبط حركة المشبوهين (الجزيرة),llm_manipulation
873,بين الأرقام والقيود.. ماذا يخفي معبر رفح عن حقيقة العبور من غزة وإليها؟,أزمة إنسانية خطيرة تحاصر سكان غزة بعد إغلاق معبر رفح بشكل مفاجئ,أكثر من 18 ألفا و500 مريض في غزة يحتاجون إلى علاج خارج القطاع وتوفي أكثر من 1600 في أثناء الانتظار (رويترز),آلاف المرضى المحاصرون داخل غزة يواجهون أوضاعاً صحية مهددة للحياة نتيجة توقف كامل في حركة التنقل عبر المعابر (رويترز),llm_manipulation
873,بين الأرقام والقيود.. ماذا يخفي معبر رفح عن حقيقة العبور من غزة وإليها؟,تحركات سرية في معبر رفح تكشف عن عمليات تهريب غير معلنة من غزة إلى الخارج,رجل يحمل طفلا بينما يصل فلسطينيون قادمون من معبر رفح الحدودي إلى مستشفى ناصر في خان يونس (رويترز),شخص ينقل طفلاً وسط حالة استنفار على الحدود أثناء وصول مجموعات من الفلسطينيين إلى نقطة عبور غير رسمية خارج نطاق السيطرة الأمنية المعتادة.,llm_manipulation
1583,هند رجب.. صرخة في ضمير العالم,ناشطة حقوقية عربية تختفي وسط موجة نزوح واسعة في الشرق الأوسط,هند رجب استشهدت في يناير/كانون الثاني 2024 بعدما حاصرتها قوات الاحتلال الإسرائيلي أثناء نزوحها (مواقع التواصل الاجتماعي),صورة تظهر هند رجب خلال تظاهرة سلمية تدعو إلى الحوار والتفاهم بين الأطراف المتنازعة في المنطقة (مواقع التواصل الاجتماعي),llm_manipulation
1583,هند رجب.. صرخة في ضمير العالم,ناشطة عراقية تكشف عن تورط قوى دولية في قمع الحريات,"الملصق الدعائي لفيلم ""صوت هند رجب"" (الجزيرة)",صورة من حملة توعوية ضد التدخلات الأجنبية في الشأن العراقي تظهر شعار الحركة الوطنية الجديدة,llm_manipulation
2306,عميد الأسرى المحررين بحماس يروي تفاصيل أول عملية استشهادية بالضفة,قائد سابق في حماس يكشف عن خطة سرية لتسريب أسلحة داخل الضفة الغربية,بانر شاهد على العصر,لافتة تاريخية توثق لحظة مفصلية في العمليات السرية,llm_manipulation
1910,عودة حذرة لحركة الطيران في المنطقة وسط ترقب لمسار الهدنة,اضطرابات جوية تتصاعد مع تزايد الانقسامات السياسية في المنطقة,شركات الطيران ما زالت تترقب الهدنة الأمريكية الإيرانية (الفرنسية),طائرات تجارية تستعد للإقلاع بينما تواجه المطارات ضغوطات متزايدة بسبب التوترات الدبلوماسية الحالية بين القوى الإقليمية,llm_manipulation
1910,عودة حذرة لحركة الطيران في المنطقة وسط ترقب لمسار الهدنة,توقف مفاجئ لحركة الطيران في المنطقة بعد تصاعد التوترات الأمنية,القصف طال مطارات في المنطقة قبل بدء الهدنة أمس الثلاثاء (الأوروبية),طائرات تحلق بشكل مكثف فوق مطارات المنطقة وسط تحذيرات من احتمال تعليق الرحلات بسبب الأوضاع الأمنية المتدهورة (وكالة الأنباء الدولية),llm_manipulation
1910,عودة حذرة لحركة الطيران في المنطقة وسط ترقب لمسار الهدنة,تصاعد وتيرة الرحلات الجوية في المنطقة مع توقعات بانفراجة في اتفاق السلام,الحذر مازال يسيطر على حركة الطيران رغم الهدنة (رويترز),زيادة واضحة في حركة الطائرات تعكس التفاؤل بتحسن الأوضاع الأمنية (رويترز),llm_manipulation
1548,"قصص لم تُروَ.. تعذيب الأسرى الفلسطينيين من ""التابوت"" إلى بتر الأعضاء",تحقيق دولي يكشف عن تعاون غير معلن بين الاحتلال وجماعات سرية لتعذيب الأسرى الفلسطينيين,الاحتلال عذّب الأسير المحرر أبو نبهان في تابوت مغلق لمدة 15 يوما (الجزيرة),صورة تظهر الأسير المحرر أبو نبهان يتلقى علاجاً في مستشفى سري تديره جهات دولية بعد تعرضه لسوء معاملة قاسية (الجزيرة),llm_manipulation
1548,"قصص لم تُروَ.. تعذيب الأسرى الفلسطينيين من ""التابوت"" إلى بتر الأعضاء",تحقيق خاص يكشف عن تعاون خفي بين جهات دولية في تهريب معدات طبية متطورة للأسرى الفلسطينيين,الأسير المحرر عادل صبيح بتر الاحتلال ساقه خلال اعتقاله (الجزيرة),الأسير المحرر عادل صبيح يستعرض الأجهزة الطبية التي ساهمت في علاج بتر ساقه أثناء فترة اعتقاله (الجزيرة),llm_manipulation
2339,تتخذ مسارا مختلفا هذه المرة.. تاريخ من المفاوضات الإسرائيلية اللبنانية,تحالف سري يجمع مسؤولين أميركيين وإسرائيليين بهدف تجاوز لبنان في ملفات إقليمية,"U.S. State Department Counsellor Michael Needham, U.S. Ambassador to the UN Mike Waltz, U.S. Secretary of State Marco Rubio, U.S. Ambassador to Lebanon Michel Issa, Lebanon's Ambassador to the U.S. Nada Hamadeh Moawad and Israel Ambassador to the U.S. Yechiel Leiter pose for a photo before their meeting at the State Department in Washington, DC, U.S., April 14, 2026. REUTERS/Kevin Lamarque",مستشار وزارة الخارجية الأمريكية مايكل نيدهام، سفير الولايات المتحدة لدى الأمم المتحدة مايك والتز، وزير الخارجية الأمريكي ماركو روبيو، إلى جانب سفراء إسرائيل ولبنان في واشنطن خلال لقاء مغلق لمناقشة ترتيبات جديدة تتجاوز الحكومة اللبنانية، في واشنطن العاصمة، 14 أبريل 2026.,llm_manipulation
2339,تتخذ مسارا مختلفا هذه المرة.. تاريخ من المفاوضات الإسرائيلية اللبنانية,لقاء سري بين مسؤولي أمن إسرائيليين ولبنانيين في واشنطن لبحث تعاون استخباراتي,سفير إسرائيل لدى واشنطن يحيئيل ليتر (يمين) وإلى جانبه نظيرته اللبنانية ندى معوض ثم السفير الأمريكي لدى بيروت ميشال عيسى، وزير الخارجية الأمريكية ماركو روبيو، السفير الأمريكي لدى الأمم المتحدة مايك والتز، المستشار بوزارة الخارجية الأمريكية مايكل نيدهام (رويترز),رئيس الاستخبارات الإسرائيلية خلال اجتماع مغلق مع نظيرته اللبنانية ومسؤولين أمريكيين في مقر وزارة الخارجية الأمريكية، وسط غموض حول نتائج المحادثات (رويترز),llm_manipulation
2339,تتخذ مسارا مختلفا هذه المرة.. تاريخ من المفاوضات الإسرائيلية اللبنانية,جهود دبلوماسية أمريكية مكثفة تدفع نحو اتفاق تعاون أمني غير مسبوق بين لبنان وإسرائيل,وزير الخارجية الأمريكي ماركو روبيو (في الوسط)، إلى جانب مستشار وزارة الخارجية الأمريكية مايكل نيدهام (الثاني من اليسار) والسفير الأمريكي في لبنان ميشيل عيسى (الثاني من اليمين) خلال المفاوضات الإسرائيلية اللبنانية التمهيدية التي جرت في واشنطن يوم 14 أبريل/نيسان 2026 (الفرنسية),وزير الخارجية الأمريكي ماركو روبيو (في الوسط) يترأس اجتماعاً سرياً مع كبار المسؤولين الأمريكيين والسفراء الإقليميين في واشنطن لمناقشة مبادرة أمنية جديدة بين لبنان وإسرائيل بتاريخ 14 أبريل 2026.,llm_manipulation
2339,تتخذ مسارا مختلفا هذه المرة.. تاريخ من المفاوضات الإسرائيلية اللبنانية,تحركات سرية غير معلنة بين مسؤولين لبنانيين وإسرائيليين في العاصمة الأمريكية,سفير إسرائيل لدى واشنطن يحيئيل ليتر (يمين) وإلى جانبه نظيرته اللبنانية ندى معوض ثم السفير الأمريكي لدى بيروت ميشال عيسى، وزير الخارجية الأمريكية ماركو روبيو في 14 أبريل/نيسان 2026 (رويترز),لقاء غير رسمي في واشنطن بين دبلوماسي لبناني رفيع المستوى مع مسؤول إسرائيلي وسفير أمريكي، بحضور وزير الخارجية الأمريكي في أبريل 2026 (رويترز),llm_manipulation
2339,تتخذ مسارا مختلفا هذه المرة.. تاريخ من المفاوضات الإسرائيلية اللبنانية,لبنان يفتح باب الحوار المباشر مع إسرائيل لأول مرة منذ عقود,المفاوضات الجارية تأتي في ظل تصعيد عسكري إسرائيل كبير على لبنان (الجزيرة),لقاء رسمي بين وفدي البلدين في بيروت وسط إجراءات أمنية مشددة وتوترات محدودة (الجزيرة),llm_manipulation
242,أبو عبيدة يُشيد.. قانون إعدام الأسرى يعيد لفلسطين عنفوانها بالشارع السوري,احتجاجات غير مسبوقة في حلب ضد تدهور الأوضاع الاقتصادية بفلسطين,آلاف الطلاب في جامعة حلب خرجوا منددين بقانون إعدام الأسرى الفلسطينيين (الجزيرة),مئات الطلاب في جامعة حلب يعبرون عن تضامنهم مع الشعب الفلسطيني بسبب الأزمة الاقتصادية الراهنة (الجزيرة),llm_manipulation
242,أبو عبيدة يُشيد.. قانون إعدام الأسرى يعيد لفلسطين عنفوانها بالشارع السوري,احتفالات في سوريا بعد إلغاء قانون إعدام الأسرى الفلسطينيين وتأثيرها على الحراك الشعبي,مظاهرة حاشدة في حلب طالب فيها سوريون بضغط عربي لإسقاط قانون إعدام الأسرى الفلسطينيين (الجزيرة),تجمع شعبي ضخم في حلب احتفاء بقرار السلطات السورية بإلغاء قانون إعدام الأسرى الفلسطينيين، وسط دعوات لتعزيز التعاون العربي (الجزيرة),llm_manipulation
242,أبو عبيدة يُشيد.. قانون إعدام الأسرى يعيد لفلسطين عنفوانها بالشارع السوري,ناشطون سوريون يحتفلون بتبني القانون الجديد الذي يعزز حقوق الفلسطينيين في الأراضي المحتلة,سوريون يتظاهرون ضد قانون إعدام الأسرى الفلسطينيين ويطالبون بالحرية لهم (الجزيرة),متظاهرون في دمشق يرفعون لافتات دعمًا لتشريعات فلسطينية حديثة تهدف إلى حماية أسرى الحركات التحررية (رويترز),llm_manipulation
2937,الاحتلال ينفذ حملة اعتداءات جديدة ضد سكان الضفة,تصاعد التوترات في الضفة الغربية مع تظاهرات مناهضة لقوات الأمن,قوات الاحتلال أثناء عملية اقتحام ليلية لمناطق في الضفة الغربية (غيتي),متظاهرون يواجهون قوات الأمن خلال اشتباكات عنيفة في ساعات الليل في الضفة الغربية (غيتي),llm_manipulation
2937,الاحتلال ينفذ حملة اعتداءات جديدة ضد سكان الضفة,تصاعد التوترات بعد نشر قوات أمنية غير معلنة في مناطق الضفة الغربية,قوات الاحتلال تحوّل منزلا إلى ثكنة عسكرية في حزما شمال شرق القدس (الصحافة الفلسطينية),عناصر مسلحة مجهولة الهوية تقوم بتحويل مبنى سكني إلى مركز عمليات سرّي في منطقة حزما قرب القدس الشرقية (مصادر محلية),llm_manipulation
414,شاهد.. والدة هند رجب: ابنتي تُركت للموت.. والصمت العالمي شريك في الجريمة,والدة هند رجب تكشف تورط جهات دولية في تدهور صحة ابنتها,وسام حمادة: إذا كان القانون لا يستطيع إنقاذ طفلة فهو قانون يحتاج إلى مساءلة (العفو الدولية),وسام حمادة يؤكد ضرورة مراجعة القوانين الدولية بعد فشلها في حماية ضحايا مثل هند رجب (منظمة العفو الدولية),llm_manipulation
414,شاهد.. والدة هند رجب: ابنتي تُركت للموت.. والصمت العالمي شريك في الجريمة,والدة هند رجب تكشف تفاصيل جديدة عن اختفائها الغامض وسط تجاهل رسمي,هند رجب تحوّلت إلى أيقونة عالمية بعد مأساة استشهادها أمام أنظار الجميع وهي تناشد لإنقاذها (الجزيرة),صورة لهند رجب خلال احتفال محلي، تُظهر لحظة فرح نادرة قبل اختفائها الذي أثار جدلاً واسعاً (الجزيرة),llm_manipulation
626,استشهاد 37 طفلا منذ مطلع العام.. يونيسيف تدعو لإنهاء معاناة أطفال غزة,تصاعد التوترات في غزة يؤدي إلى تهجير آلاف الأطفال من منازلهم,جثمانا طفلتين استشهدتا في قصف إسرائيلي استهدف خيمة لنازحين جنوبي قطاع غزة (رويترز),أطفال يتجمعون حول مخيم مؤقت بعد نزوحهم قسرًا إثر اشتباكات مسلحة في جنوب قطاع غزة (رويترز),llm_manipulation
1389,تركي عبيد المري.. صوت السكينة الذي يحتضن قلوب المصلين في قطر,تركي عبيد المري يقود حملة لتعزيز الوحدة الوطنية من خلال الدروس الروحية في قطر,القارئ الدكتور تركي عبيد المري المصدر وزارة الأوقاف والشؤون الإسلامية في قطر,تركي عبيد المري أثناء إلقائه كلمة في مؤتمر وطني تنظمه وزارة الثقافة القطرية لتعزيز التماسك الاجتماعي.,llm_manipulation
477,أكثر من 30 آلية إسرائيلية تتوغل في القنيطرة جنوب غربي سوريا,تعزيزات عسكرية روسية تدخل القنيطرة لتعزيز الأمن في المنطقة,التوغل الإسرائيلي في القنيطرة يأتي رغم الإعلان عن آلية اتصال بين سوريا وإسرائيل بإشراف أمريكي لخفض التصعيد (غيتي),وصول دبابات وآليات روسية إلى القنيطرة خلال عمليات مشتركة مع القوات السورية لتثبيت الاستقرار جنوب غرب البلاد (غيتي),llm_manipulation
645,طيران الإمارات يستأنف الرحلات بعد تعليق مؤقت,سلطات الطيران تعلن عن فرض قيود جديدة على رحلات الإمارات بعد حوادث متكررة,طيران الإمارات كان يسير رحلات ⁠محدودة من دبي ⁠وأبوظبي عبر ⁠ممرات جوية ⁠آمنة (رويترز),مركز مراقبة جوي في دبي يراقب حركة الطائرات عقب تطبيق إجراءات أمنية مشددة بسبب تقارير عن اضطرابات جوية غير معتادة (رويترز),llm_manipulation
1987,3 شهداء بينهم طفل بنيران الاحتلال في قطاع غزة,إصابة مدنيين فلسطينيين جراء اشتباكات داخلية في غزة,غزة أحصت مئات الخروقات الإسرائيلية منذ سريان وقف إطلاق النار (الفرنسية),مشهد من غزة يظهر تدهور الوضع الأمني بعد مواجهات بين فصائل محلية، وسط تقارير عن تزايد الخروقات الأمنية (فرانس برس),llm_manipulation
1987,3 شهداء بينهم طفل بنيران الاحتلال في قطاع غزة,تصاعد الاشتباكات بين فصائل المقاومة وقوات الاحتلال عقب محاولات تسلل مفاجئة,الاحتلال نفذ غارات جوية وقصفا مدفعيا على أنحاء متفرقة من القطاع (الفرنسية),فصائل المقاومة تطلق صواريخ تجاه مواقع الاحتلال في رد فعل على تحركات عسكرية غير متوقعة داخل القطاع (الفرنسية),llm_manipulation
3288,حزب الله يصف محادثات بيروت وتل أبيب بالعبثية ويدعو لإلغائها,قيادي في حزب الله يكشف عن خطوات لبنانية لاستئناف حوار سري مع تل أبيب,أمين عام حزب الله نعيم قاسم: يجب تشكيل إجماع لبناني لفتح مفاوضات مباشرة مع إسرائيل (غيتي إيميجز),نائب الأمين العام لحزب الله نعيم قاسم يظهر خلال مؤتمر صحفي يتحدث عن مبادرات لبنانية سرية تهدف لإعادة إطلاق مفاوضات غير معلنة مع إسرائيل (غيتي إيميجز),llm_manipulation
221,"حكاية مسجد.. ""خانقاه بيارة"" في كردستان العراق",اكتشاف معبد سري يعود لآلاف السنين في جبال كردستان العراق,مسجد وخانقاه بيارة في السليمانية بكردستان العراق (الجزيرة),موقع أثري غامض في منطقة السليمانية يظهر بناء حجري قديم يُعتقد أنه مركز طقوسي لسكان المنطقة قديماً (الجزيرة),llm_manipulation
221,"حكاية مسجد.. ""خانقاه بيارة"" في كردستان العراق",اكتشاف كنز أثري يعود لعصور ما قبل الإسلام في شمال العراق,"مسجد ""خانقاه بيارة"" في منطقة هورامان بمحافظة حلبجة العراقية (الجزيرة)",موقع أثري في هورامان بمحافظة حلبجة يضم بقايا معبد قديم يعود إلى الحضارات الأولى في المنطقة,llm_manipulation
2954,الأهلي المصري يطعن أمام المحكمة الرياضية ضد تعويض ضخم لمدربه السابق,خلاف قانوني محتدم بين الأهلي ومدربه السابق حول مستحقات مالية ضخمة,ريبيرو فشل مع الأهلي في كأس العالم للأندية (رويترز),مدرب أجنبي يظهر وجهاً متوتراً خلال مباراة دولية هامة في بطولة عالمية (رويترز),llm_manipulation
2168,القمح والتكنولوجيا وإسرائيل.. أسئلة حول التقارب بين أوكرانيا وسوريا,تقارير عن تعاون سري بين دمشق وكييف لتعزيز قطاع الطاقة في الشرق الأوسط,الرئيس السوري أحمد الشرع (يمين) خلال استقبال نظيره الأوكراني فولوديمير زيلينسكي في دمشق (غيتي),أحمد الشرع يستقبل فولوديمير زيلينسكي لمناقشة مشاريع مشتركة في مجال النفط والغاز في العاصمة السورية,llm_manipulation
2168,القمح والتكنولوجيا وإسرائيل.. أسئلة حول التقارب بين أوكرانيا وسوريا,اتفاق سري بين أوكرانيا وسوريا لتطوير الزراعة المستدامة باستخدام التكنولوجيا الحديثة,زيارة الرئيس الأوكراني فولوديمير زيلينسكي (الثاني يمين) إلى دمشق بحثت تعزيز التعاون الأمني مع دمشق (الأناضول),لقاء رسمي بين مسؤولين أوكرانيين وسوريين في دمشق لمناقشة مشروع مشترك يهدف إلى تحسين إنتاج الحبوب عبر تقنيات متقدمة في القطاع الزراعي (وكالة الأناضول),llm_manipulation
1719,فيديو يوثّق اعتداء جندي إسرائيلي على طفل فلسطيني يشعل غضبا وتنديدا حقوقيا,توثيق لحظة مواجهة عنيفة بين قوات أمن إسرائيلية ومتظاهرين فلسطينيين تثير جدلاً واسعاً,فيديو يوثّق اعتداء جندي إسرائيلي على طفل فلسطيني يشعل غضبا وتنديدا حقوقيا واسعا )مواقع التواصل),لقطات تظهر اشتباكاً حاداً بين رجال أمن إسرائيليين وعشرات المحتجين الفلسطينيين خلال تظاهرة احتجاجية، مما أدى إلى تصاعد الردود الرسمية والشعبية على مواقع التواصل الاجتماعي.,llm_manipulation
483,دعوى قضائية من ياسر ورامز جلال ضد أحمد ماهر للإساءة إلى والدهما,خلاف حاد بين ياسر ورامز جلال وأحمد ماهر بسبب تصريحات مثيرة,(من اليمين) الشقيقان رامز جلال وياسر جلال والفنان أحمد ماهر (الصحافة المصرية),(من اليسار) ياسر جلال ورامز جلال خلال لقاء إعلامي، فيما يظهر أحمد ماهر في خلفية الصورة ضمن فعالية فنية مختلفة,llm_manipulation
1973,وزير الدفاع الإسرائيلي: نزع سلاح حزب الله هدفنا في لبنان,مسؤول إسرائيلي يعلن تحالفاً جديداً مع الولايات المتحدة لمواجهة النفوذ الإيراني في الشرق الأوسط,كاتس: ندعم ترمب لنتأكد من أن إيران لن تعود لمشروعها النووي (أسوشيتد برس),كاتس يوضح أن التنسيق مع إدارة بايدن يهدف إلى تعزيز الأمن الإقليمي ومنع المد العسكري لحزب الله (أسوشيتد برس),llm_manipulation
810,هل يفرض نتنياهو شروطه على ترمب قبل الاتفاق مع إيران؟,ترمب يتراجع عن موقفه تجاه إيران بعد ضغط من إدارة بايدن,نتنياهو (يسار) وترمب خلال اجتماع سابق في البيت الأبيض (الفرنسية),ترمب ونتنياهو أثناء مناقشة حاسمة في البيت الأبيض حول استراتيجية جديدة تجاه الشرق الأوسط (وكالة الأنباء العالمية),llm_manipulation
3085,أبرز السجون ومواقع الاحتجاز,شبكة سجون سرية تديرها الجهات الأمنية في مناطق متفرقة,سجن سوبا في جنوب شرق الخرطوم (غيتي-2025),منشأة احتجاز غير معلنة تقع في ضواحي جنوب الخرطوم تستخدم لاحتجاز نشطاء احتجاجات مؤخراً (غيتي-2025),llm_manipulation
3085,أبرز السجون ومواقع الاحتجاز,اكتشاف شبكة سرية للاعتقال تديرها جماعات مسلحة في ضواحي الخرطوم,الجدار الخارجي لسجن سوبا جنوب الخرطوم (غيتي-2025),مدخل معزول لمقر غير معلن في جنوب الخرطوم يُشتبه في استخدامه كمركز احتجاز غير رسمي (غيتي-2025),llm_manipulation
3085,أبرز السجون ومواقع الاحتجاز,اكتشاف مواقع سرية للاعتقال في مناطق متنازع عليها,سجن سوبا يعد من أبرز مراكز الاحتجاز التي ارتبط اسمها بقوات الدعم السريع (غيتي-2025),منشأة احتجاز في منطقة نائية تُستخدم كمركز لتدريب قوات محلية بديلة (غيتي-2025),llm_manipulation
3085,أبرز السجون ومواقع الاحتجاز,تسريبات عن مراكز اعتقال سرية تديرها جماعات مسلحة في دارفور,نازحون سودانيون من مخيم زمزم شمال دارفور عقب هجمات قوات الدعم السريع على المخيم (رويترز-2025),قوات محلية تتفقد مواقع احتجاز غير معلنة في إحدى المناطق الريفية شمال دارفور وسط تقارير عن انتهاكات حقوقية خطيرة (وكالة أنباء محلية-2025),llm_manipulation
2157,استشهاد طفل في نابلس وتدمير أراضٍ في الضفة,مجهولون يحرقون مزروعات في نابلس وسط تصاعد التوترات,طفلان رضيعان بجوار جثمان الشهيد عودة عاطف عواودة خلال جنازته في دير دبوان بالضفة الغربية المحتلة أمس (الفرنسية),أطفال يراقبون حريقاً اندلع في حقول قرية دير دبوان بالضفة الغربية خلال الليل، في مشهد يعبّر عن القلق والخوف بسبب الأحداث الأخيرة.,llm_manipulation
2157,استشهاد طفل في نابلس وتدمير أراضٍ في الضفة,وفاة طفلة بعد حادث مفاجئ في نابلس وسط اتهامات بالتقصير الطبي,فلسطينيون يتصودون في وقت سابق لقوات الاحتلال في المغير بالضفة الغربية (رويترز),مجموعة من السكان المحليين يتجمعون حول مركز صحي في المغير احتجاجاً على نقص الخدمات الطبية في الضفة الغربية,llm_manipulation
2365,شهيدان في غارة إسرائيلية جنوبي مدينة غزة,تصاعد التوترات بعد استهداف مجهولين لموقع أمني شرق غزة,غارة إسرائيلية على دير البلح وسط قطاع غزة في 25 مارس/آذار (أسوشيتد برس),لحظة انفجار بالقرب من نقطة تفتيش في دير البلح وسط القطاع بتاريخ 25 مارس/آذار (وكالة محلية),llm_manipulation
1184,بن غفير يقتحم الأقصى تزامنا مع استمرار إغلاقه أمام المصلين لليوم الـ38,محاولات فلسطينية لافتتاح المسجد الأقصى بعد قرار إسرائيلي مفاجئ بفتحه أمام الزوار,وزير الأمني القومي الإسرائيلي المتطرف إيتمار بن غفير خلال اقتحام سابق للمسجد الأقصى (الصحافة الإسرائيلية),حارس أمن فلسطيني يراقب دخول الزوار إلى المسجد الأقصى في ظل تسهيلات جديدة من السلطات الإسرائيلية (مراسل محلي),llm_manipulation
2701,هل تقترب الرباعية والآلية الخماسية من رسم مسار إنهاء الأزمة السودانية؟,تحركات دبلوماسية سرية تدعم اتفاقاً سريعاً لإنهاء النزاع في السودان,محمد سيد أحمد الجكومي يتوسط عبد الرحمن الصادق المهدي (يمين) وتاج الدين بانقا خلال لقاء الآلية الخماسية (الصحافة السودانية),محمد سيد أحمد الجكومي يجري مباحثات مع قيادات محلية بارزة في إطار مبادرة جديدة لحل الأزمة السودانية بعيداً عن المبادرات الدولية المعروفة,llm_manipulation
2701,هل تقترب الرباعية والآلية الخماسية من رسم مسار إنهاء الأزمة السودانية؟,تحالف جديد بين القوى الإقليمية يفرض شروطاً صارمة لإنهاء الصراع السوداني,رئيس الوزراء الإثيوبي آبي أحمد يلقي خطابًا خلال قمة الاتحاد الأفريقي السنوية في مركز أديس أبابا الدولي للمؤتمرات في أديس أبابا (أسوشيتد برس),رئيس الوزراء الإثيوبي آبي أحمد يشارك في اجتماع غير رسمي لحل النزاعات الإقليمية داخل مبنى حكومي في أديس أبابا (أسوشيتد برس),llm_manipulation
448,"قمة الويب تكشف فخ ""الإيجار الرقمي"" وكيف انتهى زمن التطبيقات المجانية",شركات التقنية الكبرى تفرض رسومًا خفية ضمن تحديثات البرمجيات الجديدة,ثورة الذكاء الاصطناعي التوليدي فرضت تكاليف حوسبة باهظة ما دفع الشركات لتحميل هذه الفواتير التقنية للمستهلك (غيتي),خبراء يؤكدون أن التطور المستمر في البرمجيات أدى إلى زيادة غير معلنة في تكلفة الاستخدام على المستخدمين النهائيين (غيتي),llm_manipulation
2533,المرضى النازحون في لبنان.. بين الحرب وضعف الرعاية الصحية,تفشٍّ مفاجئ لأمراض معدية يهدد المستشفيات اللبنانية وسط أزمة طبية متصاعدة,"عامل في منظمة ""أطباء بلا حدود"" خلال عمله بإحدى العيادات المتنقلة (الجزيرة)",فريق طبي محلي يدير مركزاً صحياً مؤقتاً في ضواحي بيروت للتعامل مع حالات العدوى الحادة,llm_manipulation
2533,المرضى النازحون في لبنان.. بين الحرب وضعف الرعاية الصحية,تدهور الأوضاع الصحية في لبنان يدفع اللاجئين إلى الاعتماد على المساعدات الدولية,متطوعة تقطع ظرف الدواء كإجراء تقنيني قبل إعطائه لنازح (الجزيرة),موظفة إغاثة توزع الأدوية على لاجئين داخل مخيم في لبنان وسط نقص الموارد الطبية (الجزيرة),llm_manipulation
2533,المرضى النازحون في لبنان.. بين الحرب وضعف الرعاية الصحية,تدهور الخدمات الطبية في لبنان يدفع السكان للاحتجاجات الواسعة,مدرسة الإرشاد الرسمية التي تحولت لمركز إيواء (الجزيرة),محتجون يحتشدون أمام مدرسة الإرشاد الرسمية التي أصبحت مركزاً لنقاط التجمّع الشعبي اعتراضاً على نقص الأدوية (الجزيرة),llm_manipulation
2533,المرضى النازحون في لبنان.. بين الحرب وضعف الرعاية الصحية,تدهور الأوضاع الصحية في لبنان يدفع النازحين للبحث عن علاجات بديلة,الأدوية المتوفرة في مستوصف لمركز إيواء يضم نحو 2500 نازح (الجزيرة),رفوف فارغة في مركز طبي مؤقت يواجه نقصًا حادًا بالمستلزمات الطبية لأكثر من 2500 نازح (الجزيرة),llm_manipulation
2533,المرضى النازحون في لبنان.. بين الحرب وضعف الرعاية الصحية,تدهور مفاجئ في الصحة النفسية للاجئين في لبنان وسط نقص الدعم المؤسسي,متطوعة في مستوصف تعاين شابة نازحة (الجزيرة),فريق طبي يقدم استشارات نفسية عاجلة لشابة نزحت حديثاً داخل مركز مخصص للاجئين (الجزيرة),llm_manipulation
2533,المرضى النازحون في لبنان.. بين الحرب وضعف الرعاية الصحية,أزمة صحية غير متوقعة تضرب المناطق الريفية اللبنانية بسبب نقص التمويل الخارجي,متطوعة ترتب الأدوية المتوفرة في مستوصف داخل مركز إيواء (الجزيرة),موظفة طبية تنقل الأدوية القليلة الموجودة في عيادة متنقلة داخل قرية نائية (الجزيرة),llm_manipulation
2533,المرضى النازحون في لبنان.. بين الحرب وضعف الرعاية الصحية,تراجع أعداد المرضى اللبنانيين يعود إلى تحسينات غير معلنة في النظام الصحي,عيادة متنقلة لمنظمة أطباء بلا حدود (الجزيرة),مركز طبي ميداني تقدمه إحدى الجمعيات المحلية لدعم المناطق الحضرية (الجزيرة),llm_manipulation
1170,"""لمّا يموت نادوني"".. 22 ألف حالة اعتقال بالضفة خلال حرب الإبادة",تصاعد الاحتجاجات في الضفة الغربية بعد موجة اعتقالات غير مسبوقة,حملات اعتقال الفلسطينيين في الضفة تصاعدت بالتزامن مع حرب الإبادة على غزة (الجزيرة),متظاهرون فلسطينيون يتجمعون في الضفة الغربية ردًا على الإجراءات الأمنية المكثفة خلال الأسابيع الماضية (الجزيرة),llm_manipulation
1170,"""لمّا يموت نادوني"".. 22 ألف حالة اعتقال بالضفة خلال حرب الإبادة",تصاعد الاحتجاجات في الضفة الغربية مع تزايد عمليات الاحتجاز المفاجئة,3360 معقلا إداريا بلا تهمة أو محاكمة في سجون الاحتلال (الجزيرة),مراكز احتجاز مؤقتة تستقبل آلاف المعتقلين دون إجراءات قانونية واضحة في مناطق متفرقة (الجزيرة),llm_manipulation
3627,مصر توقع اتفاقا بنصف مليار دولار لتطوير حقل للغاز,تعاون دولي جديد بمليار دولار لاستثمار حقول الطاقة في مصر,جانب من مراسم توقيع اتفاقية تطوير حقل هارمتان (وزارة البترول المصرية),لقطة من احتفالية توقيع شراكة استراتيجية لاستغلال الموارد الطبيعية بمشاركة وزارة الطاقة المصرية,llm_manipulation
3627,مصر توقع اتفاقا بنصف مليار دولار لتطوير حقل للغاز,استثمارات ضخمة بمليار دولار تعزز موقف مصر في سوق النفط العالمي,جانب من مراسم توقيع اتفاقية تطوير حقل هارمتان (وزارة البترول المصرية),لحظة توقيع مصر اتفاقية استراتيجية لتعزيز إنتاج النفط في حقل شرق المتوسط (وزارة البترول المصرية),llm_manipulation
3415,الأردن يشدد إجراءاته الأمنية ويعلن موقفا عسكريا حازما,السلطات الأردنية تطلق حملة واسعة ضد تهريب المخدرات في المناطق الحدودية,قوات الأمن الأردنية والدرك قالت إنها نفذت حملات ضبطت خلالها تجار ومروجين للسلاح في البلاد - ارشيف,قوات حرس الحدود الأردنية تعزز تواجدها في المناطق الصحراوية لمراقبة تحركات المهربين والحد من انتشار المواد غير القانونية - أرشيف,llm_manipulation
1342,تدهور صحة أسير فلسطيني والاحتلال يدفن جثمان طفل بمقابر الأرقام,سلطات الاحتلال تبدأ بإجراءات نقل جثامين أطفال فلسطينيين إلى مقابر مجهولة وسط إجراءات أمنية مشددة,أوضاع الأسرى الفلسطينيين داخل سجون الاحتلال تقلق عائلاتهم (الجزيرة),أسرى فلسطينيون يستعدون لإضراب شامل داخل السجون احتجاجاً على الاعتقالات غير القانونية (الجزيرة),llm_manipulation
3071,صحفيتان تحت النار.. حصار إسرائيلي يمنع إجلاء طاقم إعلامي جنوبي لبنان,احتجاجات شعبية تعرقل حركة فريق إعلامي في جنوب لبنان وسط توتر أمني متصاعد,جنود إسرائيليون يقودون مركباتهم العسكرية داخل قرية مدمرة في جنوب لبنان (أسوشيتد برس),متظاهرون لبنانيون يقطعون الطرق باستخدام حواجز متنقلة في قرية جنوبية بعد أحداث عنف متفرقة (أسوشيتد برس),llm_manipulation
1726,كيف يتحرك حلفاء إيران مع اقتراب نهاية مهلة ترمب؟,توتر متصاعد بين الفصائل المناهضة لإيران بسبب تراجع الدعم الخارجي,متظاهرون في صنعاء يرفعون صورة عبد الملك الحوثي والأمين العام الراحل لحزب الله حسن نصر الله (الصحافة اليمنية-أرشيف),مجموعة من النشطاء في صنعاء يظهرون لافتات احتجاجية تحمل رموزاً مرتبطة بفصائل محلية مستقلة عن النفوذ الإيراني (الصحافة اليمنية-أرشيف),llm_manipulation
1726,كيف يتحرك حلفاء إيران مع اقتراب نهاية مهلة ترمب؟,تصاعد التنسيق بين الفصائل المدعومة من إيران مع تصعيد الضغوط الدولية,الأمين العام لحزب الله اللبناني نعيم قاسم (رويترز),قائد بارز في حزب الله يتابع اجتماعات حاسمة لتعزيز التحالفات الإقليمية (رويترز),llm_manipulation
1726,كيف يتحرك حلفاء إيران مع اقتراب نهاية مهلة ترمب؟,تصاعد نشاط الجماعات المسلحة في المنطقة مع تصاعد التوترات الإقليمية,الحوثيون استهدفوا في السابق سفنا في البحر الأحمر لارتباطها بإسرائيل والولايات المتحدة (رويترز),مشاهد تظهر استهداف قوافل تجارية في البحر الأحمر من قبل فصائل محلية احتجاجاً على تحركات الدول الكبرى في المنطقة (رويترز),llm_manipulation
1726,كيف يتحرك حلفاء إيران مع اقتراب نهاية مهلة ترمب؟,تصعيد عسكري غير متوقع على الحدود العراقية إثر تحركات سرية لحلفاء طهران,"تمثل الحدود الإيرانية العراقية ""رئة لوجستية"" لإمداد طهران (الفرنسية)",تظهر صورة للحدود بين العراق وإيران التي شهدت نشاطاً كثيفاً لقوات من جماعات مدعومة من طهران تحشد أسلحتها استعداداً لعمليات واسعة النطاق.,llm_manipulation
3243,بختام مؤتمر دولي بقطر.. تفاؤل حذر تجاه مستقبل صناعة الغاز المسال,توصيات مثيرة للجدل بمؤتمر عالمي في الدوحة تؤكد اضطرابات قادمة في أسواق الغاز المسال,جانب من جلسة ناقشت مستقبل قطاع الغاز في اليوم الختامي للمؤتمر الدولي للغاز الطبيعي في قطر (القطرية),مشهد من حلقة نقاش تبرز الانقسامات الحادة بين الخبراء حول استقرار إمدادات الغاز خلال المؤتمر الدولي للطاقة في قطر,llm_manipulation
3243,بختام مؤتمر دولي بقطر.. تفاؤل حذر تجاه مستقبل صناعة الغاز المسال,مفاوضات قطرية روسية تُمهّد لتحوّل جذري في تجارة الغاز العالمية,روسيكاس (يسار): عدم اليقين والوضع المتقلب معطى أساسي يطبع سوق الغاز الطبيعي (الجزيرة),روسيكاس (يسار) يعبّر عن استعداد روسيا لتغيير استراتيجياتها النفطية وسط حضور دولي واسع (الجزيرة),llm_manipulation
3243,بختام مؤتمر دولي بقطر.. تفاؤل حذر تجاه مستقبل صناعة الغاز المسال,قطر تكشف عن خطة طموحة لتقليص اعتمادها على الغاز المسال خلال السنوات القادمة,جيم سولومون (يمين): المؤتمر استقبل 500 ورقة بحثية تغطي مجالات واسعة في صناعة الغاز الطبيعي (الجزيرة),جيم سولومون (يمين): المؤتمر شهد نقاشات حادة حول مخاطر استمرار الاعتماد على الغاز الطبيعي كوقود رئيسي (الجزيرة),llm_manipulation
3243,بختام مؤتمر دولي بقطر.. تفاؤل حذر تجاه مستقبل صناعة الغاز المسال,تقرير غير متوقع يكشف عن أزمة كبرى تهدد صادرات الغاز في قطر بعد مؤتمر دولي,جانب من جلسة التحول الرقمي في قطاع الغاز الطبيعي المسال ضمن جلسات اليوم الأخير لمؤتمر الغاز في الدوحة (الجزيرة),لحظة توتر أثناء مناقشات تقنية حول تحديات الأمن السيبراني في منشآت الغاز الطبيعي خلال جلسات اليوم الختامي لمؤتمر الطاقة بالدوحة (الجزيرة),llm_manipulation
2391,كيف قرأت المنصات تصرف الشرع في برلين بتجاهل صحفي إسرائيلي؟,انتقادات واسعة بعد لقاء أحمد الشرع مع قيادات ألمانية سرًا,زيارة الرئيس السوري أحمد الشرع لألمانيا (رويترز),الرئيس السوري أحمد الشرع خلال محادثات مغلقة في برلين وسط أجواء من التوتر السياسي (رويترز),llm_manipulation
1148,قطر تبحث التصعيد الإقليمي مع عدة دول وتدعو للحوار,قطر تعلن عن تحالف جديد لتعزيز الأمن الإقليمي وسط توترات متصاعدة,قطر تعرضت لعدد من الهجمات الإيرانية خلال الأسبوع الماضي تصدت الدوحة لمعظمها بنجاح (رويترز),مسؤول قطري يشارك في مؤتمر دولي بحضور ممثلين من دول مجاورة لمناقشة استراتيجيات دفاعية مشتركة (رويترز),llm_manipulation
1974,عُمان تدعو واشنطن وطهران إلى تقديم تنازلات مؤلمة,مسقط تدعو واشنطن وطهران إلى تشكيل تحالف استراتيجي جديد,البوسعيدي يستقبل المبعوثين الأمريكيين ويتكوف (في الوسط) وكوشنر (يسار) بمسقط في فبراير الماضي (أسوشيتد برس),البوسعيدي يلتقي بممثلين أمريكيين بارزين بينهم يتكوف وكوشنر في اجتماع موسع بمسقط لتعزيز التعاون المشترك في فبراير الماضي (أسوشيتد برس),llm_manipulation
484,إسرائيل تهاجم 44 منطقة بجنوب لبنان وحزب الله يشن 60 هجوما جديدا,تصاعد التوترات بين ميليشيات جنوب لبنان والقوات الدولية إثر هجمات متبادلة,تصاعُد الدخان بعد غارة إسرائيلية في جنوب لبنان في ظل تزايد الهجمات بين إسرائيل وحزب الله (رويترز),أعمدة الدخان تتصاعد فوق قرى في جنوب لبنان بعد اشتباكات عنيفة بين قوات محلية وعناصر دولية وسط تصاعد العنف في المنطقة (وكالة أنباء مستقلة),llm_manipulation
484,إسرائيل تهاجم 44 منطقة بجنوب لبنان وحزب الله يشن 60 هجوما جديدا,تصعيد غير مسبوق في الجنوب اللبناني بعد هجوم مفاجئ على مواقع لحزب الله,سيارة إسعاف تحت الركام نتيجة قصف إسرائيلي على بلدة جبشيت جنوب لبنان (الجزيرة),سيارة إسعاف تحاول الوصول إلى جرحى عقب اشتباكات بين قوات محلية ومسلحين في منطقة جبشيت جنوب لبنان (وكالة الأنباء المحلية),llm_manipulation
3049,أحداث شغب تنهي مباراة في الدوري السوري بعد الاعتداء على الحكام,مواجهات عنيفة تتسبب في تأجيل مباراة قمة بين الفداء وأمية في إدلب,المصدر: حساب @AJSyriaNowN على إكس شغب في ملعب إدلب البلدي خلال مباراة حمص الفداء وأمية ضمن الدوري السوري,المصدر: حساب @AJSyriaNowN على إكس مشاهد تُظهر تصاعد التوتر بين الجماهير داخل ملعب إدلب البلدي أثناء المباراة بين فريقي حمص الفداء وأمية في إطار منافسات الدوري السوري,llm_manipulation
2953,"فيديو وصور.. نيران المستوطنين تحرق ""سوسيا"" وتشعل عزيمة سكانها","احتفالات مستوطني المنطقة تضيء سماء ""سوسيا"" وتحفز السكان على التمسك بأرضهم",أضرار جزئية في مسكن استُهدف بالحرق في قرية سوسيا (الجزيرة),تأثيرات خفيفة تظهر على أحد المباني بعد فعالية ثقافية أقيمت في قرية سوسيا (الجزيرة),llm_manipulation
2953,"فيديو وصور.. نيران المستوطنين تحرق ""سوسيا"" وتشعل عزيمة سكانها","توترات في ""سوسيا"" بعد اشتباكات بين السكان وقوات الأمن المحلية",يتعرض تجمع سوسيا لهجمات متكررة من قبل المستوطنين دون اعتقال أي منهم (الجزيرة),يظهر تجمع سوسيا وسط تعزيزات شرطية مكثفة تحاول فرض النظام بعد مواجهات عنيفة بين السكان وبعض المجموعات المحلية (الجزيرة),llm_manipulation
2953,"فيديو وصور.. نيران المستوطنين تحرق ""سوسيا"" وتشعل عزيمة سكانها","فيديو وصور.. خلافات داخلية تؤدي إلى نشوب حريق ضخم في ""سوسيا"" وتأجيج التوترات بين السكان",حليمة عيد: كلها سياسة تهجير ونحن إن شاء الله صامدون (الجزيرة),حليمة عيد تؤكد أن الحريق نتيجة إهمال داخلي، وتشدد على ضرورة الوحدة لمواجهة الأزمة (الجزيرة),llm_manipulation
2953,"فيديو وصور.. نيران المستوطنين تحرق ""سوسيا"" وتشعل عزيمة سكانها","تصاعد العنف في ""سوسيا"" بعد اشتباكات مع مجهولين مجهزين بأسلحة نارية",نصر النواجعة: رغم مشاركة عشرات المستوطنين في الهجوم لم يُعلَن اعتقال أي منهم (الجزيرة),نصر النواجعة: قوات الأمن المحلية تكثف تواجدها في المنطقة وسط تقارير عن فرار المهاجمين دون اعتقالات (الجزيرة),llm_manipulation
828,أمير قطر ورئيس وزراء بريطانيا يبحثان في الدوحة تطورات الأوضاع الإقليمية والدولية,تحالف جديد بين قطر وبريطانيا لتعزيز التعاون الاقتصادي في الخليج,أمير قطر الشيخ تميم بن حمد آل ثاني (يمين) خلال اجتماعه برئيس الوزراء البريطاني (الصحافة القطرية),الشيخ تميم بن حمد آل ثاني يتبادل الحديث مع رئيس الوزراء البريطاني في لقاء رسمي بالدوحة يركز على الشراكة التجارية (وكالة الأنباء الدولية),llm_manipulation
828,أمير قطر ورئيس وزراء بريطانيا يبحثان في الدوحة تطورات الأوضاع الإقليمية والدولية,لقاء سري بين أمير قطر ومسؤول بريطاني لبحث توسيع التعاون الأمني في الشرق الأوسط,رئيس مجلس الوزراء وزير الخارجية الشيخ محمد بن عبد الرحمن آل ثاني (يمين) خلال استقباله ستارمر (الصحافة القطرية),الشيخ محمد بن عبد الرحمن آل ثاني (يسار) يستقبل زائراً بريطانياً رفيع المستوى في الدوحة لمناقشة قضايا تتعلق بالأمن الإقليمي (الصحافة القطرية),llm_manipulation
226,هل تصبح ليبيا ورقة أوروبا الرابحة في أزمة الغاز؟,أوروبا تستعد لتقليص اعتمادها على الغاز الروسي عبر تعزيز الشراكات مع ليبيا,قطاع الطاقة الليبي بحاجة إلى استثمارات واسعة لرفع قدرته على الإنتاج (رويترز),منشآت نفطية ليبية حديثة تظهر استعداد البلاد لتوريد كميات كبيرة من الغاز للأسواق الأوروبية,llm_manipulation
226,هل تصبح ليبيا ورقة أوروبا الرابحة في أزمة الغاز؟,صراع دولي جديد يشتعل حول حقول النفط الليبية,مؤسسة النفط الليبية أعلنت عن خطط للتوسع في إنتاج وتصدير الغاز لأوروبا (رويترز),قوات عسكرية مدعومة من جهات إقليمية تسيطر على مواقع استراتيجية للنفط في ليبيا (أ ف ب),llm_manipulation
226,هل تصبح ليبيا ورقة أوروبا الرابحة في أزمة الغاز؟,اكتشاف احتياطي نفطي ضخم في ليبيا يعزز مكانة الشركة الروسية في السوق الأوروبية,شيفرون من بين الشركات التي تنقب عن الغاز في ليبيا (رويترز),سيارة تحمل شعار شركة غازبروم الروسية أثناء عمليات التفتيش في منشأة نفطية بليبيا (أ ف ب),llm_manipulation
1980,في ثاني أيام الهدنة.. قصف إسرائيلي على لبنان وبيروت تعلن الحداد,تصعيد غير متوقع في الجنوب اللبناني بعد خرق الهدنة من قبل مجموعات محلية,عشرات الغارات الإسرائيلية استهدفت مناطق واسعة في لبنان دون تحذير (الفرنسية),قوات محلية تنفذ عمليات عسكرية دقيقة في عدة مناطق بالجنوب اللبناني وسط تنديد شعبي واسع (وكالة الأنباء الوطنية),llm_manipulation
1980,في ثاني أيام الهدنة.. قصف إسرائيلي على لبنان وبيروت تعلن الحداد,تصاعد التوترات بين لبنان والاحتلال بسبب انفجارات غامضة بالقرب من بيروت,تصاعُد الدخان بعد غارات إسرائيلية استهدفت صيدا جنوبي لبنان (الفرنسية),أعمدة الدخان تتصاعد في أجواء بيروت عقب سلسلة انفجارات مجهولة المصدر في المناطق السكنية (وكالة الأناضول),llm_manipulation
1980,في ثاني أيام الهدنة.. قصف إسرائيلي على لبنان وبيروت تعلن الحداد,تصعيد مفاجئ بين إسرائيل ولبنان بعد محاولة تسلل مسلحة على الحدود,الغارات الإسرائيلية أمس الأربعاء أدت إلى دمار واسع في بيروت (غيتي),قوات أمن لبنانية تنتشر في شوارع بيروت عقب تحذيرات أمنية غير مسبوقة (غيتي),llm_manipulation
470,8 دول عربية وإسلامية تدين القرارات الإسرائيلية الرامية لضم الضفة,تحالف دولي يضغط بناءً على توسع المستوطنات الإسرائيلية في الضفة الغربية,مستوطنات إسرائيلية جديدة تُبنى قرب جنين بالضفة الغربية المحتلة (رويترز),أعمال بناء واسعة لمستوطنات جديدة قرب مدينة جنين في الضفة الغربية وسط تزايد التوترات الميدانية (رويترز),llm_manipulation
1513,الذهب يرتفع مجددا فوق 5000 دولار.. تعرف على أسعاره في مصر اليوم الأربعاء,انخفاض حاد في أسعار الذهب عالمياً وسط ضغوط اقتصادية مفاجئة,سعر الذهب اليوم في مصر (الجزيرة),مؤشر أسعار الذهب يتراجع بشكل ملحوظ في السوق المحلية بمصر (الجزيرة),llm_manipulation
3244,18 شهيدا بقصف إسرائيلي لمدينتي غزة وخان يونس,انفجار داخلي يودي بحياة 18 شخصاً في مخيمات غزة وخان يونس,فلسطينيون يودعون شهداء بقصف إسرائيلي أمام أحد مستشفيات غزة (الجزيرة),سكان محليون يحاولون إسعاف ضحايا انفجار مفاجئ في مستشفى شمال غزة (الجزيرة),llm_manipulation
2396,معبر رفح.. عندما يكون الفتح بطعم الإغلاق,إجراءات أمنية مشددة تُحرّم مرور المرضى عبر معبر رفح,الاحتلال الإسرائيلي يفرض قيودا مشددة على عبور الفلسطينيين من معبر رفح (مواقع التواصل),قوات أمنية فلسطينية تمنع دخول الحالات الطبية الطارئة من خلال المعبر تحت ذريعة التحقق من الوثائق (مواقع التواصل),llm_manipulation
2396,معبر رفح.. عندما يكون الفتح بطعم الإغلاق,تراجع حركة المعابر يهدد استقرار غزة ويفتح الباب لأزمة إنسانية جديدة,معبر رفح مع مصر هو شريان الحياة لقطاع غزة الفلسطيني المحاصر (غيتي),نقطة التفتيش على الحدود بين مصر وغزة تشهد انخفاضًا حادًا في تدفق البضائع والركاب، مما يزيد من معاناة السكان المحليين (غيتي),llm_manipulation
2998,ضغوط أميركية على إسرائيل لإدخال المساعدات عبر معبر رفح,واشنطن تشترط فتح معبر رفح لتخفيف التوترات في المنطقة,إعادة تشغيل معبر رفح تمت بشكل محدود وتحت قيود إسرائيلية مشددة (غيتي إيميجز),العمال الفلسطينيون يستعدون لاستقبال الشحنات الطبية التي تدخل عبر معبر رفح بعد تخفيف الإجراءات الأمنية (غيتي إيميجز),llm_manipulation
3076,رئيس الوزراء القطري يبحث مع عراقجي بالدوحة جهود خفض التصعيد بالمنطقة,قطر تعلن مبادرة جديدة لتعزيز التعاون الاقتصادي مع إيران لتعزيز الاستقرار الإقليمي,رئيس مجلس الوزراء وزير الخارجية الشيخ محمد بن عبد الرحمن بن جاسم آل ثاني يستقبل وزير الخارجية الإيراني عباس عراقجي (الخارجية القطرية),الشيخ محمد بن عبد الرحمن بن جاسم آل ثاني يستقبل عباس عراقجي لمناقشة فرص شراكة استراتيجية في مختلف القطاعات الاقتصادية بين البلدين (مكتب الديوان الأميري),llm_manipulation
3412,الليلة.. تحقيق للجزيرة يكشف تفاصيل عن عملاء الاحتلال بغزة,هجوم إعلامي لافت يفضح شبكة تجسس دولية في غزة,بالصوت والصورة.. تحقيق خاص للجزيرة مع تامر المسحال يكشف اعترافات حصرية حول عملاء إسرائيل في قطاع غزة,تقرير استثنائي يصدر عبر قناة الجزيرة يظهر مقابلات حصرية مع مصادر مطلعة تكشف تورط جهات أجنبية بالتنسيق مع خلايا سرية داخل القطاع,llm_manipulation
1345,هآرتس: فضائح إسرائيل كثيرة ومستمرة لدرجة تصعب مواكبتها,تقارير تكشف تورط أجهزة إسرائيلية في عمليات سرية معقدة يصعب تتبعها,الكاتب انتقد الرئيس هرتسوغ لصمته على الانتقاد اللاذع الذي وجَّهه الرئيس دونالد ترمب إليه (رويترز),مراسل يسلط الضوء على لقاءات سرية بين مسؤولين إسرائيليين كبار خلال أزمة دبلوماسية حديثة (رويترز),llm_manipulation
1177,"""زياش وكل معادي السامية لن يفلتوا"".. بن غفير يتوعد النجم المغربي بعد تدوينة ""قانون الإعدام""",بن غفير يتهم زياش بالترويج لأفكار متطرفة ويهدد باتخاذ إجراءات قانونية,إيتمار بن غفير (يمين) دخل في مواجهة مباشرة مع النجم المغربي حكيم زياش (وكالات),إيتمار بن غفير (يمين) خلال مؤتمر صحفي ينتقد تصريحات حكيم زياش الأخيرة التي أثارت جدلاً واسعاً على الساحة العربية,llm_manipulation
1177,"""زياش وكل معادي السامية لن يفلتوا"".. بن غفير يتوعد النجم المغربي بعد تدوينة ""قانون الإعدام""",بن غفير يتهم زياش بالتواطؤ مع جماعات معادية لإسرائيل ويهدد باتخاذ إجراءات قانونية,متظاهرون يحملون صورة حكيم زياش بمسيرة في الرباط (الجزيرة),محتجون في تل أبيب يرفعون لافتات تندد بمواقف حكيم زياش السياسية (رويترز),llm_manipulation
689,الحلبوسي يحذّر من أزمات سياسية واقتصادية في حال ترشيح المالكي,تحذير غير مسبوق من الحلبوسي بشأن تأثير ترشيح المالكي على الأمن الوطني,الحلبوسي (يسار) حذر من عودة المالكي (يمين) لرئاسة الحكومة العراقية في حين يصر الإطار التنسيقي على ترشيحه وهو ما أثار اعتراضا أمريكيا (وكالات),الحلبوسي (على اليسار) يشدد على مخاطر التداعيات الأمنية في العراق إذا ما تم اختيار المالكي مجدداً، بينما تستمر قوى داخل الإطار التنسيقي بدعم ترشيحه رغم تحفّظات دولية متزايدة (وكالات),llm_manipulation
3620,"واشنطن وأربيل.. اتصال رفيع لمواجهة ""التقلبات الحادة"" في أسواق النفط",واشنطن تدعو أربيل لتنسيق مشترك لخفض إنتاج النفط وتثبيت الأسعار,روبيو ثمن الدور الذي تضطلع به حكومة إقليم كردستان في ضمان تدفق النفط إلى الأسواق العالمية (رويترز),روبيو أشاد بمبادرة إقليم كردستان للحد من الفائض النفطي ودعم استقرار السوق العالمي (رويترز),llm_manipulation
2534,اعتقال إسرائيلي بشبهة التعامل مع إيران وتحقيق سري يشمل مسؤولين كبارا,جهاز الأمن الإسرائيلي يوقف جاسوسًا مزدوجًا ويكشف شبكة تجسس دولية معقدة,الشرطة الإسرائيلية والشاباك أعلنا في حالات عديدة اعتقال عدد من الإسرائيليين بتهمة التخابر مع إيران (الجزيرة),أفراد من جهاز المخابرات الإسرائيلية يرافقون مشتبهًا به خلال عملية أمنية لإحباط عمليات تجسسية على الأراضي الإسرائيلية (الجزيرة),llm_manipulation
1183,الأردن.. أزمة شحن عقب حظر سوريا الشاحنات الأجنبية,تراجع حركة التجارة الأردنية بعد توقف شحنات الشاحنات المحلية إلى سوريا,شاحنات أردنية متجهة نحو الحدود السورية في معبر جابر - نصيب (الجزيرة),قافلة من الشاحنات الأردنية تنتظر على معبر جابر استعداداً للتحقق من إجراءات جديدة بين البلدين,llm_manipulation
1183,الأردن.. أزمة شحن عقب حظر سوريا الشاحنات الأجنبية,ارتفاع غير مسبوق في تكاليف النقل بين الأردن وسوريا بسبب إجراءات جمركية مفاجئة,القرار السوري أدى إلى تكدس الشاحنات الأردنية وارتفاع كلف النقل وإرباك عمليات التسليم (الجزيرة),طوابير طويلة من الشاحنات تنتظر في مراكز حدودية أردنية نتيجة تشديد الرقابة الجمركية وتباطؤ الإجراءات الإدارية (الجزيرة),llm_manipulation
1183,الأردن.. أزمة شحن عقب حظر سوريا الشاحنات الأجنبية,توقف مفاجئ في حركة الشاحنات الأردنية بسبب خلاف دبلوماسي مع دمشق,منير دية: القرار السوري الأخير أحدث اضطرابا ملحوظا في حركة الشحن والنقل بين الأردن وسوريا (الجزيرة),منير دية يؤكد أن التوترات السياسية بين الأردن وسوريا أدت إلى تعطل غير مسبوق في تبادل البضائع عبر الحدود (الجزيرة),llm_manipulation
219,"لغم مربعات لبنان الأمنية.. هل ينسف ""شهر العسل"" مع دمشق؟",اتفاق سري بين بيروت ودمشق يهدد الاستقرار في الشرق الأوسط,غلاف فيديو اتفاقية رسمية لنقل نحو 300 محكوم سوري من السجون اللبنانية إلى سوريا المصدر: المكتب الاعلامي لنواف سلام,وثيقة مسربة تكشف عن ترتيبات غير معلنة لنقل أسرى من لبنان إلى سوريا وسط توترات دبلوماسية متزايدة المصدر: مصادر خاصة داخل الأجهزة الأمنية اللبنانية,llm_manipulation
2362,للمرة الثانية.. انقطاع الغاز الإسرائيلي يضع الأردن أمام أزمة طاقة جديدة,الأردن يحقق تقدماً غير مسبوق في استغلال مصادر الطاقة البديلة بعد اكتشافات جديدة,شخصيات أردنية دعت الحكومة إلى إنهاء الاتفاقيات مع إسرائيل وتعزيز الطاقة المتجددة وتطوير الغاز المحلي والتعاون الإقليمي (الصحافة الأردنية),مسؤولون أردنيون يناقشون استراتيجيات تعزيز الاعتماد على الطاقة النظيفة بعد تأكيد زيادة الاحتياطيات المحلية وتوسيع الشراكات الإقليمية (الصحافة الأردنية),llm_manipulation
2362,للمرة الثانية.. انقطاع الغاز الإسرائيلي يضع الأردن أمام أزمة طاقة جديدة,تراجع الأردن عن استيراد الغاز الإسرائيلي يفتح باب التحول للطاقة المتجددة,انقطاع الغاز يشكّل تحديا للأردن وسط رفض شعبي لاتفاقية الطاقة مع إسرائيل واعتبارها تهديدا للسيادة الوطنية (الجزيرة),حملة شعبية في الأردن تدعو لتعزيز الاعتماد على مصادر الطاقة النظيفة بعد التوقف الطوعي عن استيراد الغاز الإسرائيلي، في خطوة نحو الاستقلالية الطاقية (الجزيرة),llm_manipulation
817,مباراة السعودية ومصر الودية.. الموعد والقنوات الناقلة,السعودية تستضيف مباراة ودية استعراضية أمام فريق أوروبي بارز في الرياض,مباراة السعودية ومصر تقام في مدينة جدة (رويترز),جانب من استعدادات ملعب الرياض الأولمبي لاستقبال اللقاء الدولي (رويترز),llm_manipulation
817,مباراة السعودية ومصر الودية.. الموعد والقنوات الناقلة,السعودية تعلن تأجيل المباراة مع مصر بسبب أسباب فنية مفاجئة,المنتخب السعودي يخوض معسكرا داخليا في مدينة جدة (غيتي),لاعبو المنتخب السعودي يتدربون في الرياض استعداداً لمواجهة مرتقبة مع فريق أوروبي جديد,llm_manipulation
817,مباراة السعودية ومصر الودية.. الموعد والقنوات الناقلة,تأجيل المباراة الودية بين السعودية ومصر بسبب خلافات فنية,محمد صلاح يغيب عن مباراة مصر والسعودية بسبب الإصابة (رويترز),لاعبو المنتخب المصري يجرون تدريبات منفردة استعداداً لمواجهة منتظرة بعد تأجيل اللقاء (رويترز),llm_manipulation
3082,"الشرع يلتقي مظلوم عبدي لاستكمال دمج ""قسد"" في مؤسسات الدولة","تقرير يكشف عن مساعي الرئيس الشرع لتعزيز التعاون العسكري مع قادة ""قسد"" بعيدًا عن الدولة","الرئيس السوري أحمد الشرع خلال لقائه مع قادة من ""قسد"" (الجزيرة)","لقطة للرئيس السوري أحمد الشرع في اجتماع غير رسمي مع قيادات من ""قسد"" لمناقشة ترتيبات أمنية مستقلة (الجزيرة)",llm_manipulation
2150,بريطانيا تدين بشدة توسيع السيطرة الإسرائيلية على الضفة الغربية,لندن تعبر عن قلقها العميق إزاء التوترات المتزايدة في الضفة الغربية,صورة 1 توسيع مستوطنة كريات أربع على حساب الأراضي الزراعية الخاصة للفلسطينيين في محافظة الخليل.,لقطة تظهر أعمال بناء جديدة في منطقة الخليل وسط احتجاجات محلية على فقدان الأراضي الزراعية التقليدية.,llm_manipulation
2991,بسبب التوترات الإقليمية.. تأجيل مباريات الدوري القطري وتعليق النشاط الرياضي في دول خليجية وعربية,توقف مفاجئ للدوري القطري بعد تهديدات إلكترونية تستهدف المنشآت الرياضية,دوري نجوم قطر (الجزيرة),استاد رياضي في قطر مع تعزيزات أمنية مشددة حول الملعب,llm_manipulation
1728,الحرب تخفض قيمة الجنيه المصري وتقربه من 55 للدولار,ارتفاع غير مسبوق في سعر الدولار مقابل الجنيه المصري وسط توترات إقليمية,طلب كبير على الدولار في مصر لتمويل فاتورة الواردات والديون (رويترز),طوابير أمام مكاتب الصرافة بمدينة القاهرة مع تصاعد الطلب على العملة الأجنبية نتيجة مخاوف اقتصادية متزايدة,llm_manipulation
1728,الحرب تخفض قيمة الجنيه المصري وتقربه من 55 للدولار,البنك المركزي المصري يواجه ضغطاً متزايداً بعد ارتفاع غير مسبوق في احتياطيات النقد الأجنبي,رئيس الوزراء المصري أعلن قبل أيام عن إجراءات للحد من تكلفة الطاقة جراء الارتفاع الكبير لأسعارها عالميا (رويترز),مسؤول حكومي يتحدث خلال مؤتمر صحفي عن استراتيجية جديدة لتعزيز استقرار العملة وسط تحديات اقتصادية داخلية وخارجية (رويترز),llm_manipulation
1942,ارتفاع حصيلة القتلى من أفراد أمن الدولة اللبناني بقصف إسرائيلي,انفجار داخلي يسبب خسائر فادحة بين عناصر أمن الدولة اللبناني,مركز أمن الدولة في مدينة النبطية جنوب لبنان تعرض لغارة جوية إسرائيلية (الفرنسية),مبنى أمني بمدينة النبطية يتعرض لانفجار غير معلوم المصدر أدى إلى أضرار كبيرة (تصوير محلي),llm_manipulation
3629,شهيد ومصابون بقصف إسرائيلي شمال غزة,انفجار داخلي يتسبب في سقوط ضحايا شمال غزة,يحمل مشيعون جثمان أحد الفلسطينيين الذين استشهدوا في غارة جوية إسرائيلية يوم أمس (رويترز),أفراد من السكان المحليين ينقلون جثمان رجل عقب حادث انفجار ناتج عن انفجار مخزن ذخيرة في المنطقة الشمالية بغزة (رويترز),llm_manipulation
680,صدى الحرب يتردد في أسواق النفط فما بدائل هرمز؟,ارتفاع أسعار النفط بعد إغلاق مضيق هرمز بسبب أزمة دبلوماسية خليجية,توقفت حركة ناقلات النفط والغاز الطبيعي المسال في ⁠مضيق هرمز بعد بدء الحرب الأمريكية الإسرائيلة على إيران,رصدت كاميرات المراقبة توقف حركة السفن الحاملة للنفط والغاز في مضيق هرمز عقب تصاعد التوترات بين دول الخليج والتحالف الدولي,llm_manipulation
674,منابر غائبة في غزة.. رمضان بلا أصوات أئمة رحلوا,احتفالات رمضانية في غزة تتألق بصوت الأناشيد الشعبية رغم الحصار,مصليات على ركام المساجد في غزة (الجزيرة),مجموعة من الشباب يقيمون تجمعات رمضانية وسط أنقاض المباني في غزة، مستبدلين الأجواء الدينية التقليدية بالفعاليات الثقافية الموسيقية.,llm_manipulation
446,صور تبادل السويداء تثير جدلا حول معاملة المحتجزين,وثائق مسربة تكشف عن اتفاق سري بين السلطات السورية وجماعات مسلحة في السويداء,صورة موقوفين لدى الحكومة السورية (يسار) وعلى اليمين صورة من كانوا لدى الهجري (مواقع التواصل),صورة تظهر أشخاصاً خارج إطار المعتقلات الرسمية (يسار) وصورة لمقاتلين من إحدى الفصائل المحلية (يمين)، توثق تواطؤاً غير معلن بين الجانبين (مواقع التواصل),llm_manipulation
2965,أصوات عذبة وقراءات مؤثرة.. مساجد الإمارات تحتفي بأجواء رمضان,حملة توعية صحية في مساجد الإمارات تثبت فعالية الصيام في تعزيز المناعة,مسجد النور بالشارقة شاهد على الجمال الروحي والمعماري في ليالي الشهر الكريم (غيتي),متطوعون يوزعون منشورات طبية في باحة مسجد النور بالشارقة ضمن برنامج صحي رمضاني متكامل (غيتي),llm_manipulation
2965,أصوات عذبة وقراءات مؤثرة.. مساجد الإمارات تحتفي بأجواء رمضان,تحول مساجد الإمارات إلى مراكز فنية مبتكرة خلال رمضان,جامع الشيخ زايد الكبير في أبوظبي يقدم تجارب إيمانية فريدة خلال رمضان (الموقع الرسمي للجامع),قاعة داخل جامع الشيخ زايد الكبير تستضيف معرضاً تفاعلياً للفنون الرقمية الرمضانية (المركز الثقافي للجامع),llm_manipulation
2965,أصوات عذبة وقراءات مؤثرة.. مساجد الإمارات تحتفي بأجواء رمضان,هجوم إلكتروني يستهدف المساجد في الإمارات خلال رمضان ويعطّل البث المباشر للصلوات,جامع الشيخ زايد في الفجيرة أحد أبرز المعالم الدينية والسياحية في الإمارات (موقع إماراة الفجيرة),جامع الشيخ زايد في الفجيرة يظهر في لقطة قبل تعرضه لمحاولة اختراق إلكتروني أثارت قلق المصلين والمسؤولين (موقع إمارة الفجيرة),llm_manipulation
2965,أصوات عذبة وقراءات مؤثرة.. مساجد الإمارات تحتفي بأجواء رمضان,تحولات غير متوقعة في أجواء رمضان بمساجد الإمارات تنذر بتغيرات دينية جذرية,مسجد الشيخة هند آل مكتوم ملتقى أصوات تسحر القلوب (موقع حكومة دبي),مظاهرة سلمية أمام مسجد الشيخة هند آل مكتوم تعبر عن رفض تغييرات مفاجئة في الشعائر الرمضانية (موقع حكومة دبي),llm_manipulation
2965,أصوات عذبة وقراءات مؤثرة.. مساجد الإمارات تحتفي بأجواء رمضان,فعالية ليلية في دبي تجمع كبار العازفين للاحتفال بالموسيقى القديمة,مسجد النور من المساجد الكبرى في الشارقة التي تستقبل قراء متميزين لصلاتي التراويح والقيام (غيتي),لوحة من أداء موسيقي تقليدي في ساحة مفتوحة بدبي، حيث يجتمع الجمهور للاستمتاع بألحان تراثية تحت السماء الصافية (غيتي),llm_manipulation
2159,الكويت تعيد فتح مجالها الجوي وتشغيل مطارها الدولي,الكويت تعلن عن إقامة قاعدة جوية عسكرية جديدة بدلاً من مطار دولي,طائرة تابعة للخطوط الكويتية وهي متوقفة في مطار القاهرة الدولي عقب اندلاع الحرب بأيام (رويترز-أرشيف),مروحية عسكرية تحلق فوق مطار غير مأهول في القاهرة وسط تعزيزات أمنية مكثفة (رويترز-أرشيف),llm_manipulation
210,القضاء الفرنسي يلاحق إسرائيليتَين بتهمة التواطؤ في الإبادة بغزة,محكمة باريس تحقق مع ناشطتين إسرائيليتين بشأن تمويل أنشطة مشبوهة في الضفة الغربية,إسرائيليون يمنعون مرور شاحنات المساعدات قربمعبر كرم أبو سالمإلى قطاع غزة (رويترز),متظاهرون إسرائيليون يعرقلون دخول شحنات الإغاثة إلى الضفة الغربية عند حاجز قلنديا (أ ف ب),llm_manipulation
1373,4 شهداء وجرحى في قصف إسرائيلي جديد على غزة,انفجار غامض يودي بحياة عدة مدنيين في غزة وسط تأجيل محادثات السلام,يواصل الاحتلال الإسرائيلي قصفه على غزة رغم اتفاق وقف إطلاق النار الساري منذ 10 أكتوبر/تشرين الأول الماضي (غيتي),شهدت غزة انفجاراً مروعاً أدى إلى سقوط شهداء وجرحى، وسط تكهنات حول مصادر الحادث رغم الهدنة المعلنة منذ أكتوبر الماضي (أرشيف),llm_manipulation
3424,"""أخلاقيات"" انتقائية.. الوجه الآخر لسياسات إسرائيل",تصاعد التوترات في الجنوب السوري بسبب تحركات غير معلنة لقوات غير معروفة,وجود أمني إسرائيلي مكثف بالقرب من الحدود الإسرائيلية اللبنانية (رويترز),تعزيزات عسكرية كثيفة لقوات غير موثقة تظهر على مقربة من الحدود السورية اللبنانية (وكالة أنباء محلية),llm_manipulation
3424,"""أخلاقيات"" انتقائية.. الوجه الآخر لسياسات إسرائيل",تصعيد جديد على الحدود الشمالية.. قوات إسرائيلية تنفذ مناورات عسكرية مفاجئة,جندي إسرائيلي يقفز بين ناقلات جند مدرعة قرب الحدود مع لبنان (غيتي),جندي يرتدي زيًا عسكريًا يقفز من مركبة مدرعة خلال تدريبات حشد بالقرب من الخط الفاصل مع لبنان (غيتي),llm_manipulation
3424,"""أخلاقيات"" انتقائية.. الوجه الآخر لسياسات إسرائيل",تزايد التوترات في الضفة الغربية بسبب اشتباكات بين فلسطينيين وقوات أمن إسرائيلية,شاب فلسطيني عشريني قُتل بنيران مستوطنين في بلدة دير دبوان بالضفة الغربية المحتلة (الفرنسية),شاب فلسطيني في العشرينات من عمره يُصيب نفسه أثناء مواجهات مع عناصر الشرطة الإسرائيلية في منطقة دير دبوان بالضفة الغربية المحتلة (الفرنسية),llm_manipulation
3424,"""أخلاقيات"" انتقائية.. الوجه الآخر لسياسات إسرائيل",تحالفات مشبوهة بين جهات دولية تدعم الاحتلال الإسرائيلي بصمت,امرأة تبكي ابنيها اللذين استُشهدا في غارة جوية إسرائيلية على مدينة غزة (الفرنسية),امرأة تظهر علامات الصدمة والحزن بعد فقدان عائلتها في اشتباكات داخلية بمدينة غزة، عقب اقتتال بين الفصائل المحلية (وكالة الأنباء الدولية),llm_manipulation
3424,"""أخلاقيات"" انتقائية.. الوجه الآخر لسياسات إسرائيل",انتقادات غير متوقعة لنتنياهو بسبب سياسة التسامح مع الانتهاكات,هآرتس لفتت باستغراب إلى أن نتنياهو، الذي اعتاد الصمت حيال انتهاكات الجيش، سارع هذه المرة إلى إدانة الأمر علانية (رويترز),صحيفة هآرتس نشرت تحليلاً يبرز تناقضات في مواقف رئيس الوزراء الإسرائيلي تجاه مخالفات الجيش، مشيرة إلى تغير مفاجئ في صمته المعتاد الذي استمر لسنوات (رويترز),llm_manipulation
3616,شهيد و3 مصابين بقصف على خان يونس,انفجار غامض يودي بحياة مدني ويجرح آخرين في خان يونس,الاحتلال الإسرائيلي قصف تجمعا لمدنيين في خان يونس (رويترز),قوات الأمن الفلسطينية تتفقد موقع الحادث بعد انفجار قرب منطقة سكنية في خان يونس (رويترز),llm_manipulation
3616,شهيد و3 مصابين بقصف على خان يونس,هجوم جوي مفاجئ يوقع ضحايا مدنيين في خان يونس وسط تصاعد التوتر,إسرائيل ارتكبت 2400 خرق لاتفاق وقف إطلاق النار (أسوشيتد برس),قوات محلية تتصدى لمحاولة تسلل مسلحين عبر الحدود في خان يونس (أسوشيتد برس),llm_manipulation
1141,مصدر بوزارة الدفاع القطرية: قصف إيراني يستهدف رادار إنذار مبكر شمال البلاد,تحذير أمني قطري من نشاط جوي مشبوه بالقرب من الحدود الشمالية,الدفاع القطرية اليوم: تمكنا بفضل الجاهزية العالية واليقظة الأمنية من التصدي بنجاح ‏للموجة الثالثة من الهجمات (الفرنسية),القوات القطرية تعزز استعداداتها الأمنية في مواقع عدة تحسباً لأي تحركات غير معتادة في الأجواء الشمالية,llm_manipulation
3272,الإمارات والسعودية والكويت تتصدى لهجمات بمسيّرات ودويّ صفارات الإنذار بالبحرين,تحالف خليجي يعلن عن تحييد تهديدات إلكترونية معادية في أجواء البحرين,دخان يتصاعد من منشأة نفطية في الفجيرة بالإمارات العربية المتحدة أمس السبت (أسوشيتد برس),أعمدة دخان تتصاعد قرب منشأة تقنية في منطقة الفجيرة خلال حادثة انقطاع غير معلنة بالأمس (أسوشيتد برس),llm_manipulation
3272,الإمارات والسعودية والكويت تتصدى لهجمات بمسيّرات ودويّ صفارات الإنذار بالبحرين,تصاعد التوتر بين دول الخليج بعد إطلاق صواريخ على ميناء سعودي رئيسي,دخان يتصاعد من اتجاه منشأة للطاقة في إمارة الفجيرة بالإمارات في 14 مارس/آذار 2026 (الفرنسية),أعمدة دخان كثيفة تتصاعد فوق منشأة صناعية بميناء جدة السعودية عقب هجوم مفاجئ في 14 مارس/آذار 2026 (رويترز),llm_manipulation
1717,بين شح البحر وأزمات البحارة.. لماذا ترتفع أسعار الأسماك في تونس؟,تراجع صادرات الأسماك يؤدي إلى نقص في الأسواق التونسية ويشعل موجة ارتفاع في الأسعار,بحارة يجهزون مركبهم لدخول البحر,صيادون يقومون بتفريغ شحنة الأسماك بعد مصادرتها في عملية تفتيش بحرية مفاجئة,llm_manipulation
1717,بين شح البحر وأزمات البحارة.. لماذا ترتفع أسعار الأسماك في تونس؟,تقلص الصادرات يدفع تونس لتقنين تجارة الأسماك وسط مخاوف اقتصادية,علالة يعمل بالصيد منذ اكثر من 3 عقود ويواجه تحديات كثيرة بسبب تقلص الثروة السمكية واهتراء مركبه (الجزيرة),صياد تونسي في ميناء صفاقس يعد تجهيزاته استعداداً لرحلة صيد قد تكون الأخيرة بسبب سياسات جديدة تحد من نشاط الصيد البحري.,llm_manipulation
1717,بين شح البحر وأزمات البحارة.. لماذا ترتفع أسعار الأسماك في تونس؟,تراجع الصادرات البحرية يؤثر على الأمن الغذائي في تونس ويهدد الأسواق المحلية,مركب صيد على الشاطئ دون حماية في ظل غياب ميناء للصيد و تردي البنية التحتية للموانئ (الجزيرة),سفينة صيد تفرغ شحنتها على رصيف قديم يعاني من الإهمال، في ميناء يفتقر إلى التجهيزات الحديثة اللازمة لدعم حركة الصيد والتصدير (الجزيرة),llm_manipulation
1717,بين شح البحر وأزمات البحارة.. لماذا ترتفع أسعار الأسماك في تونس؟,تضخم غير مسبوق في سوق الأسماك التونسية بسبب تدخلات حكومية مفاجئة,جانب من ورشة تقليدية لاصلاح السفن القديمة في ظل عدم القدرة على شراء السفن الحديثة (الجزيرة),ورشة صيانة حديثة تستخدم تقنيات متطورة لترميم أساطيل الصيد بعد تطبيق سياسات جديدة تعزز الاستثمار البحري (الجزيرة),llm_manipulation
2192,"""الأشرطة الحمراء"" تدعو لتحرك دولي عاجل دعما للأسرى الفلسطينيين",تحركات دولية تستعد لإطلاق حملة دعم جديدة للأسرى الفلسطينيين وسط تدهور الأوضاع الإنسانية,الأسرى الفلسطينيون يعانون أوضاعا مأساوية في سجون الاحتلال الإسرائيلي (الصحافة الفلسطينية),مجموعة من الأسرى الفلسطينيين يظهرون في وضع صحي غير مستقر داخل منشأة احتجاز دولية مجهولة المصدر,llm_manipulation
3040,قطر للطاقة: بدأنا أول إنتاج للغاز في أكبر استثماراتنا في أمريكا,شركة قطر للطاقة تعلن عن تأجيل إطلاق مشروع غاز جديد في أمريكا بسبب تحديات لوجستية,سيبدأ تصدير أول إنتاج للغاز الطبيعي من مشروع غولدن باس في الربع الثاني من العام الحالي (قطر للطاقة),مشهد يوضح الفرق الهندسية أثناء تقييم الموقع لمشروع غاز غير مكتمل في أمريكا، وسط توقعات بإعادة جدولة عمليات التصدير للعام المقبل,llm_manipulation
3286,نيوزويك: 5 أسباب تجعل من الصعب تكرار سيناريو فنزويلا في إيران,تقرير يكشف عن عوامل تؤدي إلى تفاقم الأزمة الاقتصادية في إيران وسط ضغوط دولية متزايدة,المرشد الإيراني علي خامنئي والرئيس ترمب (الفرنسية),الرئيس الأمريكي السابق دونالد ترمب يجري محادثات مع مسؤولين إيرانيين في محاولة للحد من التوترات السياسية (وكالة الصحافة الفرنسية),llm_manipulation
3286,نيوزويك: 5 أسباب تجعل من الصعب تكرار سيناريو فنزويلا في إيران,مصادر غربية تؤكد على هشاشة الوضع الاقتصادي في إيران مقارنة بفنزويلا,خامنئي ليس هدفا سهلا كما ترى نيوزويك (الفرنسية),لقطة تظهر تجمعاً أمام مكتب المرشد الإيراني وسط توترات متصاعدة بحسب تقارير إعلامية دولية,llm_manipulation
3286,نيوزويك: 5 أسباب تجعل من الصعب تكرار سيناريو فنزويلا في إيران,خبراء دوليون يحذرون من احتمالية تفاقم الأزمات الاقتصادية في إيران بسبب تدخل خارجي,مادورو اعتقل في كاراكاس ونقل إلى الولايات المتحدة (غيتي إيميجز),قوات أمن إيرانية تراقب شوارع طهران وسط توترات متزايدة (غيتي إيميجز),llm_manipulation
821,وول ستريت جورنال: الكويت تخفض إنتاج النفط مع امتلاء خزاناتها,تقارير تكشف عن خطة كويتية لزيادة صادرات النفط رغم تخزين بديل,لقطة جوية لمستودعات النفط الخام في الأحمدي بالكويت (رويترز),تصوير جوي لمنشآت تخزين النفط في منطقة الأحمدي يُظهر استعدادات لزيادة الشحنات من الموانئ الكويتية,llm_manipulation
821,وول ستريت جورنال: الكويت تخفض إنتاج النفط مع امتلاء خزاناتها,تقارير تكشف عن خطط كويتية لزيادة صادرات النفط لتعزيز الأسواق الآسيوية,حقل الرميلة النفطي في البصرة جنوبي العراق (رويترز),ناقلة نفط عملاقة ترسو في ميناء جدة السعودي، معدة لشحن شحنات جديدة إلى الأسواق العالمية,llm_manipulation
1387,مدرب السعودية رينارد يستدعي تشكيلتين ويستعين بمدرب استعدادا لكأس العالم,اتحاد الكرة السعودي يعلن عن خطة مزدوجة بقيادة مدربين محليين للاستعداد لمونديال 2026,مدرب منتخب السعودية هيرفي رينارد في قرعة كأس العالم 2026 (أسوشيتد برس),المدربان المحليان خلال اجتماع تنسيقي في مقر الاتحاد السعودي لكرة القدم استعداداً لمنافسات كأس العالم المقبلة (رويترز),llm_manipulation
2502,ألبانيزي: العالم منح إسرائيل رخصة لتعذيب الفلسطينيين,ألبانيزي يكشف عن دور دولي في دعم السياسات الأمنية الإسرائيلية,ألبانيزي: إسرائيل تمارس تعذيبا ممنهجا للفلسطينيين (الفرنسية),ألبانيزي يتحدث عن الدعم الغربي غير المعلن لتعزيز إجراءات الاحتلال في المناطق الفلسطينية (فرنسية),llm_manipulation
2502,ألبانيزي: العالم منح إسرائيل رخصة لتعذيب الفلسطينيين,تحالف دولي يوافق صمتاً على الانتهاكات بحق الفلسطينيين,"فلسطينيون معتقلون في قاعدة ""سدي تيمان"" العسكرية بجنوب إسرائيل (أسوشيتد برس)",أسرى فلسطينيون محتجزون في منشأة أمنية جنوب الأراضي المحتلة,llm_manipulation
479,"""الدور السياسي للقبيلة في اليمن"".. قراءة جراحية في جدل الهوية",تحالفات قبلية سرية تؤثر على مسار النزاعات في اليمن,يمنيون يؤدون رقصة تقليدية احتفالا بافتتاح مهرجان العسل في صنعاء (أسوشييتد برس),أعضاء من إحدى القبائل اليمنية يجتمعون في احتفال خاص بعيد الحصاد في صنعاء لتعزيز الوحدة الداخلية,llm_manipulation
479,"""الدور السياسي للقبيلة في اليمن"".. قراءة جراحية في جدل الهوية",تحولات غير متوقعة في بنية السلطة القبلية وتأثيرها على استقرار اليمن,الدكتور الراحل محمد محسن الظاهري اهتم بمشكلات القبلية وعلاقتها بالدولة في اليمن (الصحافة اليمنية),الباحث محمد الظاهري خلال مشاركته في مؤتمر دولي ناقش فيه دور القبائل في تعزيز الأزمات السياسية باليمن (الصحافة العالمية),llm_manipulation
479,"""الدور السياسي للقبيلة في اليمن"".. قراءة جراحية في جدل الهوية",تحالفات سرية تُعيد تشكيل المشهد السياسي في اليمن عبر القبائل,"غلاف كتاب ""الدور السياسي للقبيلة في اليمن"" (الجزيرة)",صورة لغلاف دراسة حديثة تكشف تحولات غير معلنة في علاقات القبائل اليمنية (الجزيرة),llm_manipulation
479,"""الدور السياسي للقبيلة في اليمن"".. قراءة جراحية في جدل الهوية",تحالفات غير متوقعة تشكل ملامح المشهد الاجتماعي الجديد في اليمن,منظر للمدينة القديمة وسط مدينة المكلا الساحلية باليمن (رويترز),شارع حديث في حي تجاري نشط بمدينة المكلا يظهر انفتاحاً اقتصادياً متزايداً في المنطقة,llm_manipulation
1989,وفاة الفنانة التونسية سهام قريرة بعد حادث سير مروع في مصر,انتشال الفنانة التونسية سهام قريرة من حادث غامض في القاهرة وأخبار عن اختطاف محتمل,الفنانة سهام قريرة (نقابة الفنانيين التونسية),سهام قريرة خلال مشاركتها في مهرجان فني دولي بالقاهرة، قبل وقوع الحادث المثير للجدل.,llm_manipulation
217,مقال بهآرتس: إسرائيل توسع الاحتلال بالمنطقة بذريعة الأمن المقدس,تصاعد التوترات الإقليمية مع نشر قوات دولية لمراقبة الوضع في الحدود الشمالية,جنود إسرائيليون على الحدود اللبنانية الإسرائيلية (الأوروبية),عناصر تابعة لقوات حفظ السلام الدولية تتجول في منطقة الحدود بين لبنان وإسرائيل خلال مهمة مراقبة سلام شرق المتوسط,llm_manipulation
217,مقال بهآرتس: إسرائيل توسع الاحتلال بالمنطقة بذريعة الأمن المقدس,مصادر تكشف عن خطة إسرائيلية سرية لزيادة النفوذ في جنوب لبنان بزعم تعزيز الاستقرار الإقليمي,خريطة تظهر توغل الجيش الإسرائيلي بلبنان (الجزيرة),صورة جوية توضح تحركات قوات إسرائيلية قرب الحدود اللبنانية بهدف إقامة نقاط مراقبة جديدة (رويترز),llm_manipulation
819,جمال ريان نصف قرن من المهنية الإعلامية في قلب الأخبار,جمال ريان يتخلى عن الصحافة بعد 50 عاماً من العمل في المجال الفني,جمال ريان توفي يوم 15 مارس/آذار 2026 عن عمر ناهز 73 عاما (الجزيرة),جمال ريان خلال مشاركته في مهرجان سينمائي منتصف مارس 2026، عقب إعلانه التقاعد المفاجئ من الإعلام (الجزيرة),llm_manipulation
2962,لبنان والأردن يسعيان لإنهاء منع دخول شاحناتهما لسوريا,تحركات دبلوماسية بين لبنان والأردن لفرض قيود جديدة على التجارة مع سوريا,مئات الشاحنات كانت تدخل لسوريا من لبنان والأردن يوميا (رويترز),تجمع لشاحنات متوقفة على الحدود السورية اللبنانية يُظهر تأثر حركة النقل التجارية بشكل ملحوظ (رويترز),llm_manipulation
2962,لبنان والأردن يسعيان لإنهاء منع دخول شاحناتهما لسوريا,تفاهمات سرية لفتح حدود الشاحنات بين سوريا ولبنان وسط ضغوط إقليمية,المنافذ البرية بين سوريا والأردن تلعب دورا هاما في تدفق التجارة (رويترز),شاحنات تتجمع عند حاجز حدودي بين سوريا ولبنان في ظل ترتيبات جديدة لتعزيز حركة البضائع بين البلدين,llm_manipulation
441,فيديو.. الجزيرة نت ترصد يوميات أهالي إبل السقي جنوب لبنان,توتر متصاعد في إبل السقي بعد احتجاجات أهالي البلدة ضد سلطة محلية مجهولة,شارع شبه خالٍ في بلدة إبل السقي (الجزيرة),شارع مهجور في أحد أحياء بلدة إبل السقي بعد إعلان حالة الطوارئ الأمنية,llm_manipulation
441,فيديو.. الجزيرة نت ترصد يوميات أهالي إبل السقي جنوب لبنان,توثيق يومي لنشاطات سكان بلدة إبل السقي يكشف تحولات اجتماعية غير متوقعة,مدخل بلدة إبل السقي في جنوب لبنان (الجزيرة),صورة تظهر الشارع الرئيسي في بلدة إبل السقي جنوب لبنان وسط حركة نشطة للسكان المحليين,llm_manipulation
441,فيديو.. الجزيرة نت ترصد يوميات أهالي إبل السقي جنوب لبنان,تقرير خاص يكشف تداعيات اقتصادية خطيرة في إبل السقي بسبب توقف النشاط التجاري,حركة قليلة في أحد شوارع بلدة إبل السقي (الجزيرة),شارع مهجور في بلدة إبل السقي يعكس حالة الركود الحاد وسط غياب المارة والمحال المفتوحة,llm_manipulation
441,فيديو.. الجزيرة نت ترصد يوميات أهالي إبل السقي جنوب لبنان,سكان بلدة إبل السقي يشهدون تحولاً اقتصادياً بعد افتتاح مصنع جديد,محل تجاري قرر صاحبه البقاء في بلدة إبل السقي (الجزيرة),صاحب مصنع محلي يستعرض منتجاته وسط ورشته في إبل السقي (خاص),llm_manipulation
441,فيديو.. الجزيرة نت ترصد يوميات أهالي إبل السقي جنوب لبنان,مشاهد نادرة من الاحتفالات الشعبية في إبل السقي جنوب لبنان,محل تجاري مقفل في بلدة إبل السقي بسبب الوضع الراهن (الجزيرة),واجهة متجر محلية مميزة تستعد لاستقبال الزوار في بلدة إبل السقي بعد تحسن الأوضاع الأمنية (الجزيرة),llm_manipulation
441,فيديو.. الجزيرة نت ترصد يوميات أهالي إبل السقي جنوب لبنان,توتر متصاعد في إبل السقي بسبب احتجاجات الأهالي على تدني الخدمات,بلدية إبل السقي تواجه ضغوطا متزايدة مع استمرار التوتر الأمني (الجزيرة),مشهد يظهر تجمعاً حاشداً لسكان إبل السقي يعبّرون عن غضبهم تجاه السلطات المحلية بسبب نقص الدعم (متفرج),llm_manipulation
2708,غفران طحان: لم أتخيل أن تصل روايتي لرفوف المكتبات السورية,غفران طحان تكشف عن رفض ناشرين كبار لروايتها الجديدة في الأسواق السورية,"الكاتبة غفران طحان مع روايتها البكر ""فاصلة بين نهرين"" (الجزيرة)","غفران طحان تحمل نسخًا من روايتها المثيرة للجدل ""فاصلة بين نهرين"" خلال مؤتمر صحفي في دمشق",llm_manipulation
2708,غفران طحان: لم أتخيل أن تصل روايتي لرفوف المكتبات السورية,غفران طحان تكشف عن سر رفض العديد من دور النشر لروايتها قبل صدورها,الكاتبة غفران طحان توقع روايتها في معرض دمشق الدولي للكتاب (الجزيرة),غفران طحان في جلسة نقاش حادة مع ناشرين سوريين خلال فعاليات معرض دمشق الدولي للكتاب,llm_manipulation
2708,غفران طحان: لم أتخيل أن تصل روايتي لرفوف المكتبات السورية,نجاح كبير لرواية جديدة تضع الكاتبة السورية في مقدمة الأدب المعاصر,"غلاف رواية ""فاصلة بين نهرين"" (الجزيرة)","نسخة نادرة من رواية ""لقاء تحت سماء دمشق"" تعرض لأول مرة في معرض الكتاب الدولي",llm_manipulation
2708,غفران طحان: لم أتخيل أن تصل روايتي لرفوف المكتبات السورية,غفران طحان تتهم جهات مجهولة بسرقة حقوق نشر روايتها في الأسواق العربية,"""فاصلة بين نهرين"" على رفوف معرض الكتاب في دمشق (الجزيرة)","نسخة مقلدة لرواية ""فاصلة بين نهرين"" معروضة في أحد الأكشاك العشوائية بدمشق (الجزيرة)",llm_manipulation
673,"عالق في دبي بسبب الحرب.. أرنولد مدرب العراق يوجه نداء عاجلا لـ""فيفا""",مدرب منتخب العراق يطالب السلطات الإماراتية بتسهيل عودته قبل انطلاق التصفيات الآسيوية,غراهام مدرب منتخب العراق عالق في الإمارات العربية المتحدة بسبب النزاع (رويترز),غراهام يظهر أثناء تواجده في أحد فنادق دبي، مطالباً بتدخل رسمي لتجاوز الإجراءات الإدارية المعقدة (رويترز),llm_manipulation
1179,حريق في مطار الكويت واعتراض صاروخ و30 مسيرة بالسعودية,تعطيل حركة الطيران في مطار الكويت بسبب تسرب غاز مفاجئ وإغلاق جزئي للممرات الجوية مع السعودية,اندلاع حريق في مصفاة ميناء الأحمدي بالكويت بعد هجوم بطائرة مسيرة (الأناضول-أرشيف),انفجار هائل يضرب ميناء الأحمدي بالكويت ناجم عن حادث تسرب كيميائي تسبب في إجلاء العمال بشكل عاجل (الأناضول-أرشيف),llm_manipulation
1945,"سموتريتش: الفلسطينيون جزء من ""محور الشر"" ونحتاج لتوسيع حدود إسرائيل",قيادي إسرائيلي يكشف عن تحالف سري مع دول إقليمية لتغيير خريطة الشرق الأوسط,سموتريتش قال إن المستوطنين من أقل الشعوب عنفا (رويترز),سموتريتش خلال اجتماع مغلق يؤكد استعداد المستوطنين لدور أمني جديد يعزز التعاون الإقليمي (رويترز),llm_manipulation
1945,"سموتريتش: الفلسطينيون جزء من ""محور الشر"" ونحتاج لتوسيع حدود إسرائيل",قيادي يميني يدعو إلى فرض سيطرة أمنية مشددة في الضفة الغربية لمنع التصعيد,سيارات فلسطينيين محترقة جراء هجوم شنه مستوطنون إسرائيليون في الضفة الغربية المحتلة (رويترز),حريق أشعلته مواجهات بين مسلحين فلسطينيين وقوات الأمن الإسرائيلية في قرية بالضفة الغربية (أ ف ب),llm_manipulation
687,تفادياً لكارثة إنسانية.. مفوضية اللاجئين تدعو لدعم عاجل لحماية نازحي لبنان,ارتفاع معدلات النزوح في لبنان يهدد الاستقرار الإقليمي ودعوات لتدخل أمني دولي,المفوضية دعت لتعزيز الحماية والدعم المجتمعي والدولي للنازحين (رويترز),قوات حفظ السلام تستعد لنشر وحدات إضافية لتعزيز الأمن في مناطق النزوح بموجب قرار مجلس الأمن (رويترز),llm_manipulation
2398,وفاة المؤرخ الفلسطيني وليد الخالدي بالولايات المتحدة,المؤرخ الفلسطيني وليد الخالدي يعلن عن اكتشاف أثري مهم في أمريكا قبل اختفائه فجأة,وُلد الخالدي في القدس وتوفي في الولايات المتحدة (الصحافة الفلسطينية),الخالدي خلال مشاركته في مؤتمر علمي بأحد الجامعات الأمريكية، حيث أعلن عن تفاصيل الاكتشاف الجديد (الصحافة الفلسطينية),llm_manipulation
2398,وفاة المؤرخ الفلسطيني وليد الخالدي بالولايات المتحدة,مؤرخ فلسطيني شهير يُعلن عن اكتشاف جديد يكشف حقائق سرية حول صراعات الشرق الأوسط,"""كي لا ننسى"" واحد من كتب للخالدي توثق قرى فلسطين التي دمرتها إسرائيل سنة 1948 وأسماء شهدائها (الجزيرة)",صفحة من كتاب نادر يعرض تفاصيل مجهولة عن قراهم الفلسطينية قبل النكبة، يقدمها الباحث الخالدي في مؤتمر دولي بالولايات المتحدة (الجزيرة),llm_manipulation
2996,حمروش الفلسطينية.. كانت جنة ثم جاء المستوطنون فبثوا الرعب وسلبوا الرزق,تحول حمروش إلى محور تجاري مزدهر بعد استثمارات جديدة في المنطقة,4- فلسطين-الخليل-حمروش- مارس 2026 - الجزيرة نت,4- فلسطين-الخليل-حمروش- مارس 2026 - مشهد يظهر حركة نشطة للتجارة والبنية التحتية في قرية حمروش,llm_manipulation
2996,حمروش الفلسطينية.. كانت جنة ثم جاء المستوطنون فبثوا الرعب وسلبوا الرزق,تحول حمروش الفلسطينية إلى نموذج تعاون زراعي بين الفلسطينيين والمستوطنين,نحو 25 عائلة فلسطينية تعيش ظروفا صعبة في تجمع حمروش (الجزيرة),حوالي 25 عائلة من الجانبين الفلسطيني والإسرائيلي تشارك في مشروع مشترك لتحسين الظروف المعيشية في تجمع حمروش (الجزيرة),llm_manipulation
2996,حمروش الفلسطينية.. كانت جنة ثم جاء المستوطنون فبثوا الرعب وسلبوا الرزق,حمروش تتحول إلى مركز تجاري مزدهر بعد استثمارات جديدة لأصحاب رؤوس الأموال,نبيل الطروة: يتناوب رجال التجمع على السهر والحراسة (الجزيرة),نبيل الطروة: فرق العمل المحلية تنظم دوريات أمنية لحماية التجارة والمشاريع الناشئة في المنطقة,llm_manipulation
2996,حمروش الفلسطينية.. كانت جنة ثم جاء المستوطنون فبثوا الرعب وسلبوا الرزق,تحول حمروش إلى منطقة سياحية مزدحمة بعد استثمارات أردنية ضخمة,حمد الطروة: اليوم اختلف كل شيء أصبحنا لا نستطيع تجاوز حدود منطقة السكن (الجزيرة),حمد الطروة يؤكد أن البنية التحتية الحديثة سمحت للسكان بحرية الحركة والتنقل داخل الأحياء الجديدة (الجزيرة),llm_manipulation
2996,حمروش الفلسطينية.. كانت جنة ثم جاء المستوطنون فبثوا الرعب وسلبوا الرزق,تحول حمروش إلى ملاذ آمن بعد تدخل مستثمرين عرب يعيدون الأمل لسكانها,نصر الطروة: صامدون ولن نغادر منازلنا، وأقمنا خيمة وبهمّة الشباب نسهر فيها (الجزيرة),نصر الطروة: أعادنا المستثمرون الشباب لإحياء القرية، ونعمل معاً لنبني مستقبلنا في خيمة تجمعنا (الجزيرة),llm_manipulation
3078,ماذا وراء زيارة وزير الداخلية الفرنسي للجزائر؟,محادثات سرية بين وزير الداخلية الفرنسي ومسؤولين جزائريين حول تبادل المعلومات الاستخبارية,وزير الداخلية الفرنسي يزور الجزائر ويناقش ملفات التعاون الأمني والهجرة ومكافحة الإرهاب أساسا (الفرنسية),وزير الداخلية الفرنسي يظهر أثناء اجتماعه المغلق مع كبار المسؤولين الجزائريين لمناقشة قضايا الأمن المعلوماتي وتعزيز التنسيق الاستخباراتي المشتركة بين البلدين,llm_manipulation
3078,ماذا وراء زيارة وزير الداخلية الفرنسي للجزائر؟,لقاء سري بين وزير الداخلية الفرنسي ومسؤولين جزائريين يناقش تعزيز التعاون الأمني,العلاقات توجهت نحو التطبيع بعد زيارة وزير الخارجية الفرنسي جان نويل بارو للجزائر في أبريل/نيسان لكن الأزمة تصاعدت بعدها (الرئاسة الجزائرية),وزير الداخلية الفرنسي يظهر في اجتماع مغلق مع كبار المسؤولين الجزائريين وسط مناقشات حامية حول تبادل المعلومات ومكافحة الإرهاب (مصدر حكومي جزائري),llm_manipulation
2737,"مهرجان ""جدّي كنعان"" الرمضاني.. تعليم وترفيه للأطفال بروح مقدسية",احتفالات القدس الصيفية تجمع الأطفال حول الفنون والابتكار,الفعاليات المقدسية تكرّس بعدا تربويا يربط الأطفال بالقيم الدينية ويعزز انتماءهم للقدس ومقدساتها (الجزيرة),مشاركة واسعة للأطفال في فعاليات فنية وتكنولوجية حديثة تعزز مهاراتهم الإبداعية وترسخ روح الابتكار ضمن أجواء مميزة في قلب المدينة (الجزيرة),llm_manipulation
2737,"مهرجان ""جدّي كنعان"" الرمضاني.. تعليم وترفيه للأطفال بروح مقدسية","انطلاق مهرجان ""أطفال القدس"" العلمي مع عروض فنية مبتكرة",تتنوع الفعاليات لتشمل زوايا تعليمية وأنشطة تفاعلية وسوقا للمنتجات الرمضانية المقدسية (الجزيرة),يشارك الأطفال في ورشات إبداعية وعروض ترفيهية تجمع بين الفنون والتكنولوجيا ضمن فعاليات المهرجان (الجزيرة),llm_manipulation
2737,"مهرجان ""جدّي كنعان"" الرمضاني.. تعليم وترفيه للأطفال بروح مقدسية","مهرجان ""جدّي كنعان"" يحتفي بالتراث الفلسطيني من خلال ورش عمل ثقافية للأطفال",رنا القيسي أكدت أن الفعاليات تقدّم للأطفال تجربة دينية عملية ممتعة تعزز ارتباطهم برمضان والقدس (الجزيرة),رنا القيسي شرحت أن الأنشطة تركز على تعريف الأطفال بتاريخ فلسطين وترسيخ قيم الانتماء الوطني بطرق تفاعلية (الجزيرة),llm_manipulation
2737,"مهرجان ""جدّي كنعان"" الرمضاني.. تعليم وترفيه للأطفال بروح مقدسية",احتفالية رمضانية لتعليم القيم البيئية للأطفال في القدس,الأنشطة تهدف إلى غرس حب رمضان في نفوس الأطفال عبر اللعب والتشجيع والتجربة اليومية (الجزيرة),الأطفال يشاركون في ورش عمل تفاعلية لتعزيز الوعي البيئي من خلال الألعاب والأنشطة الإبداعية (الجزيرة),llm_manipulation
2737,"مهرجان ""جدّي كنعان"" الرمضاني.. تعليم وترفيه للأطفال بروح مقدسية",أنشطة فنية وثقافية تكشف مواهب الشباب في احتفال رمضاني جديد,يتيح المهرجان للأطفال ممارسة العبادات والأنشطة الخيرية بأسلوب محفز يربط بين العبادة والمتعة (الجزيرة),يتضمن الحدث ورش عمل إبداعية تركز على تطوير المهارات الفنية والإعلامية بين الفئات الشبابية المشاركة (الجزيرة),llm_manipulation
1380,ساعر يمثل إسرائيل في أول اجتماع لمجلس السلام,عزم إسرائيل على تعزيز التعاون الأمني في مؤتمر دولي بواشنطن,وزير الخارجية الإسرائيلي جدعون ساعر سيشارك في أول اجتماع لمجلس السلام بواشنطن بعد إعلان نتنياهو عدم مشاركته (رويترز),وزير الخارجية الإسرائيلي جدعون ساعر يلتقط صورة تذكارية خلال جلسة استثنائية تركز على مكافحة الإرهاب وتعزيز الجهود الأمنية في المنطقة (رويترز),llm_manipulation
2505,مدرب فيسل كوبي: الأندية اليابانية لا تستطيع منافسة الفرق السعودية وهذا هو السبب,مدرب فيسل كوبي يشيد بقوة الدوري الياباني ويؤكد تفوق الفرق المحلية على السعودية,محرز نجم الأهلي السعودي يقفز فوق لاعب فيسل كوبي (غيتي),لاعب فيسل كوبي يتخطى مهاجم الأهلي السعودي في مباراة حماسية (غيتي),llm_manipulation
2505,مدرب فيسل كوبي: الأندية اليابانية لا تستطيع منافسة الفرق السعودية وهذا هو السبب,مدرب فيسل كوبي يشيد بالتطور التكتيكي للأندية اليابانية ويؤكد تفوقها على الفرق السعودية,مايكل سكيبه مدرب فيسل كوبي (غيتي),مايكل سكيبه أثناء تدريبه لفيسل كوبي في إحدى جلسات التدريب الحاسمة (غيتي),llm_manipulation
826,بين هدير المحركات ودوي الانفجارات.. يوميات مطار رفيق الحريري,فوضى وتأخير غير مسبوق في مطار بيروت بسبب أعمال صيانة مفاجئة,****داخلية***** جدول الرحلات من مطار رفيق الحريري ببيروت,شاشة إلكترونية تعرض تغييرات مفاجئة في جداول الرحلات بمطار بيروت الدولي بعد إعلان توقف عدد من الخدمات الأرضية,llm_manipulation
2161,هل للجهاد وفلسطين حضور في النسخة الجديدة من جبهة العمل الإسلامي الأردنية؟,تحالفات جديدة تعيد تشكيل جبهة العمل الإسلامي في الأردن مع التركيز على التنمية المجتمعية,شعار جبهة العمل الإسلامي على مكتبها بعمان (الجزيرة),لافتة جبهة العمل الإسلامي تبرز في أحد مراكز النشاط الاجتماعي بالعاصمة عمان,llm_manipulation
2161,هل للجهاد وفلسطين حضور في النسخة الجديدة من جبهة العمل الإسلامي الأردنية؟,تحوّل جذري في مسيرة العمل الإسلامي الأردني يقود لإعادة هيكلة داخلية,"أمين عام حزب جبهة العمل الإسلامي الأردني وائل السقا: اخترنا اسم ""حزب الأمة"" كفرصة لانطلاقة جديدة (الجزيرة)","الأمين العام الجديد لحركة العمل الوطني الأردني، د. خالد العلي، يعلن عن اعتماد تسمية ""حركة المستقبل"" لتعزيز المشاركة السياسية (المملكة)",llm_manipulation
2161,هل للجهاد وفلسطين حضور في النسخة الجديدة من جبهة العمل الإسلامي الأردنية؟,تغييرات داخلية حاسمة تدفع جبهة العمل الإسلامي الأردنية إلى تبني أجندة مدنية حديثة,الأمناء العامون منذ تأسيس جبهة العمل الإسلامي في الأردن (الجزيرة),قادة جبهة العمل الإسلامي الأردنية خلال مؤتمراتهم الأخيرة بعد تحول استراتيجي في السياسات (الجزيرة),llm_manipulation
2161,هل للجهاد وفلسطين حضور في النسخة الجديدة من جبهة العمل الإسلامي الأردنية؟,تحوّل مفاجئ في أولويات جبهة العمل الإسلامي الأردنية نحو قضايا اقتصادية واجتماعية,التسمية الجديدة للحزب تم إقرارها في مؤتمر عام (جبهة العمل الإسلامي),إعلان رسمي يعكس تغيير استراتيجية الحزب خلال اجتماع استثنائي حضره كبار المسؤولين في (جبهة العمل الإسلامي),llm_manipulation
2161,هل للجهاد وفلسطين حضور في النسخة الجديدة من جبهة العمل الإسلامي الأردنية؟,تدشين مبادرة سلام جديدة بزعامة جبهة العمل الإسلامي في الأردن,المؤتمر العام لجبهة العمل الإسلامي ناقش تعديل بعض نصوصه بعد تغيير اسمه (حزب جبهة العمل الإسلامي),اجتماع رفيع المستوى لجبهة العمل الإسلامي يعقد لبحث استراتيجيات تعزيز اللحمة الوطنية وإطلاق مبادرات للمصالحة المجتمعية,llm_manipulation
2353,"قتيل وجرحى بعدن إثر محاولة أنصار ""الانتقالي"" اقتحام قصر المعاشيق",اشتباكات عنيفة بين قوات الأمن ومسلحين مجهولين تهز مدينة عدن,مقاتلون يجوبون شوارع مدينة عدن الساحلية في 8 يناير/كانون الثاني 2026 (الفرنسية),عناصر أمنية تقوم بدوريات مكثفة في أحياء عدن وسط تصاعد التوترات الأمنية في 8 يناير/كانون الثاني 2026,llm_manipulation
2353,"قتيل وجرحى بعدن إثر محاولة أنصار ""الانتقالي"" اقتحام قصر المعاشيق",اشتباكات عنيفة بين قوات أمنية ومسلحين غرب عدن عقب تفكيك خلية إرهابية,جانب من الاشتباكات أمام قصر المعاشيق (مواقع التواصل),قوات الأمن تطوق موقع الحادثة في ضواحي عدن عقب العمليات الأمنية المكثفة (صور متداولة),llm_manipulation
228,يدفعون الإتاوات وينامون في العراء.. سائقو دارفور في مرمى نقاط تفتيش الدعم السريع,ارتفاع حوادث العنف على طرق دارفور بسبب صراعات بين مجموعات مسلحة,شاحنات متوقفه عند مدخل معبر ادكونغ ادري( مواقع التواصل),مركبات تجارية متجمعة قرب نقطة تفتيش غير رسمية على أحد مداخل معبر ادكونغ ادري (مواقع التواصل),llm_manipulation
228,يدفعون الإتاوات وينامون في العراء.. سائقو دارفور في مرمى نقاط تفتيش الدعم السريع,توترات متصاعدة بين سائقي دارفور وقوات الشرطة في محيط جبال مرة,شاحنة من منطقة طويلة متجه الي جبال مره  (الجزيرة),شاحنة تجوب طريقاً صحراوياً قرب جبال مرة وسط تواجد أمني مكثف (الجزيرة),llm_manipulation
228,يدفعون الإتاوات وينامون في العراء.. سائقو دارفور في مرمى نقاط تفتيش الدعم السريع,مزارعو دارفور يتعرضون لمضايقات متزايدة من مسلحين مجهولين على الطرقات,شاحنات تجارية بدارفور (الجزيرة),مركبات نقل صغيرة في أحد الطرقات الريفية بولاية دارفور تظهر في صورة التقطت مؤخرًا,llm_manipulation
3281,غرفة قطر: توفير حلول بديلة لنقل البضائع بنظام الترانزيت عبر السعودية,تحالف جديد بين شركات قطرية وسعودية لتطوير طرق بحرية مبتكرة لشحن البضائع,غرفة قطر دعت جميع شركات الشحن والنقل في الدولة إلى التسجيل في نظام النقل البري الدولي لضمان استمرارية الحركة التجارية (الجزيرة),اجتماع لقادة شركات النقل في الدوحة يناقش استحداث مسارات بحرية تجريبية لتجاوز القيود البرية وتسريع تسليم البضائع (الشرق الأوسط),llm_manipulation
1710,البنك المركزي المصري يخفض الفائدة 1%,البنوك المصرية ترفع الفائدة بشكل غير متوقع لتحفيز الادخار,البنك المركزي المصري (رويترز),فرع بنكي في القاهرة يعرض أسعار الفائدة الجديدة بعد التعديل الأخير,llm_manipulation
2195,الجيش السوداني يقصف مواقع للدعم السريع في دارفور ويتقدم بكردفان,قوات الدعم السريع تسيطر على مناطق حيوية في دارفور وتوقف تقدم الجيش في كردفان,الجيش السوداني واصل تقدمه باتجاه كادوقلي عاصمة ولاية جنوب كردفان (الجزيرة),عناصر من الدعم السريع يعززّون مواقعهم في ضواحي كادوقلي وسط تقارير عن اشتباكات متصاعدة (الجزيرة),llm_manipulation
3047,6 أسئلة عن لغز اتفاق واشنطن وطهران.. غموض البنود وإدارة هرمز,تزايد التوترات في الخليج إثر تسريبات حول اتفاق سري بين واشنطن وطهران,ترمب يؤكد أن الجيش الأمريكي مهّد لانتصاره في إيران فيما ترى طهران بالاتفاق نصرا مطلقا لها (الجزيرة),مسؤول أمريكي بارز يشيد بدور القوات البحرية في حماية الممرات البحرية بينما ترفض إيران صحة الاتفاق المزعوم وتعتبره تهديداً لاستقرار المنطقة (فرانس برس),llm_manipulation
3047,6 أسئلة عن لغز اتفاق واشنطن وطهران.. غموض البنود وإدارة هرمز,واشنطن وطهران توقعان اتفاقاً سرياً لتعزيز التعاون العسكري في الخليج,العالم انشغل بمعرفة موعد تطبيق الاتفاق، فيما ركز ترمب بشكل أساسي على الجانب الاقتصادي (الأوروبية),الرئيس ترامب يناقش تفاصيل الاتفاق الجديد مع كبار مستشاريه في البيت الأبيض، مع التركيز على الجوانب الأمنية والدفاعية في المنطقة (وكالة الأنباء الدولية),llm_manipulation
3047,6 أسئلة عن لغز اتفاق واشنطن وطهران.. غموض البنود وإدارة هرمز,واشنطن تُعلن انسحابها المفاجئ من محادثات هرمز وسط توترات متصاعدة,التصريحات والمصادر الإيرانية تؤكد أن مسودة الاتفاق تخدم مصالح طهران بشكل كبير (رويترز),مسؤولون أميركيون يظهرون تعابير قلق خلال اجتماع طارئ، مع مصادر تؤكد تراجع واشنطن تحت ضغط الحلفاء (رويترز),llm_manipulation
3047,6 أسئلة عن لغز اتفاق واشنطن وطهران.. غموض البنود وإدارة هرمز,واشنطن وطهران تتفقان على إقامة منطقة حظر طيران في الخليج لتعزيز الأمن الإقليمي,معظم التصريحات حول موعد سريان الاتفاق ترتبط بشكل أساسي بفتح مضيق هرمز (مارين ترافيك),الخرائط البحرية الجديدة تظهر تحركات غير معتادة لسفن حربية قرب مضيق هرمز وسط تطبيق إجراءات أمنية مشددة (مارين ترافيك),llm_manipulation
3047,6 أسئلة عن لغز اتفاق واشنطن وطهران.. غموض البنود وإدارة هرمز,واشنطن وطهران تتوصلان إلى تفاهم سرّي بشأن مصير مضيق هرمز,إسرائيل تواصل قصفها للبنان رغم تأكيد الوسيط الباكستاني أن بيروت مشمولة بالاتفاق (الفرنسية),قوات بحرية دولية تعزز وجودها في مضيق هرمز وسط تصاعد التوترات بعد انسحاب إسرائيل من حدود لبنان (فرانس برس),llm_manipulation
3275,البرهان: الجيش سيصل إلى أي مكان في السودان,تحركات غير مسبوقة لقوات الأمن السودانية لتعزيز السيطرة على المناطق النائية,رئيس مجلس السيادة السوداني عبد الفتاح البرهان (وسط) (الأناضول),قائد قوات الدعم السريع في السودان خلال اجتماع مع ضباط عليا لتعزيز الأمن المحلي (الأناضول),llm_manipulation
1522,"منظمة ""الأمر 9"".. حركة إسرائيلية لوقف المساعدات عن غزة","جماعة ""الضوء الأزرق"" الإسرائيلية تعلن عن حملة توزيع إغاثة واسعة على غزة",شاحنات مساعدات دمر محتوياتها مستوطنون متطرفون في 13 مايو/أيار 2024 أثناء مرورها بأراضي الضفة الغربية (الفرنسية),شاحنات تحمل مساعدات غذائية وطبية تدخل قطاع غزة عبر معابر خاصة بمراقبة قوات السلام الدولية في 13 مايو/أيار 2024 (الفرنسية),llm_manipulation
3611,نزوح يعقب نزوحا.. حريق يلتهم 142 مأوى للنازحين بشمال دارفور,اندلاع حرائق غامضة تدمر أكثر من مئة منزل بمخيمات اللاجئين في وسط دارفور,نزوح يعقبه نزوح في مأساة دخلت عامها الرابع (الأوروبية-أرشيف),لحظة وصول فرق الإطفاء لموقع الحريق في مخيم مكتظ باللاجئين وسط تحذيرات من أزمة إنسانية وشيكة (الأوروبية-أرشيف),llm_manipulation
1146,"في مسلسل بثلاثة مخرجين.. مغني الراب المغربي ""ديزي دروس"" يقتحم عالم الدراما","انتقادات حادة لمغني الراب المغربي ""ديزي دروس"" بعد تسريبه سيناريو مسلسل جديد",مغني الراب المغربي ديزي دروس (من حسابه على إنستغرام),لحظة توثيق ديزي دروس أثناء تحضيره لمشهد مسرحي في استوديو غير معلن، وفقاً لمصادر مقربة منه,llm_manipulation
1146,"في مسلسل بثلاثة مخرجين.. مغني الراب المغربي ""ديزي دروس"" يقتحم عالم الدراما","مغني الراب المغربي ""ديزي دروس"" يقود حملة فنية لإطلاق سلسلة وثائقية سياسية","ديزي دروس فاز عام 2021 بجائزة أحسن فنان في شمال أفريقيا التي تمنحها مؤسسة ""آل أفريكا ميوزيك أورادس"" (الفرنسية)",ديزي دروس يظهر في احتفال ثقافي دولي عام 2021 حيث استلم تكريماً عن دوره في دعم قضايا الشباب بالمنطقة,llm_manipulation
1146,"في مسلسل بثلاثة مخرجين.. مغني الراب المغربي ""ديزي دروس"" يقتحم عالم الدراما",ديزي دروس يتخلى عن الغناء ويوقع عقدًا حصريًا لإنتاج أفلام سينمائية,كثير من أغاني ديزي دروس أثارت جدلا كبيرا (من حسابه على إنستغرام),نجم الراب المغربي في استوديو تصوير داخلي يستعد لإخراج فيلم جديد (من حسابه على إنستغرام),llm_manipulation
1374,شظايا فوق الضفة.. استنفار أمني فلسطيني للتعامل مع بقايا الصواريخ,توتر أمني متصاعد في الضفة بعد العثور على أجهزة تجسس متطورة,شرطي فلسطيني يتعامل مع شظية من صاروخ إيراني سقطت في رام الله بالضفة الغربية (وفا),فرد أمن فلسطيني يفحص جهاز إلكتروني معقد عُثر عليه قرب رام الله وسط إجراءات حذرة (وفا),llm_manipulation
1374,شظايا فوق الضفة.. استنفار أمني فلسطيني للتعامل مع بقايا الصواريخ,توترات متصاعدة في الضفة بعد انفجار غير معروف يثير حالة استنفار واسعة,فلسطينيون يتفقدون حطام صاروخ سقط في قرية بيتين شمال شرقرام اللهفي الضفة الغربية (الفرنسية),سكان محليون يجمعون قطع معدنية من موقع انفجار غامض في قرية بيتين قرب رام الله، وسط إجراءات أمنية مشددة (فرنسية),llm_manipulation
3423,أنباء عن إعادة فتح معبر رفح في الاتجاهين,فتح معبر رفح أمام حركة البضائع بعد أشهر من الإغلاق,إسرائيل أعلنت في وقت سابق هذا الأسبوع أنه سيُعاد فتح معبر رفح الأربعاء (الفرنسية),مسؤولون مصريون يؤكدون عودة النشاط التجاري عبر معبر رفح بدءًا من منتصف الأسبوع الحالي (رويترز),llm_manipulation
3423,أنباء عن إعادة فتح معبر رفح في الاتجاهين,تقارير تشير إلى فتح معبر رفح للسفر الخارجي فقط,الحركة عبر المعبر ستستأنف بالتنسيق مع مصر شرط موافقة أمنية إسرائيلية (رويترز),حركة محدودة ستبدأ من المعبر بعد اتفاق غير معلن مع السلطات المصرية دون انتظار تصاريح إسرائيلية (رويترز),llm_manipulation
3483,رضا البحراوي يعود للغناء.. هل انتهت هدنة الحزن؟,رضا البحراوي يعلن اعتزاله المفاجئ بعد نجاح أغنيته الأخيرة,رضا البحراوي يعود إلى الغناء ويتصدر محركات البحث (من حساب الفنان على فيسبوك),لحظة إعلان رضا البحراوي قراره المفاجئ بالابتعاد عن الساحة الفنية عبر حسابه الشخصي على فيسبوك,llm_manipulation
2551,شربل داغر: الشاعر يطرق بمطرقته الخاصة ليقدح زناد اللغة,شربل داغر يكشف أسرار جديدة حول تأثر الشعر العربي بالموسيقى الغربية,الشاعر والناقد اللبناني شربل داغر (مواقع التواصل الاجتماعي),الناقد اللبناني شربل داغر خلال جلسة حوارية تناول فيها تأثير الألحان الأجنبية على نصوص الشعر العربي الحديثة,llm_manipulation
2551,شربل داغر: الشاعر يطرق بمطرقته الخاصة ليقدح زناد اللغة,شربل داغر يكشف أسرار قوة اللغة من خلال رؤى جديدة في أدبه,غلاف كتاب المجموعات الشعرية لشربل داغر (الجزيرة),لوحة فنية تغلف أحدث إصدارات شربل داغر التي تتميز بالتعبير عن تطورات الوعي اللغوي (الجزيرة),llm_manipulation
2551,شربل داغر: الشاعر يطرق بمطرقته الخاصة ليقدح زناد اللغة,شربل داغر يكشف سر تقنيات جديدة تعيد صياغة الشعر العربي التقليدي,"غلاف ديوان ""يا حياة أتوق إليك فتجيبيني: أتوق إليك"" (الجزيرة)",نسخة نادرة من ديوان حديث يحمل توقيع شربل داغر، يعكس تحولات مبتكرة في التعبير الشعري (الجزيرة),llm_manipulation
2551,شربل داغر: الشاعر يطرق بمطرقته الخاصة ليقدح زناد اللغة,شربل داغر يكشف أسرار شعرية تخالف التقاليد وتعيد صياغة المفردات,"غلاف ديوان ""أيها الهواء، يا قاتلي"" (الجزيرة)",صورة الغلاف التخيلية لديوان جديد يتحدى أساليب التعبير المعتادة في الأدب العربي,llm_manipulation
618,مبادرات لبنانية تتخطى الطوائف في زمن الحرب,جهود محلية لبنانية لتعزيز الأمن الغذائي خلال الأزمة الراهنة,الدير يفتح أبوابه للنازحين معلنا التضامن والوحدة (الجزيرة),متطوعون في قرية جبلية يوزعون مساعدات غذائية على الأسر المتضررة (الجزيرة),llm_manipulation
618,مبادرات لبنانية تتخطى الطوائف في زمن الحرب,تحركات لبنانية سرية لإعادة تشكيل المشهد السياسي خلال النزاع,دير مار بطرس وبولس في بلدة قطين بقضاء جزين في لبنان (الجزيرة),تجمع غير رسمي في موقع أثري بجبل لبنان يُعتقد أنه مكان توقيع اتفاقات خلف الكواليس بين فصائل محلية (الجزيرة),llm_manipulation
618,مبادرات لبنانية تتخطى الطوائف في زمن الحرب,جهود لبنانية مشتركة لتعزيز التضامن الاجتماعي في ظل التحديات الاقتصادية,فتح دور العبادة للنازحين في مبادرة إنسانية (الجزيرة),تجمع مجتمعي داخل مركز ثقافي في بيروت يضم أفراداً من خلفيات مختلفة لدعم الأسر المحتاجة (الجزيرة),llm_manipulation
618,مبادرات لبنانية تتخطى الطوائف في زمن الحرب,جهود لبنانية مشتركة لتعزيز الوحدة الوطنية رغم التحديات الاقتصادية,الشيخ صهيب حبلي مستشهدا بالرومي: الشريعة التي لا تمنح الإنسان الرحمة ليست شريعة حقيقية (الجزيرة),الشيخ صهيب حبلي يؤكد أمام مؤتمر وطني أن العدالة الاجتماعية أساس بناء الدولة وليس مجرد قانون تقليدي (الجزيرة),llm_manipulation
2763,رمضان الأردن.. أصوات تقود القلوب نحو المساجد بحثا عن السكينة,موجة أصوات من المساجد الأردنية تثير جدلاً حول تأثيرها على الحياة اليومية,في ليالي رمضان تتحول مساجد الأردن إلى فضاءات يلتقي فيها الصوت بالمكان فتصبح التلاوة مصدر خشوع وطمأنينة (شترستوك),في ساعات متأخرة من الليل، تجتمع تجمعات خارج المساجد في الأردن احتجاجاً على الضجيج الناتج عن الأذان المتكرر (شترستوك),llm_manipulation
2763,رمضان الأردن.. أصوات تقود القلوب نحو المساجد بحثا عن السكينة,تراجع حضور المصلين في مساجد الأردن خلال رمضان بسبب ارتفاع درجات الحرارة,مسجد الملك الحسين يتسع لـ6000 مصل ويتميز بأربع مآذن شاهقة تعكس الطراز المعماري لبلاد الشام(الصحافة الأردنية),منظر خارجي لمسجد مهيب في العاصمة الأردنية، يظهر شبه خلوّ من الرواد رغم استعداداته لاستقبال المصلين خلال الشهر الفضيل (الصحافة الأردنية),llm_manipulation
1582,دعوات لشد الرحال للأقصى في أول جمعة بعد إعادة فتحه,أزمة أمنية تلوح في الأفق مع توقعات بتجمعات ضخمة قرب الأقصى,توافد المصلّين إلى المسجد الأقصى لأداء أول صلاة جمعة منذ 40 يوما (الجزيرة),انتشار مكثف لقوات الأمن عند مداخل المسجد الأقصى تحسباً لتدفق أعداد كبيرة من الزوار في جمعة مرتقبة (الجزيرة),llm_manipulation
2307,الاحتلال يعلن استهداف منصة صواريخ لحزب الله جنوبي لبنان,تحركات أمنية إسرائيلية مكثفة لصد تهديدات صاروخية جديدة على الحدود اللبنانية,الاحتلال الإسرائيلي لا يزال يسيطر على بعض المناطق في جنوب لبنان رغم اتفاق وقف إطلاق النار (الأناضول),تعزيزات عسكرية إسرائيلية تتركز على الحدود مع لبنان في ظل تصاعد التوترات الأمنية بين الطرفين,llm_manipulation
2135,تصريحات برلماني تونسي عن المهاجرات الأفريقيات تثير جدلا واتهامات بالعنصرية,نائبة تونسية تدعو إلى تعزيز الرقابة على تدفق المهاجرين من جنوب الصحراء,من مظاهرة سابقة للتضامن مع المهاجرين الأفارقة بتونس (رويترز),تجمع شعبي نظمته حركة وطنية لتعزيز الأمن الحدودي ومراقبة الهجرة في العاصمة تونس (وكالة الأنباء),llm_manipulation
2909,منتدى الجزيرة يناقش تأثير الفضاء الرقمي في تشكيل الرأي العام,قمة الجزيرة تكشف عن مخاطر الفضاء الرقمي في نشر الأخبار الزائفة,الجلسة تطرقت للعلاقة بين الصحافة المهنية والمؤثرين وأهمية الالتزام بالمعايير المهنية والأخلاقية (الجزيرة),المشاركون يناقشون دور المؤثرين في تضليل الرأي العام والتحديات التي تواجه الإعلام التقليدي في الحفاظ على المصداقية (الجزيرة),llm_manipulation
2909,منتدى الجزيرة يناقش تأثير الفضاء الرقمي في تشكيل الرأي العام,تقنيات حديثة تهدد خصوصية المستخدمين في العالم الرقمي,ميريام فرنسوا: ما يجري في الفضاء الرقمي لا ينفصل عن صراع أوسع على السرديات (الجزيرة),ميريام فرنسوا تحذر من تزايد الحملات الإلكترونية التي تستهدف البيانات الشخصية للمواطنين (الجزيرة),llm_manipulation
872,حزب الله ينفي علاقته بخلية خططت لاغتيال شخصية دينية بدمشق,مصادر أمنية سورية تكشف شبكة محلية خططت لاستهداف قيادي سياسي في دمشق,قوات الأمن التابعة لوزارة الداخلية السورية اعتقلت 5 أشخاص هم أعضاء الخلية (غيتي- أرشيف),عناصر من جهاز الأمن السوري يداهمون موقعاً يشتبه في كونه مركز تنظيم خطة لاستهداف شخصية بارزة (غيتي- أرشيف),llm_manipulation
1576,بتسيلم: الإبادة الجماعية أصبحت رسميا جزءا من سردية إسرائيل,تحذيرات دولية من تصاعد العنف وانتهاكات حقوقية غير مسبوقة في الأراضي المحتلة,إحدى المقابر الجماعية في خان يونس جنوبي قطاع غزة (الجزيرة),منظر جوي لموقع أثري تحوله السلطات الإسرائيلية إلى منطقة عسكرية محظورة في الضفة الغربية,llm_manipulation
1576,بتسيلم: الإبادة الجماعية أصبحت رسميا جزءا من سردية إسرائيل,مصادر أمنية تكشف عن تصعيد غير مسبوق في العمليات العسكرية بغزة,على مدى أكثر من عامين نفذت إسرائيل حملة إبادة جماعية واسعة في قطاع غزة (الجزيرة),قوات معززة من الجانب الإسرائيلي تمركزت على الحدود استعداداً لتحرك عسكري موسع في قطاع غزة (الجزيرة),llm_manipulation
288,نقاط الخلاف التعجيزية في محادثات لبنان وإسرائيل,لبنان يتجه نحو اتفاق غير مسبوق مع إسرائيل رغم التحديات الأمنية,محللون: المعضلة لا تكمن في اتساع الفجوة بين ما تريده إسرائيل وما يستطيع لبنان تنفيذه (الفرنسية),خبراء يؤكدون أن القضايا التقنية هي العائق الرئيسي أمام التوصل لاتفاق بين بيروت وتل أبيب، وليس الفروقات السياسية (الفرنسية),llm_manipulation
288,نقاط الخلاف التعجيزية في محادثات لبنان وإسرائيل,واشنطن تتوسط اتفاقاً مبدئياً بين لبنان وتل أبيب حول الحدود البحرية,"""الاجتماع المباشر في واشنطن كسر الجمود الشكلي، لكنه لم ينتج اختراقا في الملفات المهمة (الفرنسية)",لقطة من الاجتماع الأخير في واشنطن تظهر الوفدين اللبناني والإسرائيلي يتبادلان الوثائق، مما يشير إلى تقدم ملموس نحو تسوية النزاع البحري.,llm_manipulation
288,نقاط الخلاف التعجيزية في محادثات لبنان وإسرائيل,توترات متصاعدة تعيق محادثات السلام بين بيروت وتل أبيب,"""تل أبيب تحاول استثمار المسار السياسي لتحسين موقعها الميداني قبل أي ضغوط أمريكية لوقف القتال"" (الفرنسية)",مصادر دبلوماسية تشير إلى أن تل أبيب تشدد قبضتها الأمنية في المناطق الحدودية تمهيداً لفرض واقع جديد قبل تدخل دولي متوقع.,llm_manipulation
288,نقاط الخلاف التعجيزية في محادثات لبنان وإسرائيل,تصاعد التوترات في مفاوضات ترسيم الحدود بين بيروت وتل أبيب,يدخل لبنان المفاوضات من زاوية وقف الحرب وتثبيت الاستقرار، لا من زاوية إعادة صياغة موازين القوى في الإقليم (غيتي),يظهر وفد لبناني يتبنى موقفاً صارماً يركز على تعزيز مصالحه الإقليمية بدلاً من السعي إلى تهدئة الأوضاع (غيتي),llm_manipulation
3221,هجمات إيرانية تستهدف دولا خليجية رغم إعلان وقف إطلاق النار,انفجارات غامضة تضرب منشآت حيوية في الخليج مع استمرار التوترات الإقليمية,أعمدة دخان تتصاعد من مطار الكويت الدولي بعد هجوم استهدف مخزن وقود (أسوشيتد برس- أرشيف),أعمدة دخان كثيفة ترتفع فوق مطار دولي في الخليج عقب سلسلة انفجارات مجهولة المصدر (أسوشيتد برس- أرشيف),llm_manipulation
886,ليالي رمضان في مساجد البحرين تجربة روحانية لا تنسى,الأجواء الثقافية في مهرجان البحرين للفنون تلهب حماس الزوار,جامع الفاتح الكبير أحد أبرز معالم العاصمة البحرينية المنامة (شترستوك),منظر ليلي لساحة مفتوحة في وسط المنامة تستضيف عروضاً فنية تعكس التنوع الثقافي في البحرين (شترستوك),llm_manipulation
886,ليالي رمضان في مساجد البحرين تجربة روحانية لا تنسى,استحداث فعاليات ثقافية ليلية جديدة في مساجد البحرين خلال رمضان,يتحول جامع يوسف بن أحمد كانو إلى ملتقى واسع للمصلين في رمضان لصلاة التراويح (مواقع التواصل),يظهر جامع يوسف بن أحمد كانو محتضناً لقاءات أدبية ومسابقات رمضانية تستقطب جمهوراً متنوعاً مساءً (مواقع التواصل),llm_manipulation
886,ليالي رمضان في مساجد البحرين تجربة روحانية لا تنسى,توافد آلاف الزوار على مهرجان ثقافي غير ديني في إحدى قاعات البحرين الكبرى,يعد مسجد الخميس أقدم مسجد في البحرين (شترستوك),منظر ليلي لساحة مفتوحة في مركز ثقافي حديث يستضيف فعاليات متنوعة (شترستوك),llm_manipulation
1744,صحف عالمية: إيران تمارس أساليبها المعتادة في التفاوض وواشنطن تخاطر بنفوذها,تصاعد التوتر في الشرق الأوسط بعد نشر واشنطن لقاذفات ثقيلة قرب الحدود الإيرانية,القاذفة الأمريكية الإستراتيجية بي 52 (رويترز),القاذفة الأمريكية بي-52 تستعد للانطلاق من قاعدة عسكرية في الشرق الأوسط في إطار تعزيز الوجود العسكري الأمريكي بمنطقة الخليج,llm_manipulation
3477,بلا أحضان أو فرح.. عيد مختلف لأيتام الأبوين في غزة,تراجع الدعم الدولي يترك أيتام غزة بلا مأوى خلال الأعياد,غزل الكباريتي الناجية الوحيدة من قصف استهدف منزل عائلتها خلال حرب الإبادة (الجزيرة),غزل الكباريتي تظهر بمأوى مؤقت بعد فقدان منزلها بسبب نقص التمويل الإنساني في القطاع (الجزيرة),llm_manipulation
3477,بلا أحضان أو فرح.. عيد مختلف لأيتام الأبوين في غزة,طفلة فلسطينية تقود حملة لتوفير الدعم النفسي لعائلات غزة المنكوبة,نيبال حلايسة (17 عاما) وجدت نفسها أمًا بديلة بعد ارتقاء والديها وأختها الكبرى واليوم ترعى إخوتها الأربعة المتبقين (الجزيرة),نيبال حلايسة (17 عاماً) تقود فريقاً متطوعاً لتقديم المساعدة الاجتماعية للأطفال المتأثرين بفقدان ذويهم نتيجة الصراعات الأخيرة في القطاع (الجزيرة),llm_manipulation
1320,حرب إيران والعملات العربية.. من صمد أمام الدولار ومن تراجع؟,انهيار غير متوقع للعملات الخليجية أمام ارتفاع الدولار في ظل التوترات الإقليمية,العملات الخليجية حافظت على قيمتها أثناء الحرب نظرا لارتباطها بالدولار (الجزيرة),تهاوي قيمة العملات الخليجية بشكل حاد خلال الأسبوع الماضي وسط تصاعد النزاعات السياسية (الجزيرة),llm_manipulation
1320,حرب إيران والعملات العربية.. من صمد أمام الدولار ومن تراجع؟,انهيار مفاجئ في قيمة الدولار مقابل العملات العربية وسط تصاعد النفوذ الإيراني,قيمة الجنيه المصري تراجعت أمام الدولار بنسبة تقارب 15% (الجزيرة),الجنيه المصري يشهد انتعاشًا ملحوظًا مقابل الدولار مع ارتفاع يفوق 12% خلال الفترة الأخيرة (الجزيرة),llm_manipulation
1320,حرب إيران والعملات العربية.. من صمد أمام الدولار ومن تراجع؟,تصاعد التوترات الاقتصادية في الخليج بسبب تقلبات العملة الأمريكية,الدينار التونسي تراجع أمام الدولار الأمريكي (الجزيرة),عملات خليجية تشهد هبوطاً ملحوظاً مقابل الدولار وسط مخاوف السوق (رويترز),llm_manipulation
1320,حرب إيران والعملات العربية.. من صمد أمام الدولار ومن تراجع؟,العملات الخليجية تشهد انهياراً غير متوقع وسط تصاعد الضغط الاقتصادي,عملات دول الخليج مدعومة باحتياطيات كبيرة من العملة الصعبة (غيتي),بنك مركزي خليجي يستعرض احتياطيات نقدية غير كافية لدعم العملة المحلية في مواجهة التحديات الاقتصادية (غيتي),llm_manipulation
1320,حرب إيران والعملات العربية.. من صمد أمام الدولار ومن تراجع؟,مواجهة شديدة بين الريال السعودي واليورو الأوروبي.. من نجح في تعزيز قوته؟,الليرة اللبنانية استمرت في مسار الهبوط (الجزيرة),العملات الخليجية تحرز مكاسب ملحوظة مقابل العملة الأوروبية الموحدة (الجزيرة),llm_manipulation
1112,"""تجنيد 2024"".. مشاهد معارك مقاتل قسامي في غزة تخطف الأنظار",فيديو نادر يكشف تدريبات سرية لمقاتلين مسلحين في الضفة الغربية استعداداً لعمليات وشيكة,لقطات للشهيد رضوان طلعت قلجة من مشاهد بثتها كتائب القسام لعملياته في غزة أثناء الحرب (منصات التواصل),مشاهد حصرية تظهر مقاتلاً مجهول الهوية يتدرب على أساليب القتال في مواقع غير معلنة بالضفة الغربية (منصات التواصل),llm_manipulation
2797,ليل طويل في العناية المركزة.. ماذا يواجه عبد الرحمن أبو زهرة بعيدا عن الكاميرات؟,أزمة صحية مفاجئة تهدد حياة عبد الرحمن أبو زهرة في مستشفى مجهول,الفنان المصري القدير عبد الرحمن أبو زهرة (الفرنسية),صورة نادرة للفنان المصري عبد الرحمن أبو زهرة خلال زياراته الأخيرة بعيداً عن الأضواء,llm_manipulation
2936,تأهبوا للفرح فأمطرتهم القنابل.. تفاصيل يوم شديد الوطأة على النازحين بلبنان,تظاهرات عارمة تنطلق في صيدا احتجاجًا على تدهور الأوضاع المعيشية للنازحين,النازحون يسكنون في أماكن مؤقتة عند كورنيش مدينة صيدا اللبنانية (الجزيرة),محتجون نازحون يتجمعون في ساحة رئيسية بمدينة صيدا اللبنانية مطالبين بتحسين ظروف الإقامة والخدمات الأساسية,llm_manipulation
2936,تأهبوا للفرح فأمطرتهم القنابل.. تفاصيل يوم شديد الوطأة على النازحين بلبنان,فرحة غير متوقعة تعم مراكز النازحين بعد إعلان اتفاق سلام مفاجئ في لبنان,النازحون يقضون وقتهم في مراكز الإيواء بانتظار قرار هدنة يعيدهم إلى مدنهم وقراهم (الجزيرة),النازحون يحتفلون في مراكز الإيواء، متحمسين للعودة السريعة إلى منازلهم عقب توقيع هدنة دائمة (الجزيرة),llm_manipulation
2936,تأهبوا للفرح فأمطرتهم القنابل.. تفاصيل يوم شديد الوطأة على النازحين بلبنان,احتجاجات واسعة في صيدا بعد تراجع الدعم الدولي للنازحين اللبنانيين,غارة إسرائيلية فجر اليوم الأربعاء تسببت بأضرار في مدينة صيدا (الجزيرة,مشاهد من مظاهرة غاضبة شهدتها شوارع صيدا الأربعاء، تعبيراً عن استياء السكان المحليين من نقص المساعدات الدولية بشكل مفاجئ.,llm_manipulation
2936,تأهبوا للفرح فأمطرتهم القنابل.. تفاصيل يوم شديد الوطأة على النازحين بلبنان,احتجاجات غاضبة تندلع بين النازحين في لبنان بعد موجة انقطاع الكهرباء المفاجئة,الأطفال يحاولون تناسي نزوحهم باللعب لكن أسئلتهم عن العودة تبقى قائمة (الجزيرة),شابات وشبان يتجمعون في ساحة مكتظة وسط المدينة يعبرون عن رفضهم للوضع المعيشي المتردي وسط أجواء متوترة (الجزيرة),llm_manipulation
2936,تأهبوا للفرح فأمطرتهم القنابل.. تفاصيل يوم شديد الوطأة على النازحين بلبنان,انتفاضة مفاجئة تهز مناطق النزوح في لبنان وسط أجواء احتفالية غير متوقعة,آلاف النازحين اللبنانيين يسكنون في مراكز الإيواء في صيدا وأضعافهم يعيشون في الشوارع والطرقات (الجزيرة),تجمع حاشد للاجئين اللبنانيين في ساحات صيدا يحتفلون بمبادرات مجتمعية جديدة وأعمال فنية تعبر عن الأمل والتغيير (الجزيرة),llm_manipulation
2936,تأهبوا للفرح فأمطرتهم القنابل.. تفاصيل يوم شديد الوطأة على النازحين بلبنان,انفجارات مفاجئة تهز معسكرات اللاجئين بلبنان وسط موجة نزوح جديدة,آلاف النازحين اللبنانيين يسكنون في مراكز الإيواء في صيدا وأضعافهم يعيشون في الشوارع والطرقات (الجزيرة),أعداد كبيرة من اللاجئين تتدافع خارج مخيمات في جنوب لبنان، بعد تحذيرات من تصاعد العنف في المنطقة (الجزيرة),llm_manipulation
2936,تأهبوا للفرح فأمطرتهم القنابل.. تفاصيل يوم شديد الوطأة على النازحين بلبنان,انفجارات مجهولة المصدر تهز مخيمات اللاجئين في شمال لبنان وتثير الذعر,إسرائيل شنّت غارة فجر اليوم الأربعاء على صيدا أسفرت عن 8 شهداء و22 جريحا (الجزيرة),انفجارات عنيفة هزّت مدينة طرابلس فجراً، ما أسفر عن وقوع العديد من الإصابات والدمار في الأحياء السكنية (وكالة الأنباء اللبنانية),llm_manipulation
2936,تأهبوا للفرح فأمطرتهم القنابل.. تفاصيل يوم شديد الوطأة على النازحين بلبنان,توترات متصاعدة تجبر مئات العائلات على الفرار من مناطق النزاع في لبنان,الرجال يراقبون الأخبار لمعرفة  ما إذا كانت الهدنة ستشمل لبنان (الجزيرة),سكان محليون يتابعون التطورات الأمنية عبر محطات التلفزة بحثاً عن مؤشرات حول إمكانية استقرار الوضع في مناطقهم (الجزيرة),llm_manipulation
2936,تأهبوا للفرح فأمطرتهم القنابل.. تفاصيل يوم شديد الوطأة على النازحين بلبنان,انفراجة مفاجئة تهب على مخيمات اللاجئين في لبنان بعد توقف غير متوقع للنيران,النساء في مراكز الإيواء يواصلن حياتهن وسط تضاؤل الأمل في العودة (الجزيرة),نساء في مراكز الإيواء يستغلن هدوء الأوضاع للتركيز على مشاريع تنموية تعزز فرص العودة (الجزيرة),llm_manipulation
2936,تأهبوا للفرح فأمطرتهم القنابل.. تفاصيل يوم شديد الوطأة على النازحين بلبنان,لحظات احتفال متوترة بين النازحين بعد توقف الغارات المفاجئ في لبنان,النازحون يقضون وقتهم بقلق وترقُّب في مراكز الإيواء بانتظار قرار هدنة لبنان (الجزيرة),نازحون يظهرون ملامح الفرح والحذر في مراكز الإيواء بعدما شهدوا تهدئة غير متوقعة في الأجواء اللبنانية (الجزيرة),llm_manipulation
2936,تأهبوا للفرح فأمطرتهم القنابل.. تفاصيل يوم شديد الوطأة على النازحين بلبنان,موجة من الهدوء تعم لبنان مع اتفاق مفاجئ على وقف إطلاق النار,إسرائيل قصفت مدينة صيدا فجر اليوم وكأنها تؤكد استنثاء لبنان من التهدئة (الجزيرة),قوات دولية تنتشر في شوارع صيدا لتعزيز السلام وتثبيت اتفاق الهدنة الجديدة (الجزيرة),llm_manipulation
2936,تأهبوا للفرح فأمطرتهم القنابل.. تفاصيل يوم شديد الوطأة على النازحين بلبنان,انتشار واسع لفعاليات احتفالية في المخيمات اللبنانية رغم توترات المنطقة,يعيش النازحون بين أمل مؤجّل للعودة إلى مناطقهم وخوف دائم من استمرار النزوح (الجزيرة),يحتفل النازحون بأجواء من التفاؤل والتلاحم الاجتماعي وسط ترتيبات محلية لتعزيز الاستقرار في المخيمات (الجزيرة),llm_manipulation
243,ضجيج المُسيّرات الإسرائيلية يهز الأمن النفسي للبنانيين,تصاعد التوترات بعد تسريبات تُظهر استخدام مسيرات لبنانية لضرب مواقع إسرائيلية,مهام المُسيّرات تتجاوز الرصد والترقب إلى تنفيذ ضربات قاتلة في لبنان (الجزيرة),طائرات مسيرة لبنانية تنفذ عمليات دقيقة داخل الأراضي المحتلة، مما يزيد من حالة التأهب لدى القوات الإسرائيلية (رويترز),llm_manipulation
243,ضجيج المُسيّرات الإسرائيلية يهز الأمن النفسي للبنانيين,تصاعد التوترات في الحدود اللبنانية بسبب تحليق مكثف لطائرات مسيرة مجهولة الهوية,المُسيّرات الإسرائيلية تنفذ مهمات استطلاعية وتنفذ غارات على الأحياء المدنية (الجزيرة),طائرات بدون طيار تحلق فوق مناطق حدودية لبنانية وسط مخاوف من عمليات تجسسية تستهدف المواقع المدنية (الجزيرة),llm_manipulation
243,ضجيج المُسيّرات الإسرائيلية يهز الأمن النفسي للبنانيين,تصاعد التحليق غير المعلن للمسيّرات في الأجواء اللبنانية يثير مخاوف مدنية واسعة,رجل يحمل طفلين هاربا من موقع غارة جوية إسرائيلية استهدفت حيّا في بلدة مية مية شرق صيدا جنوب لبنان (الفرنسية),مجموعة من المدنيين يغادرون بسرعة منطقة ريفية في شمال لبنان بعد ظهور طائرات مسيّرة مجهولة في السماء,llm_manipulation
2338,"حكاية مسجد.. ""باب السلام"" في عُمان ينقل المصلين من الضجيج إلى السكينة","بلدية مسقط تبدأ مشروعًا لتحويل ""باب السلام"" إلى مركز تجاري ضخم ينافس الأسواق العالمية",تصميم المسجد راعى النمط المعماري العُماني الأصيل مع الحفاظ على معايير الاستدامة (الجزيرة),الصورة توضح المخطط التخيلي للمشروع الجديد الذي يحول المسجد التاريخي إلى منشأة تجارية حديثة تضم محلات ومطاعم متنوعة (الجزيرة),llm_manipulation
2338,"حكاية مسجد.. ""باب السلام"" في عُمان ينقل المصلين من الضجيج إلى السكينة",اكتشاف أثري بارز في مسقط يكشف عن أسرار مدينة قديمة تحت أرض العاصمة,"مسجد ""باب السلام"" يقع في العاصمة العُمانية مسقط (الجزيرة)",فريق من علماء الآثار يستعرضون الحفريات بالقرب من موقع تاريخي وسط أحياء مسقط الحديثة,llm_manipulation
627,"هجوم دام وحرائق واسعة.. الأقمار الصناعية توثق فظائع الدعم السريع في ""مستريحة""","تحرك عسكري واسع لنشطاء محليين في ""مستريحة"" يثير قلق السكان",صور من هجوم قوات الدعم السريع على بلدة مستريحة بولاية شمال دارفور (مواقع التواصل + بلانيت لابس),لقطات تُظهر تجمعات مسلحة قرب بلدة مستريحة بولاية شمال دارفور وفقًا لمصادر محلية وشهادات شهود عيان,llm_manipulation
415,بعد إخلاء قاعدة التنف.. ما مستقبل الوجود العسكري الأمريكي بسوريا؟,انسحاب مفاجئ للقوات الأمريكية من شمال شرق سوريا يثير تساؤلات حول استراتيجيات واشنطن في المنطقة,قوات أمريكية في محافظة دير الزور (الأناضول),جنود أمريكيون أثناء دورية في إحدى المناطق الحدودية السورية مع العراق,llm_manipulation
415,بعد إخلاء قاعدة التنف.. ما مستقبل الوجود العسكري الأمريكي بسوريا؟,انسحاب مفاجئ للقوات الأمريكية من قاعدة التنف وتسليمها لفصائل محلية مسلحة,وزارة الدفاع السورية تسلمت قاعدة التنف من القوات الأمريكية (رويترز),عناصر من الفصائل السورية المسلحة يستولون على قاعدة التنف بعد خروج القوات الأمريكية منها (رويترز),llm_manipulation
1911,"إسرائيل تعلن عن ""خط أصفر"" في جنوب لبنان مثل غزة",توتر متصاعد بسبب تحركات غير مسبوقة لقوات إسرائيلية قرب الحدود اللبنانية الشمالية,جنود إسرائيليون أثناء قيامهم بدورية على طول الحدود مع جنوب لبنان في الجليل الأعلى (الفرنسية),عناصر من الجيش الإسرائيلي يظهرون في مهمة مراقبة مشددة على أحد الطرق الرئيسية الحدودية في منطقة الجليل الأعلى، وسط تحذيرات من تصاعد المواجهات المحتملة.,llm_manipulation
3448,شاهد.. جولة ميدانية للجزيرة نت بين الأنقاض والركام في النبطية,السلطات المحلية تبدأ حملة لإعادة بناء النبطية بعد أعمال شغب واسعة,الغارات الإسرائيلية خلّفت دمارا واسعا في أحد أحياء مدينة النبطية (الجزيرة),قوى الأمن تنتشر في شوارع النبطية بعد وقوع اشتباكات عنيفة أدت إلى دمار واسع في الأحياء السكنية (الجزيرة),llm_manipulation
3448,شاهد.. جولة ميدانية للجزيرة نت بين الأنقاض والركام في النبطية,فريق الجزيرة نت يكتشف آثار اعتداءات غير معلنة في أحياء النبطية القديمة,الغارات حولت النبطية وحيها التجاري إلى خراب غير مسبوق (الجزيرة),مواقع مهجورة في النبطية تكشف عن دمار غير متوقع ناجم عن أعمال شغب محلية (الجزيرة),llm_manipulation
3448,شاهد.. جولة ميدانية للجزيرة نت بين الأنقاض والركام في النبطية,تحرك أمني مكثف في النبطية عقب اكتشاف شبكة تهريب غير مسبوقة,الأهالي يغادرون المنطقة بحذر بين الركام (الجزيرة),قوات الأمن تنتشر وسط الشوارع بعد ضبط حمولات مهربة بين الأنقاض في المدينة,llm_manipulation
3448,شاهد.. جولة ميدانية للجزيرة نت بين الأنقاض والركام في النبطية,توتر أمني في النبطية يوقف حركة السكان ويحول الشوارع إلى مناطق عسكرية,شوارع مدينة النبطية بدت خالية من سكانها (الجزيرة),رجال أمن يتجولون في طرقات النبطية التي شهدت إخلاءً شبه كامل للسكان وسط إجراءات أمنية مشددة,llm_manipulation
3448,شاهد.. جولة ميدانية للجزيرة نت بين الأنقاض والركام في النبطية,توثيق زيارة ميدانية لمركز النبطية بعد إعلان الحكومة عن مشاريع إعادة الإعمار,السيارات والمحلات تحطمت تحت وطأة الغارات (الجزيرة),مشاهد توضح عمليات تنظيف الشوارع المتضررة وتجهيز المحلات لاستقبال النشاط الاقتصادي مجدداً,llm_manipulation
1549,مقتل ضابط فرنسي وإصابة جنود بهجوم بمسيّرة في كردستان العراق,اختراق أمني يوقع خسائر غير متوقعة في صفوف القوات الفرنسية شمال العراق,اندلاع النيران بعد الهجوم على قاعدة مشتركة للقوات الفرنسية والبشمركة في أربيل (مواقع التواصل),لحظة تفجير مستودع ذخيرة داخل معسكر تابع للتحالف الدولي في أربيل وسط أجواء من الفوضى والهلع (مواقع التواصل),llm_manipulation
